"registry_entry_key","registry_pharmacy_name","registry_district","roster_pharmacy_name","roster_district","location","e164","source_url","source_reference","match_score","runner_up_score"
"retail-2026-05-1","PRECIOUS PHARMACY LTD","GASABO","PRECIOUS PHARMACY","GASABO","Kigali City,GASABO, KIMIRONKO, BIBARE","250787206998","https://monitoring.rwandafda.gov.rw/monitoring/documents-management/uploads/3/Human-Retail-Pharmacy-Duty-rosters/Retail_Pharmacies_Duty_Roster_in_Kigali_City_for_JULY-AUGUST-SEPTEMBER_2026.pdf","kigali July-September 2026 duty roster","1.000","0.194"
"retail-2026-05-101","ESPERANTO PHARMACY LTD","KAYONZA","ESPERANTO PHARMACY LTD","KAYONZA","EASTERN,KAYONZA, MUKARANGE, BWIZA","250788460201","https://monitoring.rwandafda.gov.rw/monitoring/documents-management/uploads/3/Human-Retail-Pharmacy-Duty-rosters/Retail_Pharmacies_Duty_Roster_in_Kayonza_District_JULY-AUGUST-SEPTEMBER_2026.pdf","kayonza July-September 2026 duty roster","1.000","0.147"
"retail-2026-05-104","IGIHOZO PHARMACY LTD","GASABO","IGIHOZO PHARMACY Ltd","GASABO","Kigali City, GASABO, RUSORORO, KABUGA I","250788897936","https://monitoring.rwandafda.gov.rw/monitoring/documents-management/uploads/3/Human-Retail-Pharmacy-Duty-rosters/Retail_Pharmacies_Duty_Roster_in_Kigali_City_for_JULY-AUGUST-SEPTEMBER_2026.pdf","kigali July-September 2026 duty roster","1.000","0.175"
"retail-2026-05-105","INTWALI PHARMACY LTD","RWAMAGANA","INTWALI PHARMACY Ltd","RWAMAGANA","EASTERN, RWAMAGANA,KARENGE,KARENGE CENTRE","250785223040","https://monitoring.rwandafda.gov.rw/monitoring/documents-management/uploads/3/Human-Retail-Pharmacy-Duty-rosters/Retail_Pharmacies_Duty_Roster_in_Rwamagana_JULY-AUGUST-SEPTEMBER_2026.pdf","rwamagana July-September 2026 duty roster","1.000","0.187"
"retail-2026-05-11","ADONAI PHARMACY LTD","RWAMAGANA","ADONAI PHARMACY Ltd","RWAMAGANA","EASTERN, RWAMAGANA,KARENGE,KARENGE","250781082525","https://monitoring.rwandafda.gov.rw/monitoring/documents-management/uploads/3/Human-Retail-Pharmacy-Duty-rosters/Retail_Pharmacies_Duty_Roster_in_Rwamagana_JULY-AUGUST-SEPTEMBER_2026.pdf","rwamagana July-September 2026 duty roster","1.000","0.191"
"retail-2026-05-110","PHARMACIE L’EXPERIENCE LTD","KICUKIRO","PHARMACIE L'EXPERIENCE","KICUKIRO","Kigali City, KICUKIRO, GAHANGA, KAGASA","250788305333","https://monitoring.rwandafda.gov.rw/monitoring/documents-management/uploads/3/Human-Retail-Pharmacy-Duty-rosters/Retail_Pharmacies_Duty_Roster_in_Kigali_City_for_JULY-AUGUST-SEPTEMBER_2026.pdf","kigali July-September 2026 duty roster","1.000","0.233"
"retail-2026-05-112","SCORE PHARMACY LTD","NYARUGENGE","PHARMACIE SCORE","NYARUGENGE","Kigali City, NYARUGENGE, MUHIMA, PEAGE, MUNSI Y'IBIRO BIKURU BYA RSSB","250783410790","https://monitoring.rwandafda.gov.rw/monitoring/documents-management/uploads/3/Human-Retail-Pharmacy-Duty-rosters/Retail_Pharmacies_Duty_Roster_in_Kigali_City_for_JULY-AUGUST-SEPTEMBER_2026.pdf","kigali July-September 2026 duty roster","1.000","0.191"
"retail-2026-05-113","TUMA PHARMACY LTD","BUGESERA","TUMA PHARMACY","BUGESERA","EASTERN,BUGESERA,NYAMATA,NYAMATA/TOWN","250785481563","https://monitoring.rwandafda.gov.rw/monitoring/documents-management/uploads/3/Human-Retail-Pharmacy-Duty-rosters/Retail_Pharmacies_Duty_Roster_in_Bugesera_District_JULY-AUGUST-SEPTEMBER_2026.pdf","bugesera July-September 2026 duty roster","1.000","0.191"
"retail-2026-05-113","TUMA PHARMACY LTD","BUGESERA","TUMA PHARMACY","BUGESERA","EASTERN,BUGESERA,NYAMATA,NYAMATA/TOWN","250788381333","https://monitoring.rwandafda.gov.rw/monitoring/documents-management/uploads/3/Human-Retail-Pharmacy-Duty-rosters/Retail_Pharmacies_Duty_Roster_in_Bugesera_District_JULY-AUGUST-SEPTEMBER_2026.pdf","bugesera July-September 2026 duty roster","1.000","0.191"
"retail-2026-05-116","URUMURI PHARMACY LTD","MUHANGA","URUMURI PHARMACY LTD","MUHANGA","SOUTHERN,MUHANGA,NYAMABUYE,GAHOGO/GITARAMA VILLE","250784950442","https://monitoring.rwandafda.gov.rw/monitoring/documents-management/uploads/3/Human-Retail-Pharmacy-Duty-rosters/Retail_Pharmacies_Duty_Roster_in_Muhanga_District_JULY-AUGUST-SEPTEMBER_2026.pdf","muhanga July-September 2026 duty roster","1.000","0.127"
"retail-2026-05-12","SAINTE RITA PHARMACY LTD","NYAGATARE","SAINTE RITA PHARMACY LTD","NYAGATARE","EASTERN,NYAGATARE,NYAGATARE, NYAGATARE VILLE","250788587206","https://monitoring.rwandafda.gov.rw/monitoring/documents-management/uploads/3/Human-Retail-Pharmacy-Duty-rosters/Retail_Pharmacies_Duty_Roster_in_Nyagatare_for_JULY-AUGUST-SEPTEMBER_2026.pdf","nyagatare July-September 2026 duty roster","1.000","0.140"
"retail-2026-05-125","CYIZA PHARMACY Ltd","KICUKIRO","CYIZA PHARMACY","KICUKIRO","Kigali City, KICUKIRO, MASAKA,CYIMO,KABEZA","250788497556","https://monitoring.rwandafda.gov.rw/monitoring/documents-management/uploads/3/Human-Retail-Pharmacy-Duty-rosters/Retail_Pharmacies_Duty_Roster_in_Kigali_City_for_JULY-AUGUST-SEPTEMBER_2026.pdf","kigali July-September 2026 duty roster","1.000","0.210"
"retail-2026-05-128","NEIGE PHARMACY Ltd","GASABO","NEIGE PHARMACY LTD","GASABO","Kigali City, GASABO, JABANA, AKAMATAMU, NYACYONGA","250788517982","https://monitoring.rwandafda.gov.rw/monitoring/documents-management/uploads/3/Human-Retail-Pharmacy-Duty-rosters/Retail_Pharmacies_Duty_Roster_in_Kigali_City_for_JULY-AUGUST-SEPTEMBER_2026.pdf","kigali July-September 2026 duty roster","1.000","0.219"
"retail-2026-05-131","MIKA PHARMACY Ltd","NYAGATARE","MIKA PHARMACY LTD","NYAGATARE","EASTERN,NYAGATARE,NYAGATARE, NYAGATARE VILLE","250780255759","https://monitoring.rwandafda.gov.rw/monitoring/documents-management/uploads/3/Human-Retail-Pharmacy-Duty-rosters/Retail_Pharmacies_Duty_Roster_in_Nyagatare_for_JULY-AUGUST-SEPTEMBER_2026.pdf","nyagatare July-September 2026 duty roster","1.000","0.175"
"retail-2026-05-133","GAGA PHARMACY Ltd","RWAMAGANA","GAGA PHARMACY LTD","RWAMAGANA","EASTERN,RWAMAGANA,MUYUMBU,AKINYAMBO","250789314019","https://monitoring.rwandafda.gov.rw/monitoring/documents-management/uploads/3/Human-Retail-Pharmacy-Duty-rosters/Retail_Pharmacies_Duty_Roster_in_Rwamagana_JULY-AUGUST-SEPTEMBER_2026.pdf","rwamagana July-September 2026 duty roster","1.000","0.156"
"retail-2026-05-14","KIVU BEACH PHARMACY LTD","RUBAVU","KIVU BEACH PHARMACY","RUBAVU","WESTERN, RUBAVU,GISENYI/CENTRE VILLE","250786271600","https://monitoring.rwandafda.gov.rw/monitoring/documents-management/uploads/3/Human-Retail-Pharmacy-Duty-rosters/Retail_Pharmacies_Duty_Roster_in_Rubavu_for_JULY-AUGUST-SEPTEMBER_2026.pdf","rubavu July-September 2026 duty roster","1.000","0.156"
"retail-2026-05-140","THE SPECIALIST PHARMACY Ltd","GASABO","THE SPECIALIST PHARMACY","GASABO","Kigali City, GASABO, KIMIRONKO, BIBARE","250788500952","https://monitoring.rwandafda.gov.rw/monitoring/documents-management/uploads/3/Human-Retail-Pharmacy-Duty-rosters/Retail_Pharmacies_Duty_Roster_in_Kigali_City_for_JULY-AUGUST-SEPTEMBER_2026.pdf","kigali July-September 2026 duty roster","1.000","0.206"
"retail-2026-05-141","GERIC PHARMACY Ltd","NYARUGENGE","GERIC PHARMACY LTD","NYARUGENGE","Kigali City, NYARUGENGE, NYARUGENGE , BIRYOGO IMBERE YA MBC","250785377507","https://monitoring.rwandafda.gov.rw/monitoring/documents-management/uploads/3/Human-Retail-Pharmacy-Duty-rosters/Retail_Pharmacies_Duty_Roster_in_Kigali_City_for_JULY-AUGUST-SEPTEMBER_2026.pdf","kigali July-September 2026 duty roster","1.000","0.191"
"retail-2026-05-144","RITE PHARMACY Ltd(Sana Branch)","NYARUGENGE","RITE PHARMACY LTD(Sana Branch)","NYARUGENGE","Kigali City, NYARUGENGE,NYARUGENGE,KIYOVU","250788308230","https://monitoring.rwandafda.gov.rw/monitoring/documents-management/uploads/3/Human-Retail-Pharmacy-Duty-rosters/Retail_Pharmacies_Duty_Roster_in_Kigali_City_for_JULY-AUGUST-SEPTEMBER_2026.pdf","kigali July-September 2026 duty roster","1.000","0.313"
"retail-2026-05-146","EXTREME PHARMACY Ltd","KICUKIRO","EXTREME PHARMACY LTD","KICUKIRO","Kigali City, KICUKIRO, KICUKIRO, KICUKIRO CENTRE, IMBERE YA BANKI YA Kigali City","250788676607","https://monitoring.rwandafda.gov.rw/monitoring/documents-management/uploads/3/Human-Retail-Pharmacy-Duty-rosters/Retail_Pharmacies_Duty_Roster_in_Kigali_City_for_JULY-AUGUST-SEPTEMBER_2026.pdf","kigali July-September 2026 duty roster","1.000","0.200"
"retail-2026-05-149","LA CURA PHARMACY Ltd","GASABO","LA CURA PHARMACY Ltd","GASABO","Kigali City, GASABO, KIMIRONKO,KIBAGABAGA","250785590594","https://monitoring.rwandafda.gov.rw/monitoring/documents-management/uploads/3/Human-Retail-Pharmacy-Duty-rosters/Retail_Pharmacies_Duty_Roster_in_Kigali_City_for_JULY-AUGUST-SEPTEMBER_2026.pdf","kigali July-September 2026 duty roster","1.000","0.472"
"retail-2026-05-15","EL -SHADAI PHARMACY LTD","GASABO","EL-SHADAI PHARMACY LTD","GASABO","Kigali City, GASABO, KINYINYA, KAGUGU","250785247846","https://monitoring.rwandafda.gov.rw/monitoring/documents-management/uploads/3/Human-Retail-Pharmacy-Duty-rosters/Retail_Pharmacies_Duty_Roster_in_Kigali_City_for_JULY-AUGUST-SEPTEMBER_2026.pdf","kigali July-September 2026 duty roster","1.000","0.175"
"retail-2026-05-150","PHARMA BEST Ltd","HUYE","PHARMA BEST LTD","HUYE","SOUTHERN,HUYE,NGOMA,BUTARE","250784484324","https://monitoring.rwandafda.gov.rw/monitoring/documents-management/uploads/3/Human-Retail-Pharmacy-Duty-rosters/Retail_Pharmacies_Duty_Roster_in_Huye_District_JULY-AUGUST-SEPTEMBER_2026.pdf","huye July-September 2026 duty roster","1.000","0.117"
"retail-2026-05-153","PHARMACIE RACINE LTD","KICUKIRO","PHARMACIE RACINE","KICUKIRO","Kigali City, KICUKIRO, GIKONDO NYENYERI","250788653947","https://monitoring.rwandafda.gov.rw/monitoring/documents-management/uploads/3/Human-Retail-Pharmacy-Duty-rosters/Retail_Pharmacies_Duty_Roster_in_Kigali_City_for_JULY-AUGUST-SEPTEMBER_2026.pdf","kigali July-September 2026 duty roster","1.000","0.219"
"retail-2026-05-155","AMAYA PHARMACY Ltd","GASABO","AMAYA PHARMACY","GASABO","Kigali City, GASABO, GISOZI, QUARTIER BERTOIRE","250788434633","https://monitoring.rwandafda.gov.rw/monitoring/documents-management/uploads/3/Human-Retail-Pharmacy-Duty-rosters/Retail_Pharmacies_Duty_Roster_in_Kigali_City_for_JULY-AUGUST-SEPTEMBER_2026.pdf","kigali July-September 2026 duty roster","1.000","0.215"
"retail-2026-05-156","ANGEL PHARMACY Ltd","NYARUGENGE","ANGEL PHARMACY","NYARUGENGE","Kigali City, NYARUGENGE, KIMISAGARA, KU NTARAGA","250788516976","https://monitoring.rwandafda.gov.rw/monitoring/documents-management/uploads/3/Human-Retail-Pharmacy-Duty-rosters/Retail_Pharmacies_Duty_Roster_in_Kigali_City_for_JULY-AUGUST-SEPTEMBER_2026.pdf","kigali July-September 2026 duty roster","1.000","0.210"
"retail-2026-05-17","RINDA PHARMACY LTD","RUBAVU","RINDA PHARMACY Ltd","RUBAVU","WESTERN, RUBAVU,GISENYI/BYAHI","250788517256","https://monitoring.rwandafda.gov.rw/monitoring/documents-management/uploads/3/Human-Retail-Pharmacy-Duty-rosters/Retail_Pharmacies_Duty_Roster_in_Rubavu_for_JULY-AUGUST-SEPTEMBER_2026.pdf","rubavu July-September 2026 duty roster","1.000","0.233"
"retail-2026-05-172","PHARMACIE DOVE Ltd","GASABO","PHARMACIE DOVE","GASABO","Kigali City, GASABO, GISOZI, MUSEZERO, (GAKIRIRO)","250788649717","https://monitoring.rwandafda.gov.rw/monitoring/documents-management/uploads/3/Human-Retail-Pharmacy-Duty-rosters/Retail_Pharmacies_Duty_Roster_in_Kigali_City_for_JULY-AUGUST-SEPTEMBER_2026.pdf","kigali July-September 2026 duty roster","1.000","0.233"
"retail-2026-05-173","PHARMACIE DU CALME Ltd","GASABO","PHARMACIE DU CALME","GASABO","Kigali City, GASABO, RUSORORO,KABUGA,MASANGO","250788346700","https://monitoring.rwandafda.gov.rw/monitoring/documents-management/uploads/3/Human-Retail-Pharmacy-Duty-rosters/Retail_Pharmacies_Duty_Roster_in_Kigali_City_for_JULY-AUGUST-SEPTEMBER_2026.pdf","kigali July-September 2026 duty roster","1.000","0.250"
"retail-2026-05-177","PHARMACY HASHIMWE YESU Ltd","KAMONYI","PHARMACIE HASHIMWE YESU LTD","KAMONYI","SOUTH,KAMONYI,RUNDA,GIHANA","250786259390","https://monitoring.rwandafda.gov.rw/monitoring/documents-management/uploads/3/Human-Retail-Pharmacy-Duty-rosters/Retail_Pharmacies_Duty_Roster_in_Kamonyi_District_JULY-AUGUST-SEPTEMBER_2026.pdf","kamonyi July-September 2026 duty roster","1.000","0.140"
"retail-2026-05-179","ROPH PHARMACY Ltd","BUGESERA","ROPH PHARMACY LTD","BUGESERA","EASTERN,BUGESERA,NYAMATA,NYAMATA/TOWN","250788892650","https://monitoring.rwandafda.gov.rw/monitoring/documents-management/uploads/3/Human-Retail-Pharmacy-Duty-rosters/Retail_Pharmacies_Duty_Roster_in_Bugesera_District_JULY-AUGUST-SEPTEMBER_2026.pdf","bugesera July-September 2026 duty roster","1.000","0.117"
"retail-2026-05-181","TRINIVIVE PHARMACY Ltd","KAYONZA","TRINIVIVE PHARMACY","KAYONZA","EASTERN,KAYONZA, MUKARANGE, KAYONZA","250788750525","https://monitoring.rwandafda.gov.rw/monitoring/documents-management/uploads/3/Human-Retail-Pharmacy-Duty-rosters/Retail_Pharmacies_Duty_Roster_in_Kayonza_District_JULY-AUGUST-SEPTEMBER_2026.pdf","kayonza July-September 2026 duty roster","1.000","0.124"
"retail-2026-05-185","MURINDI -SUGIRA PHARMACY Ltd","KICUKIRO","MURINDI-SUGIRA PHARMACY","KICUKIRO","Kigali City, KICUKIRO, NYARUGUNGA, KAMASHASHI, MURINDI","250788524208","https://monitoring.rwandafda.gov.rw/monitoring/documents-management/uploads/3/Human-Retail-Pharmacy-Duty-rosters/Retail_Pharmacies_Duty_Roster_in_Kigali_City_for_JULY-AUGUST-SEPTEMBER_2026.pdf","kigali July-September 2026 duty roster","1.000","0.159"
"retail-2026-05-191","PENIEL PHARMACY Ltd","NYARUGENGE","PENIEL PHARMACY","NYARUGENGE","Kigali City, NYARUGENGE, MUHIMA, UGANA KURI STATISTICS","250788626230","https://monitoring.rwandafda.gov.rw/monitoring/documents-management/uploads/3/Human-Retail-Pharmacy-Duty-rosters/Retail_Pharmacies_Duty_Roster_in_Kigali_City_for_JULY-AUGUST-SEPTEMBER_2026.pdf","kigali July-September 2026 duty roster","1.000","0.191"
"retail-2026-05-192","PHARMACIE AVAM LTD","MUSANZE","PHARMACIE AVAM Ltd","MUSANZE","NORTH,MUSANZE,MUHOZA, MPENGE","250788568182","https://monitoring.rwandafda.gov.rw/monitoring/documents-management/uploads/3/Human-Retail-Pharmacy-Duty-rosters/Retail_Pharmacies_Duty_Roster_in_Musanze_JULY-AUGUST-SEPTEMBER_2026.pdf","musanze July-September 2026 duty roster","1.000","0.175"
"retail-2026-05-194","GLORY PHARMACY Ltd","RUHANGO","GLORY PHARMACY LTD","RUHANGO","SOUTHERN,RUHANGO,KINAZI,BURIMA","250788377407","https://monitoring.rwandafda.gov.rw/monitoring/documents-management/uploads/3/Human-Retail-Pharmacy-Duty-rosters/Retail_Pharmacies_Duty_Roster_in_Ruhango_for_JULY-AUGUST-SEPTEMBER_2026.pdf","ruhango July-September 2026 duty roster","1.000","0.156"
"retail-2026-05-197","N-HIRWA PHARMACY Ltd","GASABO","N-HIRWA PHARMACY LTD","GASABO","Kigali City, GASABO,JABANA,JALI,AGATEKO,KINUNGA","250784718541","https://monitoring.rwandafda.gov.rw/monitoring/documents-management/uploads/3/Human-Retail-Pharmacy-Duty-rosters/Retail_Pharmacies_Duty_Roster_in_Kigali_City_for_JULY-AUGUST-SEPTEMBER_2026.pdf","kigali July-September 2026 duty roster","1.000","0.175"
"retail-2026-05-198","PANACEA PHARMACY Ltd","KICUKIRO","PANACEA PHARMACY LTD","KICUKIRO","Kigali City, KICUKIRO, KIGARAMA, RWAMPARA","250788649234","https://monitoring.rwandafda.gov.rw/monitoring/documents-management/uploads/3/Human-Retail-Pharmacy-Duty-rosters/Retail_Pharmacies_Duty_Roster_in_Kigali_City_for_JULY-AUGUST-SEPTEMBER_2026.pdf","kigali July-September 2026 duty roster","1.000","0.191"
"retail-2026-05-199","VOX PHARMACY Ltd","KAMONYI","VOX PHARMACY LTD","KAMONYI","SOUTH,KAMONYI,RUNDA,MUGANZA","250781945678","https://monitoring.rwandafda.gov.rw/monitoring/documents-management/uploads/3/Human-Retail-Pharmacy-Duty-rosters/Retail_Pharmacies_Duty_Roster_in_Kamonyi_District_JULY-AUGUST-SEPTEMBER_2026.pdf","kamonyi July-September 2026 duty roster","1.000","0.100"
"retail-2026-05-200","ALVIN PHARMACY Ltd","NYARUGENGE","ALVIN PHARMACY LTD","NYARUGENGE","Kigali City, NYARUGENGE, NYAMIRAMBO, KURYANYUMA","250783223444","https://monitoring.rwandafda.gov.rw/monitoring/documents-management/uploads/3/Human-Retail-Pharmacy-Duty-rosters/Retail_Pharmacies_Duty_Roster_in_Kigali_City_for_JULY-AUGUST-SEPTEMBER_2026.pdf","kigali July-September 2026 duty roster","1.000","0.255"
"retail-2026-05-203","ALLIANCE PHARMACY Ltd","KICUKIRO","ALLIANCE PHARMACY LTD","KICUKIRO","Kigali City, KICUKIRO, NYARUGUNGA, KAMASHASHI, RUHONGORE","250788382424","https://monitoring.rwandafda.gov.rw/monitoring/documents-management/uploads/3/Human-Retail-Pharmacy-Duty-rosters/Retail_Pharmacies_Duty_Roster_in_Kigali_City_for_JULY-AUGUST-SEPTEMBER_2026.pdf","kigali July-September 2026 duty roster","1.000","0.233"
"retail-2026-05-209","LOGFRAME PHARMACY Ltd","RUBAVU","LOGFRAME PHARMACY LTD","RUBAVU","WESTERN, RUBAVU,GISENYI","250783127374","https://monitoring.rwandafda.gov.rw/monitoring/documents-management/uploads/3/Human-Retail-Pharmacy-Duty-rosters/Retail_Pharmacies_Duty_Roster_in_Rubavu_for_JULY-AUGUST-SEPTEMBER_2026.pdf","rubavu July-September 2026 duty roster","1.000","0.127"
"retail-2026-05-214","PHARMACIE ILLUPHARMA","KAMONYI","PHARMACIE ILLUPHARMA","KAMONYI","SOUTH,KAMONYI,RUNDA,MUGANZA","250781512783","https://monitoring.rwandafda.gov.rw/monitoring/documents-management/uploads/3/Human-Retail-Pharmacy-Duty-rosters/Retail_Pharmacies_Duty_Roster_in_Kamonyi_District_JULY-AUGUST-SEPTEMBER_2026.pdf","kamonyi July-September 2026 duty roster","1.000","0.272"
"retail-2026-05-217","S-HIRWA PHARMACY Ltd","KAMONYI","S-HIRWA PHARMACY LTD","KAMONYI","SOUTH,KAMONYI,RUNDA,RUYENZI","250788560719","https://monitoring.rwandafda.gov.rw/monitoring/documents-management/uploads/3/Human-Retail-Pharmacy-Duty-rosters/Retail_Pharmacies_Duty_Roster_in_Kamonyi_District_JULY-AUGUST-SEPTEMBER_2026.pdf","kamonyi July-September 2026 duty roster","1.000","0.140"
"retail-2026-05-218","ALEK PHARMA Ltd","KICUKIRO","ALEK-PHARMA LTD","KICUKIRO","Kigali City, KICUKIRO, MASAKA, GITAGARA, NYAKARAMBI","250788263986","https://monitoring.rwandafda.gov.rw/monitoring/documents-management/uploads/3/Human-Retail-Pharmacy-Duty-rosters/Retail_Pharmacies_Duty_Roster_in_Kigali_City_for_JULY-AUGUST-SEPTEMBER_2026.pdf","kigali July-September 2026 duty roster","1.000","0.210"
"retail-2026-05-221","EMMA SANITAS PHARMACY LTD","BUGESERA","EMMA SANITAS PHARMACY","BUGESERA","EASTERN,BUGESERA,NYAMATA,NYAMATA/TOWN","250788672252","https://monitoring.rwandafda.gov.rw/monitoring/documents-management/uploads/3/Human-Retail-Pharmacy-Duty-rosters/Retail_Pharmacies_Duty_Roster_in_Bugesera_District_JULY-AUGUST-SEPTEMBER_2026.pdf","bugesera July-September 2026 duty roster","1.000","0.165"
"retail-2026-05-227","PHARMASAVE Ltd","GASABO","PHARMASAVE","GASABO","Kigali City, GASABO, KACYIRU EN FACE DE L'HOPITAL ROI FAISAL","250788813444","https://monitoring.rwandafda.gov.rw/monitoring/documents-management/uploads/3/Human-Retail-Pharmacy-Duty-rosters/Retail_Pharmacies_Duty_Roster_in_Kigali_City_for_JULY-AUGUST-SEPTEMBER_2026.pdf","kigali July-September 2026 duty roster","1.000","0.258"
"retail-2026-05-229","VICTORY PHARMACY MUHANGA BRANCH","MUHANGA","VICTORY PHARMACY MUHANGA BRANCH","MUHANGA","SOUTHERN,MUHANGA,NYAMABUYE,GAHOGO/MUHANGA VILLE","250783043793","https://monitoring.rwandafda.gov.rw/monitoring/documents-management/uploads/3/Human-Retail-Pharmacy-Duty-rosters/Retail_Pharmacies_Duty_Roster_in_Muhanga_District_JULY-AUGUST-SEPTEMBER_2026.pdf","muhanga July-September 2026 duty roster","1.000","0.692"
"retail-2026-05-229","VICTORY PHARMACY MUHANGA BRANCH","MUHANGA","VICTORY PHARMACY MUHANGA BRANCH","MUHANGA","SOUTHERN,MUHANGA,NYAMABUYE,GAHOGO/MUHANGA VILLE","250785632790","https://monitoring.rwandafda.gov.rw/monitoring/documents-management/uploads/3/Human-Retail-Pharmacy-Duty-rosters/Retail_Pharmacies_Duty_Roster_in_Muhanga_District_JULY-AUGUST-SEPTEMBER_2026.pdf","muhanga July-September 2026 duty roster","1.000","0.692"
"retail-2026-05-230","ALBOPHAR PHARMACY Ltd","NYARUGENGE","ALBOPHAR PHARMACY LTD","NYARUGENGE","Kigali City, NYARUGENGE, MUHIMA, HAFI N'IBITARO BYA MUHIMA","250788934915","https://monitoring.rwandafda.gov.rw/monitoring/documents-management/uploads/3/Human-Retail-Pharmacy-Duty-rosters/Retail_Pharmacies_Duty_Roster_in_Kigali_City_for_JULY-AUGUST-SEPTEMBER_2026.pdf","kigali July-September 2026 duty roster","1.000","0.233"
"retail-2026-05-231","PHARMACIE NEZA Ltd","NYARUGENGE","PHARMACIE NEZA","NYARUGENGE","Kigali City, NYARUGENGE, NYARUGENGE, KIYOVU","250788513223","https://monitoring.rwandafda.gov.rw/monitoring/documents-management/uploads/3/Human-Retail-Pharmacy-Duty-rosters/Retail_Pharmacies_Duty_Roster_in_Kigali_City_for_JULY-AUGUST-SEPTEMBER_2026.pdf","kigali July-September 2026 duty roster","1.000","0.233"
"retail-2026-05-232","KEMI PHARMACY Ltd","MUHANGA","KEMI PHARMACY LTD","MUHANGA","SOUTHERN, MUHANGA, SHYOGWE, KININI, GATARE","250787614967","https://monitoring.rwandafda.gov.rw/monitoring/documents-management/uploads/3/Human-Retail-Pharmacy-Duty-rosters/Retail_Pharmacies_Duty_Roster_in_Muhanga_District_JULY-AUGUST-SEPTEMBER_2026.pdf","muhanga July-September 2026 duty roster","1.000","0.175"
"retail-2026-05-233","KUNDWA PHARMACY Ltd","KICUKIRO","KUNDWA PHARMACY","KICUKIRO","Kigali City, KICUKIRO,GIKONDO,KANSERGE,KANSERGE I","250787070327","https://monitoring.rwandafda.gov.rw/monitoring/documents-management/uploads/3/Human-Retail-Pharmacy-Duty-rosters/Retail_Pharmacies_Duty_Roster_in_Kigali_City_for_JULY-AUGUST-SEPTEMBER_2026.pdf","kigali July-September 2026 duty roster","1.000","0.162"
"retail-2026-05-234","TWIZERE PHARMACY Ltd","RUBAVU","TWIZERE PHARMACY LTD","RUBAVU","WESTERN, RUBAVU,KANAMA/MAHOKO","250792080966","https://monitoring.rwandafda.gov.rw/monitoring/documents-management/uploads/3/Human-Retail-Pharmacy-Duty-rosters/Retail_Pharmacies_Duty_Roster_in_Rubavu_for_JULY-AUGUST-SEPTEMBER_2026.pdf","rubavu July-September 2026 duty roster","1.000","0.162"
"retail-2026-05-235","VIVA PHARMACY Ltd","HUYE","VIVA PHARMACY","HUYE","SOUTHERN, HUYE,COGEBANQUE HUYE","250782172937","https://monitoring.rwandafda.gov.rw/monitoring/documents-management/uploads/3/Human-Retail-Pharmacy-Duty-rosters/Retail_Pharmacies_Duty_Roster_in_Huye_District_JULY-AUGUST-SEPTEMBER_2026.pdf","huye July-September 2026 duty roster","1.000","1.000"
"retail-2026-05-237","SALAMA -ACCURX PHARMACY LTD","GASABO","SALAMA-ACCURX PHARMACY LTD","GASABO","Kigali City, GASABO,REMERA,RUKIRI II,KISIMENTI","250782392057","https://monitoring.rwandafda.gov.rw/monitoring/documents-management/uploads/3/Human-Retail-Pharmacy-Duty-rosters/Retail_Pharmacies_Duty_Roster_in_Kigali_City_for_JULY-AUGUST-SEPTEMBER_2026.pdf","kigali July-September 2026 duty roster","1.000","0.654"
"retail-2026-05-239","MENIPHAR LTD","KICUKIRO","PHARMACIE MENIPHAR","KICUKIRO","Kigali City, KICUKIRO, KANOMBE, KABEZA","250788771881","https://monitoring.rwandafda.gov.rw/monitoring/documents-management/uploads/3/Human-Retail-Pharmacy-Duty-rosters/Retail_Pharmacies_Duty_Roster_in_Kigali_City_for_JULY-AUGUST-SEPTEMBER_2026.pdf","kigali July-September 2026 duty roster","1.000","0.262"
"retail-2026-05-241","PHARMACIE REMED Ltd","NYARUGENGE","REMED PHARMACY","NYARUGENGE","Kigali City, NYARUGENGE, NYARUGENGE, BIRYOGO","250788628068","https://monitoring.rwandafda.gov.rw/monitoring/documents-management/uploads/3/Human-Retail-Pharmacy-Duty-rosters/Retail_Pharmacies_Duty_Roster_in_Kigali_City_for_JULY-AUGUST-SEPTEMBER_2026.pdf","kigali July-September 2026 duty roster","1.000","0.255"
"retail-2026-05-242","VIDA PHARMACY Ltd","GASABO","VIDA PHARMACY Ltd","GASABO","Kigali City, GASABO, RUSORORO, KABUGA I","250788802917","https://monitoring.rwandafda.gov.rw/monitoring/documents-management/uploads/3/Human-Retail-Pharmacy-Duty-rosters/Retail_Pharmacies_Duty_Roster_in_Kigali_City_for_JULY-AUGUST-SEPTEMBER_2026.pdf","kigali July-September 2026 duty roster","1.000","0.233"
"retail-2026-05-244","AUX PHARMACY Ltd","RWAMAGANA","AUX PHARMACY LTD","RWAMAGANA","EASTERN,RWAMAGANA,NYAGASAMBU","250782522630","https://monitoring.rwandafda.gov.rw/monitoring/documents-management/uploads/3/Human-Retail-Pharmacy-Duty-rosters/Retail_Pharmacies_Duty_Roster_in_Rwamagana_JULY-AUGUST-SEPTEMBER_2026.pdf","rwamagana July-September 2026 duty roster","1.000","0.140"
"retail-2026-05-245","BALSAM PHARMACY Ltd","KICUKIRO","BALSAM PHARMACY LTD","KICUKIRO","Kigali City, KICUKIRO,NIBOYE,NIBOYE,GATARE","250785864759","https://monitoring.rwandafda.gov.rw/monitoring/documents-management/uploads/3/Human-Retail-Pharmacy-Duty-rosters/Retail_Pharmacies_Duty_Roster_in_Kigali_City_for_JULY-AUGUST-SEPTEMBER_2026.pdf","kigali July-September 2026 duty roster","1.000","0.200"
"retail-2026-05-250","APOTEK PHARMACY Ltd","NYAGATARE","APOTEK PHARMACY LTD","NYAGATARE","EASTERN,NYAGATARE,NYAGATARE, NYAGATARE VILLE","250788239755","https://monitoring.rwandafda.gov.rw/monitoring/documents-management/uploads/3/Human-Retail-Pharmacy-Duty-rosters/Retail_Pharmacies_Duty_Roster_in_Nyagatare_for_JULY-AUGUST-SEPTEMBER_2026.pdf","nyagatare July-September 2026 duty roster","1.000","0.140"
"retail-2026-05-251","BONITAS DEI PHARMACY Ltd","GASABO","BONITAS DEI PHARMACY","GASABO","Kigali City, GASABO, KINYINYA, KAGUGU","250788669080","https://monitoring.rwandafda.gov.rw/monitoring/documents-management/uploads/3/Human-Retail-Pharmacy-Duty-rosters/Retail_Pharmacies_Duty_Roster_in_Kigali_City_for_JULY-AUGUST-SEPTEMBER_2026.pdf","kigali July-September 2026 duty roster","1.000","0.500"
"retail-2026-05-252","ELAYO PHARMACY Limited","RWAMAGANA","ELAYO PHARMACY","RWAMAGANA","EASTERN, RWAMAGANA,MWURIRE,NTANGA","250788417182","https://monitoring.rwandafda.gov.rw/monitoring/documents-management/uploads/3/Human-Retail-Pharmacy-Duty-rosters/Retail_Pharmacies_Duty_Roster_in_Rwamagana_JULY-AUGUST-SEPTEMBER_2026.pdf","rwamagana July-September 2026 duty roster","1.000","0.140"
"retail-2026-05-253","EL -ELION PHARMACY LTD","MUSANZE","EL ELION PHARMACY","MUSANZE","NORTH,MUSANZE,MUHOZA,MUSANZE VILLE","250789370341","https://monitoring.rwandafda.gov.rw/monitoring/documents-management/uploads/3/Human-Retail-Pharmacy-Duty-rosters/Retail_Pharmacies_Duty_Roster_in_Musanze_JULY-AUGUST-SEPTEMBER_2026.pdf","musanze July-September 2026 duty roster","1.000","0.150"
"retail-2026-05-256","IVAN PHARMACY LTD","NYAGATARE","IVAN PHARMACY Ltd","NYAGATARE","EASTERN,NYAGATARE,NYAGATARE, NYAGATARE VILLE","250788441196","https://monitoring.rwandafda.gov.rw/monitoring/documents-management/uploads/3/Human-Retail-Pharmacy-Duty-rosters/Retail_Pharmacies_Duty_Roster_in_Nyagatare_for_JULY-AUGUST-SEPTEMBER_2026.pdf","nyagatare July-September 2026 duty roster","1.000","0.175"
"retail-2026-05-257","NATHANYA PHARMACY Ltd","NYARUGENGE","NATHANYA PHARMACY LTD","NYARUGENGE","Kigali City, NYARUGENGE, NYARUGENGE,BIRYOGO","250785812318","https://monitoring.rwandafda.gov.rw/monitoring/documents-management/uploads/3/Human-Retail-Pharmacy-Duty-rosters/Retail_Pharmacies_Duty_Roster_in_Kigali_City_for_JULY-AUGUST-SEPTEMBER_2026.pdf","kigali July-September 2026 duty roster","1.000","0.165"
"retail-2026-05-260","PHARMACIE ETERNELLE Ltd","NYAGATARE","PHARMACIE ETERNELLE Ltd","NYAGATARE","EASTERN,NYAGATARE,RUKOMO,GASHENYI","250784190447","https://monitoring.rwandafda.gov.rw/monitoring/documents-management/uploads/3/Human-Retail-Pharmacy-Duty-rosters/Retail_Pharmacies_Duty_Roster_in_Nyagatare_for_JULY-AUGUST-SEPTEMBER_2026.pdf","nyagatare July-September 2026 duty roster","1.000","0.105"
"retail-2026-05-261","UBUTWARI PHARMACY Ltd","RWAMAGANA","UBUTWARI PHARMACY LTD","RWAMAGANA","EASTERN,RWAMAGANA,KIGABIRO,CYANYA/RWAGAMANA","250785213646","https://monitoring.rwandafda.gov.rw/monitoring/documents-management/uploads/3/Human-Retail-Pharmacy-Duty-rosters/Retail_Pharmacies_Duty_Roster_in_Rwamagana_JULY-AUGUST-SEPTEMBER_2026.pdf","rwamagana July-September 2026 duty roster","1.000","0.187"
"retail-2026-05-263","BONNE VIE LTD","KICUKIRO","BONNE VIE Ltd","KICUKIRO","Kigali City, KICUKIRO, GAHANGA,GAHANGA, UBUMWE","250788850192","https://monitoring.rwandafda.gov.rw/monitoring/documents-management/uploads/3/Human-Retail-Pharmacy-Duty-rosters/Retail_Pharmacies_Duty_Roster_in_Kigali_City_for_JULY-AUGUST-SEPTEMBER_2026.pdf","kigali July-September 2026 duty roster","1.000","0.159"
"retail-2026-05-266","TAFRA PHARMACY Ltd","MUSANZE","TAFRA PHARMACY Ltd","MUSANZE","NORTH,MUSANZE,MUHOZA, RUHENGERI","250788568182","https://monitoring.rwandafda.gov.rw/monitoring/documents-management/uploads/3/Human-Retail-Pharmacy-Duty-rosters/Retail_Pharmacies_Duty_Roster_in_Musanze_JULY-AUGUST-SEPTEMBER_2026.pdf","musanze July-September 2026 duty roster","1.000","0.233"
"retail-2026-05-267","UMUHIRE PHARMACY Ltd","RUBAVU","UMUHIRE PHARMACY LTD","RUBAVU","WESTERN, RUBAVU,GISENYI/NENGO","250789044983","https://monitoring.rwandafda.gov.rw/monitoring/documents-management/uploads/3/Human-Retail-Pharmacy-Duty-rosters/Retail_Pharmacies_Duty_Roster_in_Rubavu_for_JULY-AUGUST-SEPTEMBER_2026.pdf","rubavu July-September 2026 duty roster","1.000","0.250"
"retail-2026-05-269","DESTOPHAR PHARMACY Ltd","GASABO","DESTOPHAR PHARMACY LTD","GASABO","Kigali City; GASABO, KACYIRU, KAMUTWA, UMUCYO","250785301254","https://monitoring.rwandafda.gov.rw/monitoring/documents-management/uploads/3/Human-Retail-Pharmacy-Duty-rosters/Retail_Pharmacies_Duty_Roster_in_Kigali_City_for_JULY-AUGUST-SEPTEMBER_2026.pdf","kigali July-September 2026 duty roster","1.000","0.233"
"retail-2026-05-27","FADHIL PHARMACY LTD","NYARUGENGE","FADHIL PHARMACY","NYARUGENGE","Kigali City, NYARUGENGE, RWEZAMENYO, KURI 40","250788694901","https://monitoring.rwandafda.gov.rw/monitoring/documents-management/uploads/3/Human-Retail-Pharmacy-Duty-rosters/Retail_Pharmacies_Duty_Roster_in_Kigali_City_for_JULY-AUGUST-SEPTEMBER_2026.pdf","kigali July-September 2026 duty roster","1.000","0.175"
"retail-2026-05-273","ITANGE PHARMACY Ltd","RUBAVU","ITANGE PHARMACY Ltd","RUBAVU","WESTERN, RUBAVU,GISENYI,NYUNDO","250783292700","https://monitoring.rwandafda.gov.rw/monitoring/documents-management/uploads/3/Human-Retail-Pharmacy-Duty-rosters/Retail_Pharmacies_Duty_Roster_in_Rubavu_for_JULY-AUGUST-SEPTEMBER_2026.pdf","rubavu July-September 2026 duty roster","1.000","0.210"
"retail-2026-05-274","KA -PHARMACY Ltd","RWAMAGANA","KA-PHARMACY Ltd","RWAMAGANA","EASTERN,RWAMAGANA,KIGABIRO,CYANYA/RWAGAMANA","250788426345","https://monitoring.rwandafda.gov.rw/monitoring/documents-management/uploads/3/Human-Retail-Pharmacy-Duty-rosters/Retail_Pharmacies_Duty_Roster_in_Rwamagana_JULY-AUGUST-SEPTEMBER_2026.pdf","rwamagana July-September 2026 duty roster","1.000","0.175"
"retail-2026-05-275","KIZAPHAR LTD","RUBAVU","KIZAPHAR","RUBAVU","WESTERN, RUBAVU,GISENYI/LABAMBA","250788635002","https://monitoring.rwandafda.gov.rw/monitoring/documents-management/uploads/3/Human-Retail-Pharmacy-Duty-rosters/Retail_Pharmacies_Duty_Roster_in_Rubavu_for_JULY-AUGUST-SEPTEMBER_2026.pdf","rubavu July-September 2026 duty roster","1.000","0.219"
"retail-2026-05-279","SAINT PIERRE PHARMACY Ltd","MUSANZE","SAINT PIERRE PHARMACY LTD","MUSANZE","NORTH,MUSANZE,MUHOZA,RUHENGERI","250788696406","https://monitoring.rwandafda.gov.rw/monitoring/documents-management/uploads/3/Human-Retail-Pharmacy-Duty-rosters/Retail_Pharmacies_Duty_Roster_in_Musanze_JULY-AUGUST-SEPTEMBER_2026.pdf","musanze July-September 2026 duty roster","1.000","0.513"
"retail-2026-05-28","PHARMACURE Ltd","NYARUGENGE","PHARMACURE","NYARUGENGE","Kigali City, NYARUGENGE, NYAMIRAMBO, MUMENA, MUMENA","250788487755","https://monitoring.rwandafda.gov.rw/monitoring/documents-management/uploads/3/Human-Retail-Pharmacy-Duty-rosters/Retail_Pharmacies_Duty_Roster_in_Kigali_City_for_JULY-AUGUST-SEPTEMBER_2026.pdf","kigali July-September 2026 duty roster","1.000","0.221"
"retail-2026-05-280","UMURAGE PHARMACY Ltd","KICUKIRO","UMURAGE PHARMACY LTD","KICUKIRO","Kigali City,KICUKIRO,KIGARAMA,RWAMPARA,NYARUREMBO","250787782031","https://monitoring.rwandafda.gov.rw/monitoring/documents-management/uploads/3/Human-Retail-Pharmacy-Duty-rosters/Retail_Pharmacies_Duty_Roster_in_Kigali_City_for_JULY-AUGUST-SEPTEMBER_2026.pdf","kigali July-September 2026 duty roster","1.000","0.175"
"retail-2026-05-29","STREAM PHARMACY BRANCH","GASABO","STREAM PHARMACY BRANCH","GASABO","Kigali City, GASABO,KINYINYA, KAGUGU.KADOBOGO","250782504529","https://monitoring.rwandafda.gov.rw/monitoring/documents-management/uploads/3/Human-Retail-Pharmacy-Duty-rosters/Retail_Pharmacies_Duty_Roster_in_Kigali_City_for_JULY-AUGUST-SEPTEMBER_2026.pdf","kigali July-September 2026 duty roster","1.000","0.654"
"retail-2026-05-292","LA MEDISAFE PHARMACY LTD","KAYONZA","LA MEDISAFE PHARMACY LTD","KAYONZA","EASTERN,KAYONZA, KABARONDO, CYABAJWA","250784954347","https://monitoring.rwandafda.gov.rw/monitoring/documents-management/uploads/3/Human-Retail-Pharmacy-Duty-rosters/Retail_Pharmacies_Duty_Roster_in_Kayonza_District_JULY-AUGUST-SEPTEMBER_2026.pdf","kayonza July-September 2026 duty roster","1.000","0.147"
"retail-2026-05-294","RICOPHAR PHARMACY Ltd","GASABO","RICOPHAR PHARMACY LTD","GASABO","Kigali City, GASABO,BUMBOGO, KINYAGA,","250787475744","https://monitoring.rwandafda.gov.rw/monitoring/documents-management/uploads/3/Human-Retail-Pharmacy-Duty-rosters/Retail_Pharmacies_Duty_Roster_in_Kigali_City_for_JULY-AUGUST-SEPTEMBER_2026.pdf","kigali July-September 2026 duty roster","1.000","0.233"
"retail-2026-05-297","MEDHUB PHARMACY LTD","KICUKIRO","MEDHUB PHARMACY LTD","KICUKIRO","Kigali City, KICUKIRO, KANOMBE, KABEZA,REBERO","250788313026","https://monitoring.rwandafda.gov.rw/monitoring/documents-management/uploads/3/Human-Retail-Pharmacy-Duty-rosters/Retail_Pharmacies_Duty_Roster_in_Kigali_City_for_JULY-AUGUST-SEPTEMBER_2026.pdf","kigali July-September 2026 duty roster","1.000","0.175"
"retail-2026-05-298","EMPOWER AFRICA PHARMACY LTD","KICUKIRO","EMPOWER AFRICA PHARMACY LTD","KICUKIRO","Kigali City, KICUKIRO, KICUKIRO, KICUKIRO","250787636002","https://monitoring.rwandafda.gov.rw/monitoring/documents-management/uploads/3/Human-Retail-Pharmacy-Duty-rosters/Retail_Pharmacies_Duty_Roster_in_Kigali_City_for_JULY-AUGUST-SEPTEMBER_2026.pdf","kigali July-September 2026 duty roster","1.000","0.162"
"retail-2026-05-299","GOODLIFE HEALTH AND BEAUTY 15","KICUKIRO","GOODLIFE HEALTH AND BEAUTY 15","KICUKIRO","Kigali City, KICUKIRO, NYARUGUNGA, KURI 15 HAFI YA LEGACY CLINIC","250788417379","https://monitoring.rwandafda.gov.rw/monitoring/documents-management/uploads/3/Human-Retail-Pharmacy-Duty-rosters/Retail_Pharmacies_Duty_Roster_in_Kigali_City_for_JULY-AUGUST-SEPTEMBER_2026.pdf","kigali July-September 2026 duty roster","1.000","0.909"
"retail-2026-05-299","GOODLIFE HEALTH AND BEAUTY 15","KICUKIRO","GOODLIFE HEALTH AND BEAUTY 15","KICUKIRO","Kigali City, KICUKIRO, NYARUGUNGA, KURI 15 HAFI YA LEGACY CLINIC","250791232383","https://monitoring.rwandafda.gov.rw/monitoring/documents-management/uploads/3/Human-Retail-Pharmacy-Duty-rosters/Retail_Pharmacies_Duty_Roster_in_Kigali_City_for_JULY-AUGUST-SEPTEMBER_2026.pdf","kigali July-September 2026 duty roster","1.000","0.909"
"retail-2026-05-3","AURORE PHARMACY LTD","GASABO","AURORE PHARMACY LTD","GASABO","Kigali City, GASABO,KINYINYA, KAGUGU,GICIKIZA","250788423286","https://monitoring.rwandafda.gov.rw/monitoring/documents-management/uploads/3/Human-Retail-Pharmacy-Duty-rosters/Retail_Pharmacies_Duty_Roster_in_Kigali_City_for_JULY-AUGUST-SEPTEMBER_2026.pdf","kigali July-September 2026 duty roster","1.000","0.191"
"retail-2026-05-302","NEZERWA PHARMACY Ltd","BUGESERA","NEZERWA PHARMACY Ltd","BUGESERA","EASTERN,BUGESERA,NYAMATA,NYAMATA/TOWN","250785015521","https://monitoring.rwandafda.gov.rw/monitoring/documents-management/uploads/3/Human-Retail-Pharmacy-Duty-rosters/Retail_Pharmacies_Duty_Roster_in_Bugesera_District_JULY-AUGUST-SEPTEMBER_2026.pdf","bugesera July-September 2026 duty roster","1.000","0.140"
"retail-2026-05-303","ANTIQUA PHARMACY Ltd","MUHANGA","ANTIQUA PHARMACY LTD","MUHANGA","SOUTHERN,MUHANGA,NYAMABUYE,GAHOGO/MUHANGA VILLE","250782843374","https://monitoring.rwandafda.gov.rw/monitoring/documents-management/uploads/3/Human-Retail-Pharmacy-Duty-rosters/Retail_Pharmacies_Duty_Roster_in_Muhanga_District_JULY-AUGUST-SEPTEMBER_2026.pdf","muhanga July-September 2026 duty roster","1.000","0.150"
"retail-2026-05-304","SALVIA PHARMACY LTD","BUGESERA","SALVIA PHARMACY","BUGESERA","EASTERN,BUGESERA,NYAMATA,NYAMATA/TOWN","250788872488","https://monitoring.rwandafda.gov.rw/monitoring/documents-management/uploads/3/Human-Retail-Pharmacy-Duty-rosters/Retail_Pharmacies_Duty_Roster_in_Bugesera_District_JULY-AUGUST-SEPTEMBER_2026.pdf","bugesera July-September 2026 duty roster","1.000","0.187"
"retail-2026-05-305","SANGWA PHARMACY Ltd","GASABO","SANGWA PHARMACY LTD","GASABO","Kigali City, GASABO, RUSORORO, MURI CENTRE YA KABUGA","250788358068","https://monitoring.rwandafda.gov.rw/monitoring/documents-management/uploads/3/Human-Retail-Pharmacy-Duty-rosters/Retail_Pharmacies_Duty_Roster_in_Kigali_City_for_JULY-AUGUST-SEPTEMBER_2026.pdf","kigali July-September 2026 duty roster","1.000","0.200"
"retail-2026-05-315","THESO PHARMACY Ltd","MUSANZE","THESO PHARMACY Ltd","MUSANZE","NORTHERN,MUSANZE, CYUVE SECTOR","250786396164","https://monitoring.rwandafda.gov.rw/monitoring/documents-management/uploads/3/Human-Retail-Pharmacy-Duty-rosters/Retail_Pharmacies_Duty_Roster_in_Musanze_JULY-AUGUST-SEPTEMBER_2026.pdf","musanze July-September 2026 duty roster","1.000","0.127"
"retail-2026-05-317","ISIMBI PHARMACY Ltd","KICUKIRO","ISIMBI PHARMACY LTD","KICUKIRO","Kigali City, KICUKIRO, GIKONDO, KANSEREGE, MAREMBO","250780563650","https://monitoring.rwandafda.gov.rw/monitoring/documents-management/uploads/3/Human-Retail-Pharmacy-Duty-rosters/Retail_Pharmacies_Duty_Roster_in_Kigali_City_for_JULY-AUGUST-SEPTEMBER_2026.pdf","kigali July-September 2026 duty roster","1.000","0.200"
"retail-2026-05-318","LUCKY FAM PHARMACY Ltd","NYAGATARE","LUCKY FAM PHARMACY LTD","NYAGATARE","EASTERN,NYAGATARE,NYAGATARE, NYAGATARE VILLE","250780389530","https://monitoring.rwandafda.gov.rw/monitoring/documents-management/uploads/3/Human-Retail-Pharmacy-Duty-rosters/Retail_Pharmacies_Duty_Roster_in_Nyagatare_for_JULY-AUGUST-SEPTEMBER_2026.pdf","nyagatare July-September 2026 duty roster","1.000","0.140"
"retail-2026-05-318","LUCKY FAM PHARMACY Ltd","NYAGATARE","LUCKY FAM PHARMACY LTD","NYAGATARE","EASTERN,NYAGATARE,NYAGATARE, NYAGATARE VILLE","250783255423","https://monitoring.rwandafda.gov.rw/monitoring/documents-management/uploads/3/Human-Retail-Pharmacy-Duty-rosters/Retail_Pharmacies_Duty_Roster_in_Nyagatare_for_JULY-AUGUST-SEPTEMBER_2026.pdf","nyagatare July-September 2026 duty roster","1.000","0.140"
"retail-2026-05-320","PHARMACIE GALEON Ltd","GASABO","PHARMACIE GALEON","GASABO","Kigali City, GASABO, KIMIRONKO, BIBARE","250788481356","https://monitoring.rwandafda.gov.rw/monitoring/documents-management/uploads/3/Human-Retail-Pharmacy-Duty-rosters/Retail_Pharmacies_Duty_Roster_in_Kigali_City_for_JULY-AUGUST-SEPTEMBER_2026.pdf","kigali July-September 2026 duty roster","1.000","0.191"
"retail-2026-05-322","PHARMACIE PEACE","NYARUGENGE","PEACE PHARMACY","NYARUGENGE","Kigali City, NYARUGENGE, NYARUGENGE, KIMISAGARA","250788853426","https://monitoring.rwandafda.gov.rw/monitoring/documents-management/uploads/3/Human-Retail-Pharmacy-Duty-rosters/Retail_Pharmacies_Duty_Roster_in_Kigali_City_for_JULY-AUGUST-SEPTEMBER_2026.pdf","kigali July-September 2026 duty roster","1.000","0.250"
"retail-2026-05-323","AZ PHARMACIE Ltd","RWAMAGANA","AZ PHARMACIE LTD","RWAMAGANA","EASTERN,RWAMAGANA,NYAKALIRO,GISHORE","250783388893","https://monitoring.rwandafda.gov.rw/monitoring/documents-management/uploads/3/Human-Retail-Pharmacy-Duty-rosters/Retail_Pharmacies_Duty_Roster_in_Rwamagana_JULY-AUGUST-SEPTEMBER_2026.pdf","rwamagana July-September 2026 duty roster","1.000","0.175"
"retail-2026-05-324","SEMU PHARMACY Ltd","KICUKIRO","SEMU PHARMACY","KICUKIRO","Kigali City, KICUKIRO, NIBOYE, GATARE, TABA","250788467644","https://monitoring.rwandafda.gov.rw/monitoring/documents-management/uploads/3/Human-Retail-Pharmacy-Duty-rosters/Retail_Pharmacies_Duty_Roster_in_Kigali_City_for_JULY-AUGUST-SEPTEMBER_2026.pdf","kigali July-September 2026 duty roster","1.000","0.620"
"retail-2026-05-324","SEMU PHARMACY Ltd","KICUKIRO","SEMU PHARMACY","KICUKIRO","Kigali City, KICUKIRO, NIBOYE, GATARE, TABA","250788679787","https://monitoring.rwandafda.gov.rw/monitoring/documents-management/uploads/3/Human-Retail-Pharmacy-Duty-rosters/Retail_Pharmacies_Duty_Roster_in_Kigali_City_for_JULY-AUGUST-SEPTEMBER_2026.pdf","kigali July-September 2026 duty roster","1.000","0.620"
"retail-2026-05-33","OM PHARMACY LTD","BUGESERA","OM PHARMACY LTD","BUGESERA","EASTERN,BUGESERA,RUHUHA,RUHUHA,RUHUHA II","250787107130","https://monitoring.rwandafda.gov.rw/monitoring/documents-management/uploads/3/Human-Retail-Pharmacy-Duty-rosters/Retail_Pharmacies_Duty_Roster_in_Bugesera_District_JULY-AUGUST-SEPTEMBER_2026.pdf","bugesera July-September 2026 duty roster","1.000","0.117"
"retail-2026-05-332","PHARMAMED Ltd","GASABO","PHARMAMED LTD","GASABO","Kigali City, GASABO KIMIRONKO, IMBERE YA BANKI Y'ABATURAGE","250780939593","https://monitoring.rwandafda.gov.rw/monitoring/documents-management/uploads/3/Human-Retail-Pharmacy-Duty-rosters/Retail_Pharmacies_Duty_Roster_in_Kigali_City_for_JULY-AUGUST-SEPTEMBER_2026.pdf","kigali July-September 2026 duty roster","1.000","0.258"
"retail-2026-05-334","ST GISELE PHARMACY Ltd","BUGESERA","ST GISELE PHARMACY Ltd","BUGESERA","EASTERN,BUGESERA,MAYANGE,MBYO","250785785852","https://monitoring.rwandafda.gov.rw/monitoring/documents-management/uploads/3/Human-Retail-Pharmacy-Duty-rosters/Retail_Pharmacies_Duty_Roster_in_Bugesera_District_JULY-AUGUST-SEPTEMBER_2026.pdf","bugesera July-September 2026 duty roster","1.000","0.163"
"retail-2026-05-338","PHARMACIE “IWAWE” Ltd","RUHANGO","IWAWE PHARMACY","RUHANGO","SOUTHERN,RUHANGO,RUHANGO,RUHANGO TOWN","250788779582","https://monitoring.rwandafda.gov.rw/monitoring/documents-management/uploads/3/Human-Retail-Pharmacy-Duty-rosters/Retail_Pharmacies_Duty_Roster_in_Ruhango_for_JULY-AUGUST-SEPTEMBER_2026.pdf","ruhango July-September 2026 duty roster","1.000","0.078"
"retail-2026-05-341","VIAPAS PHARMACY Ltd","BUGESERA","VIAPAS PHARMACY Ltd","BUGESERA","EASTERN,BUGESERA,NYAMATA,MARANYUNDO, GAHEMBE","250788969563","https://monitoring.rwandafda.gov.rw/monitoring/documents-management/uploads/3/Human-Retail-Pharmacy-Duty-rosters/Retail_Pharmacies_Duty_Roster_in_Bugesera_District_JULY-AUGUST-SEPTEMBER_2026.pdf","bugesera July-September 2026 duty roster","1.000","0.215"
"retail-2026-05-343","VF LUCIS PHARMACY Ltd","KAMONYI","VF LUCIS PHARMACY LTD","KAMONYI","SOUTH,KAMONYI,RUNDA,RUYENZI","250785613111","https://monitoring.rwandafda.gov.rw/monitoring/documents-management/uploads/3/Human-Retail-Pharmacy-Duty-rosters/Retail_Pharmacies_Duty_Roster_in_Kamonyi_District_JULY-AUGUST-SEPTEMBER_2026.pdf","kamonyi July-September 2026 duty roster","1.000","0.150"
"retail-2026-05-345","AUBENE PHARMACY Ltd","GASABO","AUBENE PHARMACY","GASABO","Kigali City, GASABO, KACYIRU MU KABAGARI KU MURENGE WA KACYIRU","250788496547","https://monitoring.rwandafda.gov.rw/monitoring/documents-management/uploads/3/Human-Retail-Pharmacy-Duty-rosters/Retail_Pharmacies_Duty_Roster_in_Kigali_City_for_JULY-AUGUST-SEPTEMBER_2026.pdf","kigali July-September 2026 duty roster","1.000","0.233"
"retail-2026-05-353","PHARMACIE UMUSHYIKIRANO LTD","KICUKIRO","PHARMACIE UMUSHYIKIRANO","KICUKIRO","Kigali City, KICUKIRO, GAHANGA, MURI CENTRE YA GAHANGA","250788483264","https://monitoring.rwandafda.gov.rw/monitoring/documents-management/uploads/3/Human-Retail-Pharmacy-Duty-rosters/Retail_Pharmacies_Duty_Roster_in_Kigali_City_for_JULY-AUGUST-SEPTEMBER_2026.pdf","kigali July-September 2026 duty roster","1.000","0.175"
"retail-2026-05-355","SUNBEAM PHARMACY LTD","NYARUGENGE","SUNBEAM PHARMACY","NYARUGENGE","Kigali City, NYARUGENGE, KWA RUBANGURA","250788454337","https://monitoring.rwandafda.gov.rw/monitoring/documents-management/uploads/3/Human-Retail-Pharmacy-Duty-rosters/Retail_Pharmacies_Duty_Roster_in_Kigali_City_for_JULY-AUGUST-SEPTEMBER_2026.pdf","kigali July-September 2026 duty roster","1.000","0.191"
"retail-2026-05-356","AERI PHARMACY Ltd","GASABO","AERI PHARMACY LTD","GASABO","Kigali City, Gasabo, Kimironko, Bibare, Imitari","250788508707","https://monitoring.rwandafda.gov.rw/monitoring/documents-management/uploads/3/Human-Retail-Pharmacy-Duty-rosters/Retail_Pharmacies_Duty_Roster_in_Kigali_City_for_JULY-AUGUST-SEPTEMBER_2026.pdf","kigali July-September 2026 duty roster","1.000","0.311"
"retail-2026-05-358","DESTINY PHARMACY Ltd","MUSANZE","DESTINY PHARMACY LTD","MUSANZE","NORTH,MUSANZE,MUHOZA,KIGOMBE","250783380902","https://monitoring.rwandafda.gov.rw/monitoring/documents-management/uploads/3/Human-Retail-Pharmacy-Duty-rosters/Retail_Pharmacies_Duty_Roster_in_Musanze_JULY-AUGUST-SEPTEMBER_2026.pdf","musanze July-September 2026 duty roster","1.000","0.150"
"retail-2026-05-364","PHARMACIE CELIA LTD","KAYONZA","PHARMACIE CELIA LTD","KAYONZA","EASTERN,KAYONZA, KABARONDO, CYATWA","250788831809","https://monitoring.rwandafda.gov.rw/monitoring/documents-management/uploads/3/Human-Retail-Pharmacy-Duty-rosters/Retail_Pharmacies_Duty_Roster_in_Kayonza_District_JULY-AUGUST-SEPTEMBER_2026.pdf","kayonza July-September 2026 duty roster","1.000","0.210"
"retail-2026-05-365","PHARMACIE KAVES Ltd","GASABO","PHARMACIE KAVES","GASABO","Kigali City, GASABO, KIMIRONKO, BIBARE, KU MUHANDA UJYA KIBAGABAGA","250788681772","https://monitoring.rwandafda.gov.rw/monitoring/documents-management/uploads/3/Human-Retail-Pharmacy-Duty-rosters/Retail_Pharmacies_Duty_Roster_in_Kigali_City_for_JULY-AUGUST-SEPTEMBER_2026.pdf","kigali July-September 2026 duty roster","1.000","0.210"
"retail-2026-05-368","STRONG MEDICA PHARMACY Ltd","KICUKIRO","STRONG MEDICA PHARMACY","KICUKIRO","Kigali City, KICUKIRO, KAGARAMA, KANSEREGE","250780291771","https://monitoring.rwandafda.gov.rw/monitoring/documents-management/uploads/3/Human-Retail-Pharmacy-Duty-rosters/Retail_Pharmacies_Duty_Roster_in_Kigali_City_for_JULY-AUGUST-SEPTEMBER_2026.pdf","kigali July-September 2026 duty roster","1.000","0.193"
"retail-2026-05-373","BENINA PHARMACY Ltd","KICUKIRO","BENINA PHARMACY LTD","KICUKIRO","Kigali City, KICUKIRO, GATENGA, NYANZA","250783881980","https://monitoring.rwandafda.gov.rw/monitoring/documents-management/uploads/3/Human-Retail-Pharmacy-Duty-rosters/Retail_Pharmacies_Duty_Roster_in_Kigali_City_for_JULY-AUGUST-SEPTEMBER_2026.pdf","kigali July-September 2026 duty roster","1.000","0.210"
"retail-2026-05-374","GABA PHARMACY LTD","BUGESERA","GABA PHARMACY","BUGESERA","EASTERN,BUGESERA,NYAMATA,NYAMATA/TOWN","250788452972","https://monitoring.rwandafda.gov.rw/monitoring/documents-management/uploads/3/Human-Retail-Pharmacy-Duty-rosters/Retail_Pharmacies_Duty_Roster_in_Bugesera_District_JULY-AUGUST-SEPTEMBER_2026.pdf","bugesera July-September 2026 duty roster","1.000","0.175"
"retail-2026-05-379","MEDIMARK PHARMACY Ltd","GASABO","MEDIMARK PHARMACY Ltd","GASABO","Kigali City, GASABO, REMERA, RUKIRI,GISIMENTI","250789635153","https://monitoring.rwandafda.gov.rw/monitoring/documents-management/uploads/3/Human-Retail-Pharmacy-Duty-rosters/Retail_Pharmacies_Duty_Roster_in_Kigali_City_for_JULY-AUGUST-SEPTEMBER_2026.pdf","kigali July-September 2026 duty roster","1.000","0.187"
"retail-2026-05-382","PHARMACIE FIDELE Ltd","NYARUGENGE","PHARMACIE FIDELE","NYARUGENGE","Kigali City,NYARUGENGE, CENTINARY HOUSE","250788381040","https://monitoring.rwandafda.gov.rw/monitoring/documents-management/uploads/3/Human-Retail-Pharmacy-Duty-rosters/Retail_Pharmacies_Duty_Roster_in_Kigali_City_for_JULY-AUGUST-SEPTEMBER_2026.pdf","kigali July-September 2026 duty roster","1.000","0.187"
"retail-2026-05-383","PHARMACIE LA PREFERENCE Ltd","HUYE","PHARMACIE LA PREFERENCE Ltd","HUYE","SOUTHERN, HUYE,SEMUHUNGU BUILDING","250783402189","https://monitoring.rwandafda.gov.rw/monitoring/documents-management/uploads/3/Human-Retail-Pharmacy-Duty-rosters/Retail_Pharmacies_Duty_Roster_in_Huye_District_JULY-AUGUST-SEPTEMBER_2026.pdf","huye July-September 2026 duty roster","1.000","0.130"
"retail-2026-05-386","ZOOM PHARMACY Ltd","GASABO","ZOOM PHARMACY LTD","GASABO","Kigali City, GASABO, KIBAGABAGA, KU MUHANDA UGANA KU BITARO","250788303347","https://monitoring.rwandafda.gov.rw/monitoring/documents-management/uploads/3/Human-Retail-Pharmacy-Duty-rosters/Retail_Pharmacies_Duty_Roster_in_Kigali_City_for_JULY-AUGUST-SEPTEMBER_2026.pdf","kigali July-September 2026 duty roster","1.000","0.200"
"retail-2026-05-387","INEZA PHARMACY Ltd","RUBAVU","INEZA PHARMACY LTD","RUBAVU","WESTERN, RUBAVU,GISENYI/LABAMBA","250788882202","https://monitoring.rwandafda.gov.rw/monitoring/documents-management/uploads/3/Human-Retail-Pharmacy-Duty-rosters/Retail_Pharmacies_Duty_Roster_in_Rubavu_for_JULY-AUGUST-SEPTEMBER_2026.pdf","rubavu July-September 2026 duty roster","1.000","0.210"
"retail-2026-05-390","GRATIS PHARMACY Ltd","KAYONZA","GRATIS PHARMACY Ltd","KAYONZA","EASTERN,KAYONZA, MUKARANGE, KAYONZA","250788834477","https://monitoring.rwandafda.gov.rw/monitoring/documents-management/uploads/3/Human-Retail-Pharmacy-Duty-rosters/Retail_Pharmacies_Duty_Roster_in_Kayonza_District_JULY-AUGUST-SEPTEMBER_2026.pdf","kayonza July-September 2026 duty roster","1.000","0.140"
"retail-2026-05-393","BOVAN LTD","NYARUGENGE","BOVAN LTD","NYARUGENGE","Kigali City, NYARUGENGE, MUHIMA, NYABUGOGO KWA MUTANGANA","250788742055","https://monitoring.rwandafda.gov.rw/monitoring/documents-management/uploads/3/Human-Retail-Pharmacy-Duty-rosters/Retail_Pharmacies_Duty_Roster_in_Kigali_City_for_JULY-AUGUST-SEPTEMBER_2026.pdf","kigali July-September 2026 duty roster","1.000","0.162"
"retail-2026-05-395","PAMELLA PHARMACY Ltd","MUHANGA","PAMELLA PHARMACY LTD","MUHANGA","SOUTHERN, MUHANGA, NYAMABUYE, GAHOGO/ MUHANGA VILLE","250786138494","https://monitoring.rwandafda.gov.rw/monitoring/documents-management/uploads/3/Human-Retail-Pharmacy-Duty-rosters/Retail_Pharmacies_Duty_Roster_in_Muhanga_District_JULY-AUGUST-SEPTEMBER_2026.pdf","muhanga July-September 2026 duty roster","1.000","0.215"
"retail-2026-05-40","LEGEND PHARMACY LTD","GASABO","LEGEND PHARMACY Ltd","GASABO","Kigali City, Gasabo, Rusosroro, Nyagahinga, Urumuri","250780634704","https://monitoring.rwandafda.gov.rw/monitoring/documents-management/uploads/3/Human-Retail-Pharmacy-Duty-rosters/Retail_Pharmacies_Duty_Roster_in_Kigali_City_for_JULY-AUGUST-SEPTEMBER_2026.pdf","kigali July-September 2026 duty roster","1.000","0.233"
"retail-2026-05-400","VINE PHARMACY Ltd","GASABO","VINE PHARMACY LTD","GASABO","Kigali City, GASABO, REMERA, RUKIRI I, Gisementi","250788523498","https://monitoring.rwandafda.gov.rw/monitoring/documents-management/uploads/3/Human-Retail-Pharmacy-Duty-rosters/Retail_Pharmacies_Duty_Roster_in_Kigali_City_for_JULY-AUGUST-SEPTEMBER_2026.pdf","kigali July-September 2026 duty roster","1.000","0.598"
"retail-2026-05-404","AROME PHARMACY Ltd","MUHANGA","AROME PHARMACY Ltd","MUHANGA","SOUTHERN,MUHANGA,NYAMABUYE,GAHOGO","250788296204","https://monitoring.rwandafda.gov.rw/monitoring/documents-management/uploads/3/Human-Retail-Pharmacy-Duty-rosters/Retail_Pharmacies_Duty_Roster_in_Muhanga_District_JULY-AUGUST-SEPTEMBER_2026.pdf","muhanga July-September 2026 duty roster","1.000","0.175"
"retail-2026-05-405","ATLAS PHARMACY Ltd","NYARUGENGE","ATLAS PHARMACY LTD","NYARUGENGE","Kigali City, NYARUGENGE, MUHIMA, NYABUGOGO KWA MUTANGANA","250782511433","https://monitoring.rwandafda.gov.rw/monitoring/documents-management/uploads/3/Human-Retail-Pharmacy-Duty-rosters/Retail_Pharmacies_Duty_Roster_in_Kigali_City_for_JULY-AUGUST-SEPTEMBER_2026.pdf","kigali July-September 2026 duty roster","1.000","0.175"
"retail-2026-05-407","AVIEL PHARMACY Ltd","KICUKIRO","AVIEL PHARMACY LTD","KICUKIRO","Kigali City, KICUKIRO,KANOMBE,KABEZA,GIPOROSO","250786540360","https://monitoring.rwandafda.gov.rw/monitoring/documents-management/uploads/3/Human-Retail-Pharmacy-Duty-rosters/Retail_Pharmacies_Duty_Roster_in_Kigali_City_for_JULY-AUGUST-SEPTEMBER_2026.pdf","kigali July-September 2026 duty roster","1.000","0.200"
"retail-2026-05-408","AYIBAMBE PHARMACY Ltd","GASABO","AYIBAMBE PHARMACY","GASABO","Kigali City, GASABO, RUSORORO MURI CENTRE YA KABUGA","250788519869","https://monitoring.rwandafda.gov.rw/monitoring/documents-management/uploads/3/Human-Retail-Pharmacy-Duty-rosters/Retail_Pharmacies_Duty_Roster_in_Kigali_City_for_JULY-AUGUST-SEPTEMBER_2026.pdf","kigali July-September 2026 duty roster","1.000","0.200"
"retail-2026-05-412","EBENEPHAR Ltd","HUYE","EBENEPHAR Ltd","HUYE","SOUTHERN,HUYE,NGOMA,BUTARE","250784047794","https://monitoring.rwandafda.gov.rw/monitoring/documents-management/uploads/3/Human-Retail-Pharmacy-Duty-rosters/Retail_Pharmacies_Duty_Roster_in_Huye_District_JULY-AUGUST-SEPTEMBER_2026.pdf","huye July-September 2026 duty roster","1.000","0.194"
"retail-2026-05-413","GALEAD PHARMACY LTD","KICUKIRO","GALEAD PHARMACY Ltd","KICUKIRO","Kigali City, KICUKIRO, MASAKA CYIMO, MASAKA CENTRE","250788309064","https://monitoring.rwandafda.gov.rw/monitoring/documents-management/uploads/3/Human-Retail-Pharmacy-Duty-rosters/Retail_Pharmacies_Duty_Roster_in_Kigali_City_for_JULY-AUGUST-SEPTEMBER_2026.pdf","kigali July-September 2026 duty roster","1.000","0.292"
"retail-2026-05-413","GALEAD PHARMACY LTD","KICUKIRO","GALEAD PHARMACY Ltd","KICUKIRO","Kigali City, KICUKIRO, MASAKA CYIMO, MASAKA CENTRE","250788893968","https://monitoring.rwandafda.gov.rw/monitoring/documents-management/uploads/3/Human-Retail-Pharmacy-Duty-rosters/Retail_Pharmacies_Duty_Roster_in_Kigali_City_for_JULY-AUGUST-SEPTEMBER_2026.pdf","kigali July-September 2026 duty roster","1.000","0.292"
"retail-2026-05-415","FAITH PHARMACY Ltd","KICUKIRO","FAITH PHARMACY","KICUKIRO","Kigali City, KICUKIRO, KICUKIRO, SAMUDUHA","250788746756","https://monitoring.rwandafda.gov.rw/monitoring/documents-management/uploads/3/Human-Retail-Pharmacy-Duty-rosters/Retail_Pharmacies_Duty_Roster_in_Kigali_City_for_JULY-AUGUST-SEPTEMBER_2026.pdf","kigali July-September 2026 duty roster","1.000","0.191"
"retail-2026-05-416","GIPHARMA Ltd","GASABO","GIPHARMA LTD","GASABO","Kigali City, GASABO, REMERA, KISIMENTI","250788892585","https://monitoring.rwandafda.gov.rw/monitoring/documents-management/uploads/3/Human-Retail-Pharmacy-Duty-rosters/Retail_Pharmacies_Duty_Roster_in_Kigali_City_for_JULY-AUGUST-SEPTEMBER_2026.pdf","kigali July-September 2026 duty roster","1.000","0.262"
"retail-2026-05-417","GOODCHOICE PHARMACY Limited","MUHANGA","GOODCHOICE PHARMACY LTD","MUHANGA","SOUTHERN,MUHANGA,NYAMABUYE,GAHOGO/MUHANGA VILLE","250722142414","https://monitoring.rwandafda.gov.rw/monitoring/documents-management/uploads/3/Human-Retail-Pharmacy-Duty-rosters/Retail_Pharmacies_Duty_Roster_in_Muhanga_District_JULY-AUGUST-SEPTEMBER_2026.pdf","muhanga July-September 2026 duty roster","1.000","0.140"
"retail-2026-05-417","GOODCHOICE PHARMACY Limited","MUHANGA","GOODCHOICE PHARMACY LTD","MUHANGA","SOUTHERN,MUHANGA,NYAMABUYE,GAHOGO/MUHANGA VILLE","250783142414","https://monitoring.rwandafda.gov.rw/monitoring/documents-management/uploads/3/Human-Retail-Pharmacy-Duty-rosters/Retail_Pharmacies_Duty_Roster_in_Muhanga_District_JULY-AUGUST-SEPTEMBER_2026.pdf","muhanga July-September 2026 duty roster","1.000","0.140"
"retail-2026-05-42","CALABRIA PHARMACY LTD","HUYE","CALABRIA PHARMACY LTD","HUYE","SOUTHERN,HUYE,NGOMA,BUTARE","250789124156","https://monitoring.rwandafda.gov.rw/monitoring/documents-management/uploads/3/Human-Retail-Pharmacy-Duty-rosters/Retail_Pharmacies_Duty_Roster_in_Huye_District_JULY-AUGUST-SEPTEMBER_2026.pdf","huye July-September 2026 duty roster","1.000","0.140"
"retail-2026-05-420","GWIZABIGWI PHARMACY Ltd","RUBAVU","GWIZABIGWI PHARMACY Ltd","RUBAVU","WESTERN,RUBAVU,RUBAVU,RUKOKO","250786961228","https://monitoring.rwandafda.gov.rw/monitoring/documents-management/uploads/3/Human-Retail-Pharmacy-Duty-rosters/Retail_Pharmacies_Duty_Roster_in_Rubavu_for_JULY-AUGUST-SEPTEMBER_2026.pdf","rubavu July-September 2026 duty roster","1.000","0.183"
"retail-2026-05-422","HEALTHCARE PHARMACY Limited","NYARUGENGE","HEALTHCARE PHARMACY","NYARUGENGE","Kigali City, NYARUGENGE, NYARUGENGE, KIYOVU","250788872220","https://monitoring.rwandafda.gov.rw/monitoring/documents-management/uploads/3/Human-Retail-Pharmacy-Duty-rosters/Retail_Pharmacies_Duty_Roster_in_Kigali_City_for_JULY-AUGUST-SEPTEMBER_2026.pdf","kigali July-September 2026 duty roster","1.000","0.210"
"retail-2026-05-43","PHARMACY ISHEMA RY’INGABO NZIZA LTD","GASABO","PHARMACY ISHEMA RY’INGABO NZIZA","GASABO","Kigali City, GASABO, RUSORORO, KABUGA I","250788847538","https://monitoring.rwandafda.gov.rw/monitoring/documents-management/uploads/3/Human-Retail-Pharmacy-Duty-rosters/Retail_Pharmacies_Duty_Roster_in_Kigali_City_for_JULY-AUGUST-SEPTEMBER_2026.pdf","kigali July-September 2026 duty roster","1.000","0.158"
"retail-2026-05-432","MUSAPHAR Ltd","NYAGATARE","MUSAPHAR LTD","NYAGATARE","EASTERN,NYAGATARE,KARANGAZI,KARANGAZI","250785123414","https://monitoring.rwandafda.gov.rw/monitoring/documents-management/uploads/3/Human-Retail-Pharmacy-Duty-rosters/Retail_Pharmacies_Duty_Roster_in_Nyagatare_for_JULY-AUGUST-SEPTEMBER_2026.pdf","nyagatare July-September 2026 duty roster","1.000","0.117"
"retail-2026-05-432","MUSAPHAR Ltd","NYAGATARE","MUSAPHAR LTD","NYAGATARE","EASTERN,NYAGATARE,KARANGAZI,KARANGAZI","250788847506","https://monitoring.rwandafda.gov.rw/monitoring/documents-management/uploads/3/Human-Retail-Pharmacy-Duty-rosters/Retail_Pharmacies_Duty_Roster_in_Nyagatare_for_JULY-AUGUST-SEPTEMBER_2026.pdf","nyagatare July-September 2026 duty roster","1.000","0.117"
"retail-2026-05-433","NEW HOPE PHARMACY Ltd","GASABO","NEW HOPE PHARMACY","GASABO","Kigali City, GASABO, REMERA, RUKIRI II, AMAHORO","250783142948","https://monitoring.rwandafda.gov.rw/monitoring/documents-management/uploads/3/Human-Retail-Pharmacy-Duty-rosters/Retail_Pharmacies_Duty_Roster_in_Kigali_City_for_JULY-AUGUST-SEPTEMBER_2026.pdf","kigali July-September 2026 duty roster","1.000","0.215"
"retail-2026-05-434","NIMA PHARMACY Ltd","NYARUGENGE","NIMA PHARMACY LTD","NYARUGENGE","Kigali City, NYARUGENGE, BIRYOGO,GABIRO","250784478571","https://monitoring.rwandafda.gov.rw/monitoring/documents-management/uploads/3/Human-Retail-Pharmacy-Duty-rosters/Retail_Pharmacies_Duty_Roster_in_Kigali_City_for_JULY-AUGUST-SEPTEMBER_2026.pdf","kigali July-September 2026 duty roster","1.000","0.233"
"retail-2026-05-436","PHARMACIE DIGNE LTD","GASABO","PHARMACIE DIGNE","GASABO","Kigali City, GASABO, KIMIRONKO, KIBAGABAGA, RUMULI","250788461155","https://monitoring.rwandafda.gov.rw/monitoring/documents-management/uploads/3/Human-Retail-Pharmacy-Duty-rosters/Retail_Pharmacies_Duty_Roster_in_Kigali_City_for_JULY-AUGUST-SEPTEMBER_2026.pdf","kigali July-September 2026 duty roster","1.000","0.233"
"retail-2026-05-436","PHARMACIE DIGNE LTD","GASABO","PHARMACIE DIGNE","GASABO","Kigali City, GASABO, KIMIRONKO, KIBAGABAGA, RUMULI","250788811360","https://monitoring.rwandafda.gov.rw/monitoring/documents-management/uploads/3/Human-Retail-Pharmacy-Duty-rosters/Retail_Pharmacies_Duty_Roster_in_Kigali_City_for_JULY-AUGUST-SEPTEMBER_2026.pdf","kigali July-September 2026 duty roster","1.000","0.233"
"retail-2026-05-438","PHARMACIE LAGO LTD","RUBAVU","PHARMACIE LAGO","RUBAVU","WESTERN, RUBAVU,GISENYI/AU BERGE","250788741201","https://monitoring.rwandafda.gov.rw/monitoring/documents-management/uploads/3/Human-Retail-Pharmacy-Duty-rosters/Retail_Pharmacies_Duty_Roster_in_Rubavu_for_JULY-AUGUST-SEPTEMBER_2026.pdf","rubavu July-September 2026 duty roster","1.000","0.175"
"retail-2026-05-441","TONA PHARMACY Ltd","GASABO","TONA PHARMACY Ltd","GASABO","Kigali City, GASABO, KIMIRONKO,NYAGATOVU","250788250377","https://monitoring.rwandafda.gov.rw/monitoring/documents-management/uploads/3/Human-Retail-Pharmacy-Duty-rosters/Retail_Pharmacies_Duty_Roster_in_Kigali_City_for_JULY-AUGUST-SEPTEMBER_2026.pdf","kigali July-September 2026 duty roster","1.000","0.175"
"retail-2026-05-443","UMUCYO NA GIRUBUZIMA LTD","RUHANGO","UMUCYO NA GIRUBUZIMA","RUHANGO","SOUTHERN,RUHANGO,RUHANGO,RUHANGO TOWN","250785486361","https://monitoring.rwandafda.gov.rw/monitoring/documents-management/uploads/3/Human-Retail-Pharmacy-Duty-rosters/Retail_Pharmacies_Duty_Roster_in_Ruhango_for_JULY-AUGUST-SEPTEMBER_2026.pdf","ruhango July-September 2026 duty roster","1.000","0.084"
"retail-2026-05-448","COMMUNITY PHARMACY Ltd","KICUKIRO","COMMUNITY PHARMACY LTD","KICUKIRO","Kigali City, KICUKIRO, GATENGA, NYANZA","250788847972","https://monitoring.rwandafda.gov.rw/monitoring/documents-management/uploads/3/Human-Retail-Pharmacy-Duty-rosters/Retail_Pharmacies_Duty_Roster_in_Kigali_City_for_JULY-AUGUST-SEPTEMBER_2026.pdf","kigali July-September 2026 duty roster","1.000","0.175"
"retail-2026-05-45","ERVASIA PHARMACY LTD","MUHANGA","ERVASIA PHARMACY LTD","MUHANGA","SOUTHERN , MUHANGA , SHYOGWE , RULI, NYAGACYAMO","250787864376","https://monitoring.rwandafda.gov.rw/monitoring/documents-management/uploads/3/Human-Retail-Pharmacy-Duty-rosters/Retail_Pharmacies_Duty_Roster_in_Muhanga_District_JULY-AUGUST-SEPTEMBER_2026.pdf","muhanga July-September 2026 duty roster","1.000","0.175"
"retail-2026-05-451","KIRAMED Ltd","GASABO","KIRAMED LTD","GASABO","Kigali City, GASABO, KIMIRONKO, KIBAGABAGA","250788547210","https://monitoring.rwandafda.gov.rw/monitoring/documents-management/uploads/3/Human-Retail-Pharmacy-Duty-rosters/Retail_Pharmacies_Duty_Roster_in_Kigali_City_for_JULY-AUGUST-SEPTEMBER_2026.pdf","kigali July-September 2026 duty roster","1.000","0.233"
"retail-2026-05-455","PHARMACY IRAGUHA LTD","MUSANZE","IRAGUHA PHARMACY LTD","MUSANZE","NORTH,MUSANZE,MUHOZA,MUSANZE VILLE","250783117737","https://monitoring.rwandafda.gov.rw/monitoring/documents-management/uploads/3/Human-Retail-Pharmacy-Duty-rosters/Retail_Pharmacies_Duty_Roster_in_Musanze_JULY-AUGUST-SEPTEMBER_2026.pdf","musanze July-September 2026 duty roster","1.000","0.215"
"retail-2026-05-456","VIKAS PHARMACY Ltd","MUHANGA","VIKAS PHARMACY LTD","MUHANGA","SOUTHERN,MUHANGA,NYAMABUYE,GAHOGO/MUHANGA VILLE","250788464473","https://monitoring.rwandafda.gov.rw/monitoring/documents-management/uploads/3/Human-Retail-Pharmacy-Duty-rosters/Retail_Pharmacies_Duty_Roster_in_Muhanga_District_JULY-AUGUST-SEPTEMBER_2026.pdf","muhanga July-September 2026 duty roster","1.000","0.175"
"retail-2026-05-459","AMANI PHARMACY Ltd","RUHANGO","AMANI PHARMACY LTD","RUHANGO","SOUTHERN,RUHANGO,BYIMANA,KAMUSENYI","250788967087","https://monitoring.rwandafda.gov.rw/monitoring/documents-management/uploads/3/Human-Retail-Pharmacy-Duty-rosters/Retail_Pharmacies_Duty_Roster_in_Ruhango_for_JULY-AUGUST-SEPTEMBER_2026.pdf","ruhango July-September 2026 duty roster","1.000","0.156"
"retail-2026-05-467","PHARMACIE FLEUR DE VIE Ltd","MUHANGA","PHARMACIE FLEUR DE VIE Ltd","MUHANGA","SOUTHERN,MUHANGA,NYAMABUYE,GAHOGO/MUHANGA VILLE","250788479307","https://monitoring.rwandafda.gov.rw/monitoring/documents-management/uploads/3/Human-Retail-Pharmacy-Duty-rosters/Retail_Pharmacies_Duty_Roster_in_Muhanga_District_JULY-AUGUST-SEPTEMBER_2026.pdf","muhanga July-September 2026 duty roster","1.000","0.147"
"retail-2026-05-467","PHARMACIE FLEUR DE VIE Ltd","MUHANGA","PHARMACIE FLEUR DE VIE Ltd","MUHANGA","SOUTHERN,MUHANGA,NYAMABUYE,GAHOGO/MUHANGA VILLE","250788747800","https://monitoring.rwandafda.gov.rw/monitoring/documents-management/uploads/3/Human-Retail-Pharmacy-Duty-rosters/Retail_Pharmacies_Duty_Roster_in_Muhanga_District_JULY-AUGUST-SEPTEMBER_2026.pdf","muhanga July-September 2026 duty roster","1.000","0.147"
"retail-2026-05-468","PHARMACIE TRAMED Ltd","NYARUGENGE","PHARMACIE TRAMED","NYARUGENGE","Kigali City, NYARUGENGE, BIRYOGO","250788301960","https://monitoring.rwandafda.gov.rw/monitoring/documents-management/uploads/3/Human-Retail-Pharmacy-Duty-rosters/Retail_Pharmacies_Duty_Roster_in_Kigali_City_for_JULY-AUGUST-SEPTEMBER_2026.pdf","kigali July-September 2026 duty roster","1.000","0.255"
"retail-2026-05-470","LIFE BELT PHARMACY Ltd","NYARUGENGE","LIFE BELT PHARMACY LTD","NYARUGENGE","Kigali City, NYARUGENGE, NYARUGENGE, BIRYOGO, BIRYOGO","250787011741","https://monitoring.rwandafda.gov.rw/monitoring/documents-management/uploads/3/Human-Retail-Pharmacy-Duty-rosters/Retail_Pharmacies_Duty_Roster_in_Kigali_City_for_JULY-AUGUST-SEPTEMBER_2026.pdf","kigali July-September 2026 duty roster","1.000","0.649"
"retail-2026-05-471","DASS PHARMACY Ltd","GASABO","DASS PHARMACY LTD","GASABO","Kigali City. GASABO, KIMIRONKO, BIBARE, INYAMIBWA","250787826020","https://monitoring.rwandafda.gov.rw/monitoring/documents-management/uploads/3/Human-Retail-Pharmacy-Duty-rosters/Retail_Pharmacies_Duty_Roster_in_Kigali_City_for_JULY-AUGUST-SEPTEMBER_2026.pdf","kigali July-September 2026 duty roster","1.000","0.233"
"retail-2026-05-472","SUNRISE PHARMACY Ltd","HUYE","SUNRISE PHARMACY Ltd","HUYE","SOUTHERN, HUYE,SEMUHUNGU BUILDING","250783434465","https://monitoring.rwandafda.gov.rw/monitoring/documents-management/uploads/3/Human-Retail-Pharmacy-Duty-rosters/Retail_Pharmacies_Duty_Roster_in_Huye_District_JULY-AUGUST-SEPTEMBER_2026.pdf","huye July-September 2026 duty roster","1.000","0.150"
"retail-2026-05-472","SUNRISE PHARMACY Ltd","HUYE","SUNRISE PHARMACY Ltd","HUYE","SOUTHERN, HUYE,SEMUHUNGU BUILDING","250788528368","https://monitoring.rwandafda.gov.rw/monitoring/documents-management/uploads/3/Human-Retail-Pharmacy-Duty-rosters/Retail_Pharmacies_Duty_Roster_in_Huye_District_JULY-AUGUST-SEPTEMBER_2026.pdf","huye July-September 2026 duty roster","1.000","0.150"
"retail-2026-05-473","ATETE PHARMACY Ltd","KAMONYI","ATETE PHARMACY LTD","KAMONYI","SOUTH,KAMONYI,MUSAMBIRA,MUSAMBIRA","250788916042","https://monitoring.rwandafda.gov.rw/monitoring/documents-management/uploads/3/Human-Retail-Pharmacy-Duty-rosters/Retail_Pharmacies_Duty_Roster_in_Kamonyi_District_JULY-AUGUST-SEPTEMBER_2026.pdf","kamonyi July-September 2026 duty roster","1.000","0.191"
"retail-2026-05-474","IBIGWI PHARMACY Ltd","MUSANZE","IBIGWI PHARMACY LTD","MUSANZE","NORTH,MUSANZE,MUHOZA,MUSANZE VILLE","250782765200","https://monitoring.rwandafda.gov.rw/monitoring/documents-management/uploads/3/Human-Retail-Pharmacy-Duty-rosters/Retail_Pharmacies_Duty_Roster_in_Musanze_JULY-AUGUST-SEPTEMBER_2026.pdf","musanze July-September 2026 duty roster","1.000","0.175"
"retail-2026-05-475","IHIRWE PHARMACY Ltd","NYARUGENGE","IHIRWE PHARMACY","NYARUGENGE","Kigali City, NYARUGENGE, RWEZAMENYO, TAPIS ROUGE","250788639779","https://monitoring.rwandafda.gov.rw/monitoring/documents-management/uploads/3/Human-Retail-Pharmacy-Duty-rosters/Retail_Pharmacies_Duty_Roster_in_Kigali_City_for_JULY-AUGUST-SEPTEMBER_2026.pdf","kigali July-September 2026 duty roster","1.000","0.233"
"retail-2026-05-480","NS LIVE BEST PHARMACY Ltd","NYARUGENGE","NS LIVE BEST PHARMACY Ltd","NYARUGENGE","Kigali City, NYARUGENGE,NYARUGENGE, RWAMPARA","250781684996","https://monitoring.rwandafda.gov.rw/monitoring/documents-management/uploads/3/Human-Retail-Pharmacy-Duty-rosters/Retail_Pharmacies_Duty_Roster_in_Kigali_City_for_JULY-AUGUST-SEPTEMBER_2026.pdf","kigali July-September 2026 duty roster","1.000","0.233"
"retail-2026-05-481","PHARMACIE BELLE ETOILE","NYARUGENGE","PHARMACIE BELLE ETOILE","NYARUGENGE","Kigali City, NYARUGENGE, BIRYOGO","250788557894","https://monitoring.rwandafda.gov.rw/monitoring/documents-management/uploads/3/Human-Retail-Pharmacy-Duty-rosters/Retail_Pharmacies_Duty_Roster_in_Kigali_City_for_JULY-AUGUST-SEPTEMBER_2026.pdf","kigali July-September 2026 duty roster","1.000","0.558"
"retail-2026-05-482","PHARMACIE LA LICORNE Ltd","NYARUGENGE","PHARMACIE LA LICORNE","NYARUGENGE","Kigali City, NYARUGENGE, KIMISAGARA, IMBERE YA GARE YA NYABUGOGO","250788485071","https://monitoring.rwandafda.gov.rw/monitoring/documents-management/uploads/3/Human-Retail-Pharmacy-Duty-rosters/Retail_Pharmacies_Duty_Roster_in_Kigali_City_for_JULY-AUGUST-SEPTEMBER_2026.pdf","kigali July-September 2026 duty roster","1.000","0.467"
"retail-2026-05-484","PLIVA PHARMACY Ltd","NYARUGENGE","PLIVA PHARMACY","NYARUGENGE","Kigali City, NYARUGENGE, MU BIRYOGO","250788754720","https://monitoring.rwandafda.gov.rw/monitoring/documents-management/uploads/3/Human-Retail-Pharmacy-Duty-rosters/Retail_Pharmacies_Duty_Roster_in_Kigali_City_for_JULY-AUGUST-SEPTEMBER_2026.pdf","kigali July-September 2026 duty roster","1.000","0.233"
"retail-2026-05-485","RECOVERY PHARMACY Ltd","RUBAVU","RECOVERY PHARMACY Ltd","RUBAVU","WESTERN,RUBAVU,GISENYI,BUGOYI","250785731681","https://monitoring.rwandafda.gov.rw/monitoring/documents-management/uploads/3/Human-Retail-Pharmacy-Duty-rosters/Retail_Pharmacies_Duty_Roster_in_Rubavu_for_JULY-AUGUST-SEPTEMBER_2026.pdf","rubavu July-September 2026 duty roster","1.000","0.187"
"retail-2026-05-488","THE GUARDIAN PHARMACY Ltd","BUGESERA","THE GUARDIAN PHARMACY","BUGESERA","EASTERN,BUGESERA,NYAMATA,NYAMATA/TOWN","250786688057","https://monitoring.rwandafda.gov.rw/monitoring/documents-management/uploads/3/Human-Retail-Pharmacy-Duty-rosters/Retail_Pharmacies_Duty_Roster_in_Bugesera_District_JULY-AUGUST-SEPTEMBER_2026.pdf","bugesera July-September 2026 duty roster","1.000","0.175"
"retail-2026-05-489","TRINITY PHARMACY Ltd","GASABO","TRINITY PHARMACY Ltd","GASABO","Kigali City, GASABO, KIMIRONKO, KIBAGABAGA","250788358068","https://monitoring.rwandafda.gov.rw/monitoring/documents-management/uploads/3/Human-Retail-Pharmacy-Duty-rosters/Retail_Pharmacies_Duty_Roster_in_Kigali_City_for_JULY-AUGUST-SEPTEMBER_2026.pdf","kigali July-September 2026 duty roster","1.000","0.187"
"retail-2026-05-489","TRINITY PHARMACY Ltd","GASABO","TRINITY PHARMACY Ltd","GASABO","Kigali City, GASABO, KIMIRONKO, KIBAGABAGA","250788358069","https://monitoring.rwandafda.gov.rw/monitoring/documents-management/uploads/3/Human-Retail-Pharmacy-Duty-rosters/Retail_Pharmacies_Duty_Roster_in_Kigali_City_for_JULY-AUGUST-SEPTEMBER_2026.pdf","kigali July-September 2026 duty roster","1.000","0.187"
"retail-2026-05-491","RAVI PHARMACY Ltd","GASABO","RAVI PHARMACY LTD","GASABO","Kigali City, GASABO, KIMIRONKO, NYAGATOVU","250788532338","https://monitoring.rwandafda.gov.rw/monitoring/documents-management/uploads/3/Human-Retail-Pharmacy-Duty-rosters/Retail_Pharmacies_Duty_Roster_in_Kigali_City_for_JULY-AUGUST-SEPTEMBER_2026.pdf","kigali July-September 2026 duty roster","1.000","0.175"
"retail-2026-05-496","ANSWER PHARMACIE Ltd","RUBAVU","ANSWER PHARMACIE LTD","RUBAVU","WESTERN, RUBAVU,GISENYI,KIVUMU","250788512844","https://monitoring.rwandafda.gov.rw/monitoring/documents-management/uploads/3/Human-Retail-Pharmacy-Duty-rosters/Retail_Pharmacies_Duty_Roster_in_Rubavu_for_JULY-AUGUST-SEPTEMBER_2026.pdf","rubavu July-September 2026 duty roster","1.000","0.200"
"retail-2026-05-497","AVEPHARMA Ltd","KAMONYI","AVEPHARMA LTD","KAMONYI","SOUTH,KAMONYI,RUNDA,RUYENZI","250788226091","https://monitoring.rwandafda.gov.rw/monitoring/documents-management/uploads/3/Human-Retail-Pharmacy-Duty-rosters/Retail_Pharmacies_Duty_Roster_in_Kamonyi_District_JULY-AUGUST-SEPTEMBER_2026.pdf","kamonyi July-September 2026 duty roster","1.000","0.311"
"retail-2026-05-5","VAN PHARMACY LTD","KAYONZA","VAN PHARMACY","KAYONZA","EASTERN,KAYONZA, MUKARANGE, NYAGATOVU","250788853031","https://monitoring.rwandafda.gov.rw/monitoring/documents-management/uploads/3/Human-Retail-Pharmacy-Duty-rosters/Retail_Pharmacies_Duty_Roster_in_Kayonza_District_JULY-AUGUST-SEPTEMBER_2026.pdf","kayonza July-September 2026 duty roster","1.000","0.156"
"retail-2026-05-500","PHARMACIE BORIS Limited","KAMONYI","PHARMACIE BORIS Limited","KAMONYI","SOUTH,KAMONYI,RUNDA,RUYENZI","250785505764","https://monitoring.rwandafda.gov.rw/monitoring/documents-management/uploads/3/Human-Retail-Pharmacy-Duty-rosters/Retail_Pharmacies_Duty_Roster_in_Kamonyi_District_JULY-AUGUST-SEPTEMBER_2026.pdf","kamonyi July-September 2026 duty roster","1.000","0.140"
"retail-2026-05-507","CAREPLUS PHARMACY Ltd","GASABO","CAREPLUS PHARMACY LTD","GASABO","Kigali City, GASABO, BUMBOGO,KINYAGA,ZINDIRO","250786670536","https://monitoring.rwandafda.gov.rw/monitoring/documents-management/uploads/3/Human-Retail-Pharmacy-Duty-rosters/Retail_Pharmacies_Duty_Roster_in_Kigali_City_for_JULY-AUGUST-SEPTEMBER_2026.pdf","kigali July-September 2026 duty roster","1.000","0.243"
"retail-2026-05-509","CHAPPEDELINE PHARMACY Ltd","GASABO","CHAPPEDELINE PHARMACY LTD","GASABO","Kigali City, GASABO,KINYINYA,KARAMA,TABA","250784098287","https://monitoring.rwandafda.gov.rw/monitoring/documents-management/uploads/3/Human-Retail-Pharmacy-Duty-rosters/Retail_Pharmacies_Duty_Roster_in_Kigali_City_for_JULY-AUGUST-SEPTEMBER_2026.pdf","kigali July-September 2026 duty roster","1.000","0.184"
"retail-2026-05-51","GALLANT PHARMACY Ltd","KICUKIRO","GALLANT PHARMACY LTD","KICUKIRO","Kigali City, KICUKIRO,KICUKIRO,KICUKIRO,GASAVE","250785043440","https://monitoring.rwandafda.gov.rw/monitoring/documents-management/uploads/3/Human-Retail-Pharmacy-Duty-rosters/Retail_Pharmacies_Duty_Roster_in_Kigali_City_for_JULY-AUGUST-SEPTEMBER_2026.pdf","kigali July-September 2026 duty roster","1.000","0.233"
"retail-2026-05-510","CITIPHARM Ltd","GASABO","CITIPHARM Ltd","GASABO","Kigali City, GASABO, KIMIRONKO, BIBARE,IRUHANDE RWA SIMBA","250788669464","https://monitoring.rwandafda.gov.rw/monitoring/documents-management/uploads/3/Human-Retail-Pharmacy-Duty-rosters/Retail_Pharmacies_Duty_Roster_in_Kigali_City_for_JULY-AUGUST-SEPTEMBER_2026.pdf","kigali July-September 2026 duty roster","1.000","0.247"
"retail-2026-05-512","DECLAUPHAR Ltd","GASABO","DECLAUPHAR PHARMACY","GASABO","Kigali City, GASABO, KINYINYA, KAGUGU","250788617154","https://monitoring.rwandafda.gov.rw/monitoring/documents-management/uploads/3/Human-Retail-Pharmacy-Duty-rosters/Retail_Pharmacies_Duty_Roster_in_Kigali_City_for_JULY-AUGUST-SEPTEMBER_2026.pdf","kigali July-September 2026 duty roster","1.000","0.233"
"retail-2026-05-514","KEYSTONE PHARMACY Ltd","NYARUGENGE","KEYSTONE PHARMACY","NYARUGENGE","Kigali City, NYARUGENGE, RWEZAMENYO, TAPIS ROUGE","250788457824","https://monitoring.rwandafda.gov.rw/monitoring/documents-management/uploads/3/Human-Retail-Pharmacy-Duty-rosters/Retail_Pharmacies_Duty_Roster_in_Kigali_City_for_JULY-AUGUST-SEPTEMBER_2026.pdf","kigali July-September 2026 duty roster","1.000","0.215"
"retail-2026-05-518","VIEPHARMA PHARMACY Ltd","KAMONYI","VIEPHARMA PHARMACY LTD","KAMONYI","SOUTH,KAMONYI,RUNDA,RUYENZI","250788690137","https://monitoring.rwandafda.gov.rw/monitoring/documents-management/uploads/3/Human-Retail-Pharmacy-Duty-rosters/Retail_Pharmacies_Duty_Roster_in_Kamonyi_District_JULY-AUGUST-SEPTEMBER_2026.pdf","kamonyi July-September 2026 duty roster","1.000","0.311"
"retail-2026-05-520","IREME PHARMACY Ltd","GASABO","IREME PHARMACY","GASABO","Kigali City, GASABO, KIMIRONKO, UGANA KURI GEREZA YA KIMIRONKO","250788698530","https://monitoring.rwandafda.gov.rw/monitoring/documents-management/uploads/3/Human-Retail-Pharmacy-Duty-rosters/Retail_Pharmacies_Duty_Roster_in_Kigali_City_for_JULY-AUGUST-SEPTEMBER_2026.pdf","kigali July-September 2026 duty roster","1.000","0.233"
"retail-2026-05-522","PHARMACIE UNIQUE Ltd","GASABO","PHARMACIE UNIQUE","GASABO","Kigali City, GASABO, REMERA, KU GISEMENTI IMBERE YA HOPITAL LA CROIX DU SUD","250788309743","https://monitoring.rwandafda.gov.rw/monitoring/documents-management/uploads/3/Human-Retail-Pharmacy-Duty-rosters/Retail_Pharmacies_Duty_Roster_in_Kigali_City_for_JULY-AUGUST-SEPTEMBER_2026.pdf","kigali July-September 2026 duty roster","1.000","0.616"
"retail-2026-05-528","KUPHARMA PHARMACY Ltd","KAMONYI","KUPHARMA PHARMACY LTD","KAMONYI","SOUTH,KAMONYI,RUNDA,RUYENZI","250783082239","https://monitoring.rwandafda.gov.rw/monitoring/documents-management/uploads/3/Human-Retail-Pharmacy-Duty-rosters/Retail_Pharmacies_Duty_Roster_in_Kamonyi_District_JULY-AUGUST-SEPTEMBER_2026.pdf","kamonyi July-September 2026 duty roster","1.000","0.272"
"retail-2026-05-529","LA VANILLE Ltd","RWAMAGANA","LA VANILLE Ltd","RWAMAGANA","EASTERN,RWAMAGANA,KIGABIRO,CYANYA/RWAGAMANA","250788615891","https://monitoring.rwandafda.gov.rw/monitoring/documents-management/uploads/3/Human-Retail-Pharmacy-Duty-rosters/Retail_Pharmacies_Duty_Roster_in_Rwamagana_JULY-AUGUST-SEPTEMBER_2026.pdf","rwamagana July-September 2026 duty roster","1.000","0.187"
"retail-2026-05-531","PHARMACIE BORA Ltd","GASABO","PHARMACIE BORA","GASABO","Kigali City, GASABO, GATSATA IMBERE YA CENTRALE GATSATA","250788765145","https://monitoring.rwandafda.gov.rw/monitoring/documents-management/uploads/3/Human-Retail-Pharmacy-Duty-rosters/Retail_Pharmacies_Duty_Roster_in_Kigali_City_for_JULY-AUGUST-SEPTEMBER_2026.pdf","kigali July-September 2026 duty roster","1.000","0.233"
"retail-2026-05-532","PHARMACIE SHENGE Ltd","GASABO","PHARMACIE SHENGE","GASABO","Kigali City, REMERA,GASABO,REMERA,RUKIRI II","250788800746","https://monitoring.rwandafda.gov.rw/monitoring/documents-management/uploads/3/Human-Retail-Pharmacy-Duty-rosters/Retail_Pharmacies_Duty_Roster_in_Kigali_City_for_JULY-AUGUST-SEPTEMBER_2026.pdf","kigali July-September 2026 duty roster","1.000","0.191"
"retail-2026-05-537","AXIS PHARMACY Ltd","KICUKIRO","AXIS PHARMACY","KICUKIRO","Kigali City, KICUKIRO, KABEZA, KURI ESCALIER","250788303384","https://monitoring.rwandafda.gov.rw/monitoring/documents-management/uploads/3/Human-Retail-Pharmacy-Duty-rosters/Retail_Pharmacies_Duty_Roster_in_Kigali_City_for_JULY-AUGUST-SEPTEMBER_2026.pdf","kigali July-September 2026 duty roster","1.000","0.210"
"retail-2026-05-538","HELPHARM PHARMACY Ltd","MUHANGA","HELPHARM PHARMACY LTD","MUHANGA","SOUTHERN,MUHANGA,CYEZA,MAKERA","250788284706","https://monitoring.rwandafda.gov.rw/monitoring/documents-management/uploads/3/Human-Retail-Pharmacy-Duty-rosters/Retail_Pharmacies_Duty_Roster_in_Muhanga_District_JULY-AUGUST-SEPTEMBER_2026.pdf","muhanga July-September 2026 duty roster","1.000","0.219"
"retail-2026-05-545","PARADISE PHARMACY Ltd","GASABO","PARADISE PHARMACY","GASABO","Kigali City, GASABO, KAGUGU, BATSINDA CENTER","250788598258","https://monitoring.rwandafda.gov.rw/monitoring/documents-management/uploads/3/Human-Retail-Pharmacy-Duty-rosters/Retail_Pharmacies_Duty_Roster_in_Kigali_City_for_JULY-AUGUST-SEPTEMBER_2026.pdf","kigali July-September 2026 duty roster","1.000","0.233"
"retail-2026-05-548","BELLE VIE PHARMACY","NYARUGENGE","BELLE VIE PHARMACY LTD","NYARUGENGE","Kigali City, NYARUGENGE, IMBERE YA LYCEE NOTRE DAME DES CITEAUX","250788890078","https://monitoring.rwandafda.gov.rw/monitoring/documents-management/uploads/3/Human-Retail-Pharmacy-Duty-rosters/Retail_Pharmacies_Duty_Roster_in_Kigali_City_for_JULY-AUGUST-SEPTEMBER_2026.pdf","kigali July-September 2026 duty roster","1.000","1.000"
"retail-2026-05-555","MOUNTAIN GLORY PHARMACY Ltd","KAMONYI","MOUNTAIN GLORY PHARMACY LTD","KAMONYI","SOUTH,KAMONYI,RUNDA,GIHARA","250788697365","https://monitoring.rwandafda.gov.rw/monitoring/documents-management/uploads/3/Human-Retail-Pharmacy-Duty-rosters/Retail_Pharmacies_Duty_Roster_in_Kamonyi_District_JULY-AUGUST-SEPTEMBER_2026.pdf","kamonyi July-September 2026 duty roster","1.000","0.146"
"retail-2026-05-557","PHARMACIE LA CHARITE LTD","MUHANGA","PHARMACIE LA CHARITE","MUHANGA","SOUTHERN,MUHANGA,NYAMABUYE,GAHOGO/MUHANGA VILLE","250788625191","https://monitoring.rwandafda.gov.rw/monitoring/documents-management/uploads/3/Human-Retail-Pharmacy-Duty-rosters/Retail_Pharmacies_Duty_Roster_in_Muhanga_District_JULY-AUGUST-SEPTEMBER_2026.pdf","muhanga July-September 2026 duty roster","1.000","0.477"
"retail-2026-05-559","RITE PHARMACY Ltd","KICUKIRO","RITE PHARMACY","KICUKIRO","Kigali City, KICUKIRO, KANOMBE, KABEZA, KABEZA, KURI ESCALIER","250788697968","https://monitoring.rwandafda.gov.rw/monitoring/documents-management/uploads/3/Human-Retail-Pharmacy-Duty-rosters/Retail_Pharmacies_Duty_Roster_in_Kigali_City_for_JULY-AUGUST-SEPTEMBER_2026.pdf","kigali July-September 2026 duty roster","1.000","0.447"
"retail-2026-05-56","VITA GRATIA PHARMACY LTD","KICUKIRO","VITA GRATIA PHARMACY","KICUKIRO","Kigali City, KICUKIRO, NIBOYE, SONATUBE","250783254411","https://monitoring.rwandafda.gov.rw/monitoring/documents-management/uploads/3/Human-Retail-Pharmacy-Duty-rosters/Retail_Pharmacies_Duty_Roster_in_Kigali_City_for_JULY-AUGUST-SEPTEMBER_2026.pdf","kigali July-September 2026 duty roster","1.000","0.620"
"retail-2026-05-560","RITE PHARMACY LTD (KACYIRU BRANCH)","GASABO","RITE PHARMACY LTD(KACYIRU BRANCH)","GASABO","Kigali City, GASABO,KACYIRU,KAMATAMU,NYAGACYAMO","250788303127","https://monitoring.rwandafda.gov.rw/monitoring/documents-management/uploads/3/Human-Retail-Pharmacy-Duty-rosters/Retail_Pharmacies_Duty_Roster_in_Kigali_City_for_JULY-AUGUST-SEPTEMBER_2026.pdf","kigali July-September 2026 duty roster","1.000","0.661"
"retail-2026-05-560","RITE PHARMACY LTD (KACYIRU BRANCH)","GASABO","RITE PHARMACY LTD(KACYIRU BRANCH)","GASABO","Kigali City, GASABO,KACYIRU,KAMATAMU,NYAGACYAMO","250798973289","https://monitoring.rwandafda.gov.rw/monitoring/documents-management/uploads/3/Human-Retail-Pharmacy-Duty-rosters/Retail_Pharmacies_Duty_Roster_in_Kigali_City_for_JULY-AUGUST-SEPTEMBER_2026.pdf","kigali July-September 2026 duty roster","1.000","0.661"
"retail-2026-05-567","WELLNESS GUIDE PHARMACY Ltd","HUYE","WELLNESS GUIDE PHARMACY Ltd","HUYE","SOUTHERN,HUYE,TUMBA,RANGO B","250783662258","https://monitoring.rwandafda.gov.rw/monitoring/documents-management/uploads/3/Human-Retail-Pharmacy-Duty-rosters/Retail_Pharmacies_Duty_Roster_in_Huye_District_JULY-AUGUST-SEPTEMBER_2026.pdf","huye July-September 2026 duty roster","1.000","0.091"
"retail-2026-05-570","EZOS PHARMACY Ltd","GASABO","EZOS PHARMACY LTD","GASABO","Kigali City,GASABO, KACYIRU, KANSEREGE","250788977137","https://monitoring.rwandafda.gov.rw/monitoring/documents-management/uploads/3/Human-Retail-Pharmacy-Duty-rosters/Retail_Pharmacies_Duty_Roster_in_Kigali_City_for_JULY-AUGUST-SEPTEMBER_2026.pdf","kigali July-September 2026 duty roster","1.000","0.200"
"retail-2026-05-572","LELAPHARMA Ltd","KAYONZA","LELAPHARMA LTD","KAYONZA","EASTERN,KAYONZA, MUKARANGE, BWIZA","250783304146","https://monitoring.rwandafda.gov.rw/monitoring/documents-management/uploads/3/Human-Retail-Pharmacy-Duty-rosters/Retail_Pharmacies_Duty_Roster_in_Kayonza_District_JULY-AUGUST-SEPTEMBER_2026.pdf","kayonza July-September 2026 duty roster","1.000","0.140"
"retail-2026-05-573","MARY PHARMACY Ltd","RUHANGO","MARY PHARMACY","RUHANGO","SOUTHERN,RUHANGO,RUHANGO,RUHANGO TOWN","250788917617","https://monitoring.rwandafda.gov.rw/monitoring/documents-management/uploads/3/Human-Retail-Pharmacy-Duty-rosters/Retail_Pharmacies_Duty_Roster_in_Ruhango_for_JULY-AUGUST-SEPTEMBER_2026.pdf","ruhango July-September 2026 duty roster","1.000","0.156"
"retail-2026-05-575","PALOMA PHARMACY Ltd","GASABO","PALOMA PHARMACY LTD","GASABO","Kigali City, GASABO, NDUBA, GASANZE, NYAKABUNGO","250785680715","https://monitoring.rwandafda.gov.rw/monitoring/documents-management/uploads/3/Human-Retail-Pharmacy-Duty-rosters/Retail_Pharmacies_Duty_Roster_in_Kigali_City_for_JULY-AUGUST-SEPTEMBER_2026.pdf","kigali July-September 2026 duty roster","1.000","0.654"
"retail-2026-05-577","PHARMACIE IRIS LTD","NYARUGENGE","PHARMACIE IRIS","NYARUGENGE","Kigali City, NYARUGENGE, QUARTIER COMMERCIAL","250788484003","https://monitoring.rwandafda.gov.rw/monitoring/documents-management/uploads/3/Human-Retail-Pharmacy-Duty-rosters/Retail_Pharmacies_Duty_Roster_in_Kigali_City_for_JULY-AUGUST-SEPTEMBER_2026.pdf","kigali July-September 2026 duty roster","1.000","0.233"
"retail-2026-05-579","PHARMACIE NOVA","KICUKIRO","PHARMACIE NOVA","KICUKIRO","Kigali City, KICUKIRO, KICUKIRO KU MUHANNDA WA BRARIRWA","250788457824","https://monitoring.rwandafda.gov.rw/monitoring/documents-management/uploads/3/Human-Retail-Pharmacy-Duty-rosters/Retail_Pharmacies_Duty_Roster_in_Kigali_City_for_JULY-AUGUST-SEPTEMBER_2026.pdf","kigali July-September 2026 duty roster","1.000","0.191"
"retail-2026-05-579","PHARMACIE NOVA","KICUKIRO","PHARMACIE NOVA","KICUKIRO","Kigali City, KICUKIRO, KICUKIRO KU MUHANNDA WA BRARIRWA","250788511820","https://monitoring.rwandafda.gov.rw/monitoring/documents-management/uploads/3/Human-Retail-Pharmacy-Duty-rosters/Retail_Pharmacies_Duty_Roster_in_Kigali_City_for_JULY-AUGUST-SEPTEMBER_2026.pdf","kigali July-September 2026 duty roster","1.000","0.191"
"retail-2026-05-580","PHARMACIE SABRINA Ltd","RUBAVU","PHARMACIE SABRINA Ltd","RUBAVU","WESTERN, RUBAVU,GISENYI,KANAMA,MAHOKO","250785366266","https://monitoring.rwandafda.gov.rw/monitoring/documents-management/uploads/3/Human-Retail-Pharmacy-Duty-rosters/Retail_Pharmacies_Duty_Roster_in_Rubavu_for_JULY-AUGUST-SEPTEMBER_2026.pdf","rubavu July-September 2026 duty roster","1.000","0.233"
"retail-2026-05-581","PHARMACY HOSANNA Ltd","MUHANGA","PHARMACY HOSANNA Ltd","MUHANGA","SOUTHERN,MUHANGA,NYAMABUYE,GAHOGO","250790172329","https://monitoring.rwandafda.gov.rw/monitoring/documents-management/uploads/3/Human-Retail-Pharmacy-Duty-rosters/Retail_Pharmacies_Duty_Roster_in_Muhanga_District_JULY-AUGUST-SEPTEMBER_2026.pdf","muhanga July-September 2026 duty roster","1.000","0.150"
"retail-2026-05-588","CONFIDENCE PHARMACY Ltd","GASABO","CONFIDENCE PHARMACY","GASABO","Kigali City, GASABO, GISOZI, KURI CAFÉ DE GISOZI","250788892614","https://monitoring.rwandafda.gov.rw/monitoring/documents-management/uploads/3/Human-Retail-Pharmacy-Duty-rosters/Retail_Pharmacies_Duty_Roster_in_Kigali_City_for_JULY-AUGUST-SEPTEMBER_2026.pdf","kigali July-September 2026 duty roster","1.000","0.175"
"retail-2026-05-589","EL JEE PHARMACY Ltd","RUBAVU","EL JEE PHARMACY LTD","RUBAVU","WESTERN, RUBAVU,KANAMA/MAHOKO","250788799311","https://monitoring.rwandafda.gov.rw/monitoring/documents-management/uploads/3/Human-Retail-Pharmacy-Duty-rosters/Retail_Pharmacies_Duty_Roster_in_Rubavu_for_JULY-AUGUST-SEPTEMBER_2026.pdf","rubavu July-September 2026 duty roster","1.000","0.191"
"retail-2026-05-590","FIRST HEALTH CARE PHARMACY Limited","MUSANZE","FIRST HEALTH CARE PHARMACY LTD","MUSANZE","NORTH,MUSANZE,MUHOZA,MUSANZE VILLE","250788768004","https://monitoring.rwandafda.gov.rw/monitoring/documents-management/uploads/3/Human-Retail-Pharmacy-Duty-rosters/Retail_Pharmacies_Duty_Roster_in_Musanze_JULY-AUGUST-SEPTEMBER_2026.pdf","musanze July-September 2026 duty roster","1.000","0.317"
"retail-2026-05-593","HAMA MUTUAL PHARMACY Ltd","RUBAVU","HAMA MUTUAL PHARMACY LTD","RUBAVU","WESTERN, RUBAVU,GISENYI,NYAKILIBA,MAHOKO","250788648388","https://monitoring.rwandafda.gov.rw/monitoring/documents-management/uploads/3/Human-Retail-Pharmacy-Duty-rosters/Retail_Pharmacies_Duty_Roster_in_Rubavu_for_JULY-AUGUST-SEPTEMBER_2026.pdf","rubavu July-September 2026 duty roster","1.000","0.150"
"retail-2026-05-595","KAGOPHAR PHARMACY Ltd","MUSANZE","KAGOPHAR","MUSANZE","NORTHERN,MUSANZE, CYUVE SECTOR","250784147054","https://monitoring.rwandafda.gov.rw/monitoring/documents-management/uploads/3/Human-Retail-Pharmacy-Duty-rosters/Retail_Pharmacies_Duty_Roster_in_Musanze_JULY-AUGUST-SEPTEMBER_2026.pdf","musanze July-September 2026 duty roster","1.000","0.206"
"retail-2026-05-595","KAGOPHAR PHARMACY Ltd","MUSANZE","KAGOPHAR","MUSANZE","NORTHERN,MUSANZE, CYUVE SECTOR","250788679293","https://monitoring.rwandafda.gov.rw/monitoring/documents-management/uploads/3/Human-Retail-Pharmacy-Duty-rosters/Retail_Pharmacies_Duty_Roster_in_Musanze_JULY-AUGUST-SEPTEMBER_2026.pdf","musanze July-September 2026 duty roster","1.000","0.206"
"retail-2026-05-597","MIGO PHARMACY Ltd","MUSANZE","MIGO PHARMACY","MUSANZE","NORTHERN,MUSANZE, CYUVE SECTOR","250782774265","https://monitoring.rwandafda.gov.rw/monitoring/documents-management/uploads/3/Human-Retail-Pharmacy-Duty-rosters/Retail_Pharmacies_Duty_Roster_in_Musanze_JULY-AUGUST-SEPTEMBER_2026.pdf","musanze July-September 2026 duty roster","1.000","0.210"
"retail-2026-05-598","MISSION PHARMACY","RUBAVU","MISSION PHARMACY LTD","RUBAVU","WESTERN,RUBAVU,RUBAVU,BYAHI","250783338654","https://monitoring.rwandafda.gov.rw/monitoring/documents-management/uploads/3/Human-Retail-Pharmacy-Duty-rosters/Retail_Pharmacies_Duty_Roster_in_Rubavu_for_JULY-AUGUST-SEPTEMBER_2026.pdf","rubavu July-September 2026 duty roster","1.000","0.150"
"retail-2026-05-60","JAHRAS PHARMACY LTD","KICUKIRO","JAHRAS PHARMACY Ltd","KICUKIRO","Kigali City, KICUKIRO, NYARUGUNGA, NONKO, AMAHORO","250788281514","https://monitoring.rwandafda.gov.rw/monitoring/documents-management/uploads/3/Human-Retail-Pharmacy-Duty-rosters/Retail_Pharmacies_Duty_Roster_in_Kigali_City_for_JULY-AUGUST-SEPTEMBER_2026.pdf","kigali July-September 2026 duty roster","1.000","0.175"
"retail-2026-05-600","NEW SHILOH PHARMACY LTD","NYARUGENGE","NEW SHILOH PHARMACY Ltd","NYARUGENGE","Kigali City, NYARUGENGE, CHIC BUILDING, HEJURU YA BANKI YA Kigali City","250788475112","https://monitoring.rwandafda.gov.rw/monitoring/documents-management/uploads/3/Human-Retail-Pharmacy-Duty-rosters/Retail_Pharmacies_Duty_Roster_in_Kigali_City_for_JULY-AUGUST-SEPTEMBER_2026.pdf","kigali July-September 2026 duty roster","1.000","0.175"
"retail-2026-05-601","PHARMACIE DORRIE LTD","NYARUGENGE","PHARMACIE DORRIE","NYARUGENGE","Kigali City, NYARUGENGE, KIMISAGARA, KURI CAFÉ","250788503829","https://monitoring.rwandafda.gov.rw/monitoring/documents-management/uploads/3/Human-Retail-Pharmacy-Duty-rosters/Retail_Pharmacies_Duty_Roster_in_Kigali_City_for_JULY-AUGUST-SEPTEMBER_2026.pdf","kigali July-September 2026 duty roster","1.000","0.191"
"retail-2026-05-602","PHARMACIE HAMPHAR Ltd","GASABO","HAMPHAR PHARMACY","GASABO","Kigali City, GASABO, KACYIRU IMBERE Y'AKARERE KA GASABO","250788536300","https://monitoring.rwandafda.gov.rw/monitoring/documents-management/uploads/3/Human-Retail-Pharmacy-Duty-rosters/Retail_Pharmacies_Duty_Roster_in_Kigali_City_for_JULY-AUGUST-SEPTEMBER_2026.pdf","kigali July-September 2026 duty roster","1.000","0.233"
"retail-2026-05-61","KABARE PHARMACY LTD","GASABO","KABARE PHARMACY","GASABO","Kigali City, GASABO, RUSORORO, MURI CENTRE YA KABUGA","250788493240","https://monitoring.rwandafda.gov.rw/monitoring/documents-management/uploads/3/Human-Retail-Pharmacy-Duty-rosters/Retail_Pharmacies_Duty_Roster_in_Kigali_City_for_JULY-AUGUST-SEPTEMBER_2026.pdf","kigali July-September 2026 duty roster","1.000","0.200"
"retail-2026-05-625","JORDAN PHARMACY Ltd","KICUKIRO","JORDAN PHARMACY LTD","KICUKIRO","Kigali City, KICUKIRO, GIKONDO, KANSEREGE, KANSEREGE I","250788826919","https://monitoring.rwandafda.gov.rw/monitoring/documents-management/uploads/3/Human-Retail-Pharmacy-Duty-rosters/Retail_Pharmacies_Duty_Roster_in_Kigali_City_for_JULY-AUGUST-SEPTEMBER_2026.pdf","kigali July-September 2026 duty roster","1.000","0.210"
"retail-2026-05-626","KWETU RETAIL PHARMACY Ltd","KICUKIRO","KWETU RETAIL PHARMACY","KICUKIRO","Kigali City, KICUKIRO, KANOMBE, KABEZA, NYENYERI","250788302485","https://monitoring.rwandafda.gov.rw/monitoring/documents-management/uploads/3/Human-Retail-Pharmacy-Duty-rosters/Retail_Pharmacies_Duty_Roster_in_Kigali_City_for_JULY-AUGUST-SEPTEMBER_2026.pdf","kigali July-September 2026 duty roster","1.000","0.156"
"retail-2026-05-628","PEACE PHARMACY Ltd","MUHANGA","PEACE PHARMACY Ltd","MUHANGA","SOUTHERN,MUHANGA,NYAMABUYE,GAHOGO/GITARAMA VILLE","250783050798","https://monitoring.rwandafda.gov.rw/monitoring/documents-management/uploads/3/Human-Retail-Pharmacy-Duty-rosters/Retail_Pharmacies_Duty_Roster_in_Muhanga_District_JULY-AUGUST-SEPTEMBER_2026.pdf","muhanga July-September 2026 duty roster","1.000","0.233"
"retail-2026-05-629","PHARMACIE SAINTE THERESE Ltd","KAYONZA","PHARMACIE SAINTE THERESE LTD","KAYONZA","EASTERN,KAYONZA, KABARONDO, CYABAJWA","250788277898","https://monitoring.rwandafda.gov.rw/monitoring/documents-management/uploads/3/Human-Retail-Pharmacy-Duty-rosters/Retail_Pharmacies_Duty_Roster_in_Kayonza_District_JULY-AUGUST-SEPTEMBER_2026.pdf","kayonza July-September 2026 duty roster","1.000","0.122"
"retail-2026-05-630","INEZAPHAR PHARMACY Ltd","MUSANZE","INEZAPHAR PHARMACY LTD","MUSANZE","NORTHERN,MUSANZE, CYUVE SECTOR","250784079905","https://monitoring.rwandafda.gov.rw/monitoring/documents-management/uploads/3/Human-Retail-Pharmacy-Duty-rosters/Retail_Pharmacies_Duty_Roster_in_Musanze_JULY-AUGUST-SEPTEMBER_2026.pdf","musanze July-September 2026 duty roster","1.000","0.206"
"retail-2026-05-635","PHARMACIE IRAMIRO Ltd","NYARUGENGE","PHARMACIE IRAMIRO","NYARUGENGE","Kigali City, NYARUGENGE, NYAMIRAMBO, KURI 40","250788869519","https://monitoring.rwandafda.gov.rw/monitoring/documents-management/uploads/3/Human-Retail-Pharmacy-Duty-rosters/Retail_Pharmacies_Duty_Roster_in_Kigali_City_for_JULY-AUGUST-SEPTEMBER_2026.pdf","kigali July-September 2026 duty roster","1.000","0.233"
"retail-2026-05-638","ELIOT PHARMACY Ltd","NYAGATARE","ELIOT PHARMACY Ltd","NYAGATARE","EASTERN,NYAGATARE,NYAGATARE, NYAGATARE VILLE","250784027856","https://monitoring.rwandafda.gov.rw/monitoring/documents-management/uploads/3/Human-Retail-Pharmacy-Duty-rosters/Retail_Pharmacies_Duty_Roster_in_Nyagatare_for_JULY-AUGUST-SEPTEMBER_2026.pdf","nyagatare July-September 2026 duty roster","1.000","0.175"
"retail-2026-05-639","LUCE PHARMACY Ltd","BUGESERA","LUCE PHARMACY LTD","BUGESERA","EASTERN,BUGESERA,RUHUHA,RUHUHA,RUHUHA I","250788267487","https://monitoring.rwandafda.gov.rw/monitoring/documents-management/uploads/3/Human-Retail-Pharmacy-Duty-rosters/Retail_Pharmacies_Duty_Roster_in_Bugesera_District_JULY-AUGUST-SEPTEMBER_2026.pdf","bugesera July-September 2026 duty roster","1.000","0.175"
"retail-2026-05-64","ROOTMED PHARMACY LTD","KICUKIRO","ROOTMED PHARMACY LTD","KICUKIRO","Kigali City, Kicukiro, Masaka, Cyimo, Kabeza","250782893234","https://monitoring.rwandafda.gov.rw/monitoring/documents-management/uploads/3/Human-Retail-Pharmacy-Duty-rosters/Retail_Pharmacies_Duty_Roster_in_Kigali_City_for_JULY-AUGUST-SEPTEMBER_2026.pdf","kigali July-September 2026 duty roster","1.000","0.191"
"retail-2026-05-646","JO SALUD PHARMACY Ltd","MUSANZE","JO SALUD PHARMACY LTD","MUSANZE","NORTH,MUSANZE,MUHOZA,MUSANZE VILLE","250784859253","https://monitoring.rwandafda.gov.rw/monitoring/documents-management/uploads/3/Human-Retail-Pharmacy-Duty-rosters/Retail_Pharmacies_Duty_Roster_in_Musanze_JULY-AUGUST-SEPTEMBER_2026.pdf","musanze July-September 2026 duty roster","1.000","0.165"
"retail-2026-05-65","BESTDAY PHARMACY LTD","KAMONYI","BESTDAY PHARMACY LTD","KAMONYI","SOUTH,KAMONYI,GACURABWENGE,KIGEMBE","250788686773","https://monitoring.rwandafda.gov.rw/monitoring/documents-management/uploads/3/Human-Retail-Pharmacy-Duty-rosters/Retail_Pharmacies_Duty_Roster_in_Kamonyi_District_JULY-AUGUST-SEPTEMBER_2026.pdf","kamonyi July-September 2026 duty roster","1.000","0.150"
"retail-2026-05-652","ALCRESTA PHARMACY Ltd","BUGESERA","ALCRESTA PHARMACY","BUGESERA","EASTERN,BUGESERA,NYAMATA,NYAMATA/TOWN","250788805085","https://monitoring.rwandafda.gov.rw/monitoring/documents-management/uploads/3/Human-Retail-Pharmacy-Duty-rosters/Retail_Pharmacies_Duty_Roster_in_Bugesera_District_JULY-AUGUST-SEPTEMBER_2026.pdf","bugesera July-September 2026 duty roster","1.000","0.175"
"retail-2026-05-653","GOODLIFE HEALTH AND BEAUTY RUBAVU","RUBAVU","GOODLIFE HEALTH AND BEAUTY RUBAVU","RUBAVU","WESTERN, RUBAVU,GISENYI/NENGO","250791232266","https://monitoring.rwandafda.gov.rw/monitoring/documents-management/uploads/3/Human-Retail-Pharmacy-Duty-rosters/Retail_Pharmacies_Duty_Roster_in_Rubavu_for_JULY-AUGUST-SEPTEMBER_2026.pdf","rubavu July-September 2026 duty roster","1.000","0.317"
"retail-2026-05-653","GOODLIFE HEALTH AND BEAUTY RUBAVU","RUBAVU","GOODLIFE HEALTH AND BEAUTY RUBAVU","RUBAVU","WESTERN, RUBAVU,GISENYI/NENGO","250791232383","https://monitoring.rwandafda.gov.rw/monitoring/documents-management/uploads/3/Human-Retail-Pharmacy-Duty-rosters/Retail_Pharmacies_Duty_Roster_in_Rubavu_for_JULY-AUGUST-SEPTEMBER_2026.pdf","rubavu July-September 2026 duty roster","1.000","0.317"
"retail-2026-05-656","SALAMA PHARMACY Ltd","GASABO","SALAMA PHARMACY LTD","GASABO","Kigali City, GASABO, REMERA, RUKIRI II, KISIMENTI","250785866839","https://monitoring.rwandafda.gov.rw/monitoring/documents-management/uploads/3/Human-Retail-Pharmacy-Duty-rosters/Retail_Pharmacies_Duty_Roster_in_Kigali_City_for_JULY-AUGUST-SEPTEMBER_2026.pdf","kigali July-September 2026 duty roster","1.000","0.713"
"retail-2026-05-659","AVIL PHARMACY Ltd","MUSANZE","AVIL PHARMACY Ltd","MUSANZE","NORTHERN, MUSANZE,CYUVE, RWEBEYA","250784141776","https://monitoring.rwandafda.gov.rw/monitoring/documents-management/uploads/3/Human-Retail-Pharmacy-Duty-rosters/Retail_Pharmacies_Duty_Roster_in_Musanze_JULY-AUGUST-SEPTEMBER_2026.pdf","musanze July-September 2026 duty roster","1.000","0.175"
"retail-2026-05-66","BLESSING PHARMACY LTD","MUHANGA","BLESSING PHARMACY","MUHANGA","SOUTHERN,MUHANGA,NYAMABUYE,GAHOGO/MUHANGA VILLE","250782843374","https://monitoring.rwandafda.gov.rw/monitoring/documents-management/uploads/3/Human-Retail-Pharmacy-Duty-rosters/Retail_Pharmacies_Duty_Roster_in_Muhanga_District_JULY-AUGUST-SEPTEMBER_2026.pdf","muhanga July-September 2026 duty roster","1.000","0.140"
"retail-2026-05-662","PHARMACIE LE BON SAMARITAIN Ltd","HUYE","PHARMACIE LE BON SAMARITAIN Ltd","HUYE","SOUTHERN, HUYE,KU GISAZA","250783509161","https://monitoring.rwandafda.gov.rw/monitoring/documents-management/uploads/3/Human-Retail-Pharmacy-Duty-rosters/Retail_Pharmacies_Duty_Roster_in_Huye_District_JULY-AUGUST-SEPTEMBER_2026.pdf","huye July-September 2026 duty roster","1.000","0.140"
"retail-2026-05-662","PHARMACIE LE BON SAMARITAIN Ltd","HUYE","PHARMACIE LE BON SAMARITAIN Ltd","HUYE","SOUTHERN, HUYE,KU GISAZA","250784484324","https://monitoring.rwandafda.gov.rw/monitoring/documents-management/uploads/3/Human-Retail-Pharmacy-Duty-rosters/Retail_Pharmacies_Duty_Roster_in_Huye_District_JULY-AUGUST-SEPTEMBER_2026.pdf","huye July-September 2026 duty roster","1.000","0.140"
"retail-2026-05-663","REMA PHARMACY Ltd","MUHANGA","REMA PHARMACY Ltd","MUHANGA","SOUTHERN,MUHANGA,NYAMABUYE,GAHOGO/GITARAMA VILLE","250786859299","https://monitoring.rwandafda.gov.rw/monitoring/documents-management/uploads/3/Human-Retail-Pharmacy-Duty-rosters/Retail_Pharmacies_Duty_Roster_in_Muhanga_District_JULY-AUGUST-SEPTEMBER_2026.pdf","muhanga July-September 2026 duty roster","1.000","0.175"
"retail-2026-05-665","MEDNOW PHARMACY Limited","RWAMAGANA","MEDNOW PHARMACY LTD","RWAMAGANA","EASTERN,RWAMAGANA,MUNYIGINYA,KIMBAZI","250788296788","https://monitoring.rwandafda.gov.rw/monitoring/documents-management/uploads/3/Human-Retail-Pharmacy-Duty-rosters/Retail_Pharmacies_Duty_Roster_in_Rwamagana_JULY-AUGUST-SEPTEMBER_2026.pdf","rwamagana July-September 2026 duty roster","1.000","0.127"
"retail-2026-05-666","MOONPHARMA Ltd","KAMONYI","MOONPHARMA LTD","KAMONYI","SOUTH,KAMONYI,RUNDA,MUGANZA","250786555471","https://monitoring.rwandafda.gov.rw/monitoring/documents-management/uploads/3/Human-Retail-Pharmacy-Duty-rosters/Retail_Pharmacies_Duty_Roster_in_Kamonyi_District_JULY-AUGUST-SEPTEMBER_2026.pdf","kamonyi July-September 2026 duty roster","1.000","0.233"
"retail-2026-05-667","PHARMACIE TRESOR","NYARUGENGE","PHARMACIE TRESOR","NYARUGENGE","Kigali City, NYARUGENGE, MUHIMA, UGANA KURI STATISTICS","250788505646","https://monitoring.rwandafda.gov.rw/monitoring/documents-management/uploads/3/Human-Retail-Pharmacy-Duty-rosters/Retail_Pharmacies_Duty_Roster_in_Kigali_City_for_JULY-AUGUST-SEPTEMBER_2026.pdf","kigali July-September 2026 duty roster","1.000","0.175"
"retail-2026-05-672","HIGH MAGNIFICAT PHARMACY -GOICO BRANCH","MUSANZE","HIGH MAGNIFICAT PHARMACY GOICO BRANCH","MUSANZE","NORTH,MUSANZE,MUHOZA,MUSANZE VILLE","250788565308","https://monitoring.rwandafda.gov.rw/monitoring/documents-management/uploads/3/Human-Retail-Pharmacy-Duty-rosters/Retail_Pharmacies_Duty_Roster_in_Musanze_JULY-AUGUST-SEPTEMBER_2026.pdf","musanze July-September 2026 duty roster","1.000","0.678"
"retail-2026-05-678","SAINT AUGUSTIN PHARMACY Ltd","MUSANZE","SAINT AUGUSTIN PHARMACY LTD","MUSANZE","NORTH,MUSANZE,MUHOZA,RUHENGERI (Yaoundé)","250785728301","https://monitoring.rwandafda.gov.rw/monitoring/documents-management/uploads/3/Human-Retail-Pharmacy-Duty-rosters/Retail_Pharmacies_Duty_Roster_in_Musanze_JULY-AUGUST-SEPTEMBER_2026.pdf","musanze July-September 2026 duty roster","1.000","0.513"
"retail-2026-05-692","F&M EL DORADO PHARMACY Ltd","NYARUGENGE","F&M EL DORADO PHARMACY Ltd","NYARUGENGE","Kigali City, NYARUGENGE, NYAKABANDA,MUNANIRA I,NTARAGA","250788687992","https://monitoring.rwandafda.gov.rw/monitoring/documents-management/uploads/3/Human-Retail-Pharmacy-Duty-rosters/Retail_Pharmacies_Duty_Roster_in_Kigali_City_for_JULY-AUGUST-SEPTEMBER_2026.pdf","kigali July-September 2026 duty roster","1.000","0.299"
"retail-2026-05-696","PHARMAGY PHARMACY Ltd","MUHANGA","PHARMAGY PHARMACY LTD","MUHANGA","SOUTHERN,MUHANGA,NYAMABUYE,GAHOGO","250788437737","https://monitoring.rwandafda.gov.rw/monitoring/documents-management/uploads/3/Human-Retail-Pharmacy-Duty-rosters/Retail_Pharmacies_Duty_Roster_in_Muhanga_District_JULY-AUGUST-SEPTEMBER_2026.pdf","muhanga July-September 2026 duty roster","1.000","0.219"
"retail-2026-05-698","INEPHAR PHARMACY Ltd","GASABO","INEPHAR PHARMACY","GASABO","Kigali City, GASABO, KACYIRU, KINAMBA I","250788461374","https://monitoring.rwandafda.gov.rw/monitoring/documents-management/uploads/3/Human-Retail-Pharmacy-Duty-rosters/Retail_Pharmacies_Duty_Roster_in_Kigali_City_for_JULY-AUGUST-SEPTEMBER_2026.pdf","kigali July-September 2026 duty roster","1.000","0.269"
"retail-2026-05-699","LADOUCE PHARMACY Ltd","KICUKIRO","LADOUCE PHARMA Ltd","KICUKIRO","Kigali City, KICUKIRO, NYARUGUNGA, IMBERE YA RMH","250788415090","https://monitoring.rwandafda.gov.rw/monitoring/documents-management/uploads/3/Human-Retail-Pharmacy-Duty-rosters/Retail_Pharmacies_Duty_Roster_in_Kigali_City_for_JULY-AUGUST-SEPTEMBER_2026.pdf","kigali July-September 2026 duty roster","1.000","0.187"
"retail-2026-05-7","PHARMACIE DE BUTARE LTD","HUYE","PHARMACIE DE BUTARE Ltd","HUYE","SOUTHERN, HUYE,NGOMA,CYARWA","250782119622","https://monitoring.rwandafda.gov.rw/monitoring/documents-management/uploads/3/Human-Retail-Pharmacy-Duty-rosters/Retail_Pharmacies_Duty_Roster_in_Huye_District_JULY-AUGUST-SEPTEMBER_2026.pdf","huye July-September 2026 duty roster","1.000","0.156"
"retail-2026-05-700","MERCY PHARMACY Ltd","KICUKIRO","MERCY PHARMACY LTD","KICUKIRO","Kigali City, KICUKIRO, KICUKIRO, KIGARAMA, RWAMPARA","250788724064","https://monitoring.rwandafda.gov.rw/monitoring/documents-management/uploads/3/Human-Retail-Pharmacy-Duty-rosters/Retail_Pharmacies_Duty_Roster_in_Kigali_City_for_JULY-AUGUST-SEPTEMBER_2026.pdf","kigali July-September 2026 duty roster","1.000","0.162"
"retail-2026-05-704","IMELA PHARMACY Ltd","BUGESERA","IMELA PHARMACY Ltd","BUGESERA","EASTERN,BUGESERA,MAYANGE,","250785379786","https://monitoring.rwandafda.gov.rw/monitoring/documents-management/uploads/3/Human-Retail-Pharmacy-Duty-rosters/Retail_Pharmacies_Duty_Roster_in_Bugesera_District_JULY-AUGUST-SEPTEMBER_2026.pdf","bugesera July-September 2026 duty roster","1.000","0.210"
"retail-2026-05-706","BGK PHARMACY Ltd","MUSANZE","BGK PHARMACY Ltd","MUSANZE","NORTH,MUSANZE,MUHOZA,KIGOMBE","250788302354","https://monitoring.rwandafda.gov.rw/monitoring/documents-management/uploads/3/Human-Retail-Pharmacy-Duty-rosters/Retail_Pharmacies_Duty_Roster_in_Musanze_JULY-AUGUST-SEPTEMBER_2026.pdf","musanze July-September 2026 duty roster","1.000","0.156"
"retail-2026-05-708","LIFELINE PHARMACY Ltd","GASABO","LIFELINE PHARMACY","GASABO","Kigali City, GASABO, GISOZI, GAKINJIRO","250788000080","https://monitoring.rwandafda.gov.rw/monitoring/documents-management/uploads/3/Human-Retail-Pharmacy-Duty-rosters/Retail_Pharmacies_Duty_Roster_in_Kigali_City_for_JULY-AUGUST-SEPTEMBER_2026.pdf","kigali July-September 2026 duty roster","1.000","0.247"
"retail-2026-05-709","VICTORY PHARMACY Limited","HUYE","VICTORY PHARMACY","HUYE","SOUTHERN, HUYE,COGEBANQUE HUYE","250788802917","https://monitoring.rwandafda.gov.rw/monitoring/documents-management/uploads/3/Human-Retail-Pharmacy-Duty-rosters/Retail_Pharmacies_Duty_Roster_in_Huye_District_JULY-AUGUST-SEPTEMBER_2026.pdf","huye July-September 2026 duty roster","1.000","0.131"
"retail-2026-05-709","VICTORY PHARMACY Limited","HUYE","VICTORY PHARMACY","HUYE","SOUTHERN, HUYE,COGEBANQUE HUYE","250789409350","https://monitoring.rwandafda.gov.rw/monitoring/documents-management/uploads/3/Human-Retail-Pharmacy-Duty-rosters/Retail_Pharmacies_Duty_Roster_in_Huye_District_JULY-AUGUST-SEPTEMBER_2026.pdf","huye July-September 2026 duty roster","1.000","0.131"
"retail-2026-05-71","PHARMACY AMIRAH LTD","MUSANZE","PHARMACY AMIRAH LTD","MUSANZE","NORTH,MUSANZE,MUHOZA,KIGOMBE","250788971274","https://monitoring.rwandafda.gov.rw/monitoring/documents-management/uploads/3/Human-Retail-Pharmacy-Duty-rosters/Retail_Pharmacies_Duty_Roster_in_Musanze_JULY-AUGUST-SEPTEMBER_2026.pdf","musanze July-September 2026 duty roster","1.000","0.215"
"retail-2026-05-711","J&M PHARMACY Ltd","MUHANGA","J&M PHARMACY LTD","MUHANGA","SOUTHERN,MUHANGA,NYAMABUYE,CYEZA,MAKERA","250788985639","https://monitoring.rwandafda.gov.rw/monitoring/documents-management/uploads/3/Human-Retail-Pharmacy-Duty-rosters/Retail_Pharmacies_Duty_Roster_in_Muhanga_District_JULY-AUGUST-SEPTEMBER_2026.pdf","muhanga July-September 2026 duty roster","1.000","0.100"
"retail-2026-05-712","NECTAR PHARMACY Ltd","NYARUGENGE","NECTAR PHARMACY LTD","NYARUGENGE","Kigali City, NYARUGENGE, NYARUGENGE, BIRYOGO, GABIRO","250781293423","https://monitoring.rwandafda.gov.rw/monitoring/documents-management/uploads/3/Human-Retail-Pharmacy-Duty-rosters/Retail_Pharmacies_Duty_Roster_in_Kigali_City_for_JULY-AUGUST-SEPTEMBER_2026.pdf","kigali July-September 2026 duty roster","1.000","0.210"
"retail-2026-05-713","TROJANUS PHARMACY Ltd","BUGESERA","TROJANUS PHARMACY","BUGESERA","EASTERN,BUGESERA,NYAMATA,NYAMATA/TOWN","250784808859","https://monitoring.rwandafda.gov.rw/monitoring/documents-management/uploads/3/Human-Retail-Pharmacy-Duty-rosters/Retail_Pharmacies_Duty_Roster_in_Bugesera_District_JULY-AUGUST-SEPTEMBER_2026.pdf","bugesera July-September 2026 duty roster","1.000","0.131"
"retail-2026-05-713","TROJANUS PHARMACY Ltd","BUGESERA","TROJANUS PHARMACY","BUGESERA","EASTERN,BUGESERA,NYAMATA,NYAMATA/TOWN","250788778534","https://monitoring.rwandafda.gov.rw/monitoring/documents-management/uploads/3/Human-Retail-Pharmacy-Duty-rosters/Retail_Pharmacies_Duty_Roster_in_Bugesera_District_JULY-AUGUST-SEPTEMBER_2026.pdf","bugesera July-September 2026 duty roster","1.000","0.131"
"retail-2026-05-716","CARE PLUS PHARMACY Ltd","KICUKIRO","CARE PLUS PHARMACY LTD","KICUKIRO","Kigali City, KICUKIRO, KANOMBE,BUSANZA,GIKUNDIRO","250786666888","https://monitoring.rwandafda.gov.rw/monitoring/documents-management/uploads/3/Human-Retail-Pharmacy-Duty-rosters/Retail_Pharmacies_Duty_Roster_in_Kigali_City_for_JULY-AUGUST-SEPTEMBER_2026.pdf","kigali July-September 2026 duty roster","1.000","0.165"
"retail-2026-05-721","SO DIVINE Ltd","KAMONYI","SO DIVINE LTD","KAMONYI","SOUTH,KAMONYI,RUNDA,RUYENZI","250788351639","https://monitoring.rwandafda.gov.rw/monitoring/documents-management/uploads/3/Human-Retail-Pharmacy-Duty-rosters/Retail_Pharmacies_Duty_Roster_in_Kamonyi_District_JULY-AUGUST-SEPTEMBER_2026.pdf","kamonyi July-September 2026 duty roster","1.000","0.150"
"retail-2026-05-723","WESTERN PHARMACY Ltd","RUBAVU","WESTERN PHARMACY LTD","RUBAVU","WESTERN, RUBAVU,GISENYI,NYAKILIBA,MAHOKO","250788884269","https://monitoring.rwandafda.gov.rw/monitoring/documents-management/uploads/3/Human-Retail-Pharmacy-Duty-rosters/Retail_Pharmacies_Duty_Roster_in_Rubavu_for_JULY-AUGUST-SEPTEMBER_2026.pdf","rubavu July-September 2026 duty roster","1.000","0.187"
"retail-2026-05-729","MEDLIFE PHARMACY Ltd","MUSANZE","MEDLIFE PHARMACY LTD","MUSANZE","NORTH,MUSANZE,MUHOZA, MPENGE","250788714772","https://monitoring.rwandafda.gov.rw/monitoring/documents-management/uploads/3/Human-Retail-Pharmacy-Duty-rosters/Retail_Pharmacies_Duty_Roster_in_Musanze_JULY-AUGUST-SEPTEMBER_2026.pdf","musanze July-September 2026 duty roster","1.000","0.215"
"retail-2026-05-73","PRESTIGE PHARMACY LTD","RUBAVU","PRESTIGE PHARMACY","RUBAVU","WESTERN, RUBAVU,GISENYI/GENDARMERIE","250788228131","https://monitoring.rwandafda.gov.rw/monitoring/documents-management/uploads/3/Human-Retail-Pharmacy-Duty-rosters/Retail_Pharmacies_Duty_Roster_in_Rubavu_for_JULY-AUGUST-SEPTEMBER_2026.pdf","rubavu July-September 2026 duty roster","1.000","0.187"
"retail-2026-05-732","PILLAR PHARMACY Ltd","MUHANGA","PILLAR PHARMACY LTD","MUHANGA","SOUTHERN,MUHANGA,NYAMABUYE,GAHOGO/MUHANGA VILLE","250783736990","https://monitoring.rwandafda.gov.rw/monitoring/documents-management/uploads/3/Human-Retail-Pharmacy-Duty-rosters/Retail_Pharmacies_Duty_Roster_in_Muhanga_District_JULY-AUGUST-SEPTEMBER_2026.pdf","muhanga July-September 2026 duty roster","1.000","0.215"
"retail-2026-05-738","PHARMACIE SANGWA LTD","NYARUGENGE","PHARMACIE SANGWA","NYARUGENGE","Kigali City, NYARUGENGE, MUHIMA, HAFI YA SAINT PAUL","250788596367","https://monitoring.rwandafda.gov.rw/monitoring/documents-management/uploads/3/Human-Retail-Pharmacy-Duty-rosters/Retail_Pharmacies_Duty_Roster_in_Kigali_City_for_JULY-AUGUST-SEPTEMBER_2026.pdf","kigali July-September 2026 duty roster","1.000","0.191"
"retail-2026-05-74","PROGRESS PHARMACY LTD","KICUKIRO","PROGRESS PHARMACY","KICUKIRO","Kigali City, KICUKIRO, KICUKIRO CENTRE, IMBERE Y'AKARERE KA KICUKIRO","250788646143","https://monitoring.rwandafda.gov.rw/monitoring/documents-management/uploads/3/Human-Retail-Pharmacy-Duty-rosters/Retail_Pharmacies_Duty_Roster_in_Kigali_City_for_JULY-AUGUST-SEPTEMBER_2026.pdf","kigali July-September 2026 duty roster","1.000","1.000"
"retail-2026-05-755","PHARMACIE RWATANA LTD","KICUKIRO","PHARMACIE RWATANA LTD","KICUKIRO","Kigali City, KICUKIRO,KIGARAMA,BWERANKURI","250788404858","https://monitoring.rwandafda.gov.rw/monitoring/documents-management/uploads/3/Human-Retail-Pharmacy-Duty-rosters/Retail_Pharmacies_Duty_Roster_in_Kigali_City_for_JULY-AUGUST-SEPTEMBER_2026.pdf","kigali July-September 2026 duty roster","1.000","0.187"
"retail-2026-05-76","RWEGO PHARMACY LTD","KAMONYI","RWEGO PHARMACY LTD","KAMONYI","SOUTH,KAMONYI,GACURABWENGE,NKINGO","250788421654","https://monitoring.rwandafda.gov.rw/monitoring/documents-management/uploads/3/Human-Retail-Pharmacy-Duty-rosters/Retail_Pharmacies_Duty_Roster_in_Kamonyi_District_JULY-AUGUST-SEPTEMBER_2026.pdf","kamonyi July-September 2026 duty roster","1.000","0.127"
"retail-2026-05-763","RETAIL URUKUNDO PHARMA Limited","GASABO","RETAIL URUKUNDO PHARMA LTD","GASABO","Kigali City, GASABO, KINYINYA, MURAMA, RUSENYI","250786703384","https://monitoring.rwandafda.gov.rw/monitoring/documents-management/uploads/3/Human-Retail-Pharmacy-Duty-rosters/Retail_Pharmacies_Duty_Roster_in_Kigali_City_for_JULY-AUGUST-SEPTEMBER_2026.pdf","kigali July-September 2026 duty roster","1.000","0.175"
"retail-2026-05-764","PHARMACIE MARANATHA Ltd","GASABO","PHARMACIE MARANATHA","GASABO","Kigali City, GASABO, KACYIRU, KAMUTWA, INKINGI","250788297569","https://monitoring.rwandafda.gov.rw/monitoring/documents-management/uploads/3/Human-Retail-Pharmacy-Duty-rosters/Retail_Pharmacies_Duty_Roster_in_Kigali_City_for_JULY-AUGUST-SEPTEMBER_2026.pdf","kigali July-September 2026 duty roster","1.000","0.206"
"retail-2026-05-79","WOMEN&CHILD CARE PHARMACY LIMITED","GASABO","WOMEN & CHILD CARE PHARMACY Limited","GASABO","Kigali City, GASABO,REMERA, RUKIRI II,REBERO","250788313954","https://monitoring.rwandafda.gov.rw/monitoring/documents-management/uploads/3/Human-Retail-Pharmacy-Duty-rosters/Retail_Pharmacies_Duty_Roster_in_Kigali_City_for_JULY-AUGUST-SEPTEMBER_2026.pdf","kigali July-September 2026 duty roster","1.000","0.451"
"retail-2026-05-82","BARAKA PHARMACY LTD","GASABO","BARAKA PHARMACY LTD","GASABO","Kigali City, GASABO,NDUBA,GASANZE","250781705310","https://monitoring.rwandafda.gov.rw/monitoring/documents-management/uploads/3/Human-Retail-Pharmacy-Duty-rosters/Retail_Pharmacies_Duty_Roster_in_Kigali_City_for_JULY-AUGUST-SEPTEMBER_2026.pdf","kigali July-September 2026 duty roster","1.000","0.210"
"retail-2026-05-85","PHARMACIE TETA LTD","GASABO","PHARMACIE TETA","GASABO","Kigali City, GASABO, KIMIRONKO HAFI YA GARE","250788460549","https://monitoring.rwandafda.gov.rw/monitoring/documents-management/uploads/3/Human-Retail-Pharmacy-Duty-rosters/Retail_Pharmacies_Duty_Roster_in_Kigali_City_for_JULY-AUGUST-SEPTEMBER_2026.pdf","kigali July-September 2026 duty roster","1.000","1.000"
"retail-2026-05-9","NTIBARWIGA PHARMACY LTD","MUSANZE","NTIBARWIGA PHARMACY Limited","MUSANZE","NORTH,MUSANZE,NKOTSI, RWINKWARE","250783198661","https://monitoring.rwandafda.gov.rw/monitoring/documents-management/uploads/3/Human-Retail-Pharmacy-Duty-rosters/Retail_Pharmacies_Duty_Roster_in_Musanze_JULY-AUGUST-SEPTEMBER_2026.pdf","musanze July-September 2026 duty roster","1.000","0.247"
"retail-2026-05-91","PHARMACIE CONSEIL - KACYIRU","GASABO","PHARMACIE CONSEIL KACYIRU","GASABO","Kigali City, GASABO, GASABO, KACYIRU","250788305077","https://monitoring.rwandafda.gov.rw/monitoring/documents-management/uploads/3/Human-Retail-Pharmacy-Duty-rosters/Retail_Pharmacies_Duty_Roster_in_Kigali_City_for_JULY-AUGUST-SEPTEMBER_2026.pdf","kigali July-September 2026 duty roster","1.000","0.551"
"retail-2026-05-94","AKEDAH LTD","BUGESERA","AKEDAH LTD","BUGESERA","EASTERN,BUGESERA,NYAMATA,NYAMATA/TOWN","250781413836","https://monitoring.rwandafda.gov.rw/monitoring/documents-management/uploads/3/Human-Retail-Pharmacy-Duty-rosters/Retail_Pharmacies_Duty_Roster_in_Bugesera_District_JULY-AUGUST-SEPTEMBER_2026.pdf","bugesera July-September 2026 duty roster","1.000","0.200"
"retail-2026-05-94","AKEDAH LTD","BUGESERA","AKEDAH LTD","BUGESERA","EASTERN,BUGESERA,NYAMATA,NYAMATA/TOWN","250781685560","https://monitoring.rwandafda.gov.rw/monitoring/documents-management/uploads/3/Human-Retail-Pharmacy-Duty-rosters/Retail_Pharmacies_Duty_Roster_in_Bugesera_District_JULY-AUGUST-SEPTEMBER_2026.pdf","bugesera July-September 2026 duty roster","1.000","0.200"
"retail-2026-05-94","AKEDAH LTD","BUGESERA","AKEDAH LTD","BUGESERA","EASTERN,BUGESERA,NYAMATA,NYAMATA/TOWN","250788667004","https://monitoring.rwandafda.gov.rw/monitoring/documents-management/uploads/3/Human-Retail-Pharmacy-Duty-rosters/Retail_Pharmacies_Duty_Roster_in_Bugesera_District_JULY-AUGUST-SEPTEMBER_2026.pdf","bugesera July-September 2026 duty roster","1.000","0.200"
"retail-2026-05-97","BAHONEZA PHARMACY LTD","HUYE","BAHONEZA PHARMACY Ltd","HUYE","SOUTHERN,HUYE,NGOMA,BUTARE","250793455458","https://monitoring.rwandafda.gov.rw/monitoring/documents-management/uploads/3/Human-Retail-Pharmacy-Duty-rosters/Retail_Pharmacies_Duty_Roster_in_Huye_District_JULY-AUGUST-SEPTEMBER_2026.pdf","huye July-September 2026 duty roster","1.000","0.165"
