december_source_serial,december_name,december_district,december_sector,december_cell,current_registry_entry_key,current_source_serial,current_name,current_district,current_sector_cell_raw,registry_match_score,registry_match_margin,name_score,district_match,sector_match,cell_match,professional_registration_match,phone_number,phone_source,phone_evidence_url,phone_evidence_reference,google_maps_url,maps_url_source,browser_match_status
1,PRECIOUS PHARMACY LTD,GASABO,KIMIRONKO,BIBARE,retail-2026-05-1,1,PRECIOUS PHARMACY LTD,GASABO,KIMIRONKO BIBARE,1.000,0.358,1.000,true,true,true,true,+250787206998,public_evidence_csv,https://monitoring.rwandafda.gov.rw/monitoring/documents-management/uploads/3/Human-Retail-Pharmacy-Duty-rosters/Retail_Pharmacies_Duty_Roster_in_Kigali_City_for_JULY-AUGUST-SEPTEMBER_2026.pdf,kigali July-September 2026 duty roster,,,matched+public_phone
2,STREAM PHARMACY LTD,GASABO,KINYINYA,KAGUGU,retail-2026-05-2,2,STREAM PHARMACY LTD,GASABO,KINYINYA KAGUGU,0.980,0.000,1.000,true,true,true,false,+250782504529,public_evidence_csv,https://monitoring.rwandafda.gov.rw/monitoring/documents-management/uploads/3/Human-Retail-Pharmacy-Duty-rosters/Retail_Pharmacies_Duty_Roster_in_Kigali_City_for_JULY-AUGUST-SEPTEMBER_2026.pdf,kigali July-September 2026 duty roster,,,matched+public_phone
3,AURORE PHARMACY LTD,GASABO,KINYINYA,KAGUGU,retail-2026-05-3,3,AURORE PHARMACY LTD,GASABO,KINYINYA KAGUGU,1.000,0.445,1.000,true,true,true,true,+250788423286,public_evidence_csv,https://monitoring.rwandafda.gov.rw/monitoring/documents-management/uploads/3/Human-Retail-Pharmacy-Duty-rosters/Retail_Pharmacies_Duty_Roster_in_Kigali_City_for_JULY-AUGUST-SEPTEMBER_2026.pdf,kigali July-September 2026 duty roster,,,matched+public_phone
4,VAN PHARMACY LTD,KAYONZA,MUKARANGE,NYAGATOVU,retail-2026-05-5,5,VAN PHARMACY LTD,KAYONZA,MUKARANGE NYAGATOVU,1.000,0.293,1.000,true,true,true,true,+250788853031,public_evidence_csv,https://monitoring.rwandafda.gov.rw/monitoring/documents-management/uploads/3/Human-Retail-Pharmacy-Duty-rosters/Retail_Pharmacies_Duty_Roster_in_Kayonza_District_JULY-AUGUST-SEPTEMBER_2026.pdf,kayonza July-September 2026 duty roster,,,unmatched+public_phone
5,PHARMACIE DE BUTARE LTD,HUYE,NGOMA,BUTARE,retail-2026-05-7,7,PHARMACIE DE BUTARE LTD,HUYE,NGOMA BUTARE,1.000,0.442,1.000,true,true,true,true,+250782119622,public_evidence_csv,https://monitoring.rwandafda.gov.rw/monitoring/documents-management/uploads/3/Human-Retail-Pharmacy-Duty-rosters/Retail_Pharmacies_Duty_Roster_in_Huye_District_JULY-AUGUST-SEPTEMBER_2026.pdf,huye July-September 2026 duty roster,https://www.google.com/maps/place/Pharmacie+de+Butare+%28Huye%29/data=!4m7!3m6!1s0x19c30d6490c042a7:0x4cf6326586112ff7!8m2!3d-2.6009887!4d29.7416809!16s%2Fg%2F11xvz9777g!19sChIJp0LAkGQNwxkR9y8RhmUy9kw,google_maps_browser,matched+public_phone
6,ABATESI PHARMACY LTD,GATSIBO,RWIMBOGO,RWIKINIRO,retail-2026-05-8,8,ABATESI PHARMACY LTD,GATSIBO,RWIMBOGO RWIKINIRO,1.000,0.525,1.000,true,true,true,true,,,,,,,unmatched
7,NTIBARWIGA PHARMACY LTD,MUSANZE,NKOTSI,BIKARA,retail-2026-05-9,9,NTIBARWIGA PHARMACY LTD,MUSANZE,NKOTSI BIKARA,1.000,0.293,1.000,true,true,true,true,+250783198661,public_evidence_csv,https://monitoring.rwandafda.gov.rw/monitoring/documents-management/uploads/3/Human-Retail-Pharmacy-Duty-rosters/Retail_Pharmacies_Duty_Roster_in_Musanze_JULY-AUGUST-SEPTEMBER_2026.pdf,musanze July-September 2026 duty roster,,,unmatched+public_phone
8,TREAH PHARMACY LTD,RWAMAGANA,KIGABIRO,CYANYA,retail-2026-05-10,10,TREAH PHARMACY LTD,RWAMAGANA,KIGABIRO CYANYA,1.000,0.447,1.000,true,true,true,true,,,,,,,unmatched
9,REGOPHARMA LIMITED,KICUKIRO,KANOMBE,KABEZA,retail-2026-05-178,178,REGOPHARMA Limited,KICUKIRO,KANOMBE KABEZA,0.980,0.273,1.000,true,true,true,false,,,,,,,needs_review
11,ADONAI PHARMACY LTD,RWAMAGANA,KARENGE,KARENGE,retail-2026-05-11,11,ADONAI PHARMACY LTD,RWAMAGANA,KARENGE KARENGE,1.000,0.367,1.000,true,true,true,true,+250781082525,public_evidence_csv,https://monitoring.rwandafda.gov.rw/monitoring/documents-management/uploads/3/Human-Retail-Pharmacy-Duty-rosters/Retail_Pharmacies_Duty_Roster_in_Rwamagana_JULY-AUGUST-SEPTEMBER_2026.pdf,rwamagana July-September 2026 duty roster,,,needs_review+public_phone
12,SAINTE RITA PHARMACY LTD,NYAGATARE,NYAGATARE,NYAGATARE,retail-2026-05-12,12,SAINTE RITA PHARMACY LTD,NYAGATARE,NYAGATARE NYAGATARE,1.000,0.476,1.000,true,true,true,true,+250788587206,public_evidence_csv,https://monitoring.rwandafda.gov.rw/monitoring/documents-management/uploads/3/Human-Retail-Pharmacy-Duty-rosters/Retail_Pharmacies_Duty_Roster_in_Nyagatare_for_JULY-AUGUST-SEPTEMBER_2026.pdf,nyagatare July-September 2026 duty roster,,,unmatched+public_phone
13,BONA CURARE PHARMA LIMITED,RUSIZI,KAMEMBE,KAMASHANGI,retail-2026-05-13,13,BONA CURARE PHARMA LIMITED,RUSIZI,KAMEMBE KAMASHANGI,1.000,0.480,1.000,true,true,true,true,,,,,,,unmatched
14,KIVU BEACH PHARMACY LTD,RUBAVU,GISENYI,NENGO,retail-2026-05-14,14,KIVU BEACH PHARMACY LTD,RUBAVU,GISENYI NENGO,1.000,0.442,1.000,true,true,true,true,+250786271600,public_evidence_csv,https://monitoring.rwandafda.gov.rw/monitoring/documents-management/uploads/3/Human-Retail-Pharmacy-Duty-rosters/Retail_Pharmacies_Duty_Roster_in_Rubavu_for_JULY-AUGUST-SEPTEMBER_2026.pdf,rubavu July-September 2026 duty roster,,,matched+public_phone
15,EL-SHADAI PHARMACY LTD,GASABO,NDUBA,GATUNGA,retail-2026-05-15,15,EL -SHADAI PHARMACY LTD,GASABO,NDUBA GATUNGA,1.000,0.480,1.000,true,true,true,true,+250785247846,public_evidence_csv,https://monitoring.rwandafda.gov.rw/monitoring/documents-management/uploads/3/Human-Retail-Pharmacy-Duty-rosters/Retail_Pharmacies_Duty_Roster_in_Kigali_City_for_JULY-AUGUST-SEPTEMBER_2026.pdf,kigali July-September 2026 duty roster,https://www.google.com/maps/place/EL+SHADAI+PHARMACY/data=!4m7!3m6!1s0x19dca190a257af5d:0x4e59037a6fa99463!8m2!3d-1.9132598!4d30.0762646!16s%2Fg%2F11j5ksq6bt!19sChIJXa9XopCh3BkRY5Spb3oDWU4,google_maps_browser,matched+public_phone
16,GALENA PHARMACY LTD,KICUKIRO,KANOMBE,BUSANZA,retail-2026-05-16,16,GALENA PHARMACY Limited,KICUKIRO,KANOMBE BUSANZA,0.980,0.207,1.000,true,true,true,false,,,,,,,unmatched
17,RINDA PHARMACY LTD,RUBAVU,RUBAVU,BYAHI,retail-2026-05-17,17,RINDA PHARMACY LTD,RUBAVU,RUBAVU BYAHI,1.000,0.293,1.000,true,true,true,true,+250788517256,public_evidence_csv,https://monitoring.rwandafda.gov.rw/monitoring/documents-management/uploads/3/Human-Retail-Pharmacy-Duty-rosters/Retail_Pharmacies_Duty_Roster_in_Rubavu_for_JULY-AUGUST-SEPTEMBER_2026.pdf,rubavu July-September 2026 duty roster,,,needs_review+public_phone
18,ZENN PHARMACY LTD,KICUKIRO,NIBOYE,GATARE,retail-2026-05-19,19,ZENN PHARMACY LTD,KICUKIRO,NIBOYE GATARE,1.000,0.404,1.000,true,true,true,true,,,,,,,matched
19,ZELA PHARMACY LTD,RUBAVU,GISENYI,MBUGANGARI,retail-2026-05-20,20,ZELA PHARMACY LTD,RUBAVU,GISENYI MBUGANGARI,1.000,0.420,1.000,true,true,true,true,,,,,,,matched
20,CIVITAS PHARMACY LTD,NYARUGENGE,KIGALI,KIGALI,retail-2026-05-21,21,CIVITAS PHARMACY LTD,NYARUGENGE,KIGALI KIGALI,1.000,0.293,1.000,true,true,true,true,,,,,,,unmatched
21,SALUS PHARMACY LTD,RUBAVU,RUBAVU,BYAHI,retail-2026-05-22,22,SALUS PHARMACY LTD,RUBAVU,RUBAVU BYAHI,1.000,0.462,1.000,true,true,true,true,,,,,,,unmatched
22,SALAMA-ONE PHARMACY Ltd,GASABO,REMERA,RUKIRI II,retail-2026-05-23,23,SALAMA -ONE PHARMACY Ltd,GASABO,REMERA RUKIRI II,1.000,0.073,1.000,true,true,true,true,+250785866839,public_evidence_csv,https://monitoring.rwandafda.gov.rw/monitoring/documents-management/uploads/3/Human-Retail-Pharmacy-Duty-rosters/Retail_Pharmacies_Duty_Roster_in_Kigali_City_for_JULY-AUGUST-SEPTEMBER_2026.pdf,kigali July-September 2026 duty roster,,,unmatched+public_phone
23,ELVINO PHARMACY LTD,NYAMASHEKE,KANJONGO,KIBOGORA,retail-2026-05-24,24,ELVINO PHARMACY LTD,NYAMASHEKE,KANJONGO KIBOGORA,1.000,0.392,1.000,true,true,true,true,,,,,,,unmatched
24,TAQWA PHARMACY LTD,BUGESERA,NYAMATA,NYAMATA,retail-2026-05-25,25,TAQWA PHARMACY LTD,BUGESERA,NYAMATA NYAMATA,1.000,0.442,1.000,true,true,true,true,,,,,,,needs_review
27,FADHIL PHARMACY LTD,NYARUGENGE,RWEZAMENY O,RWEZAMENYO,retail-2026-05-27,27,FADHIL PHARMACY LTD,NYARUGENGE,RWEZAMENYO RWEZAMENYO,0.940,0.420,1.000,true,false,true,true,+250788694901,public_evidence_csv,https://monitoring.rwandafda.gov.rw/monitoring/documents-management/uploads/3/Human-Retail-Pharmacy-Duty-rosters/Retail_Pharmacies_Duty_Roster_in_Kigali_City_for_JULY-AUGUST-SEPTEMBER_2026.pdf,kigali July-September 2026 duty roster,,,matched+public_phone
28,PHARMACURE Ltd,NYARUGENGE,NYAMIRAMBO,MUMENA,retail-2026-05-28,28,PHARMACURE Ltd,NYARUGENGE,NYAMIRAMBO MUMENA,1.000,0.380,1.000,true,true,true,true,+250788487755,public_evidence_csv,https://monitoring.rwandafda.gov.rw/monitoring/documents-management/uploads/3/Human-Retail-Pharmacy-Duty-rosters/Retail_Pharmacies_Duty_Roster_in_Kigali_City_for_JULY-AUGUST-SEPTEMBER_2026.pdf,kigali July-September 2026 duty roster,,,matched+public_phone
29,PHARMACIE LA PRIERE LTD,BUGESERA,RILIMA,NYABIGENDWA,retail-2026-05-30,30,PHARMACIE LA PRIERE LTD,BUGESERA,RILIMA NYABIGENDWA,1.000,0.421,1.000,true,true,true,true,,,,,,,unmatched
30,ARLOMED PHARMACY LTD,RULINDO,SHYORONGI,BUGARAGARA,retail-2026-05-31,31,ARLOMED PHARMACY LTD,RULINDO,SHYORONGI BUGARAGARA,1.000,0.293,1.000,true,true,true,true,,,,,,,unmatched
32,ACE PHARMACY LTD,RUBAVU,GISENYI,NENGO,retail-2026-05-32,32,ACE PHARMACY LTD,RUBAVU,GISENYI NENGO,1.000,0.020,1.000,true,true,true,true,,,,,,,unmatched
33,OM PHARMACY LTD,BUGESERA,RUHUHA,RUHUHA,retail-2026-05-33,33,OM PHARMACY LTD,BUGESERA,RUHUHA RUHUHA,1.000,0.293,1.000,true,true,true,true,+250787107130,public_evidence_csv,https://monitoring.rwandafda.gov.rw/monitoring/documents-management/uploads/3/Human-Retail-Pharmacy-Duty-rosters/Retail_Pharmacies_Duty_Roster_in_Bugesera_District_JULY-AUGUST-SEPTEMBER_2026.pdf,bugesera July-September 2026 duty roster,,,unmatched+public_phone
34,BIGIRA PHARMACY LTD,GATSIBO,NGARAMA,NGARAMA,retail-2026-05-34,34,BIGIRA PHARMACY LTD,GATSIBO,NGARAMA NGARAMA,1.000,0.293,1.000,true,true,true,true,,,,,,,unmatched
35,AMIZER O PHARMACY LTD,KICUKIRO,NIBOYI,GATARE,retail-2026-05-35,35,AMIZER O PHARMACY LTD,KICUKIRO,NIBOYI GATARE,1.000,0.392,1.000,true,true,true,true,,,,,,,matched
36,GOLF PHARMACY,KICUKIRO,NYARUGUNGA,KAMASHASHI,retail-2026-05-36,36,GOLF PHARMACY,KICUKIRO,NYARUGUNGA KAMASHASHI,1.000,0.080,1.000,true,true,true,true,,,,,,,unmatched
37,PHARMACY KIRA LTD,KICUKIRO,NYARUGUNGA,KAMASHASHI,retail-2026-05-37,37,PHARMACY KIRA LTD,KICUKIRO,NYARUGUNGA KAMASHASHI,1.000,0.153,1.000,true,true,true,true,,,,,,,matched
38,PHARMACY FOR FAMILY GROUP (P.F.G),GASABO,RUSORORO,NYAGAHINGA,retail-2026-05-38,38,PHARMACY FOR FAMILY GROUP (P.F.G),GASABO,RUSORORO NYAGAHINGA,0.980,0.133,1.000,true,true,true,false,,,,,,,unmatched
39,ZEAL PHARMACY LTD,KICUKIRO,KANOMBE,RUBIRIZI,retail-2026-05-39,39,ZEAL PHARMACY LTD,KICUKIRO,KANOMBE RUBIRIZI,1.000,0.420,1.000,true,true,true,true,,,,,,,unmatched
40,LEGEND PHARMACY LTD,GASABO,RUSORORO,NYAGAHINGA,retail-2026-05-40,40,LEGEND PHARMACY LTD,GASABO,RUSORORO NYAGAHINGA,0.980,0.133,1.000,true,true,true,false,+250780634704,public_evidence_csv,https://monitoring.rwandafda.gov.rw/monitoring/documents-management/uploads/3/Human-Retail-Pharmacy-Duty-rosters/Retail_Pharmacies_Duty_Roster_in_Kigali_City_for_JULY-AUGUST-SEPTEMBER_2026.pdf,kigali July-September 2026 duty roster,,,matched+public_phone
41,LIFESTYLE PHARMACY LTD,GASABO,REMERA,NYARUTARAM A,retail-2026-05-41,41,LIFESTYLE PHARMACY LTD,GASABO,REMERA NYARUTARAMA,0.980,0.273,1.000,true,true,false,true,,,,,,,needs_review
42,CALABRIA PHARMACY LTD,HUYE,NGOMA,BUATARE,retail-2026-05-42,42,CALABRIA PHARMACY LTD,HUYE,NGOMA BUATARE,1.000,0.493,1.000,true,true,true,true,+250789124156,public_evidence_csv,https://monitoring.rwandafda.gov.rw/monitoring/documents-management/uploads/3/Human-Retail-Pharmacy-Duty-rosters/Retail_Pharmacies_Duty_Roster_in_Huye_District_JULY-AUGUST-SEPTEMBER_2026.pdf,huye July-September 2026 duty roster,,,unmatched+public_phone
43,PHARMACY ISHEMA RY’INGABO NZIZA LTD,GASABO,RUSORORO,KABUGA,retail-2026-05-43,43,PHARMACY ISHEMA RY’INGABO NZIZA LTD,GASABO,RUSORORO KABUGA,1.000,0.153,1.000,true,true,true,true,+250788847538,public_evidence_csv,https://monitoring.rwandafda.gov.rw/monitoring/documents-management/uploads/3/Human-Retail-Pharmacy-Duty-rosters/Retail_Pharmacies_Duty_Roster_in_Kigali_City_for_JULY-AUGUST-SEPTEMBER_2026.pdf,kigali July-September 2026 duty roster,,,matched+public_phone
44,FELIPHARM PHARMACY LTD,MUSANZE,MUHOZA,MPENGE,retail-2026-05-44,44,FELIPHARM PHARMACY LTD,MUSANZE,MUHOZA MPENGE,1.000,0.374,1.000,true,true,true,true,,,,,,,needs_review
45,ERVASIA PHARMACY LTD,MUHANGA,SHYOGWE,RULI,retail-2026-05-45,45,ERVASIA PHARMACY LTD,MUHANGA,SHYOGWE RULI,1.000,0.293,1.000,true,true,true,true,+250787864376,public_evidence_csv,https://monitoring.rwandafda.gov.rw/monitoring/documents-management/uploads/3/Human-Retail-Pharmacy-Duty-rosters/Retail_Pharmacies_Duty_Roster_in_Muhanga_District_JULY-AUGUST-SEPTEMBER_2026.pdf,muhanga July-September 2026 duty roster,,,unmatched+public_phone
46,SHEKINA PHARMACY LTD,NYARUGENGE,NYAMIRAMBO,RUGARAMA,retail-2026-05-46,46,SHEKINA PHARMACY LTD,NYARUGENGE,NYAMIRAMBO RUGARAMA,0.980,0.271,1.000,true,true,true,false,,,,,,,needs_review
48,ELDORADO PHARMACY LTD,KICUKIRO,NYARUGUNGA,NONKO,retail-2026-05-50,50,EL DORADO PHARMACY Ltd,KICUKIRO,NYARUGUNGA NKOKO,0.935,0.252,0.941,true,true,false,true,+250783615532,public_evidence_csv,https://monitoring.rwandafda.gov.rw/monitoring/documents-management/uploads/3/Human-Retail-Pharmacy-Duty-rosters/Retail_Pharmacies_Duty_Roster_in_Kigali_City_for_JULY-AUGUST-SEPTEMBER_2026.pdf,kigali July-September 2026 duty roster,,,matched+public_phone
49,GALLANT PHARMACY LTD,KICUKIRO,NIBOYE,GATARE,retail-2026-05-51,51,GALLANT PHARMACY Ltd,KICUKIRO,KICUKIRO KICUKIRO,0.900,0.193,1.000,true,false,false,false,+250785043440,public_evidence_csv,https://monitoring.rwandafda.gov.rw/monitoring/documents-management/uploads/3/Human-Retail-Pharmacy-Duty-rosters/Retail_Pharmacies_Duty_Roster_in_Kigali_City_for_JULY-AUGUST-SEPTEMBER_2026.pdf,kigali July-September 2026 duty roster,,,matched+public_phone
50,KERIDO PHARMACY LTD,KICUKIRO,NYARUGUNGA,NONKO,retail-2026-05-49,49,KERIDO PHARMACY LTD,KICUKIRO,NYARUGUNGA NONKO,1.000,0.420,1.000,true,true,true,true,,,,,,,unmatched
51,EL DORADO PHARMACY Ltd,KICUKIRO,NYARUGUNGA,NKOKO,retail-2026-05-50,50,EL DORADO PHARMACY Ltd,KICUKIRO,NYARUGUNGA NKOKO,1.000,0.293,1.000,true,true,true,true,+250783615532,public_evidence_csv,https://monitoring.rwandafda.gov.rw/monitoring/documents-management/uploads/3/Human-Retail-Pharmacy-Duty-rosters/Retail_Pharmacies_Duty_Roster_in_Kigali_City_for_JULY-AUGUST-SEPTEMBER_2026.pdf,kigali July-September 2026 duty roster,,,matched+public_phone
52,GALLANT PHARMACY Ltd,KICUKIRO,KICUKIRO,KICUKIRO,retail-2026-05-51,51,GALLANT PHARMACY Ltd,KICUKIRO,KICUKIRO KICUKIRO,0.980,0.273,1.000,true,true,true,false,+250785043440,public_evidence_csv,https://monitoring.rwandafda.gov.rw/monitoring/documents-management/uploads/3/Human-Retail-Pharmacy-Duty-rosters/Retail_Pharmacies_Duty_Roster_in_Kigali_City_for_JULY-AUGUST-SEPTEMBER_2026.pdf,kigali July-September 2026 duty roster,,,phone_from_public_evidence
53,SALAMA-AZUR PHARMACY Ltd,NYARUGENGE,NYAMIRAMBO,RUGARAMA,retail-2026-05-52,52,SALAMA -AZUR PHARMACY Ltd,NYARUGENGE,NYAMIRAMBO RUGARAMA,1.000,0.293,1.000,true,true,true,true,+250785866839,public_evidence_csv,https://monitoring.rwandafda.gov.rw/monitoring/documents-management/uploads/3/Human-Retail-Pharmacy-Duty-rosters/Retail_Pharmacies_Duty_Roster_in_Kigali_City_for_JULY-AUGUST-SEPTEMBER_2026.pdf,kigali July-September 2026 duty roster,,,phone_from_public_evidence
54,INTER PHARMACY LIMITED,GISAGARA,NDORA,GISAGARA,retail-2026-05-53,53,INTER PHARMACY LIMITED,GISAGARA,NDORA GISAGARA,0.980,0.384,1.000,true,true,true,false,,,,,,,local_evidence_only
55,PHARMACIE VITAMIA LTD,BUGESERA,NTARAMA,KANZENZE,retail-2026-05-54,54,PHARMACIE VITAMIA LTD,BUGESERA,NTARAMA KANZENZE,0.980,0.273,1.000,true,true,true,false,,,,,,,local_evidence_only
56,PHARMACIE CONSEIL- NYARUTARAMA,GASABO,REMERA,NYARUTARAM A,retail-2026-05-55,55,PHARMACIE CONSEIL - NYARUTARAMA,GASABO,REMERA NYARUTARAMA,0.980,0.172,1.000,true,true,false,true,,,,,,,local_evidence_only
57,VITA GRATIA PHARMACY LTD,KICUKIRO,NIBOYE,SOVU,retail-2026-05-56,56,VITA GRATIA PHARMACY LTD,KICUKIRO,NIBOYE GASHARU,0.960,0.113,1.000,true,true,false,false,+250783254411,public_evidence_csv,https://monitoring.rwandafda.gov.rw/monitoring/documents-management/uploads/3/Human-Retail-Pharmacy-Duty-rosters/Retail_Pharmacies_Duty_Roster_in_Kigali_City_for_JULY-AUGUST-SEPTEMBER_2026.pdf,kigali July-September 2026 duty roster,,,phone_from_public_evidence
58,NOVAX PHARMA Ltd,NYANZA,BUSASAMANA,NYANZA,retail-2026-05-57,57,NOVAX PHARMA Ltd,NYANZA,BUSASAMANA NYANZA,1.000,0.293,1.000,true,true,true,true,,,,,,,local_evidence_only
59,HILDA PHARMACY LTD,GATSIBO,NGARAMA,NGARAMA,retail-2026-05-59,59,HILDA PHARMACY LTD,GATSIBO,NGARAMA NGARAMA,1.000,0.353,1.000,true,true,true,true,,,,,,,local_evidence_only
60,JAHRAS PHARMACY LTD,KICUKIRO,NYARUGUNGA,NONKO,retail-2026-05-60,60,JAHRAS PHARMACY LTD,KICUKIRO,NYARUGUNGA NONKO,1.000,0.480,1.000,true,true,true,true,+250788281514,public_evidence_csv,https://monitoring.rwandafda.gov.rw/monitoring/documents-management/uploads/3/Human-Retail-Pharmacy-Duty-rosters/Retail_Pharmacies_Duty_Roster_in_Kigali_City_for_JULY-AUGUST-SEPTEMBER_2026.pdf,kigali July-September 2026 duty roster,,,phone_from_public_evidence
61,KABARE PHARMACY LTD,GASABO,RUSORORO,KABUGA I,retail-2026-05-61,61,KABARE PHARMACY LTD,GASABO,RUSORORO KABUGA I,1.000,0.293,1.000,true,true,true,true,+250788493240,public_evidence_csv,https://monitoring.rwandafda.gov.rw/monitoring/documents-management/uploads/3/Human-Retail-Pharmacy-Duty-rosters/Retail_Pharmacies_Duty_Roster_in_Kigali_City_for_JULY-AUGUST-SEPTEMBER_2026.pdf,kigali July-September 2026 duty roster,,,phone_from_public_evidence
62,LIFEPLUS PHARMACY LTD,KAYONZA,MUKARANGE,BWIZA,retail-2026-05-62,62,LIFEPLUS PHARMACY LTD,KAYONZA,MUKARANGE BWIZA,0.980,0.273,1.000,true,true,true,false,,,,,,,local_evidence_only
63,PHARMACIE LA SIRENE LTD,KICUKIRO,KICUKIRO,KICUKIRO,retail-2026-05-63,63,PHARMACIE LA SIRENE LTD,KICUKIRO,KICUKIRO KICUKIRO,1.000,0.353,1.000,true,true,true,true,,,,,,,local_evidence_only
64,ROOTMED PHARMACY LTD,KICUKIRO,MASAKA,CYIMO,retail-2026-05-64,64,ROOTMED PHARMACY LTD,KICUKIRO,MASAKA CYIMO,0.980,0.425,1.000,true,true,true,false,+250782893234,public_evidence_csv,https://monitoring.rwandafda.gov.rw/monitoring/documents-management/uploads/3/Human-Retail-Pharmacy-Duty-rosters/Retail_Pharmacies_Duty_Roster_in_Kigali_City_for_JULY-AUGUST-SEPTEMBER_2026.pdf,kigali July-September 2026 duty roster,,,phone_from_public_evidence
65,BESTDAY PHARMACY LTD,KAMONYI,GACURABWEN GE,KIGEMBE,retail-2026-05-65,65,BESTDAY PHARMACY LTD,KAMONYI,GACURABWEN GE KIGEMBE,1.000,0.293,1.000,true,true,true,true,+250788686773,public_evidence_csv,https://monitoring.rwandafda.gov.rw/monitoring/documents-management/uploads/3/Human-Retail-Pharmacy-Duty-rosters/Retail_Pharmacies_Duty_Roster_in_Kamonyi_District_JULY-AUGUST-SEPTEMBER_2026.pdf,kamonyi July-September 2026 duty roster,,,phone_from_public_evidence
66,BLESSING PHARMACY LTD,MUHANGA,NYAMABUYE,GAHOGO,retail-2026-05-66,66,BLESSING PHARMACY LTD,MUHANGA,NYAMABUYE GAHOGO,1.000,0.293,1.000,true,true,true,true,+250782843374,public_evidence_csv,https://monitoring.rwandafda.gov.rw/monitoring/documents-management/uploads/3/Human-Retail-Pharmacy-Duty-rosters/Retail_Pharmacies_Duty_Roster_in_Muhanga_District_JULY-AUGUST-SEPTEMBER_2026.pdf,muhanga July-September 2026 duty roster,,,phone_from_public_evidence
67,DELPHAL PHARMACY LTD,KICUKIRO,GAHANGA,KAREMBURE,retail-2026-05-67,67,DELPHAL PHARMACY LTD,KICUKIRO,GAHANGA KAREMBURE,1.000,0.215,1.000,true,true,true,true,,,,,,,local_evidence_only
68,FAST GENERAL SERVICES LTD,BUGESERA,NTARAMA,KANZENZE,retail-2026-05-68,68,FAST GENERAL SERVICES LTD,BUGESERA,NTARAMA KANZENZE,1.000,0.293,1.000,true,true,true,true,,,,,,,local_evidence_only
69,INTWARI MU BUZIMA PHARMACY LTD,RUBAVU,GISENYI,MBUGANGARI,retail-2026-05-69,69,INTWARI MU BUZIMA PHARMACY LTD,RUBAVU,GISENYI MBUGANGARI,1.000,0.293,1.000,true,true,true,true,,,,,,,local_evidence_only
70,MEDICO PHARMACY LTD,MUSANZE,BUSOGO,SAHARA,retail-2026-05-70,70,MEDICO PHARMACY LTD,MUSANZE,BUSOGO SAHARA,1.000,0.392,1.000,true,true,true,true,+250783111847,public_evidence_csv,https://www.mmi.gov.rw/partners/pharmacies?tx_news_pi1%5Bcontroller%5D=News&tx_news_pi1%5BcurrentPage%5D=6&cHash=64224734865548fd13d5cc8f5b23a505,MMI pharmacy partner directory page 6,,,phone_from_public_evidence
71,PHARMACIE AMIRAH LTD,MUSANZE,MUHOZA,KIGOMBE,retail-2026-05-71,71,PHARMACY AMIRAH LTD,MUSANZE,MUHOZA KIGOMBE,0.980,0.292,1.000,true,true,true,false,+250788971274,public_evidence_csv,https://monitoring.rwandafda.gov.rw/monitoring/documents-management/uploads/3/Human-Retail-Pharmacy-Duty-rosters/Retail_Pharmacies_Duty_Roster_in_Musanze_JULY-AUGUST-SEPTEMBER_2026.pdf,musanze July-September 2026 duty roster,,,phone_from_public_evidence
73,PRESTIGE PHARMACY LTD,RUBAVU,GISENYI,KIVUMU,retail-2026-05-73,73,PRESTIGE PHARMACY LTD,RUBAVU,GISENYI KIVUMU,1.000,0.293,1.000,true,true,true,true,+250788228131,public_evidence_csv,https://monitoring.rwandafda.gov.rw/monitoring/documents-management/uploads/3/Human-Retail-Pharmacy-Duty-rosters/Retail_Pharmacies_Duty_Roster_in_Rubavu_for_JULY-AUGUST-SEPTEMBER_2026.pdf,rubavu July-September 2026 duty roster,,,phone_from_public_evidence
74,PROGRESS PHARMACY LTD,KICUKIRO,KIGARAMA,BWERANKONI,retail-2026-05-74,74,PROGRESS PHARMACY LTD,KICUKIRO,KIGARAMA BWERANKONI,1.000,0.100,1.000,true,true,true,true,+250788646143,public_evidence_csv,https://monitoring.rwandafda.gov.rw/monitoring/documents-management/uploads/3/Human-Retail-Pharmacy-Duty-rosters/Retail_Pharmacies_Duty_Roster_in_Kigali_City_for_JULY-AUGUST-SEPTEMBER_2026.pdf,kigali July-September 2026 duty roster,,,phone_from_public_evidence
76,RWEGO PHARMACY LTD,KAMONYI,GACURABWEN GE,NKINGO,retail-2026-05-76,76,RWEGO PHARMACY LTD,KAMONYI,GACURABWEN GE NKINGO,1.000,0.293,1.000,true,true,true,true,+250788421654,public_evidence_csv,https://monitoring.rwandafda.gov.rw/monitoring/documents-management/uploads/3/Human-Retail-Pharmacy-Duty-rosters/Retail_Pharmacies_Duty_Roster_in_Kamonyi_District_JULY-AUGUST-SEPTEMBER_2026.pdf,kamonyi July-September 2026 duty roster,,,phone_from_public_evidence
77,SIFA PHARMACY LTD,MUSANZE,KINIGI,KAMPANGA,retail-2026-05-77,77,SIFA PHARMACY LTD,MUSANZE,KINIGI KAMPANGA,1.000,0.430,1.000,true,true,true,true,,,,,,,local_evidence_only
78,WEMA RETAIL PHARMACY LTD,HUYE,NGOMA,MATYAZO,retail-2026-05-78,78,WEMA RETAIL PHARMACY LTD,HUYE,NGOMA MATYAZO,1.000,0.430,1.000,true,true,true,true,,,,,,,local_evidence_only
79,WOMEN&CHILD CARE PHARMACY LIMITED,GASABO,REMERA,RUKIRI II,retail-2026-05-79,79,WOMEN&CHILD CARE PHARMACY LIMITED,GASABO,REMERA RUKIRI II,1.000,0.153,1.000,true,true,true,true,+250788313954,public_evidence_csv,https://monitoring.rwandafda.gov.rw/monitoring/documents-management/uploads/3/Human-Retail-Pharmacy-Duty-rosters/Retail_Pharmacies_Duty_Roster_in_Kigali_City_for_JULY-AUGUST-SEPTEMBER_2026.pdf,kigali July-September 2026 duty roster,,,phone_from_public_evidence
80,ALLIMED PHARMACY LTD,GASABO,KIMIRONKO,BIBARE,retail-2026-05-81,81,ALLIMED PHARMACY LTD,GASABO,KIMIRONKO BIBARE,1.000,0.366,1.000,true,true,true,true,,,,,,,local_evidence_only
81,BARAKA PHARMACY LTD,GASABO,NDUBA,GASANZE,retail-2026-05-82,82,BARAKA PHARMACY LTD,GASABO,NDUBA GASANZE,1.000,0.293,1.000,true,true,true,true,+250781705310,public_evidence_csv,https://monitoring.rwandafda.gov.rw/monitoring/documents-management/uploads/3/Human-Retail-Pharmacy-Duty-rosters/Retail_Pharmacies_Duty_Roster_in_Kigali_City_for_JULY-AUGUST-SEPTEMBER_2026.pdf,kigali July-September 2026 duty roster,,,phone_from_public_evidence
82,FBIPA PHARMACY LTD E,KICUKIRO,KAGARAMA,RUKATSA,retail-2026-05-83,83,BIPA PHARMACY LTD,KICUKIRO,KAGARAMA RUKATSA,0.947,0.421,0.930,true,true,true,true,,,,,,,local_evidence_only
83,OMEGA PHARMACY LTD,NYARUGENGE,MUHIMA,NYABUGOGO,retail-2026-05-84,84,OMEGA PHARMACY LTD,NYARUGENGE,MUHIMA NYABUGOGO,0.980,0.273,1.000,true,true,true,false,,,,,,,local_evidence_only
84,PHARMACIE TETA LTD,GASABO,REMERA,RUKIRI I,retail-2026-05-85,85,PHARMACIE TETA LTD,GASABO,REMERA RUKIRI I,1.000,0.073,1.000,true,true,true,true,+250788460549,public_evidence_csv,https://monitoring.rwandafda.gov.rw/monitoring/documents-management/uploads/3/Human-Retail-Pharmacy-Duty-rosters/Retail_Pharmacies_Duty_Roster_in_Kigali_City_for_JULY-AUGUST-SEPTEMBER_2026.pdf,kigali July-September 2026 duty roster,,,phone_from_public_evidence
85,SHEKINAH PHARMACY LTD,BUGESERA,NYAMATA,NYAMATA,retail-2026-05-86,86,SHEKINAH PHARMACY LTD,BUGESERA,NYAMATA NYAMATA,1.000,0.291,1.000,true,true,true,true,,,,,,,local_evidence_only
86,ST ODA PHARMACY- BASE,RULINDO,BASE,RWAMAHWA,retail-2026-05-87,87,ST ODA PHARMACY -BASE,RULINDO,BASE RWAMAHWA,0.980,0.133,1.000,true,true,true,false,+250786364440,public_evidence_csv,https://www.mmi.gov.rw/partners/pharmacies?tx_news_pi1%5Bcontroller%5D=News&tx_news_pi1%5BcurrentPage%5D=11&cHash=673911716afa33a833f26bcd03ee3df1,MMI pharmacy partner directory page 11,,,phone_from_public_evidence
87,YES PHARMACY LTD,GASABO,NDUBA,GASANZE,retail-2026-05-88,88,YES PHARMACY LTD,GASABO,NDUBA GASANZE,1.000,0.293,1.000,true,true,true,true,+250783857499,public_evidence_csv,https://www.mmi.gov.rw/partners/pharmacies?tx_news_pi1%5Bcontroller%5D=News&tx_news_pi1%5BcurrentPage%5D=14&cHash=b4ed1aa76afc103eea72dbf0adb9b48b,MMI pharmacy partner directory page 14,,,phone_from_public_evidence
88,ZOE PHARMACY LTD,GASABO,KIMIHURURA,KIMIHURURA,retail-2026-05-89,89,ZOE PHARMACY LTD,GASABO,KIMIHURURA KIMIHURURA,1.000,0.426,1.000,true,true,true,true,,,,,,,local_evidence_only
89,HORIZON PHARMACY LTD,NYARUGENGE,NYAMIRAMBO,RUGARAMA,retail-2026-05-90,90,HORIZON PHARMACY LTD,NYARUGENGE,NYAMIRAMBO RUGARAMA,1.000,0.020,1.000,true,true,true,true,,,,,,,local_evidence_only
90,PHARMACIE CONSEIL- KACYIRU,GASABO,KIMIHURURA,KAMUKINA,retail-2026-05-91,91,PHARMACIE CONSEIL - KACYIRU,GASABO,KIMIHURURA KAMUKINA,1.000,0.293,1.000,true,true,true,true,+250788305077,public_evidence_csv,https://monitoring.rwandafda.gov.rw/monitoring/documents-management/uploads/3/Human-Retail-Pharmacy-Duty-rosters/Retail_Pharmacies_Duty_Roster_in_Kigali_City_for_JULY-AUGUST-SEPTEMBER_2026.pdf,kigali July-September 2026 duty roster,,,phone_from_public_evidence
91,PHARMACIE DE MUBUGA LTD,GASABO,NDERA,MASORO,retail-2026-05-624,624,G-PHARMACY Ltd,GASABO,NDERA CYARUZINGE,0.907,0.367,0.930,true,true,false,false,,,,,,,local_evidence_only
92,TERCERA PHARMACY LTD,GASABO,KIMIHURURA,KAMUKINA,retail-2026-05-92,92,TERCERA PHARMACY LTD,GASABO,KIMIHURURA KAMUKINA,1.000,0.353,1.000,true,true,true,true,,,,,,,local_evidence_only
93,AGAPE PHARMACY LTD,GISAGARA,SAVE,GATOKI,retail-2026-05-93,93,AGAPE PHARMACY LTD,GISAGARA,SAVE GATOKI,1.000,0.293,1.000,true,true,true,true,,,,,,,local_evidence_only
94,AKEDAH LTD,BUGESERA,NYAMATA,NYAMATA,retail-2026-05-94,94,AKEDAH LTD,BUGESERA,NYAMATA NYAMATA,1.000,0.346,1.000,true,true,true,true,+250781413836,public_evidence_csv,https://monitoring.rwandafda.gov.rw/monitoring/documents-management/uploads/3/Human-Retail-Pharmacy-Duty-rosters/Retail_Pharmacies_Duty_Roster_in_Bugesera_District_JULY-AUGUST-SEPTEMBER_2026.pdf,bugesera July-September 2026 duty roster,,,phone_from_public_evidence
95,ASHLINE PHARMACY LTD,GASABO,RUSORORO,RUHUNGA,retail-2026-05-95,95,ASHLINE PHARMACY LTD,GASABO,RUSORORO RUHUNGA,1.000,0.293,1.000,true,true,true,true,,,,,,,local_evidence_only
96,AFRI HEALTH PLUS Ltd,KUCIKIRO,GIKONDO,KANSEREGE,retail-2026-05-96,96,AFRI HEALTH PLUS Ltd,KUCIKIRO,GIKONDO KANSEREGE,1.000,0.293,1.000,true,true,true,true,,,,,,,local_evidence_only
97,BAHONEZA PHARMACY LTD,HUYE,NGOMA,BUTARE,retail-2026-05-97,97,BAHONEZA PHARMACY LTD,HUYE,NGOMA BUTARE,1.000,0.293,1.000,true,true,true,true,+250793455458,public_evidence_csv,https://monitoring.rwandafda.gov.rw/monitoring/documents-management/uploads/3/Human-Retail-Pharmacy-Duty-rosters/Retail_Pharmacies_Duty_Roster_in_Huye_District_JULY-AUGUST-SEPTEMBER_2026.pdf,huye July-September 2026 duty roster,,,phone_from_public_evidence
98,BETHZATHA PHARMACY LTD,KICUKIRO,NIBOYE,NIBOYE,retail-2026-05-98,98,BETHZATHA PHARMACY LTD,KICUKIRO,NIBOYE NIBOYE,1.000,0.392,1.000,true,true,true,true,,,,,,,local_evidence_only
99,DAMU PHARMACY LTD,KIREHE,KIGINA,RUHANGA,retail-2026-05-99,99,DAMU PHARMACY LTD,KIREHE,KIGINA RUHANGA,1.000,0.400,1.000,true,true,true,true,,,,,,,local_evidence_only
100,ELLIS PHARMACY LTD,GASABO,GISOZI,MUSEZERO,retail-2026-05-100,100,ELLIS PHARMACY LTD,GASABO,GISOZI MUSEZERO,0.980,0.324,1.000,true,true,true,false,,,,,,,local_evidence_only
101,ESPERANTO PHARMACY LTD,KAYONZA,MUKARANGE,BWIZA,retail-2026-05-101,101,ESPERANTO PHARMACY LTD,KAYONZA,MUKARANGE BWIZA,0.980,0.389,1.000,true,true,true,false,+250788460201,public_evidence_csv,https://monitoring.rwandafda.gov.rw/monitoring/documents-management/uploads/3/Human-Retail-Pharmacy-Duty-rosters/Retail_Pharmacies_Duty_Roster_in_Kayonza_District_JULY-AUGUST-SEPTEMBER_2026.pdf,kayonza July-September 2026 duty roster,,,phone_from_public_evidence
102,FIDES PHARMACY LTD,MUHANGA,NYAMABUYE,GAHOGO,retail-2026-05-102,102,FIDES PHARMACY LTD,MUHANGA,NYAMABUYE GAHOGO,1.000,0.447,1.000,true,true,true,true,,,,,,,local_evidence_only
103,GIRUBUZIMA PHARMACY LTD,GICUMBI,MUTETE,GASEKE,retail-2026-05-103,103,GIRUBUZIMA PHARMACY LTD,GICUMBI,MUTETE GASEKE,1.000,0.293,1.000,true,true,true,true,,,,,,,local_evidence_only
104,IGIHOZO PHARMACY LTD,GASABO,RUSORORO,KABUGA I,retail-2026-05-104,104,IGIHOZO PHARMACY LTD,GASABO,RUSORORO KABUGA I,1.000,0.153,1.000,true,true,true,true,+250788897936,public_evidence_csv,https://monitoring.rwandafda.gov.rw/monitoring/documents-management/uploads/3/Human-Retail-Pharmacy-Duty-rosters/Retail_Pharmacies_Duty_Roster_in_Kigali_City_for_JULY-AUGUST-SEPTEMBER_2026.pdf,kigali July-September 2026 duty roster,,,phone_from_public_evidence
105,INTWALI PHARMACY LTD,RWAMAGANA,KARENGE,KARENGE,retail-2026-05-105,105,INTWALI PHARMACY LTD,RWAMAGANA,KARENGE KARENGE,1.000,0.455,1.000,true,true,true,true,+250785223040,public_evidence_csv,https://monitoring.rwandafda.gov.rw/monitoring/documents-management/uploads/3/Human-Retail-Pharmacy-Duty-rosters/Retail_Pharmacies_Duty_Roster_in_Rwamagana_JULY-AUGUST-SEPTEMBER_2026.pdf,rwamagana July-September 2026 duty roster,,,phone_from_public_evidence
106,ISEZERANO PHARMACY LTD,NYAMASHEKE,BUSHENGE,MPARA,retail-2026-05-106,106,ISEZERANO PHARMACY LTD,NYAMASHEKE,BUSHENGE MPARA,1.000,0.293,1.000,true,true,true,true,,,,,,,local_evidence_only
107,LE NORMAL LTD,KICUKIRO,KIGARAMA,KIGARAMA,retail-2026-05-107,107,LE NORMAL LTD,KICUKIRO,KIGARAMA KIGARAMA,1.000,0.400,1.000,true,true,true,true,,,,,,,local_evidence_only
108,NISHIMWE PHARMACY LTD,KICUKIRO,MASAKA,GAKO,retail-2026-05-108,108,NISHIMWE PHARMACY LTD,KICUKIRO,MASAKA GAKO,1.000,0.426,1.000,true,true,true,true,,,,,,,local_evidence_only
109,NSHUTI2PHARMACY LTD,KIREHE,NYAMUGARI,KAGASA,retail-2026-05-109,109,NSHUTI2PHARMACY LTD,KIREHE,NYAMUGARI KAGASA,1.000,0.237,1.000,true,true,true,true,,,,,,,local_evidence_only
110,PHARMACIE L’EXPERIENCE LTD,KICUKIRO,GAHANGA,KAGASA,retail-2026-05-110,110,PHARMACIE L’EXPERIENCE LTD,KICUKIRO,GAHANGA KAGASA,0.980,0.333,1.000,true,true,true,false,+250788305333,public_evidence_csv,https://monitoring.rwandafda.gov.rw/monitoring/documents-management/uploads/3/Human-Retail-Pharmacy-Duty-rosters/Retail_Pharmacies_Duty_Roster_in_Kigali_City_for_JULY-AUGUST-SEPTEMBER_2026.pdf,kigali July-September 2026 duty roster,,,phone_from_public_evidence
111,PHARMACY CONCORDE LINK LTD,KICUKIRO,KIGARAMA,KARUGIRA,retail-2026-05-111,111,PHARMACY CONCORDE LINK LTD,KICUKIRO,KIGARAMA KARUGIRA,1.000,0.093,1.000,true,true,true,true,,,,,,,local_evidence_only
112,SCORE PHARMACY LTD,NYARUGENGE,MUHIMA,UBUMWE,retail-2026-05-112,112,SCORE PHARMACY LTD,NYARUGENGE,MUHIMA UBUMWE,1.000,0.385,1.000,true,true,true,true,+250783410790,public_evidence_csv,https://monitoring.rwandafda.gov.rw/monitoring/documents-management/uploads/3/Human-Retail-Pharmacy-Duty-rosters/Retail_Pharmacies_Duty_Roster_in_Kigali_City_for_JULY-AUGUST-SEPTEMBER_2026.pdf,kigali July-September 2026 duty roster,,,phone_from_public_evidence
113,TUMA PHARMACY LTD,BUGESERA,NYAMATA,NYAMATA,retail-2026-05-113,113,TUMA PHARMACY LTD,BUGESERA,NYAMATA NYAMATA,1.000,0.442,1.000,true,true,true,true,+250785481563,public_evidence_csv,https://monitoring.rwandafda.gov.rw/monitoring/documents-management/uploads/3/Human-Retail-Pharmacy-Duty-rosters/Retail_Pharmacies_Duty_Roster_in_Bugesera_District_JULY-AUGUST-SEPTEMBER_2026.pdf,bugesera July-September 2026 duty roster,,,phone_from_public_evidence
114,UNIPHARMA B5,KICUKIRO,NIBOYE,NYAKABANDA,retail-2026-05-114,114,UNIPHARMA B5,KICUKIRO,NIBOYE NYAKABANDA,1.000,0.020,1.000,true,true,true,true,,,,,,,local_evidence_only
115,UNIPHARMA LTD,NYARUGENGE,NYARUGENGE,KIYOVU,retail-2026-05-115,115,UNIPHARMA LTD,NYARUGENGE,NYARUGENGE KIYOVU,1.000,0.293,1.000,true,true,true,true,,,,,,,local_evidence_only
116,URUMURI PHARMACY LTD,MUHANGA,NYAMABUYE,GAHOGO,retail-2026-05-116,116,URUMURI PHARMACY LTD,MUHANGA,NYAMABUYE GAHOGO,1.000,0.349,1.000,true,true,true,true,+250784950442,public_evidence_csv,https://monitoring.rwandafda.gov.rw/monitoring/documents-management/uploads/3/Human-Retail-Pharmacy-Duty-rosters/Retail_Pharmacies_Duty_Roster_in_Muhanga_District_JULY-AUGUST-SEPTEMBER_2026.pdf,muhanga July-September 2026 duty roster,,,phone_from_public_evidence
117,YVANNA PHARMACY LTD,GASABO,GISOZI,RUHANGO,retail-2026-05-117,117,YVANNA PHARMACY LTD,GASABO,GISOZI RUHANGO,1.000,0.020,1.000,true,true,true,true,,,,,,,local_evidence_only
118,AGAPE PHARMACY Ltd,GISAGARA,SAVE,GATOKI,retail-2026-05-93,93,AGAPE PHARMACY LTD,GISAGARA,SAVE GATOKI,1.000,0.293,1.000,true,true,true,true,,,,,,,local_evidence_only
119,GOODLIFE HEALTH AND BEAUTY KIMIRONKO,GASABO,KIMIRONKO,NYAGATOVU,retail-2026-05-118,118,GOODLIFE HEALTH AND BEAUTY KIMIRONKO,GASABO,KIMIRONKO NYAGATOVU,1.000,0.153,1.000,true,true,true,true,,,,,,,local_evidence_only
120,TAMU PHARMACY Ltd,KICUKIRO,GATENGA,GATENGA,retail-2026-05-119,119,TAMU PHARMACY Ltd,KICUKIRO,GATENGA GATENGA,1.000,0.430,1.000,true,true,true,true,,,,,,,local_evidence_only
121,PHARMACIE LA BONNE SANTE Ltd,NGOMA,SAKE,GAFUNZO,retail-2026-05-122,122,PHARMACIE LA BONNE SANTE Ltd,NGOMA,SAKE GAFUNZO,1.000,0.392,1.000,true,true,true,true,,,,,,,local_evidence_only
122,ADONIS PHARMACY Ltd,KICUKIRO,KANOMBE,BUSANZA,retail-2026-05-123,123,ADONIS PHARMACY Ltd,KICUKIRO,KANOMBE BUSANZA,1.000,0.344,1.000,true,true,true,true,,,,,,,local_evidence_only
123,ASHERI PHARMACY Ltd,KICUKIRO,NYARUGUNGA,NKOKO,retail-2026-05-124,124,ASHERI PHARMACY Ltd,KICUKIRO,NYARUGUNGA NKOKO,0.980,0.273,1.000,true,true,true,false,,,,,,,local_evidence_only
124,CYIZA PHARMACY Ltd,KICUKIRO,MASAKA,CYIMO,retail-2026-05-125,125,CYIZA PHARMACY Ltd,KICUKIRO,MASAKA CYIMO,0.980,0.273,1.000,true,true,true,false,+250788497556,public_evidence_csv,https://monitoring.rwandafda.gov.rw/monitoring/documents-management/uploads/3/Human-Retail-Pharmacy-Duty-rosters/Retail_Pharmacies_Duty_Roster_in_Kigali_City_for_JULY-AUGUST-SEPTEMBER_2026.pdf,kigali July-September 2026 duty roster,,,phone_from_public_evidence
125,GOODLIFE HEALTH AND BEAUTY GACURIRO,GASABO,KINYINYA,GACURIRO,retail-2026-05-126,126,GOODLIFE HEALTH AND BEAUTY GACURIRO,GASABO,KINYINYA GACURIRO,1.000,0.153,1.000,true,true,true,true,,,,,,,local_evidence_only
126,MEREPHARMA KIMIRONKO,GASABO,KIMIRONKO,KIBAGABABA,retail-2026-05-127,127,MEREPHARMA KIMIRONKO,GASABO,KIMIRONKO KIBAGABABA,1.000,0.153,1.000,true,true,true,true,,,,,,,local_evidence_only
127,NEIGE PHARMACY Ltd,GASABO,JABANA,AKAMATAMU,retail-2026-05-128,128,NEIGE PHARMACY Ltd,GASABO,JABANA AKAMATAMU,1.000,0.153,1.000,true,true,true,true,+250788517982,public_evidence_csv,https://monitoring.rwandafda.gov.rw/monitoring/documents-management/uploads/3/Human-Retail-Pharmacy-Duty-rosters/Retail_Pharmacies_Duty_Roster_in_Kigali_City_for_JULY-AUGUST-SEPTEMBER_2026.pdf,kigali July-September 2026 duty roster,,,phone_from_public_evidence
128,PRIMA PHARMACY Ltd,KICUKIRO,KANOMBE,BUSANZA,retail-2026-05-129,129,PRIMA PHARMACY Ltd,KICUKIRO,KANOMBE BUSANZA,1.000,0.395,1.000,true,true,true,true,,,,,,,local_evidence_only
129,THE STANDARDS PHARMACY Ltd,GASABO,KINYINYA,KAGUGU,retail-2026-05-130,130,THE STANDARDS PHARMACY Ltd,GASABO,KINYINYA KAGUGU,1.000,0.422,1.000,true,true,true,true,,,,,,,local_evidence_only
130,MIKA PHARMACY Ltd,NYAGATARE,NYAGATARE,NYAGATARE,retail-2026-05-131,131,MIKA PHARMACY Ltd,NYAGATARE,NYAGATARE NYAGATARE,1.000,0.293,1.000,true,true,true,true,+250780255759,public_evidence_csv,https://monitoring.rwandafda.gov.rw/monitoring/documents-management/uploads/3/Human-Retail-Pharmacy-Duty-rosters/Retail_Pharmacies_Duty_Roster_in_Nyagatare_for_JULY-AUGUST-SEPTEMBER_2026.pdf,nyagatare July-September 2026 duty roster,,,phone_from_public_evidence
131,CYIZA PHARMACY LTD,KICUKIRO,MASAKA,CYIMO,retail-2026-05-125,125,CYIZA PHARMACY Ltd,KICUKIRO,MASAKA CYIMO,0.980,0.273,1.000,true,true,true,false,+250788497556,public_evidence_csv,https://monitoring.rwandafda.gov.rw/monitoring/documents-management/uploads/3/Human-Retail-Pharmacy-Duty-rosters/Retail_Pharmacies_Duty_Roster_in_Kigali_City_for_JULY-AUGUST-SEPTEMBER_2026.pdf,kigali July-September 2026 duty roster,,,phone_from_public_evidence
132,ED-IRISA PHARMACY LTD,KICUKIRO,KANOMBE,BUSANZA,retail-2026-05-132,132,ED -IRISA PHARMACY LTD,KICUKIRO,KANOMBE BUSANZA,1.000,0.293,1.000,true,true,true,true,+250788484003,public_evidence_csv,https://monitoring.rwandafda.gov.rw/monitoring/documents-management/uploads/3/Human-Retail-Pharmacy-Duty-rosters/Retail_Pharmacies_Duty_Roster_in_Kigali_City_for_JULY-AUGUST-SEPTEMBER_2026.pdf,kigali July-September 2026 duty roster,,,phone_from_public_evidence
133,GAGA PHARMACY Ltd,RWAMAGANA,MUYUMBU,AKINYAMBO,retail-2026-05-133,133,GAGA PHARMACY Ltd,RWAMAGANA,MUYUMBU AKINYAMBO,1.000,0.293,1.000,true,true,true,true,+250789314019,public_evidence_csv,https://monitoring.rwandafda.gov.rw/monitoring/documents-management/uploads/3/Human-Retail-Pharmacy-Duty-rosters/Retail_Pharmacies_Duty_Roster_in_Rwamagana_JULY-AUGUST-SEPTEMBER_2026.pdf,rwamagana July-September 2026 duty roster,,,phone_from_public_evidence
134,PHARMACIE SHEMA,NYARUGENGE,NYARUGENGE,KIYOVU,retail-2026-05-134,134,PHARMACIE SHEMA,NYARUGENGE,NYARUGENGE KIYOVU,1.000,0.293,1.000,true,true,true,true,+250788847538,public_evidence_csv,https://monitoring.rwandafda.gov.rw/monitoring/documents-management/uploads/3/Human-Retail-Pharmacy-Duty-rosters/Retail_Pharmacies_Duty_Roster_in_Kigali_City_for_JULY-AUGUST-SEPTEMBER_2026.pdf,kigali July-September 2026 duty roster,,,phone_from_public_evidence
135,TECHNIPHARMA Ltd,KICUKIRO,KIGARAMA,NYARURAMA,retail-2026-05-135,135,TECHNIPHARMA Ltd,KICUKIRO,KIGARAMA NYARURAMA,1.000,0.328,1.000,true,true,true,true,,,,,,,local_evidence_only
136,AHEZA BIGOGWE PHARMACY Ltd,RUBAVU,KANZENZE,KIREREMA,retail-2026-05-136,136,AHEZA BIGOGWE PHARMACY Ltd,RUBAVU,KANZENZE KIREREMA,0.980,0.273,1.000,true,true,true,false,,,,,,,local_evidence_only
137,DAVY’S PHARMACY Ltd,GASABO,JABANA,KABUYE,retail-2026-05-137,137,SALAMA -DAVY’S PHARMACY Ltd,GASABO,JABANA KABUYE,0.947,0.351,0.930,true,true,true,true,,,,,,,local_evidence_only
138,KINGRA Ltd,NYARUGENGE,NYAMIRAMBO,BIRYOGO,retail-2026-05-138,138,KINGRA Ltd,NYARUGENGE,NYAMIRAMBO BIRYOGO,0.980,0.273,1.000,true,true,true,false,,,,,,,local_evidence_only
139,HAVILAH N PHARMACY Ltd,BUGESERA,NYAMATA,KAYUMBU,retail-2026-05-139,139,HAVILAH N PHARMACY Ltd,BUGESERA,NYAMATA KAYUMBU,1.000,0.293,1.000,true,true,true,true,,,,,,,local_evidence_only
141,THE SPECIALIST PHARMACY Ltd,GASABO,KIMIRONKO,BIBARE,retail-2026-05-140,140,THE SPECIALIST PHARMACY Ltd,GASABO,KIMIRONKO BIBARE,1.000,0.358,1.000,true,true,true,true,+250788500952,public_evidence_csv,https://monitoring.rwandafda.gov.rw/monitoring/documents-management/uploads/3/Human-Retail-Pharmacy-Duty-rosters/Retail_Pharmacies_Duty_Roster_in_Kigali_City_for_JULY-AUGUST-SEPTEMBER_2026.pdf,kigali July-September 2026 duty roster,,,phone_from_public_evidence
142,GERIC PHARMACY Ltd,NYARUGENGE,NYARUGENGE,BIRYOGO,retail-2026-05-141,141,GERIC PHARMACY Ltd,NYARUGENGE,NYARUGENGE BIRYOGO,1.000,0.293,1.000,true,true,true,true,+250785377507,public_evidence_csv,https://monitoring.rwandafda.gov.rw/monitoring/documents-management/uploads/3/Human-Retail-Pharmacy-Duty-rosters/Retail_Pharmacies_Duty_Roster_in_Kigali_City_for_JULY-AUGUST-SEPTEMBER_2026.pdf,kigali July-September 2026 duty roster,,,phone_from_public_evidence
144,JM PHARMACY Ltd,GASABO,KACYIRU,KAMATAMU,retail-2026-05-143,143,SALAMA -JM PHARMACY Ltd,GASABO,KACYIRU KAMATAMU,0.947,0.339,0.930,true,true,true,true,,,,,,,local_evidence_only
145,RITE PHARMACY Ltd(Sana Branch),NYARUGENGE,NYARUGENGE,KIYOVU,retail-2026-05-144,144,RITE PHARMACY Ltd(Sana Branch),NYARUGENGE,NYARUGENGE KIYOVU,1.000,0.293,1.000,true,true,true,true,+250788308230,public_evidence_csv,https://monitoring.rwandafda.gov.rw/monitoring/documents-management/uploads/3/Human-Retail-Pharmacy-Duty-rosters/Retail_Pharmacies_Duty_Roster_in_Kigali_City_for_JULY-AUGUST-SEPTEMBER_2026.pdf,kigali July-September 2026 duty roster,,,phone_from_public_evidence
146,SANITATEM PHARMACY Ltd,GASABO,KIMIRONKO,BIBARE,retail-2026-05-145,145,SANITATEM PHARMACY Ltd,GASABO,KIMIRONKO BIBARE,0.980,0.304,1.000,true,true,true,false,,,,,,,local_evidence_only
147,EXTREME PHARMACY Ltd,KICUKIRO,KICUKIRO,KICUKIRO,retail-2026-05-146,146,EXTREME PHARMACY Ltd,KICUKIRO,KICUKIRO KICUKIRO,1.000,0.346,1.000,true,true,true,true,+250788676607,public_evidence_csv,https://monitoring.rwandafda.gov.rw/monitoring/documents-management/uploads/3/Human-Retail-Pharmacy-Duty-rosters/Retail_Pharmacies_Duty_Roster_in_Kigali_City_for_JULY-AUGUST-SEPTEMBER_2026.pdf,kigali July-September 2026 duty roster,,,phone_from_public_evidence
148,PHARMACIE GALENIQUE Ltd,KIREHE,MAHAMA,MUNINI,retail-2026-05-147,147,PHARMACIE GALENIQUE Ltd,KIREHE,MAHAMA MUNINI,1.000,0.293,1.000,true,true,true,true,,,,,,,local_evidence_only
149,DEPHAR PHARMACY LTD,KICUKIRO,GAHANGA,NYANZA,retail-2026-05-148,148,DEPHAR PHARMACY LTD,KICUKIRO,GAHANGA NYANZA,1.000,0.215,1.000,true,true,true,true,,,,,,,local_evidence_only
150,LA CURA PHARMACY Ltd,GASABO,KIMIRONKO,KIBAGABAGA,retail-2026-05-149,149,LA CURA PHARMACY Ltd,GASABO,KIMIRONKO KIBAGABAGA,1.000,0.404,1.000,true,true,true,true,+250785590594,public_evidence_csv,https://monitoring.rwandafda.gov.rw/monitoring/documents-management/uploads/3/Human-Retail-Pharmacy-Duty-rosters/Retail_Pharmacies_Duty_Roster_in_Kigali_City_for_JULY-AUGUST-SEPTEMBER_2026.pdf,kigali July-September 2026 duty roster,,,phone_from_public_evidence
151,PHARMA BEST Ltd,HUYE,NGOMA,KABUTARE,retail-2026-05-150,150,PHARMA BEST Ltd,HUYE,NGOMA KABUTARE,0.980,0.273,1.000,true,true,true,false,+250784484324,public_evidence_csv,https://monitoring.rwandafda.gov.rw/monitoring/documents-management/uploads/3/Human-Retail-Pharmacy-Duty-rosters/Retail_Pharmacies_Duty_Roster_in_Huye_District_JULY-AUGUST-SEPTEMBER_2026.pdf,huye July-September 2026 duty roster,,,phone_from_public_evidence
152,SALVE PHARMACY Ltd,KAMONYI,RUNDA,RUYENZI,retail-2026-05-151,151,SALVE PHARMACY Ltd,KAMONYI,RUNDA RUYENZI,1.000,0.447,1.000,true,true,true,true,,,,,,,local_evidence_only
153,MEVA PHARMACY LTD,GASABO,GISOZI,RUHANGO,retail-2026-05-152,152,MEVA PHARMACY LTD,GASABO,GISOZI RUHANGO,1.000,0.462,1.000,true,true,true,true,,,,,,,local_evidence_only
154,PHARMACIE RACINE LTD,KICUKIRO,KAGARAMA,MUYANGE,retail-2026-05-153,153,PHARMACIE RACINE LTD,KICUKIRO,KAGARAMA MUYANGE,0.980,0.365,1.000,true,true,true,false,+250788653947,public_evidence_csv,https://monitoring.rwandafda.gov.rw/monitoring/documents-management/uploads/3/Human-Retail-Pharmacy-Duty-rosters/Retail_Pharmacies_Duty_Roster_in_Kigali_City_for_JULY-AUGUST-SEPTEMBER_2026.pdf,kigali July-September 2026 duty roster,,,phone_from_public_evidence
155,ACCESS PHARMACY Ltd,GICUMBI,BYUMBA,GACURABWEN GE,retail-2026-05-154,154,ACCESS PHARMACY Ltd,GICUMBI,BYUMBA GACURABWENGE,0.960,0.375,1.000,true,true,false,false,,,,,,,local_evidence_only
156,AMAYA PHARMACY Ltd,GASABO,GISOZI,MUSEZERO,retail-2026-05-155,155,AMAYA PHARMACY Ltd,GASABO,GISOZI MUSEZERO,1.000,0.392,1.000,true,true,true,true,+250788434633,public_evidence_csv,https://monitoring.rwandafda.gov.rw/monitoring/documents-management/uploads/3/Human-Retail-Pharmacy-Duty-rosters/Retail_Pharmacies_Duty_Roster_in_Kigali_City_for_JULY-AUGUST-SEPTEMBER_2026.pdf,kigali July-September 2026 duty roster,,,phone_from_public_evidence
157,ANGEL PHARMACY Ltd,NYARUGENGE,RWEZAMENY O,KABUGURU,retail-2026-05-156,156,ANGEL PHARMACY Ltd,NYARUGENGE,RWEZAMENYO KABUGURU,0.940,0.233,1.000,true,false,true,true,+250788516976,public_evidence_csv,https://monitoring.rwandafda.gov.rw/monitoring/documents-management/uploads/3/Human-Retail-Pharmacy-Duty-rosters/Retail_Pharmacies_Duty_Roster_in_Kigali_City_for_JULY-AUGUST-SEPTEMBER_2026.pdf,kigali July-September 2026 duty roster,,,phone_from_public_evidence
158,DIVA PHARMACY Ltd,NYARUGENGE,NYARUGENGE,KIYOVU,retail-2026-05-157,157,DIVA PHARMACY Ltd,NYARUGENGE,NYARUGENGE KIYOVU,1.000,0.353,1.000,true,true,true,true,,,,,,,local_evidence_only
159,EMMY PHARMACY Ltd,KICUKIRO,KANOMBE,RUBIRIZI,retail-2026-05-158,158,EMMY PHARMACY Ltd,KICUKIRO,KANOMBE RUBIRIZI,1.000,0.480,1.000,true,true,true,true,,,,,,,local_evidence_only
161,GENESIS PHARMACY Limited,RULINDO,SHYORONGI,RUTONDE,retail-2026-05-160,160,GENESIS PHARMACY Limited,RULINDO,SHYORONGI RUTONDE,1.000,0.293,1.000,true,true,true,true,,,,,,,local_evidence_only
162,GRIIN PHARMACY Ltd,NGORORERO,NYANGE,NSIBO,retail-2026-05-161,161,GRIIN PHARMACY Ltd,NGORORERO,GATUMBA RUSUMO,0.920,0.213,1.000,true,false,false,true,,,,,,,local_evidence_only
163,ICYIZERE PHARMACY Ltd,KARONGI,BWISHYURA,KINIHIRA,retail-2026-05-162,162,ICYIZERE PHARMACY Ltd,KARONGI,BWISHYURA KINIHIRA,1.000,0.457,1.000,true,true,true,true,,,,,,,local_evidence_only
164,IGI PHARMACY LTD,GICUMBI,BYUMBA,GISUNA,retail-2026-05-163,163,IGI PHARMACY LTD,GICUMBI,BYUMBA GISUNA,0.980,0.273,1.000,true,true,true,false,,,,,,,local_evidence_only
165,KING PHARMACY Ltd,RUBAVU,NYAKIRIBA,KANYEFURWE,retail-2026-05-164,164,KING PHARMACY Ltd,RUBAVU,NYAKIRIBA KANYEFURWE,1.000,0.293,1.000,true,true,true,true,,,,,,,local_evidence_only
166,LOIC PHARMACY Ltd,MUSANZE,MUSANZE,RWAMBOGO,retail-2026-05-165,165,LOIC PHARMACY Ltd,MUSANZE,MUSANZE RWAMBOGO,1.000,0.493,1.000,true,true,true,true,,,,,,,local_evidence_only
167,LUSYMA PHARMACY Ltd,KAMONYI,RUGARIKA,SHELI,retail-2026-05-166,166,LUSYMA PHARMACY Ltd,KAMONYI,RUGARIKA SHELI,1.000,0.480,1.000,true,true,true,true,,,,,,,local_evidence_only
168,M.V PHARMACIE AGAHOZO Ltd,NGOMA,RUKIRA,BURIBA,retail-2026-05-167,167,M.V PHARMACIE AGAHOZO Ltd,NGOMA,RUKIRA BURIBA,1.000,0.000,1.000,true,true,true,true,,,,,,,local_evidence_only
169,MAX PHARMACY Ltd,RUSIZI,GIHUNDWE,BURANGA,retail-2026-05-168,168,MAX PHARMACY Ltd,RUSIZI,GIHUNDWE BURANGA,1.000,0.293,1.000,true,true,true,true,+250783087058,public_evidence_csv,https://www.mmi.gov.rw/partners/pharmacies?tx_news_pi1%5Bcontroller%5D=News&tx_news_pi1%5BcurrentPage%5D=6&cHash=64224734865548fd13d5cc8f5b23a505,MMI pharmacy partner directory page 6,,,phone_from_public_evidence
170,MEDLINK PHARMACY Ltd,RUBAVU,GISENYI,NENGO,retail-2026-05-169,169,MEDLINK PHARMACY Ltd,RUBAVU,GISENYI NENGO,1.000,0.349,1.000,true,true,true,true,,,,,,,local_evidence_only
172,NKERA PHARMACY Ltd,NYARUGENGE,NYAKABANDA,MUNANIRA I,retail-2026-05-170,170,NKERA PHARMACY Ltd,NYARUGENGE,NYAKABANDA MUNANIRA I,1.000,0.307,1.000,true,true,true,true,,,,,,,local_evidence_only
173,OCEANO FARMACIA Ltd,KICUKIRO,KIGARAMA,KARUGIRA,retail-2026-05-171,171,OCEANO FARMACIA Ltd,KICUKIRO,KIGARAMA KARUGIRA,1.000,0.420,1.000,true,true,true,true,,,,,,,local_evidence_only
174,PHARMA LUZ LTD,GASABO,KINYINYA,MURAMA,retail-2026-05-186,186,PHARMA LUZ LTD,GASABO,KINYINYA MURAMA,1.000,0.522,1.000,true,true,true,true,,,,,,,local_evidence_only
175,PHARMACIE DOVE Ltd,GASABO,GISOZI,MUSEZERO,retail-2026-05-172,172,PHARMACIE DOVE Ltd,GASABO,GISOZI MUSEZERO,1.000,0.353,1.000,true,true,true,true,+250788649717,public_evidence_csv,https://monitoring.rwandafda.gov.rw/monitoring/documents-management/uploads/3/Human-Retail-Pharmacy-Duty-rosters/Retail_Pharmacies_Duty_Roster_in_Kigali_City_for_JULY-AUGUST-SEPTEMBER_2026.pdf,kigali July-September 2026 duty roster,,,phone_from_public_evidence
176,PHARMACIE DU CALME LTD,GASABO,RUSORORO,KABUGA I,retail-2026-05-173,173,PHARMACIE DU CALME Ltd,GASABO,RUSORORO KABUGA I,0.980,0.297,1.000,true,true,true,false,+250788346700,public_evidence_csv,https://monitoring.rwandafda.gov.rw/monitoring/documents-management/uploads/3/Human-Retail-Pharmacy-Duty-rosters/Retail_Pharmacies_Duty_Roster_in_Kigali_City_for_JULY-AUGUST-SEPTEMBER_2026.pdf,kigali July-September 2026 duty roster,,,phone_from_public_evidence
177,PHARMACIE LYDDA Ltd,KICUKIRO,NYARUGUNGA,KAMASHASHI,retail-2026-05-174,174,PHARMACIE LYDDA Ltd,KICUKIRO,NYARUGUNGA KAMASHASHI,1.000,0.404,1.000,true,true,true,true,,,,,,,local_evidence_only
178,PHARMACIE MALIK Ltd,NGORORERO,KABAYA,KABAYA,retail-2026-05-175,175,PHARMACIE MALIK Ltd,NGORORERO,KABAYA KABAYA,1.000,0.493,1.000,true,true,true,true,,,,,,,local_evidence_only
179,PHARMACIE UMWUNGERI Ltd,MUSANZE,BUSOGO,BYANGABO,retail-2026-05-176,176,PHARMACIE UMWUNGERI Ltd,MUSANZE,BUSOGO BYANGABO,1.000,0.293,1.000,true,true,true,true,,,,,,,local_evidence_only
180,PHARMACY HASHIMWE YESU Ltd,KAMONYI,RUNDA,GIHARA,retail-2026-05-177,177,PHARMACY HASHIMWE YESU Ltd,KAMONYI,RUNDA GIHARA,1.000,0.293,1.000,true,true,true,true,+250786259390,public_evidence_csv,https://monitoring.rwandafda.gov.rw/monitoring/documents-management/uploads/3/Human-Retail-Pharmacy-Duty-rosters/Retail_Pharmacies_Duty_Roster_in_Kamonyi_District_JULY-AUGUST-SEPTEMBER_2026.pdf,kamonyi July-September 2026 duty roster,,,phone_from_public_evidence
181,REGOPHARMA Limited,KICUKIRO,KANOMBE,KABEZA,retail-2026-05-178,178,REGOPHARMA Limited,KICUKIRO,KANOMBE KABEZA,1.000,0.293,1.000,true,true,true,true,,,,,,,local_evidence_only
182,ROPH PHARMACY Ltd,BUGESERA,NYAMATA,NYAMATA,retail-2026-05-179,179,ROPH PHARMACY Ltd,BUGESERA,NYAMATA NYAMATA,1.000,0.493,1.000,true,true,true,true,+250788892650,public_evidence_csv,https://monitoring.rwandafda.gov.rw/monitoring/documents-management/uploads/3/Human-Retail-Pharmacy-Duty-rosters/Retail_Pharmacies_Duty_Roster_in_Bugesera_District_JULY-AUGUST-SEPTEMBER_2026.pdf,bugesera July-September 2026 duty roster,,,phone_from_public_evidence
183,SHUM PHARMA Ltd,KAMONYI,RUGARIKA,KIGESE,retail-2026-05-180,180,SHUM PHARMA Ltd,KAMONYI,RUGARIKA KIGESE,0.980,0.473,1.000,true,true,true,false,,,,,,,local_evidence_only
184,TRINIVIVE PHARMACY Ltd,KAYONZA,MUKARANGE,KAYONZA,retail-2026-05-181,181,TRINIVIVE PHARMACY Ltd,KAYONZA,MUKARANGE KAYONZA,1.000,0.512,1.000,true,true,true,true,+250788750525,public_evidence_csv,https://monitoring.rwandafda.gov.rw/monitoring/documents-management/uploads/3/Human-Retail-Pharmacy-Duty-rosters/Retail_Pharmacies_Duty_Roster_in_Kayonza_District_JULY-AUGUST-SEPTEMBER_2026.pdf,kayonza July-September 2026 duty roster,,,phone_from_public_evidence
185,UNIPHARMA B4,GASABO,KINYINYA,GACURIRO,retail-2026-05-182,182,UNIPHARMA B4,GASABO,KINYINYA GACURIRO,1.000,0.103,1.000,true,true,true,true,+250788771000,public_evidence_csv,https://www.mmi.gov.rw/partners/pharmacies?tx_news_pi1%5Bcontroller%5D=News&tx_news_pi1%5BcurrentPage%5D=13&cHash=30bc917df2ca0795451708f3ec4706f2,MMI pharmacy partner directory page 13,,,phone_from_public_evidence
186,AERIS PHARMACY Ltd,GASABO,GISOZI,RUHANGO,retail-2026-05-183,183,AERIS PHARMACY Ltd,GASABO,GISOZI RUHANGO,1.000,0.153,1.000,true,true,true,true,+250788508707,public_evidence_csv,https://monitoring.rwandafda.gov.rw/monitoring/documents-management/uploads/3/Human-Retail-Pharmacy-Duty-rosters/Retail_Pharmacies_Duty_Roster_in_Kigali_City_for_JULY-AUGUST-SEPTEMBER_2026.pdf,kigali July-September 2026 duty roster,,,phone_from_public_evidence
187,ALPHA BETA PROGRESS PHARMACY LTD,KICUKIRO,NIBOYE,GATARE,retail-2026-05-184,184,ALPHA BETA PROGRESS PHARMACY LTD,KICUKIRO,NIBOYE GATARE,1.000,0.153,1.000,true,true,true,true,+250788646143,public_evidence_csv,https://monitoring.rwandafda.gov.rw/monitoring/documents-management/uploads/3/Human-Retail-Pharmacy-Duty-rosters/Retail_Pharmacies_Duty_Roster_in_Kigali_City_for_JULY-AUGUST-SEPTEMBER_2026.pdf,kigali July-September 2026 duty roster,,,phone_from_public_evidence
188,MURINDI-SUGIRA PHARMACY Ltd,KICUKIRO,NYARUGUNGA,KAMASHASHI,retail-2026-05-185,185,MURINDI -SUGIRA PHARMACY Ltd,KICUKIRO,NYARUGUNGA KAMASHASHI,1.000,0.240,1.000,true,true,true,true,+250788524208,public_evidence_csv,https://monitoring.rwandafda.gov.rw/monitoring/documents-management/uploads/3/Human-Retail-Pharmacy-Duty-rosters/Retail_Pharmacies_Duty_Roster_in_Kigali_City_for_JULY-AUGUST-SEPTEMBER_2026.pdf,kigali July-September 2026 duty roster,,,phone_from_public_evidence
189,PHARMA LUZ LTD,GASABO,KINYINYA,MURAMA,retail-2026-05-186,186,PHARMA LUZ LTD,GASABO,KINYINYA MURAMA,1.000,0.522,1.000,true,true,true,true,,,,,,,local_evidence_only
191,URUMULI PHARMACY Ltd,HUYE,NGOMA,BUTARE,retail-2026-05-188,188,URUMULI PHARMACY Ltd,HUYE,NGOMA BUTARE,1.000,0.349,1.000,true,true,true,true,,,,,,,local_evidence_only
193,PENIEL PHARMACY Ltd,NYARUGENGE,MUHIMA,KABASENGERE ZI,retail-2026-05-191,191,PENIEL PHARMACY Ltd,NYARUGENGE,MUHIMA KABASENGEREZI,0.980,0.425,1.000,true,true,false,true,+250788626230,public_evidence_csv,https://monitoring.rwandafda.gov.rw/monitoring/documents-management/uploads/3/Human-Retail-Pharmacy-Duty-rosters/Retail_Pharmacies_Duty_Roster_in_Kigali_City_for_JULY-AUGUST-SEPTEMBER_2026.pdf,kigali July-September 2026 duty roster,,,phone_from_public_evidence
194,PHARMACIE AVAM LTD,MUSANZE,MUHOZA,MPENGE,retail-2026-05-192,192,PHARMACIE AVAM LTD,MUSANZE,MUHOZA MPENGE,1.000,0.462,1.000,true,true,true,true,+250788568182,public_evidence_csv,https://monitoring.rwandafda.gov.rw/monitoring/documents-management/uploads/3/Human-Retail-Pharmacy-Duty-rosters/Retail_Pharmacies_Duty_Roster_in_Musanze_JULY-AUGUST-SEPTEMBER_2026.pdf,musanze July-September 2026 duty roster,,,phone_from_public_evidence
195,PHARMACIE UNIQUE/KIYOVU,NYARUGENGE,NYARUGENGE,KIYOVU,retail-2026-05-193,193,PHARMACIE UNIQUE/KIYOVU,NYARUGENGE,NYARUGENGE KIYOVU,0.980,0.273,1.000,true,true,true,false,+250788309743,public_evidence_csv,https://www.mmi.gov.rw/partners/pharmacies?tx_news_pi1%5Bcontroller%5D=News&tx_news_pi1%5BcurrentPage%5D=9&cHash=c13b44e19ea49a4663bff3b1213f2c66,MMI pharmacy partner directory page 9,,,phone_from_public_evidence
196,GLORY PHARMACY Ltd,RUHANGO,KINAZI,BURIMA,retail-2026-05-194,194,GLORY PHARMACY Ltd,RUHANGO,KINAZI BURIMA,1.000,0.293,1.000,true,true,true,true,+250788377407,public_evidence_csv,https://monitoring.rwandafda.gov.rw/monitoring/documents-management/uploads/3/Human-Retail-Pharmacy-Duty-rosters/Retail_Pharmacies_Duty_Roster_in_Ruhango_for_JULY-AUGUST-SEPTEMBER_2026.pdf,ruhango July-September 2026 duty roster,,,phone_from_public_evidence
197,MARLANDO PHARMACY Ltd,GASABO,BUMBOGO,MVUZO,retail-2026-05-195,195,MARLANDO PHARMACY Ltd,GASABO,BUMBOGO MVUZO,1.000,0.413,1.000,true,true,true,true,,,,,,,local_evidence_only
198,MORIAH PHARMACY Ltd,NYARUGENGE,KIMISAGARA,KIMISAGARA,retail-2026-05-196,196,MORIAH PHARMACY Ltd,NYARUGENGE,KIMISAGARA KIMISAGARA,1.000,0.429,1.000,true,true,true,true,,,,,,,local_evidence_only
200,PANACEA PHARMACY Ltd,KICUKIRO,KAGARAMA,RWAMPARA,retail-2026-05-198,198,PANACEA PHARMACY Ltd,KICUKIRO,KAGARAMA RWAMPARA,1.000,0.293,1.000,true,true,true,true,+250788649234,public_evidence_csv,https://monitoring.rwandafda.gov.rw/monitoring/documents-management/uploads/3/Human-Retail-Pharmacy-Duty-rosters/Retail_Pharmacies_Duty_Roster_in_Kigali_City_for_JULY-AUGUST-SEPTEMBER_2026.pdf,kigali July-September 2026 duty roster,,,phone_from_public_evidence
201,VOX PHARMACY Ltd,KAMONYI,RUNDA,MUGANZA,retail-2026-05-199,199,VOX PHARMACY Ltd,KAMONYI,RUNDA MUGANZA,1.000,0.566,1.000,true,true,true,true,+250781945678,public_evidence_csv,https://monitoring.rwandafda.gov.rw/monitoring/documents-management/uploads/3/Human-Retail-Pharmacy-Duty-rosters/Retail_Pharmacies_Duty_Roster_in_Kamonyi_District_JULY-AUGUST-SEPTEMBER_2026.pdf,kamonyi July-September 2026 duty roster,,,phone_from_public_evidence
202,ALVIN PHARMACY Ltd,NYARUGENGE,NYAMIRAMBO,CYIVUGIZA,retail-2026-05-200,200,ALVIN PHARMACY Ltd,NYARUGENGE,NYAMIRAMBO CYIVUGIZA,1.000,0.307,1.000,true,true,true,true,+250783223444,public_evidence_csv,https://monitoring.rwandafda.gov.rw/monitoring/documents-management/uploads/3/Human-Retail-Pharmacy-Duty-rosters/Retail_Pharmacies_Duty_Roster_in_Kigali_City_for_JULY-AUGUST-SEPTEMBER_2026.pdf,kigali July-September 2026 duty roster,,,phone_from_public_evidence
203,BLIGE PHARMACY Limited,NYARUGENGE,NYARUGENGE,RWAMPARA,retail-2026-05-201,201,BLIGE PHARMACY Limited,NYARUGENGE,NYARUGENGE RWAMPARA,0.980,0.227,1.000,true,true,true,false,,,,,,,local_evidence_only
204,SINAPIS PHARMACY Ltd,MUSANZE,MUHOZA,KIGOMBE,retail-2026-05-202,202,SINAPIS PHARMACY Ltd,MUSANZE,MUHOZA KIGOMBE,1.000,0.400,1.000,true,true,true,true,,,,,,,local_evidence_only
205,ALLIANCE PHARMACY Ltd,KICUKIRO,NYARUGUNGA,KAMASHASHI,retail-2026-05-203,203,ALLIANCE PHARMACY Ltd,KICUKIRO,NYARUGUNGA KAMASHASHI,1.000,0.353,1.000,true,true,true,true,+250788382424,public_evidence_csv,https://monitoring.rwandafda.gov.rw/monitoring/documents-management/uploads/3/Human-Retail-Pharmacy-Duty-rosters/Retail_Pharmacies_Duty_Roster_in_Kigali_City_for_JULY-AUGUST-SEPTEMBER_2026.pdf,kigali July-September 2026 duty roster,,,phone_from_public_evidence
206,GETWELL PHARMACY LTD,GASABO,KACYIRU,KAMUTWA,retail-2026-05-204,204,GETWELL PHARMACY LTD,GASABO,KACYIRU KAMUTWA,1.000,0.153,1.000,true,true,true,true,,,,,,,local_evidence_only
207,ISONGA PHARMCY Ltd,HUYE,NGOMA,BUTARE,retail-2026-05-205,205,ISONGA PHARMCY Ltd,HUYE,NGOMA BUTARE,1.000,0.293,1.000,true,true,true,true,,,,,,,local_evidence_only
208,JAYSON PHARMACY Ltd,KAYONZA,MUKARANGE,KAYONZA,retail-2026-05-206,206,JAYSON PHARMACY Ltd,KAYONZA,MUKARANGE KAYONZA,1.000,0.462,1.000,true,true,true,true,,,,,,,local_evidence_only
209,KARAME PHARMACY Ltd,GICUMBI,RUTARE,GATWARO,retail-2026-05-207,207,KARAME PHARMACY LTD,GICUMBI,RUTARE GATWARO,1.000,0.293,1.000,true,true,true,true,,,,,,,local_evidence_only
210,LA PROVIDENCE PHARMACY Ltd,MUHANGA,NYAMABUYE,GAHOGO,retail-2026-05-208,208,LA PROVIDENCE PHARMACY Ltd,MUHANGA,NYAMABUYE GAHOGO,1.000,0.354,1.000,true,true,true,true,,,,,,,local_evidence_only
211,LOGFRAME PHARMACY Ltd,RUBAVU,GISENYI,NENGO,retail-2026-05-209,209,LOGFRAME PHARMACY Ltd,RUBAVU,GISENYI NENGO,1.000,0.293,1.000,true,true,true,true,+250783127374,public_evidence_csv,https://monitoring.rwandafda.gov.rw/monitoring/documents-management/uploads/3/Human-Retail-Pharmacy-Duty-rosters/Retail_Pharmacies_Duty_Roster_in_Rubavu_for_JULY-AUGUST-SEPTEMBER_2026.pdf,rubavu July-September 2026 duty roster,,,phone_from_public_evidence
212,M.V PHARMACIE AGAHOZO Ltd,NGOMA,RUKIRA,BURIBA,retail-2026-05-167,167,M.V PHARMACIE AGAHOZO Ltd,NGOMA,RUKIRA BURIBA,1.000,0.000,1.000,true,true,true,true,,,,,,,local_evidence_only
214,MILA PHARMACY LTD,GATSIBO,KIRAMURUZI,AKABUGA,retail-2026-05-212,212,MILA PHARMACY LTD,GATSIBO,KIRAMURUZI AKABUGA,0.980,0.000,1.000,true,true,true,false,,,,,,,local_evidence_only
215,PHARMACIE FIDELE ISHAMI RYA KACYIRU,GASABO,KACYIRU,KAMATAMU,retail-2026-05-213,213,PHARMACIE FIDELE ISHAMI RYA KACYIRU,GASABO,KACYIRU KAMATAMU,1.000,0.293,1.000,true,true,true,true,+250788381040,public_evidence_csv,https://monitoring.rwandafda.gov.rw/monitoring/documents-management/uploads/3/Human-Retail-Pharmacy-Duty-rosters/Retail_Pharmacies_Duty_Roster_in_Kigali_City_for_JULY-AUGUST-SEPTEMBER_2026.pdf,kigali July-September 2026 duty roster,,,phone_from_public_evidence
216,PHARMACIE ILLUPHARMA,KAMONYI,RUNDA,MUGANZA,retail-2026-05-214,214,PHARMACIE ILLUPHARMA,KAMONYI,RUNDA MUGANZA,1.000,0.209,1.000,true,true,true,true,+250781512783,public_evidence_csv,https://monitoring.rwandafda.gov.rw/monitoring/documents-management/uploads/3/Human-Retail-Pharmacy-Duty-rosters/Retail_Pharmacies_Duty_Roster_in_Kamonyi_District_JULY-AUGUST-SEPTEMBER_2026.pdf,kamonyi July-September 2026 duty roster,,,phone_from_public_evidence
217,PHARMACIE MUNYANA Ltd,KICUKIRO,GIKONDO,KANSEREGE,retail-2026-05-215,215,PHARMACIE MUNYANA Ltd,KICUKIRO,GIKONDO KANSEREGE,0.980,0.393,1.000,true,true,true,false,,,,,,,local_evidence_only
218,VICTORY PHARMACY NYAMABUYE BRANCH,MUHANGA,NYAMABUYE,GAHOGO,retail-2026-05-216,216,VICTORY PHARMACY NYAMABUYE BRANCH,MUHANGA,NYAMABUYE GAHOGO,1.000,0.293,1.000,true,true,true,true,,,,,,,local_evidence_only
219,S-HIRWA PHARMACY Ltd,KAMONYI,RUNDA,RUYENZI,retail-2026-05-217,217,S-HIRWA PHARMACY Ltd,KAMONYI,RUNDA RUYENZI,1.000,0.349,1.000,true,true,true,true,+250788560719,public_evidence_csv,https://monitoring.rwandafda.gov.rw/monitoring/documents-management/uploads/3/Human-Retail-Pharmacy-Duty-rosters/Retail_Pharmacies_Duty_Roster_in_Kamonyi_District_JULY-AUGUST-SEPTEMBER_2026.pdf,kamonyi July-September 2026 duty roster,,,phone_from_public_evidence
220,ALEK PHARMA Ltd,KICUKIRO,MASAKA,GITAGARA,retail-2026-05-218,218,ALEK PHARMA Ltd,KICUKIRO,MASAKA GITAGARA,0.980,0.324,1.000,true,true,true,false,+250788263986,public_evidence_csv,https://monitoring.rwandafda.gov.rw/monitoring/documents-management/uploads/3/Human-Retail-Pharmacy-Duty-rosters/Retail_Pharmacies_Duty_Roster_in_Kigali_City_for_JULY-AUGUST-SEPTEMBER_2026.pdf,kigali July-September 2026 duty roster,,,phone_from_public_evidence
221,ANCATHUS PHARMACY Ltd,RULINDO,BASE,RWAMAHWA,retail-2026-05-219,219,ANCATHUS PHARMACY Ltd,RULINDO,BASE RWAMAHWA,1.000,0.540,1.000,true,true,true,true,,,,,,,local_evidence_only
223,EMMA SANITAS PHARMACY LTD,BUGESERA,NYAMATA,NYAMATA,retail-2026-05-221,221,EMMA SANITAS PHARMACY LTD,BUGESERA,NYAMATA NYAMATA,1.000,0.442,1.000,true,true,true,true,+250788672252,public_evidence_csv,https://monitoring.rwandafda.gov.rw/monitoring/documents-management/uploads/3/Human-Retail-Pharmacy-Duty-rosters/Retail_Pharmacies_Duty_Roster_in_Bugesera_District_JULY-AUGUST-SEPTEMBER_2026.pdf,bugesera July-September 2026 duty roster,,,phone_from_public_evidence
224,GOOD SAMARITAN PHARMACY Limited,KAMONYI,RUNDA,RUGOZI,retail-2026-05-222,222,GOOD SAMARITAN PHARMACY Limited,KAMONYI,RUNDA RUGOZI,1.000,0.293,1.000,true,true,true,true,,,,,,,local_evidence_only
225,MEREPHARMA LTD,GASABO,KIGARAMA,KARUGIRA,retail-2026-05-223,223,MEREPHARMA LTD,GASABO,KIGARAMA KARUGIRA,1.000,0.153,1.000,true,true,true,true,,,,,,,local_evidence_only
226,MORGAN PHARMACY LTD,NGORORERO,NGORORERO,RUSUSA,retail-2026-05-224,224,MORGAN PHARMACY LTD,NGORORERO,NGORORERO RUSUSA,1.000,0.293,1.000,true,true,true,true,+250788648388,public_evidence_csv,https://www.mmi.gov.rw/partners/pharmacies?tx_news_pi1%5Bcontroller%5D=News&tx_news_pi1%5BcurrentPage%5D=7&cHash=4b5654186942a224cb29095eb15c3bd4,MMI pharmacy partner directory page 7,,,phone_from_public_evidence
227,NGIRA PHARMACY Ltd,NYARUGENGE,KIGALI,NYABUGOGO,retail-2026-05-225,225,NGIRA PHARMACY Ltd,NYARUGENGE,KIGALI NYABUGOGO,1.000,0.293,1.000,true,true,true,true,,,,,,,local_evidence_only
228,PHARMACY MUSASA Ltd,GAKENKE,RULI,RULI,retail-2026-05-226,226,PHARMACY MUSASA Ltd,GAKENKE,RULI RULI,1.000,0.457,1.000,true,true,true,true,,,,,,,local_evidence_only
229,PHARMASAVE Ltd,GASABO,KACYIRU,KAMATAMU,retail-2026-05-227,227,PHARMASAVE Ltd,GASABO,KACYIRU KAMATAMU,1.000,0.300,1.000,true,true,true,true,+250788813444,public_evidence_csv,https://monitoring.rwandafda.gov.rw/monitoring/documents-management/uploads/3/Human-Retail-Pharmacy-Duty-rosters/Retail_Pharmacies_Duty_Roster_in_Kigali_City_for_JULY-AUGUST-SEPTEMBER_2026.pdf,kigali July-September 2026 duty roster,,,phone_from_public_evidence
230,GOODLIFE HEALTH AND BEAUTY BIRYOGO,NYARUGENGE,NYARUGENGE,BIRYOGO,retail-2026-05-228,228,GOODLIFE HEALTH AND BEAUTY BIRYOGO,NYARUGENGE,NYARUGENGE BIRYOGO,0.980,0.073,1.000,true,true,true,false,,,,,,,local_evidence_only
231,VICTORY PHARMACY MUHANGA BRANCH,MUHANGA,NYAMABUYE,GAHOGO,retail-2026-05-229,229,VICTORY PHARMACY MUHANGA BRANCH,MUHANGA,NYAMABUYE GAHOGO,1.000,0.293,1.000,true,true,true,true,+250783043793,public_evidence_csv,https://monitoring.rwandafda.gov.rw/monitoring/documents-management/uploads/3/Human-Retail-Pharmacy-Duty-rosters/Retail_Pharmacies_Duty_Roster_in_Muhanga_District_JULY-AUGUST-SEPTEMBER_2026.pdf,muhanga July-September 2026 duty roster,,,phone_from_public_evidence
232,ALBOPHAR PHARMACY Ltd,NYARUGENGE,MUHIMA,AMAHORO,retail-2026-05-230,230,ALBOPHAR PHARMACY Ltd,NYARUGENGE,MUHIMA AMAHORO,1.000,0.273,1.000,true,true,true,true,+250788934915,public_evidence_csv,https://monitoring.rwandafda.gov.rw/monitoring/documents-management/uploads/3/Human-Retail-Pharmacy-Duty-rosters/Retail_Pharmacies_Duty_Roster_in_Kigali_City_for_JULY-AUGUST-SEPTEMBER_2026.pdf,kigali July-September 2026 duty roster,,,phone_from_public_evidence
233,PHARMACIE NEZA Ltd,NYARUGENGE,NYARUGENGE,KIYOVU,retail-2026-05-231,231,PHARMACIE NEZA Ltd,NYARUGENGE,NYARUGENGE KIYOVU,1.000,0.293,1.000,true,true,true,true,+250788513223,public_evidence_csv,https://monitoring.rwandafda.gov.rw/monitoring/documents-management/uploads/3/Human-Retail-Pharmacy-Duty-rosters/Retail_Pharmacies_Duty_Roster_in_Kigali_City_for_JULY-AUGUST-SEPTEMBER_2026.pdf,kigali July-September 2026 duty roster,,,phone_from_public_evidence
234,KEMI PHARMACY Ltd,MUHANGA,SHYOGWE,KININI,retail-2026-05-232,232,KEMI PHARMACY Ltd,MUHANGA,SHYOGWE KININI,1.000,0.480,1.000,true,true,true,true,+250787614967,public_evidence_csv,https://monitoring.rwandafda.gov.rw/monitoring/documents-management/uploads/3/Human-Retail-Pharmacy-Duty-rosters/Retail_Pharmacies_Duty_Roster_in_Muhanga_District_JULY-AUGUST-SEPTEMBER_2026.pdf,muhanga July-September 2026 duty roster,,,phone_from_public_evidence
235,KUNDWA PHARMACY Ltd,KICUKIRO,GIKONDO,KANSEREGE,retail-2026-05-233,233,KUNDWA PHARMACY Ltd,KICUKIRO,GIKONDO KANSEREGE,1.000,0.429,1.000,true,true,true,true,+250787070327,public_evidence_csv,https://monitoring.rwandafda.gov.rw/monitoring/documents-management/uploads/3/Human-Retail-Pharmacy-Duty-rosters/Retail_Pharmacies_Duty_Roster_in_Kigali_City_for_JULY-AUGUST-SEPTEMBER_2026.pdf,kigali July-September 2026 duty roster,,,phone_from_public_evidence
236,TWIZERE PHARMACY Ltd,RUBAVU,KANAMA,MAHOKO,retail-2026-05-234,234,TWIZERE PHARMACY Ltd,RUBAVU,KANAMA MAHOKO,1.000,0.293,1.000,true,true,true,true,+250792080966,public_evidence_csv,https://monitoring.rwandafda.gov.rw/monitoring/documents-management/uploads/3/Human-Retail-Pharmacy-Duty-rosters/Retail_Pharmacies_Duty_Roster_in_Rubavu_for_JULY-AUGUST-SEPTEMBER_2026.pdf,rubavu July-September 2026 duty roster,,,phone_from_public_evidence
237,VIVA PHARMACY Ltd,HUYE,NGOMA,BUTARE,retail-2026-05-235,235,VIVA PHARMACY Ltd,HUYE,NGOMA BUTARE,1.000,0.000,1.000,true,true,true,true,+250782172937,public_evidence_csv,https://monitoring.rwandafda.gov.rw/monitoring/documents-management/uploads/3/Human-Retail-Pharmacy-Duty-rosters/Retail_Pharmacies_Duty_Roster_in_Huye_District_JULY-AUGUST-SEPTEMBER_2026.pdf,huye July-September 2026 duty roster,,,phone_from_public_evidence
238,VIVA PHARMACY Ltd,HUYE,NGOMA,BUTARE,retail-2026-05-235,235,VIVA PHARMACY Ltd,HUYE,NGOMA BUTARE,1.000,0.000,1.000,true,true,true,true,+250782172937,public_evidence_csv,https://monitoring.rwandafda.gov.rw/monitoring/documents-management/uploads/3/Human-Retail-Pharmacy-Duty-rosters/Retail_Pharmacies_Duty_Roster_in_Huye_District_JULY-AUGUST-SEPTEMBER_2026.pdf,huye July-September 2026 duty roster,,,phone_from_public_evidence
239,SALAMA-ACCURX PHARMACY LTD,GASABO,REMERA,RUKIRI II,retail-2026-05-237,237,SALAMA -ACCURX PHARMACY LTD,GASABO,REMERA RUKIRI II,1.000,0.073,1.000,true,true,true,true,+250782392057,public_evidence_csv,https://monitoring.rwandafda.gov.rw/monitoring/documents-management/uploads/3/Human-Retail-Pharmacy-Duty-rosters/Retail_Pharmacies_Duty_Roster_in_Kigali_City_for_JULY-AUGUST-SEPTEMBER_2026.pdf,kigali July-September 2026 duty roster,,,phone_from_public_evidence
240,KARO ENTERPRISES Ltd,NYARUGENGE,NYARUGENGE,KIYOVU,retail-2026-05-238,238,KARO ENTERPRISES Ltd,NYARUGENGE,NYARUGENGE KIYOVU,0.980,0.273,1.000,true,true,true,false,,,,,,,local_evidence_only
241,MENIPHAR LTD,KICUKIRO,KANOMBE,KABEZA,retail-2026-05-239,239,MENIPHAR LTD,KICUKIRO,KANOMBE KABEZA,1.000,0.153,1.000,true,true,true,true,+250788771881,public_evidence_csv,https://monitoring.rwandafda.gov.rw/monitoring/documents-management/uploads/3/Human-Retail-Pharmacy-Duty-rosters/Retail_Pharmacies_Duty_Roster_in_Kigali_City_for_JULY-AUGUST-SEPTEMBER_2026.pdf,kigali July-September 2026 duty roster,,,phone_from_public_evidence
242,OMNICARE Ltd,GASABO,REMERA,RUKIRI I,retail-2026-05-240,240,OMNICARE Ltd,GASABO,REMERA RUKIRI I,1.000,0.273,1.000,true,true,true,true,,,,,,,local_evidence_only
243,PHARMACIE REMED Ltd,NYARUGENGE,NYARUGENGE,BIRYOGO,retail-2026-05-241,241,PHARMACIE REMED Ltd,NYARUGENGE,NYARUGENGE BIRYOGO,1.000,0.227,1.000,true,true,true,true,+250788628068,public_evidence_csv,https://monitoring.rwandafda.gov.rw/monitoring/documents-management/uploads/3/Human-Retail-Pharmacy-Duty-rosters/Retail_Pharmacies_Duty_Roster_in_Kigali_City_for_JULY-AUGUST-SEPTEMBER_2026.pdf,kigali July-September 2026 duty roster,,,phone_from_public_evidence
244,VIDA PHARMACY Ltd,GASABO,RUSORORO,KABUGA I,retail-2026-05-242,242,VIDA PHARMACY Ltd,GASABO,RUSORORO KABUGA I,1.000,0.353,1.000,true,true,true,true,+250788802917,public_evidence_csv,https://monitoring.rwandafda.gov.rw/monitoring/documents-management/uploads/3/Human-Retail-Pharmacy-Duty-rosters/Retail_Pharmacies_Duty_Roster_in_Kigali_City_for_JULY-AUGUST-SEPTEMBER_2026.pdf,kigali July-September 2026 duty roster,,,phone_from_public_evidence
245,VISION MENIPHAR2 Ltd,KICUKIRO,GAHANGA,GAHANGA,retail-2026-05-243,243,VISION MENIPHAR2 Ltd,KICUKIRO,GAHANGA GAHANGA,1.000,0.153,1.000,true,true,true,true,+250788771881,public_evidence_csv,https://monitoring.rwandafda.gov.rw/monitoring/documents-management/uploads/3/Human-Retail-Pharmacy-Duty-rosters/Retail_Pharmacies_Duty_Roster_in_Kigali_City_for_JULY-AUGUST-SEPTEMBER_2026.pdf,kigali July-September 2026 duty roster,,,phone_from_public_evidence
246,AUX PHARMACY Ltd,RWAMAGANA,FUMBWE,NYAGASAMBU,retail-2026-05-244,244,AUX PHARMACY Ltd,RWAMAGANA,FUMBWE NYAGASAMBU,1.000,0.493,1.000,true,true,true,true,+250782522630,public_evidence_csv,https://monitoring.rwandafda.gov.rw/monitoring/documents-management/uploads/3/Human-Retail-Pharmacy-Duty-rosters/Retail_Pharmacies_Duty_Roster_in_Rwamagana_JULY-AUGUST-SEPTEMBER_2026.pdf,rwamagana July-September 2026 duty roster,,,phone_from_public_evidence
247,BALSAM PHARMACY Ltd,KICUKIRO,NIBOYE,GATARE,retail-2026-05-245,245,BALSAM PHARMACY Ltd,KICUKIRO,NIBOYE GATARE,1.000,0.420,1.000,true,true,true,true,+250785864759,public_evidence_csv,https://monitoring.rwandafda.gov.rw/monitoring/documents-management/uploads/3/Human-Retail-Pharmacy-Duty-rosters/Retail_Pharmacies_Duty_Roster_in_Kigali_City_for_JULY-AUGUST-SEPTEMBER_2026.pdf,kigali July-September 2026 duty roster,,,phone_from_public_evidence
248,VIVA PHARMACY HUYE,HUYE,NGOMA,BUTARE,retail-2026-05-246,246,VIVA PHARMACY HUYE,HUYE,NGOMA BUTARE,1.000,0.073,1.000,true,true,true,true,+250782172937,public_evidence_csv,https://monitoring.rwandafda.gov.rw/monitoring/documents-management/uploads/3/Human-Retail-Pharmacy-Duty-rosters/Retail_Pharmacies_Duty_Roster_in_Huye_District_JULY-AUGUST-SEPTEMBER_2026.pdf,huye July-September 2026 duty roster,,,phone_from_public_evidence
249,ABBA PHARMACY LTD,RUBAVU,RUGERERO,RUGERERO,retail-2026-05-247,247,ABBA PHARMACY LTD,RUBAVU,RUGERERO RUGERERO,0.980,0.410,1.000,true,true,true,false,,,,,,,local_evidence_only
250,AMINADAB PHARMACY LTD,MUSANZE,CYUVE,RWEBEYA,retail-2026-05-248,248,AMINADAB PHARMACY LTD,MUSANZE,CYUVE RWEBEYA,1.000,0.426,1.000,true,true,true,true,,,,,,,local_evidence_only
251,AMINA’S PHARMACY LTD,GASABO,REMERA,NYABISINDU,retail-2026-05-249,249,AMINA’S PHARMACY LTD,GASABO,REMERA NYABISINDU,1.000,0.395,1.000,true,true,true,true,,,,,,,local_evidence_only
252,APOTEK PHARMACY Ltd,NYAGATARE,NYAGATARE,NYANZA,retail-2026-05-250,250,APOTEK PHARMACY Ltd,NYAGATARE,NYAGATARE NYANZA,1.000,0.496,1.000,true,true,true,true,+250788239755,public_evidence_csv,https://monitoring.rwandafda.gov.rw/monitoring/documents-management/uploads/3/Human-Retail-Pharmacy-Duty-rosters/Retail_Pharmacies_Duty_Roster_in_Nyagatare_for_JULY-AUGUST-SEPTEMBER_2026.pdf,nyagatare July-September 2026 duty roster,,,phone_from_public_evidence
253,BONITAS DEI PHARMACY Ltd,GASABO,KINYINYA,KAGUGU,retail-2026-05-251,251,BONITAS DEI PHARMACY Ltd,GASABO,KINYINYA KAGUGU,1.000,0.455,1.000,true,true,true,true,+250788669080,public_evidence_csv,https://monitoring.rwandafda.gov.rw/monitoring/documents-management/uploads/3/Human-Retail-Pharmacy-Duty-rosters/Retail_Pharmacies_Duty_Roster_in_Kigali_City_for_JULY-AUGUST-SEPTEMBER_2026.pdf,kigali July-September 2026 duty roster,,,phone_from_public_evidence
254,ELAYO PHARMACY Limited,RWAMAGANA,MWULIRE,NTUNGA,retail-2026-05-252,252,ELAYO PHARMACY Limited,RWAMAGANA,MWULIRE NTUNGA,1.000,0.493,1.000,true,true,true,true,+250788417182,public_evidence_csv,https://monitoring.rwandafda.gov.rw/monitoring/documents-management/uploads/3/Human-Retail-Pharmacy-Duty-rosters/Retail_Pharmacies_Duty_Roster_in_Rwamagana_JULY-AUGUST-SEPTEMBER_2026.pdf,rwamagana July-September 2026 duty roster,,,phone_from_public_evidence
255,EL-ELION PHARMACY LTD,MUSANZE,MUHOZA,RUHENGERI,retail-2026-05-253,253,EL -ELION PHARMACY LTD,MUSANZE,MUHOZA RUHENGERI,1.000,0.293,1.000,true,true,true,true,+250789370341,public_evidence_csv,https://monitoring.rwandafda.gov.rw/monitoring/documents-management/uploads/3/Human-Retail-Pharmacy-Duty-rosters/Retail_Pharmacies_Duty_Roster_in_Musanze_JULY-AUGUST-SEPTEMBER_2026.pdf,musanze July-September 2026 duty roster,,,phone_from_public_evidence
256,HELPFUL PHARMACY LTD,RULINDO,MURAMBI,BUBANGU,retail-2026-05-254,254,HELPFUL PHARMACY LTD,RULINDO,MURAMBI BUBANGU,1.000,0.566,1.000,true,true,true,true,,,,,,,local_evidence_only
257,HOLI PHARMACY Limited,GASABO,JABANA,KABUYE,retail-2026-05-255,255,HOLI PHARMACY Limited,GASABO,JABANA KABUYE,1.000,0.293,1.000,true,true,true,true,,,,,,,local_evidence_only
258,IVAN PHARMACY LTD,NYAGATARE,NYAGATARE,NYAGATARE,retail-2026-05-256,256,IVAN PHARMACY LTD,NYAGATARE,NYAGATARE NYAGATARE,0.980,0.273,1.000,true,true,true,false,+250788441196,public_evidence_csv,https://monitoring.rwandafda.gov.rw/monitoring/documents-management/uploads/3/Human-Retail-Pharmacy-Duty-rosters/Retail_Pharmacies_Duty_Roster_in_Nyagatare_for_JULY-AUGUST-SEPTEMBER_2026.pdf,nyagatare July-September 2026 duty roster,,,phone_from_public_evidence
259,NATHANYA PHARMACY Ltd,NYARUGENGE,NYARUGENGE,BIRYOGO,retail-2026-05-257,257,NATHANYA PHARMACY Ltd,NYARUGENGE,NYARUGENGE BIRYOGO,1.000,0.442,1.000,true,true,true,true,+250785812318,public_evidence_csv,https://monitoring.rwandafda.gov.rw/monitoring/documents-management/uploads/3/Human-Retail-Pharmacy-Duty-rosters/Retail_Pharmacies_Duty_Roster_in_Kigali_City_for_JULY-AUGUST-SEPTEMBER_2026.pdf,kigali July-September 2026 duty roster,,,phone_from_public_evidence
260,PEAK PHARMACY Ltd,KICUKIRO,MASAKA,GAKO,retail-2026-05-258,258,PEAK PHARMACY Ltd,KICUKIRO,MASAKA GAKO,1.000,0.420,1.000,true,true,true,true,,,,,,,local_evidence_only
261,PHARMA EXPRESS Ltd,GASABO,REMERA,NYARUTARAM A,retail-2026-05-259,259,PHARMA EXPRESS Ltd,GASABO,REMERA NYARUTARAMA,0.980,0.435,1.000,true,true,false,true,,,,,,,local_evidence_only
262,PHARMACIE ETERNELLE Ltd,NYAGATARE,RUKOMO,GASHENYI,retail-2026-05-260,260,PHARMACIE ETERNELLE Ltd,NYAGATARE,RUKOMO GASHENYI,1.000,0.525,1.000,true,true,true,true,+250784190447,public_evidence_csv,https://monitoring.rwandafda.gov.rw/monitoring/documents-management/uploads/3/Human-Retail-Pharmacy-Duty-rosters/Retail_Pharmacies_Duty_Roster_in_Nyagatare_for_JULY-AUGUST-SEPTEMBER_2026.pdf,nyagatare July-September 2026 duty roster,,,phone_from_public_evidence
264,UBUTWARI PHARMACY Ltd,RWAMAGANA,KIGABIRO,CYANYA,retail-2026-05-261,261,UBUTWARI PHARMACY Ltd,RWAMAGANA,KIGABIRO CYANYA,0.980,0.435,1.000,true,true,true,false,+250785213646,public_evidence_csv,https://monitoring.rwandafda.gov.rw/monitoring/documents-management/uploads/3/Human-Retail-Pharmacy-Duty-rosters/Retail_Pharmacies_Duty_Roster_in_Rwamagana_JULY-AUGUST-SEPTEMBER_2026.pdf,rwamagana July-September 2026 duty roster,,,phone_from_public_evidence
265,ZACU PHARMACY Ltd,RUBAVU,KANZENZE,KIREREMA,retail-2026-05-262,262,ZACU PHARMACY Ltd,RUBAVU,KANZENZE KIREREMA,1.000,0.426,1.000,true,true,true,true,,,,,,,local_evidence_only
266,BONNE VIE LTD,KICUKIRO,GAHANGA,GAHANGA,retail-2026-05-263,263,BONNE VIE LTD,KICUKIRO,GAHANGA GAHANGA,1.000,0.493,1.000,true,true,true,true,+250788850192,public_evidence_csv,https://monitoring.rwandafda.gov.rw/monitoring/documents-management/uploads/3/Human-Retail-Pharmacy-Duty-rosters/Retail_Pharmacies_Duty_Roster_in_Kigali_City_for_JULY-AUGUST-SEPTEMBER_2026.pdf,kigali July-September 2026 duty roster,,,phone_from_public_evidence
267,LAVANA G PHARMACY LTD,RUBAVU,RUBAVU,GIKOMBE,retail-2026-05-264,264,LAVANA G PHARMACY LTD,RUBAVU,RUBAVU GIKOMBE,0.980,0.273,1.000,true,true,true,false,,,,,,,local_evidence_only
268,SANAVITA PHARMACY Ltd,GASABO,JABANA,KABUYE,retail-2026-05-265,265,SANAVITA PHARMACY Ltd,GASABO,JABANA KABUYE,1.000,0.293,1.000,true,true,true,true,,,,,,,local_evidence_only
269,TAFRA PHARMACY Ltd,MUSANZE,MUHOZA,RUHENGERI,retail-2026-05-266,266,TAFRA PHARMACY Ltd,MUSANZE,MUHOZA RUHENGERI,1.000,0.353,1.000,true,true,true,true,+250788568182,public_evidence_csv,https://monitoring.rwandafda.gov.rw/monitoring/documents-management/uploads/3/Human-Retail-Pharmacy-Duty-rosters/Retail_Pharmacies_Duty_Roster_in_Musanze_JULY-AUGUST-SEPTEMBER_2026.pdf,musanze July-September 2026 duty roster,,,phone_from_public_evidence
270,UMUHIRE PHARMACY Ltd,RUBAVU,GISENYI,NENGO,retail-2026-05-267,267,UMUHIRE PHARMACY Ltd,RUBAVU,GISENYI NENGO,1.000,0.293,1.000,true,true,true,true,+250789044983,public_evidence_csv,https://monitoring.rwandafda.gov.rw/monitoring/documents-management/uploads/3/Human-Retail-Pharmacy-Duty-rosters/Retail_Pharmacies_Duty_Roster_in_Rubavu_for_JULY-AUGUST-SEPTEMBER_2026.pdf,rubavu July-September 2026 duty roster,,,phone_from_public_evidence
271,VERITAS PHARMACY Ltd,GICUMBI,BYUMBA,GACURABWEN GE,retail-2026-05-268,268,VERITAS PHARMACY Ltd,GICUMBI,BYUMBA GACURABWENGE,0.980,0.375,1.000,true,true,false,true,+250788992411,public_evidence_csv,https://www.mmi.gov.rw/partners/pharmacies?tx_news_pi1%5Bcontroller%5D=News&tx_news_pi1%5BcurrentPage%5D=13&cHash=30bc917df2ca0795451708f3ec4706f2,MMI pharmacy partner directory page 13,,,phone_from_public_evidence
272,DESTOPHAR PHARMACY Ltd,GASABO,KACYIRU,KAMUTWA,retail-2026-05-269,269,DESTOPHAR PHARMACY Ltd,GASABO,KACYIRU KAMUTWA,1.000,0.293,1.000,true,true,true,true,+250785301254,public_evidence_csv,https://monitoring.rwandafda.gov.rw/monitoring/documents-management/uploads/3/Human-Retail-Pharmacy-Duty-rosters/Retail_Pharmacies_Duty_Roster_in_Kigali_City_for_JULY-AUGUST-SEPTEMBER_2026.pdf,kigali July-September 2026 duty roster,,,phone_from_public_evidence
273,EXCELLENCE PHARMACY LTD,GASABO,KIMIRONKO,KIBAGABAGA,retail-2026-05-270,270,EXCELLENCE PHARMACY LTD,GASABO,KIMIRONKO KIBAGABAGA,1.000,0.445,1.000,true,true,true,true,,,,,,,local_evidence_only
274,GOLF PHARMACY Ltd,KICUKIRO,KANOMBE,KARAMA,retail-2026-05-271,271,GOLF PHARMACY Ltd,KICUKIRO,KANOMBE KARAMA,1.000,0.080,1.000,true,true,true,true,,,,,,,local_evidence_only
275,IRABA PHARMACY LTD,GASABO,JABANA,AKAMATAMU,retail-2026-05-272,272,IRABA PHARMACY LTD,GASABO,JABANA AKAMATAMU,1.000,0.445,1.000,true,true,true,true,,,,,,,local_evidence_only
276,ITANGE PHARMACY Ltd,RUBAVU,NYUNDO,TERIMBERE,retail-2026-05-273,273,ITANGE PHARMACY Ltd,RUBAVU,NYUNDO TERIMBERE,1.000,0.293,1.000,true,true,true,true,+250783292700,public_evidence_csv,https://monitoring.rwandafda.gov.rw/monitoring/documents-management/uploads/3/Human-Retail-Pharmacy-Duty-rosters/Retail_Pharmacies_Duty_Roster_in_Rubavu_for_JULY-AUGUST-SEPTEMBER_2026.pdf,rubavu July-September 2026 duty roster,,,phone_from_public_evidence
277,KA-PHARMACY Ltd,RWAMAGANA,KIGABIRO,NYAGASENYI,retail-2026-05-274,274,KA -PHARMACY Ltd,RWAMAGANA,KIGABIRO NYAGASENYI,1.000,0.293,1.000,true,true,true,true,+250788426345,public_evidence_csv,https://monitoring.rwandafda.gov.rw/monitoring/documents-management/uploads/3/Human-Retail-Pharmacy-Duty-rosters/Retail_Pharmacies_Duty_Roster_in_Rwamagana_JULY-AUGUST-SEPTEMBER_2026.pdf,rwamagana July-September 2026 duty roster,,,phone_from_public_evidence
278,KIZAPHAR LTD,RUBAVU,GISENYI,NENGO,retail-2026-05-275,275,KIZAPHAR LTD,RUBAVU,GISENYI NENGO,1.000,0.325,1.000,true,true,true,true,+250788635002,public_evidence_csv,https://monitoring.rwandafda.gov.rw/monitoring/documents-management/uploads/3/Human-Retail-Pharmacy-Duty-rosters/Retail_Pharmacies_Duty_Roster_in_Rubavu_for_JULY-AUGUST-SEPTEMBER_2026.pdf,rubavu July-September 2026 duty roster,,,phone_from_public_evidence
279,NZIZA PHARMACY Ltd,KICUKIRO,NYARUGUNGA,RWIMBOGO,retail-2026-05-276,276,NZIZA PHARMACY Ltd,KICUKIRO,NYARUGUNGA RWIMBOGO,1.000,0.210,1.000,true,true,true,true,+250788847538,public_evidence_csv,https://monitoring.rwandafda.gov.rw/monitoring/documents-management/uploads/3/Human-Retail-Pharmacy-Duty-rosters/Retail_Pharmacies_Duty_Roster_in_Kigali_City_for_JULY-AUGUST-SEPTEMBER_2026.pdf,kigali July-September 2026 duty roster,,,phone_from_public_evidence
280,OLYMPE PHARMACY Ltd,KICUKIRO,KIGARAMA,RWAMPARA,retail-2026-05-277,277,OLYMPE PHARMACY Ltd,KICUKIRO,KIGARAMA RWAMPARA,1.000,0.493,1.000,true,true,true,true,,,,,,,local_evidence_only
281,SALAMA-CITY PHARMACY Ltd,NYARUGENGE,KIMISAGARA,KAMUHOZA,retail-2026-05-278,278,SALAMA -CITY PHARMACY Ltd,NYARUGENGE,KIMISAGARA KAMUHOZA,1.000,0.293,1.000,true,true,true,true,+250785866839,public_evidence_csv,https://monitoring.rwandafda.gov.rw/monitoring/documents-management/uploads/3/Human-Retail-Pharmacy-Duty-rosters/Retail_Pharmacies_Duty_Roster_in_Kigali_City_for_JULY-AUGUST-SEPTEMBER_2026.pdf,kigali July-September 2026 duty roster,,,phone_from_public_evidence
282,SAINT PIERRE PHARMACY Ltd,MUSANZE,MUHOZA,MPENGE,retail-2026-05-279,279,SAINT PIERRE PHARMACY Ltd,MUSANZE,MUHOZA MPENGE,1.000,0.391,1.000,true,true,true,true,+250788696406,public_evidence_csv,https://monitoring.rwandafda.gov.rw/monitoring/documents-management/uploads/3/Human-Retail-Pharmacy-Duty-rosters/Retail_Pharmacies_Duty_Roster_in_Musanze_JULY-AUGUST-SEPTEMBER_2026.pdf,musanze July-September 2026 duty roster,,,phone_from_public_evidence
283,UMURAGE PHARMACY Ltd,KICUKIRO,KIGARAMA,RWAMPARA,retail-2026-05-280,280,UMURAGE PHARMACY Ltd,KICUKIRO,KIGARAMA RWAMPARA,0.980,0.273,1.000,true,true,true,false,+250787782031,public_evidence_csv,https://monitoring.rwandafda.gov.rw/monitoring/documents-management/uploads/3/Human-Retail-Pharmacy-Duty-rosters/Retail_Pharmacies_Duty_Roster_in_Kigali_City_for_JULY-AUGUST-SEPTEMBER_2026.pdf,kigali July-September 2026 duty roster,,,phone_from_public_evidence
284,UNIPHARMA B1,GASABO,REMERA,RUKIRI I,retail-2026-05-281,281,UNIPHARMA B1,GASABO,REMERA RUKIRI I,1.000,0.163,1.000,true,true,true,true,+250788874827,public_evidence_csv,https://www.mmi.gov.rw/partners/pharmacies?tx_news_pi1%5Bcontroller%5D=News&tx_news_pi1%5BcurrentPage%5D=13&cHash=30bc917df2ca0795451708f3ec4706f2,MMI pharmacy partner directory page 13,,,phone_from_public_evidence
285,UNIPHARMA B2,GASABO,KINYINYA,KAGUGU,retail-2026-05-282,282,UNIPHARMA B2,GASABO,KINYINYA KAGUGU,1.000,0.103,1.000,true,true,true,true,+250788251677,public_evidence_csv,https://monitoring.rwandafda.gov.rw/monitoring/documents-management/uploads/3/Human-Retail-Pharmacy-Duty-rosters/Retail_Pharmacies_Duty_Roster_in_Kigali_City_for_JULY-AUGUST-SEPTEMBER_2026.pdf,kigali July-September 2026 duty roster,,,phone_from_public_evidence
286,UNIPHARMA B5,KICUKIRO,NIBOYE,NYAKABANDA I,retail-2026-05-283,283,UNIPHARMA B5,KICUKIRO,NIBOYE NYAKABANDA I,1.000,0.040,1.000,true,true,true,true,,,,,,,local_evidence_only
287,ADVANCED PHARMACY LTD,GASABO,GISOZI,MUSEZERO,retail-2026-05-284,284,ADVANCED PHARMACY LTD,GASABO,GISOZI MUSEZERO,1.000,0.293,1.000,true,true,true,true,,,,,,,local_evidence_only
288,BLESSED PHARMACY Ltd,KIREHE,GATORE,NYAMIRANGO,retail-2026-05-285,285,BLESSED PHARMACY Ltd,KIREHE,GATORE NYAMIRANGO,1.000,0.493,1.000,true,true,true,true,,,,,,,local_evidence_only
289,DIPLOMA PHARMACY LTD,GASABO,RUSORORO,KABUGA I,retail-2026-05-286,286,DIPLOMA PHARMACY LTD,GASABO,RUSORORO KABUGA I,1.000,0.275,1.000,true,true,true,true,,,,,,,local_evidence_only
290,ELLIO PHARMACY LTD,BUGESERA,NYAMATA,NYAMATA,retail-2026-05-287,287,ELLIO PHARMACY LTD,BUGESERA,NYAMATA NYAMATA,1.000,0.324,1.000,true,true,true,true,+250788432912,public_evidence_csv,https://www.mmi.gov.rw/partners/pharmacies?tx_news_pi1%5Bcontroller%5D=News&tx_news_pi1%5BcurrentPage%5D=3&cHash=da7283f6cd729a97e89c591c94e310fc,MMI pharmacy partner directory page 3,,,phone_from_public_evidence
291,GASANGE FAMILY PHARMACY Ltd,GATSIBO,GASANGE,TEME,retail-2026-05-288,288,GASANGE FAMILY PHARMACY Ltd,GATSIBO,GASANGE TEME,1.000,0.293,1.000,true,true,true,true,,,,,,,local_evidence_only
292,PHARMACIE KOMERA Ltd,BURERA,CYANIKA,KAGITEGA,retail-2026-05-289,289,PHARMACIE KOMERA Ltd,BURERA,CYANIKA KAGITEGA,1.000,0.293,1.000,true,true,true,true,,,,,,,local_evidence_only
293,PHARMACIE VINCA/GISENYI Ltd,RUBAVU,GISENYI,NENGO,retail-2026-05-290,290,PHARMACIE VINCA/GISENYI Ltd,RUBAVU,GISENYI NENGO,1.000,0.293,1.000,true,true,true,true,,,,,,,local_evidence_only
294,ENIAS PHARMACY LTD,GATSIBO,RWIMBOGO,RWIKINIRO,retail-2026-05-291,291,ENIAS PHARMACY LTD,GATSIBO,RWIMBOGO RWIKINIRO,1.000,0.447,1.000,true,true,true,true,,,,,,,local_evidence_only
295,LA MEDISAFE PHARMACY LTD,KAYONZA,KABARONDO,CYABAJWA,retail-2026-05-292,292,LA MEDISAFE PHARMACY LTD,KAYONZA,KABARONDO CYABAJWA,1.000,0.493,1.000,true,true,true,true,+250784954347,public_evidence_csv,https://monitoring.rwandafda.gov.rw/monitoring/documents-management/uploads/3/Human-Retail-Pharmacy-Duty-rosters/Retail_Pharmacies_Duty_Roster_in_Kayonza_District_JULY-AUGUST-SEPTEMBER_2026.pdf,kayonza July-September 2026 duty roster,,,phone_from_public_evidence
296,PHARMA ICYIZA Ltd,GASABO,KIMIRONKO,NYAGATOVU,retail-2026-05-293,293,PHARMA ICYIZA Ltd,GASABO,KIMIRONKO NYAGATOVU,1.000,0.293,1.000,true,true,true,true,+250788497556,public_evidence_csv,https://monitoring.rwandafda.gov.rw/monitoring/documents-management/uploads/3/Human-Retail-Pharmacy-Duty-rosters/Retail_Pharmacies_Duty_Roster_in_Kigali_City_for_JULY-AUGUST-SEPTEMBER_2026.pdf,kigali July-September 2026 duty roster,,,phone_from_public_evidence
297,RICOPHAR PHARMACY Ltd,GASABO,BUMBOGO,KINYAGA,retail-2026-05-294,294,RICOPHAR PHARMACY Ltd,GASABO,BUMBOGO KINYAGA,0.980,0.326,1.000,true,true,true,false,+250787475744,public_evidence_csv,https://monitoring.rwandafda.gov.rw/monitoring/documents-management/uploads/3/Human-Retail-Pharmacy-Duty-rosters/Retail_Pharmacies_Duty_Roster_in_Kigali_City_for_JULY-AUGUST-SEPTEMBER_2026.pdf,kigali July-September 2026 duty roster,,,phone_from_public_evidence
298,UMUCYO PHARMACY Ltd,NYAGATARE,MATIMBA,MATIMBA,retail-2026-05-295,295,UMUCYO PHARMACY Ltd,NYAGATARE,MATIMBA MATIMBA,1.000,0.293,1.000,true,true,true,true,,,,,,,local_evidence_only
299,UNIPHARMA B3,KICUKIRO,KANOMBE,KABEZA,retail-2026-05-296,296,UNIPHARMA B3,KICUKIRO,KANOMBE KABEZA,1.000,0.143,1.000,true,true,true,true,+250788300660,public_evidence_csv,https://monitoring.rwandafda.gov.rw/monitoring/documents-management/uploads/3/Human-Retail-Pharmacy-Duty-rosters/Retail_Pharmacies_Duty_Roster_in_Kigali_City_for_JULY-AUGUST-SEPTEMBER_2026.pdf,kigali July-September 2026 duty roster,,,phone_from_public_evidence
300,MEDHUB PHARMACY LTD,KICUKIRO,KANOMBE,KABEZA,retail-2026-05-297,297,MEDHUB PHARMACY LTD,KICUKIRO,KANOMBE KABEZA,1.000,0.293,1.000,true,true,true,true,+250788313026,public_evidence_csv,https://monitoring.rwandafda.gov.rw/monitoring/documents-management/uploads/3/Human-Retail-Pharmacy-Duty-rosters/Retail_Pharmacies_Duty_Roster_in_Kigali_City_for_JULY-AUGUST-SEPTEMBER_2026.pdf,kigali July-September 2026 duty roster,,,phone_from_public_evidence
301,EMPOWER AFRICA PHARMACY LTD,KICUKIRO,KICUKIRO,KICUKIRO,retail-2026-05-298,298,EMPOWER AFRICA PHARMACY LTD,KICUKIRO,KICUKIRO KICUKIRO,1.000,0.476,1.000,true,true,true,true,+250787636002,public_evidence_csv,https://monitoring.rwandafda.gov.rw/monitoring/documents-management/uploads/3/Human-Retail-Pharmacy-Duty-rosters/Retail_Pharmacies_Duty_Roster_in_Kigali_City_for_JULY-AUGUST-SEPTEMBER_2026.pdf,kigali July-September 2026 duty roster,,,phone_from_public_evidence
302,GOODLIFE HEALTH AND BEAUTY 15,KICUKIRO,NYARUGUNGA,KAMASHASHI,retail-2026-05-299,299,GOODLIFE HEALTH AND BEAUTY 15,KICUKIRO,NYARUGUNGA KAMASHASHI,1.000,0.139,1.000,true,true,true,true,+250788417379,public_evidence_csv,https://monitoring.rwandafda.gov.rw/monitoring/documents-management/uploads/3/Human-Retail-Pharmacy-Duty-rosters/Retail_Pharmacies_Duty_Roster_in_Kigali_City_for_JULY-AUGUST-SEPTEMBER_2026.pdf,kigali July-September 2026 duty roster,,,phone_from_public_evidence
303,JUAN PHARMACY LTD,KICUKIRO,GATENGA,NYANZA,retail-2026-05-300,300,JUAN PHARMACY LTD,KICUKIRO,GATENGA NYANZA,1.000,0.404,1.000,true,true,true,true,,,,,,,local_evidence_only
304,KIBAGABAGA PHARMACY Ltd,GASABO,KIMIRONKO,KIBAGABAGA,retail-2026-05-301,301,KIBAGABAGA PHARMACY Ltd,GASABO,KIMIRONKO KIBAGABAGA,0.980,0.133,1.000,true,true,true,false,,,,,,,local_evidence_only
305,NEZERWA PHARMACY Ltd,BUGESERA,NYAMATA,NYAMATA,retail-2026-05-302,302,NEZERWA PHARMACY Ltd,BUGESERA,NYAMATA NYAMATA,1.000,0.293,1.000,true,true,true,true,+250785015521,public_evidence_csv,https://monitoring.rwandafda.gov.rw/monitoring/documents-management/uploads/3/Human-Retail-Pharmacy-Duty-rosters/Retail_Pharmacies_Duty_Roster_in_Bugesera_District_JULY-AUGUST-SEPTEMBER_2026.pdf,bugesera July-September 2026 duty roster,,,phone_from_public_evidence
306,ANTIQUA PHARMACY Ltd,MUHANGA,NYAMABUYE,GAHOGO,retail-2026-05-303,303,ANTIQUA PHARMACY Ltd,MUHANGA,NYAMABUYE GAHOGO,1.000,0.454,1.000,true,true,true,true,+250782843374,public_evidence_csv,https://monitoring.rwandafda.gov.rw/monitoring/documents-management/uploads/3/Human-Retail-Pharmacy-Duty-rosters/Retail_Pharmacies_Duty_Roster_in_Muhanga_District_JULY-AUGUST-SEPTEMBER_2026.pdf,muhanga July-September 2026 duty roster,,,phone_from_public_evidence
308,SALVIA PHARMACY LTD,BUGESERA,NYAMATA,NYAMATA TOWN,retail-2026-05-304,304,SALVIA PHARMACY LTD,BUGESERA,NYAMATA NYAMATA TOWN,1.000,0.395,1.000,true,true,true,true,+250788872488,public_evidence_csv,https://monitoring.rwandafda.gov.rw/monitoring/documents-management/uploads/3/Human-Retail-Pharmacy-Duty-rosters/Retail_Pharmacies_Duty_Roster_in_Bugesera_District_JULY-AUGUST-SEPTEMBER_2026.pdf,bugesera July-September 2026 duty roster,,,phone_from_public_evidence
309,SANGWA PHARMACY Ltd,GASABO,RUSORORO,KABUGA I,retail-2026-05-305,305,SANGWA PHARMACY Ltd,GASABO,RUSORORO KABUGA I,1.000,0.153,1.000,true,true,true,true,+250788358068,public_evidence_csv,https://monitoring.rwandafda.gov.rw/monitoring/documents-management/uploads/3/Human-Retail-Pharmacy-Duty-rosters/Retail_Pharmacies_Duty_Roster_in_Kigali_City_for_JULY-AUGUST-SEPTEMBER_2026.pdf,kigali July-September 2026 duty roster,,,phone_from_public_evidence
310,SO&M PHARMACY Ltd,NYARUGENGE,RWEZAMENY O,RWEZAMENYO I,retail-2026-05-306,306,SO&M PHARMACY Ltd,NYARUGENGE,RWEZAMENYO RWEZAMENYO I,0.940,0.344,1.000,true,false,true,true,,,,,,,local_evidence_only
311,YASIPI PHARMACY Ltd,GASABO,JABANA,BWERAMVURA,retail-2026-05-307,307,YASIPI PHARMACY Ltd,GASABO,JABANA BWERAMVURA,1.000,0.496,1.000,true,true,true,true,,,,,,,local_evidence_only
312,BIZI PHARMACY Ltd,RUSIZI,KAMEMBE,KAMASHANGI,retail-2026-05-308,308,BIZI PHARMACY Ltd,RUSIZI,KAMEMBE KAMASHANGI,1.000,0.544,1.000,true,true,true,true,,,,,,,local_evidence_only
313,BRODAWA PHARMACY Ltd,KICUKIRO,GATENGA,NYANZA,retail-2026-05-309,309,BRODAWA PHARMACY Ltd,KICUKIRO,GATENGA NYANZA,0.980,0.380,1.000,true,true,true,false,,,,,,,local_evidence_only
314,DHOPE PHARMACY Ltd,GASABO,JABANA,KABUYE,retail-2026-05-310,310,DHOPE PHARMACY Ltd,GASABO,JABANA KABUYE,1.000,0.353,1.000,true,true,true,true,,,,,,,local_evidence_only
315,NEVEXPERTS PHARMACY Ltd,KICUKIRO,KANOMBE,KABEZA,retail-2026-05-311,311,NEVEXPERTS PHARMACY Ltd,KICUKIRO,KANOMBE KABEZA,0.980,0.422,1.000,true,true,true,false,,,,,,,local_evidence_only
316,PHARMACIE LA TENDRESSE Ltd,KICUKIRO,GAHANGA,GAHANGA,retail-2026-05-312,312,PHARMACIE LA TENDRESSE Ltd,KICUKIRO,GAHANGA GAHANGA,1.000,0.353,1.000,true,true,true,true,,,,,,,local_evidence_only
317,PROMEPHAR Ltd,HUYE,NGOMA,BUTARE,retail-2026-05-313,313,PROMEPHAR Ltd,HUYE,NGOMA BUTARE,1.000,0.293,1.000,true,true,true,true,,,,,,,local_evidence_only
318,ROYALCARE PHARMACY Ltd,BURERA,BUTARO,RUSUMO,retail-2026-05-314,314,ROYALCARE PHARMACY Ltd,BURERA,BUTARO RUSUMO,1.000,0.520,1.000,true,true,true,true,,,,,,,local_evidence_only
319,THESO PHARMACY Ltd,MUSANZE,CYUVE,KABEZA,retail-2026-05-315,315,THESO PHARMACY Ltd,MUSANZE,CYUVE KABEZA,1.000,0.447,1.000,true,true,true,true,+250786396164,public_evidence_csv,https://monitoring.rwandafda.gov.rw/monitoring/documents-management/uploads/3/Human-Retail-Pharmacy-Duty-rosters/Retail_Pharmacies_Duty_Roster_in_Musanze_JULY-AUGUST-SEPTEMBER_2026.pdf,musanze July-September 2026 duty roster,,,phone_from_public_evidence
320,DANIA PHARMACY Ltd,KICUKIRO,GATENGA,NYANZA,retail-2026-05-316,316,DANIA PHARMACY Ltd,KICUKIRO,GATENGA NYANZA,1.000,0.365,1.000,true,true,true,true,,,,,,,local_evidence_only
321,ISIMBI PHARMACY Ltd,KICUKIRO,GIKONDO,KANSEREGE,retail-2026-05-317,317,ISIMBI PHARMACY Ltd,KICUKIRO,GIKONDO KANSEREGE,1.000,0.426,1.000,true,true,true,true,+250780563650,public_evidence_csv,https://monitoring.rwandafda.gov.rw/monitoring/documents-management/uploads/3/Human-Retail-Pharmacy-Duty-rosters/Retail_Pharmacies_Duty_Roster_in_Kigali_City_for_JULY-AUGUST-SEPTEMBER_2026.pdf,kigali July-September 2026 duty roster,,,phone_from_public_evidence
322,LUCKY FAM PHARMACY Ltd,NYAGATARE,NYAGATARE,NYAGATARE,retail-2026-05-318,318,LUCKY FAM PHARMACY Ltd,NYAGATARE,NYAGATARE NYAGATARE,0.980,0.526,1.000,true,true,true,false,+250780389530,public_evidence_csv,https://monitoring.rwandafda.gov.rw/monitoring/documents-management/uploads/3/Human-Retail-Pharmacy-Duty-rosters/Retail_Pharmacies_Duty_Roster_in_Nyagatare_for_JULY-AUGUST-SEPTEMBER_2026.pdf,nyagatare July-September 2026 duty roster,,,phone_from_public_evidence
323,OMICA PHARMACY Ltd,GASABO,GISOZI,MUSEZERO,retail-2026-05-319,319,OMICA PHARMACY Ltd,GASABO,GISOZI MUSEZERO,1.000,0.275,1.000,true,true,true,true,,,,,,,local_evidence_only
324,PHARMACIE GALEON Ltd,GASABO,KIMIRONKO,BIBARE,retail-2026-05-320,320,PHARMACIE GALEON Ltd,GASABO,KIMIRONKO BIBARE,1.000,0.153,1.000,true,true,true,true,+250788481356,public_evidence_csv,https://monitoring.rwandafda.gov.rw/monitoring/documents-management/uploads/3/Human-Retail-Pharmacy-Duty-rosters/Retail_Pharmacies_Duty_Roster_in_Kigali_City_for_JULY-AUGUST-SEPTEMBER_2026.pdf,kigali July-September 2026 duty roster,,,phone_from_public_evidence
325,PHARMACIE LA REFERENCE Ltd,GASABO,REMERA,RUKIRI I,retail-2026-05-321,321,PHARMACIE LA REFERENCE Ltd,GASABO,REMERA RUKIRI I,0.980,0.250,1.000,true,true,true,false,,,,,,,local_evidence_only
326,PHARMACIE PEACE,NYARUGENGE,KIMISAGARA,KAMUHOZA,retail-2026-05-322,322,PHARMACIE PEACE,NYARUGENGE,KIMISAGARA KAMUHOZA,1.000,0.240,1.000,true,true,true,true,+250788853426,public_evidence_csv,https://monitoring.rwandafda.gov.rw/monitoring/documents-management/uploads/3/Human-Retail-Pharmacy-Duty-rosters/Retail_Pharmacies_Duty_Roster_in_Kigali_City_for_JULY-AUGUST-SEPTEMBER_2026.pdf,kigali July-September 2026 duty roster,,,phone_from_public_evidence
327,AZ PHARMACIE Ltd,RWAMAGANA,NYAKARIRO,GISHORE,retail-2026-05-323,323,AZ PHARMACIE Ltd,RWAMAGANA,NYAKARIRO GISHORE,1.000,0.293,1.000,true,true,true,true,+250783388893,public_evidence_csv,https://monitoring.rwandafda.gov.rw/monitoring/documents-management/uploads/3/Human-Retail-Pharmacy-Duty-rosters/Retail_Pharmacies_Duty_Roster_in_Rwamagana_JULY-AUGUST-SEPTEMBER_2026.pdf,rwamagana July-September 2026 duty roster,,,phone_from_public_evidence
328,SEMU PHARMACY Ltd,KICUKIRO,NIBOYE,GATARE,retail-2026-05-324,324,SEMU PHARMACY Ltd,KICUKIRO,NIBOYE GATARE,1.000,0.020,1.000,true,true,true,true,+250788467644,public_evidence_csv,https://monitoring.rwandafda.gov.rw/monitoring/documents-management/uploads/3/Human-Retail-Pharmacy-Duty-rosters/Retail_Pharmacies_Duty_Roster_in_Kigali_City_for_JULY-AUGUST-SEPTEMBER_2026.pdf,kigali July-September 2026 duty roster,,,phone_from_public_evidence
329,BELLA CARE PHARMACY Ltd,GASABO,GISOZI,MUSEZERO,retail-2026-05-325,325,BELLA CARE PHARMACY Ltd,GASABO,GISOZI MUSEZERO,0.980,0.365,1.000,true,true,true,false,,,,,,,local_evidence_only
330,MEDIASOL PHARMACY KANOMBE,KICUKIRO,NYARUGUNGA,KAMASHASHI,retail-2026-05-326,326,MEDIASOL PHARMACY KANOMBE,KICUKIRO,NYARUGUNGA KAMASHASHI,1.000,0.273,1.000,true,true,true,true,,,,,,,local_evidence_only
331,MEDIASOL PHARMACY Ltd,NYARUGENGE,NYARUGENGE,KIGALI CELL IN T2000,retail-2026-05-327,327,MEDIASOL PHARMACY Ltd,NYARUGENGE,NYARUGENGE KIGALI CELL IN T2000,1.000,0.293,1.000,true,true,true,true,,,,,,,local_evidence_only
332,MEDIASOL PHARMACY Ltd/REMERA BRANCH,GASABO,REMERA,RUKIRI II,retail-2026-05-328,328,MEDIASOL PHARMACY Ltd/REMERA BRANCH,GASABO,REMERA RUKIRI II,1.000,0.000,1.000,true,true,true,true,,,,,,,local_evidence_only
333,"MEDIASOL PHARMACY Ltd, MUSANZE BRANCH",MUSANZE,MUHOZA,KIGOMBE,retail-2026-05-329,329,"MEDIASOL PHARMACY Ltd, MUSANZE BRANCH",MUSANZE,MUHOZA KIGOMBE,1.000,0.093,1.000,true,true,true,true,+250788307358,public_evidence_csv,https://monitoring.rwandafda.gov.rw/monitoring/documents-management/uploads/3/Human-Retail-Pharmacy-Duty-rosters/Retail_Pharmacies_Duty_Roster_in_Musanze_JULY-AUGUST-SEPTEMBER_2026.pdf,musanze July-September 2026 duty roster,,,phone_from_public_evidence
334,PHARMACIE DU PHARE Ltd,KICUKIRO,KANOMBE,RUBIRIZI,retail-2026-05-330,330,PHARMACIE DU PHARE Ltd,KICUKIRO,KANOMBE RUBIRIZI,1.000,0.317,1.000,true,true,true,true,+250783318099,public_evidence_csv,https://www.mmi.gov.rw/partners/pharmacies?tx_news_pi1%5Bcontroller%5D=News&tx_news_pi1%5BcurrentPage%5D=8&cHash=4756201fe07bcce4c0d990048d795942,MMI pharmacy partner directory page 8,,,phone_from_public_evidence
335,PHARMACIE ESPERANCE Ltd,NYARUGENGE,KIMISAGARA,NYABUGOGO,retail-2026-05-331,331,PHARMACIE ESPERANCE Ltd,NYARUGENGE,KIMISAGARA NYABUGOGO,1.000,0.257,1.000,true,true,true,true,,,,,,,local_evidence_only
336,PHARMAMED Ltd,GASABO,KIMIRONKO,NYAGATOVU,retail-2026-05-332,332,PHARMAMED Ltd,GASABO,KIMIRONKO NYAGATOVU,1.000,0.300,1.000,true,true,true,true,+250780939593,public_evidence_csv,https://monitoring.rwandafda.gov.rw/monitoring/documents-management/uploads/3/Human-Retail-Pharmacy-Duty-rosters/Retail_Pharmacies_Duty_Roster_in_Kigali_City_for_JULY-AUGUST-SEPTEMBER_2026.pdf,kigali July-September 2026 duty roster,,,phone_from_public_evidence
337,PROGRESS PHARMACY Ltd,KICUKIRO,KANOMBE,KARAMA,retail-2026-05-333,333,PROGRESS PHARMACY Ltd,KICUKIRO,KANOMBE KARAMA,1.000,0.100,1.000,true,true,true,true,+250788646143,public_evidence_csv,https://monitoring.rwandafda.gov.rw/monitoring/documents-management/uploads/3/Human-Retail-Pharmacy-Duty-rosters/Retail_Pharmacies_Duty_Roster_in_Kigali_City_for_JULY-AUGUST-SEPTEMBER_2026.pdf,kigali July-September 2026 duty roster,,,phone_from_public_evidence
338,ST GISELE PHARMACY Ltd,BUGESERA,MAYANGE,MBYO,retail-2026-05-334,334,ST GISELE PHARMACY Ltd,BUGESERA,MAYANGE MBYO,1.000,0.293,1.000,true,true,true,true,+250785785852,public_evidence_csv,https://monitoring.rwandafda.gov.rw/monitoring/documents-management/uploads/3/Human-Retail-Pharmacy-Duty-rosters/Retail_Pharmacies_Duty_Roster_in_Bugesera_District_JULY-AUGUST-SEPTEMBER_2026.pdf,bugesera July-September 2026 duty roster,,,phone_from_public_evidence
339,C MUGISHA LIFE CARE Limited,NYAMAGABE,TARE,GASARENDA,retail-2026-05-335,335,C MUGISHA LIFE CARE Limited,NYAMAGABE,TARE GASARENDA,1.000,0.293,1.000,true,true,true,true,,,,,,,local_evidence_only
340,DELIGHT PHARMACY Ltd,GASABO,REMERA,RUKIRI I,retail-2026-05-336,336,DELIGHT PHARMACY Ltd,GASABO,REMERA RUKIRI I,1.000,0.153,1.000,true,true,true,true,+250788596421,public_evidence_csv,https://www.mmi.gov.rw/partners/pharmacies?tx_news_pi1%5Bcontroller%5D=News&tx_news_pi1%5BcurrentPage%5D=2&cHash=cb3ba28d85d6688fc9af769dc2d131cf,MMI pharmacy partner directory page 2,,,phone_from_public_evidence
341,JOMUGISHA PHARMACY Ltd,MUSANZE,MUHOZA,CYABARARIKA,retail-2026-05-337,337,JOMUGISHA PHARMACY Ltd,MUSANZE,MUHOZA CYABARARIKA,1.000,0.293,1.000,true,true,true,true,,,,,,,local_evidence_only
342,PHARMACIE “IWAWE” Ltd,RUHANGO,RUHANGO,NYAMAGANA,retail-2026-05-338,338,PHARMACIE “IWAWE” Ltd,RUHANGO,RUHANGO NYAMAGANA,1.000,0.544,1.000,true,true,true,true,+250788779582,public_evidence_csv,https://monitoring.rwandafda.gov.rw/monitoring/documents-management/uploads/3/Human-Retail-Pharmacy-Duty-rosters/Retail_Pharmacies_Duty_Roster_in_Ruhango_for_JULY-AUGUST-SEPTEMBER_2026.pdf,ruhango July-September 2026 duty roster,,,phone_from_public_evidence
343,PHARMACIE TETA Ltd,GASABO,KIMIRONKO,BIBARE,retail-2026-05-339,339,PHARMACIE TETA Ltd,GASABO,KIMIRONKO BIBARE,1.000,0.100,1.000,true,true,true,true,+250788460549,public_evidence_csv,https://monitoring.rwandafda.gov.rw/monitoring/documents-management/uploads/3/Human-Retail-Pharmacy-Duty-rosters/Retail_Pharmacies_Duty_Roster_in_Kigali_City_for_JULY-AUGUST-SEPTEMBER_2026.pdf,kigali July-September 2026 duty roster,,,phone_from_public_evidence
344,SYLVA PHARMACY LTD,GASABO,KIMIRONKO,BIBARE,retail-2026-05-340,340,SYLVA PHARMACY LTD,GASABO,KIMIRONKO BIBARE,1.000,0.445,1.000,true,true,true,true,,,,,,,local_evidence_only
345,VIAPAS PHARMACY Ltd,BUGESERA,NYAMATA,MARANYUNDO,retail-2026-05-341,341,VIAPAS PHARMACY Ltd,BUGESERA,NYAMATA MARANYUNDO,1.000,0.392,1.000,true,true,true,true,+250788969563,public_evidence_csv,https://monitoring.rwandafda.gov.rw/monitoring/documents-management/uploads/3/Human-Retail-Pharmacy-Duty-rosters/Retail_Pharmacies_Duty_Roster_in_Bugesera_District_JULY-AUGUST-SEPTEMBER_2026.pdf,bugesera July-September 2026 duty roster,,,phone_from_public_evidence
346,PHARMACIE TETA Ltd,KICUKIRO,NYARUGUNGA,KAMASHASHI,retail-2026-05-342,342,PHARMACIE TETA Ltd,KICUKIRO,NYARUGUNGA KAMASHASHI,0.980,0.220,1.000,true,true,true,false,+250788460549,public_evidence_csv,https://monitoring.rwandafda.gov.rw/monitoring/documents-management/uploads/3/Human-Retail-Pharmacy-Duty-rosters/Retail_Pharmacies_Duty_Roster_in_Kigali_City_for_JULY-AUGUST-SEPTEMBER_2026.pdf,kigali July-September 2026 duty roster,,,phone_from_public_evidence
347,ADRENALINE PHARMACY Ltd,KICUKIRO,KANOMBE,KABEZA,retail-2026-05-344,344,ADRENALINE PHARMACY Ltd,KICUKIRO,KANOMBE KABEZA,0.980,0.400,1.000,true,true,true,false,,,,,,,local_evidence_only
348,AUBENE PHARMACY Ltd,GASABO,KACYIRU,KIBAZA,retail-2026-05-345,345,AUBENE PHARMACY Ltd,GASABO,KACYIRU KIBAZA,1.000,0.353,1.000,true,true,true,true,+250788496547,public_evidence_csv,https://monitoring.rwandafda.gov.rw/monitoring/documents-management/uploads/3/Human-Retail-Pharmacy-Duty-rosters/Retail_Pharmacies_Duty_Roster_in_Kigali_City_for_JULY-AUGUST-SEPTEMBER_2026.pdf,kigali July-September 2026 duty roster,,,phone_from_public_evidence
349,ELITE PHARMACY Ltd,KICUKIRO,KICUKIRO,KICUKIRO,retail-2026-05-346,346,ELITE PHARMACY Ltd,KICUKIRO,KICUKIRO KICUKIRO,1.000,0.240,1.000,true,true,true,true,,,,,,,local_evidence_only
350,GOODLIFE HEALTH AND BEAUTY KICUKIRO,KICUKIRO,NYARUGUNGA,KAMASHASHI,retail-2026-05-347,347,GOODLIFE HEALTH AND BEAUTY KICUKIRO,KICUKIRO,NYARUGUNGA KAMASHASHI,1.000,0.139,1.000,true,true,true,true,,,,,,,local_evidence_only
351,GOODLIFE HEALTH AND BEAUTY TOWN II,NYARUGENGE,NYARUGENGE,KIYOVU,retail-2026-05-348,348,GOODLIFE HEALTH AND BEAUTY TOWN II,NYARUGENGE,NYARUGENGE KIYOVU,1.000,0.055,1.000,true,true,true,true,,,,,,,local_evidence_only
352,JAYCARE PHARMACY Ltd,NYANZA,BUSASAMANA,NYANZA,retail-2026-05-349,349,JAYCARE PHARMACY Ltd,NYANZA,BUSASAMANA NYANZA,1.000,0.525,1.000,true,true,true,true,,,,,,,local_evidence_only
353,MURINDI SUGIRA PHARMACY,BUGESERA,MAYANGE,KAGENGE,retail-2026-05-350,350,MURINDI SUGIRA PHARMACY,BUGESERA,MAYANGE KAGENGE,1.000,0.240,1.000,true,true,true,true,,,,,,,local_evidence_only
354,ONYX PHARMACY Ltd,KICUKIRO,MASAKA,GAKO,retail-2026-05-351,351,ONYX PHARMACY Ltd,KICUKIRO,MASAKA GAKO,1.000,0.509,1.000,true,true,true,true,,,,,,,local_evidence_only
355,PHARMACIE DE LA MISERICORDE Ltd,NYARUGENGE,KIGALI,NYABUGOGO,retail-2026-05-352,352,PHARMACIE DE LA MISERICORDE Ltd,NYARUGENGE,KIGALI NYABUGOGO,1.000,0.410,1.000,true,true,true,true,+250788283954,public_evidence_csv,https://monitoring.rwandafda.gov.rw/monitoring/documents-management/uploads/3/Human-Retail-Pharmacy-Duty-rosters/Retail_Pharmacies_Duty_Roster_in_Kigali_City_for_JULY-AUGUST-SEPTEMBER_2026.pdf,kigali July-September 2026 duty roster,,,phone_from_public_evidence
356,PHARMACIE UMUSHYIKIRANO LTD,KICUKIRO,GAHANGA,GAHANGA,retail-2026-05-353,353,PHARMACIE UMUSHYIKIRANO LTD,KICUKIRO,GAHANGA GAHANGA,1.000,0.153,1.000,true,true,true,true,+250788483264,public_evidence_csv,https://monitoring.rwandafda.gov.rw/monitoring/documents-management/uploads/3/Human-Retail-Pharmacy-Duty-rosters/Retail_Pharmacies_Duty_Roster_in_Kigali_City_for_JULY-AUGUST-SEPTEMBER_2026.pdf,kigali July-September 2026 duty roster,,,phone_from_public_evidence
357,SEMU PHARMACY Ltd,KICUKIRO,NIBOYE,GATARE,retail-2026-05-354,354,SEMU PHARMACY LTD BRANCH,KICUKIRO,NIBOYE GATARE,1.000,0.020,1.000,true,true,true,true,+250788467644,public_evidence_csv,https://monitoring.rwandafda.gov.rw/monitoring/documents-management/uploads/3/Human-Retail-Pharmacy-Duty-rosters/Retail_Pharmacies_Duty_Roster_in_Kigali_City_for_JULY-AUGUST-SEPTEMBER_2026.pdf,kigali July-September 2026 duty roster,,,phone_from_public_evidence
358,SUNBEAM PHARMACY LTD,NYARUGENGE,NYARUGENGE,KIYOVU,retail-2026-05-355,355,SUNBEAM PHARMACY LTD,NYARUGENGE,NYARUGENGE KIYOVU,1.000,0.365,1.000,true,true,true,true,+250788454337,public_evidence_csv,https://monitoring.rwandafda.gov.rw/monitoring/documents-management/uploads/3/Human-Retail-Pharmacy-Duty-rosters/Retail_Pharmacies_Duty_Roster_in_Kigali_City_for_JULY-AUGUST-SEPTEMBER_2026.pdf,kigali July-September 2026 duty roster,,,phone_from_public_evidence
359,AERI PHARMACY Ltd,GASABO,KIMIRONKO,BIBARE,retail-2026-05-356,356,AERI PHARMACY Ltd,GASABO,KIMIRONKO BIBARE,1.000,0.153,1.000,true,true,true,true,+250788508707,public_evidence_csv,https://monitoring.rwandafda.gov.rw/monitoring/documents-management/uploads/3/Human-Retail-Pharmacy-Duty-rosters/Retail_Pharmacies_Duty_Roster_in_Kigali_City_for_JULY-AUGUST-SEPTEMBER_2026.pdf,kigali July-September 2026 duty roster,,,phone_from_public_evidence
360,BAJEPHAR PHARMACY Ltd,KARONGI,RUBENGERA,GACACA,retail-2026-05-357,357,BAJEPHAR LTD,KARONGI,RUBENGERA GACACA,0.980,0.410,1.000,true,true,true,false,,,,,,,local_evidence_only
361,DESTINY PHARMACY Ltd,MUSANZE,MUHOZA,MUHOZA,retail-2026-05-358,358,DESTINY PHARMACY Ltd,MUSANZE,MUHOZA MUHOZA,1.000,0.454,1.000,true,true,true,true,+250783380902,public_evidence_csv,https://monitoring.rwandafda.gov.rw/monitoring/documents-management/uploads/3/Human-Retail-Pharmacy-Duty-rosters/Retail_Pharmacies_Duty_Roster_in_Musanze_JULY-AUGUST-SEPTEMBER_2026.pdf,musanze July-September 2026 duty roster,,,phone_from_public_evidence
362,GOODLIFE HEALTH AND BEAUTY Ltd,KICUKIRO,KICUKIRO,GASHARU,retail-2026-05-359,359,GOODLIFE HEALTH AND BEAUTY Ltd,KICUKIRO,KICUKIRO GASHARU,1.000,0.141,1.000,true,true,true,true,,,,,,,local_evidence_only
363,GOODLIFE HEALTH AND BEAUTY TOWN BRANCH,NYARUGENGE,NYARUGENGE,KIYOVU,retail-2026-05-360,360,GOODLIFE HEALTH AND BEAUTY TOWN BRANCH,NYARUGENGE,NYARUGENGE KIYOVU,1.000,0.055,1.000,true,true,true,true,,,,,,,local_evidence_only
364,HOLY HOME PHARMACY LTD,GASABO,RUSORORO,KABUGA I,retail-2026-05-361,361,HOLY HOME PHARMACY LTD,GASABO,REMERA RUKIRI II,0.900,0.193,1.000,true,false,false,false,,,,,,,local_evidence_only
365,IRAMPA PHARMACY Ltd,NYARUGURU,KIBEHO,KIBEHO,retail-2026-05-362,362,IRAMPA PHARMACY Ltd,NYARUGURU,KIBEHO KIBEHO,1.000,0.392,1.000,true,true,true,true,,,,,,,local_evidence_only
366,PHARMACIE BIMOPHAR LTD,RUSIZI,KAMEMBE,GIHUNDWE,retail-2026-05-363,363,PHARMACIE BIMOPHAR LTD,RUSIZI,KAMEMBE GIHUNDWE,1.000,0.430,1.000,true,true,true,true,+250788698603,public_evidence_csv,https://www.mmi.gov.rw/partners/pharmacies?tx_news_pi1%5Bcontroller%5D=News&tx_news_pi1%5BcurrentPage%5D=8&cHash=4756201fe07bcce4c0d990048d795942,MMI pharmacy partner directory page 8,,,phone_from_public_evidence
367,PHARMACIE CELIA LTD,KAYONZA,KABARONDO,CYATWA,retail-2026-05-364,364,PHARMACIE CELIA LTD,KAYONZA,KABARONDO CYATWA,1.000,0.404,1.000,true,true,true,true,+250788831809,public_evidence_csv,https://monitoring.rwandafda.gov.rw/monitoring/documents-management/uploads/3/Human-Retail-Pharmacy-Duty-rosters/Retail_Pharmacies_Duty_Roster_in_Kayonza_District_JULY-AUGUST-SEPTEMBER_2026.pdf,kayonza July-September 2026 duty roster,,,phone_from_public_evidence
368,PHARMACIE KAVES Ltd,GASABO,KIMIRONKO,NYAGATOVU,retail-2026-05-365,365,PHARMACIE KAVES Ltd,GASABO,KIMIRONKO NYAGATOVU,1.000,0.293,1.000,true,true,true,true,+250788681772,public_evidence_csv,https://monitoring.rwandafda.gov.rw/monitoring/documents-management/uploads/3/Human-Retail-Pharmacy-Duty-rosters/Retail_Pharmacies_Duty_Roster_in_Kigali_City_for_JULY-AUGUST-SEPTEMBER_2026.pdf,kigali July-September 2026 duty roster,,,phone_from_public_evidence
369,RITE PHARMACY Ltd(Gisimenti Branch),GASABO,REMERA,RUKIRI II,retail-2026-05-366,366,RITE PHARMACY Ltd(Gisimenti Branch),GASABO,REMERA RUKIRI II,1.000,0.153,1.000,true,true,true,true,+250788697968,public_evidence_csv,https://monitoring.rwandafda.gov.rw/monitoring/documents-management/uploads/3/Human-Retail-Pharmacy-Duty-rosters/Retail_Pharmacies_Duty_Roster_in_Kigali_City_for_JULY-AUGUST-SEPTEMBER_2026.pdf,kigali July-September 2026 duty roster,,,phone_from_public_evidence
370,RITE PHARMACY LTD Kanombe Branch,KICUKIRO,NYARUGUNGA,KAMASHASHI,retail-2026-05-367,367,RITE PHARMACY LTD Kanombe Branch,KICUKIRO,NYARUGUNGA KAMASHASHI,1.000,0.153,1.000,true,true,true,true,+250788697968,public_evidence_csv,https://monitoring.rwandafda.gov.rw/monitoring/documents-management/uploads/3/Human-Retail-Pharmacy-Duty-rosters/Retail_Pharmacies_Duty_Roster_in_Kigali_City_for_JULY-AUGUST-SEPTEMBER_2026.pdf,kigali July-September 2026 duty roster,,,phone_from_public_evidence
371,STRONG MEDICA PHARMACY Ltd,KICUKIRO,KAGARAMA,KANSEREGE,retail-2026-05-368,368,STRONG MEDICA PHARMACY Ltd,KICUKIRO,KAGARAMA KANSEREGE,1.000,0.293,1.000,true,true,true,true,+250780291771,public_evidence_csv,https://monitoring.rwandafda.gov.rw/monitoring/documents-management/uploads/3/Human-Retail-Pharmacy-Duty-rosters/Retail_Pharmacies_Duty_Roster_in_Kigali_City_for_JULY-AUGUST-SEPTEMBER_2026.pdf,kigali July-September 2026 duty roster,,,phone_from_public_evidence
372,UWEVER HOLISTIC PHARMACY Ltd,KARONGI,BWISHYURA,KIBUYE,retail-2026-05-369,369,UWEVER HOLISTIC PHARMACY Ltd,KARONGI,BWISHYURA KIBUYE,1.000,0.293,1.000,true,true,true,true,,,,,,,local_evidence_only
373,PULSE PHARMACY Ltd,GASABO,KINYINYA,GACURIRO,retail-2026-05-370,370,PULSE PHARMACY Ltd,GASABO,KINYINYA GACURIRO,1.000,0.293,1.000,true,true,true,true,,,,,,,local_evidence_only
374,BENINA PHARMACY Ltd,KICUKIRO,GATENGA,NYANZA,retail-2026-05-373,373,BENINA PHARMACY Ltd,KICUKIRO,GATENGA NYANZA,1.000,0.293,1.000,true,true,true,true,+250783881980,public_evidence_csv,https://monitoring.rwandafda.gov.rw/monitoring/documents-management/uploads/3/Human-Retail-Pharmacy-Duty-rosters/Retail_Pharmacies_Duty_Roster_in_Kigali_City_for_JULY-AUGUST-SEPTEMBER_2026.pdf,kigali July-September 2026 duty roster,,,phone_from_public_evidence
375,GABA PHARMACY LTD,BUGESERA,NYAMATA,NYAMATA,retail-2026-05-374,374,GABA PHARMACY LTD,BUGESERA,NYAMATA NYAMATA,1.000,0.293,1.000,true,true,true,true,+250788452972,public_evidence_csv,https://monitoring.rwandafda.gov.rw/monitoring/documents-management/uploads/3/Human-Retail-Pharmacy-Duty-rosters/Retail_Pharmacies_Duty_Roster_in_Bugesera_District_JULY-AUGUST-SEPTEMBER_2026.pdf,bugesera July-September 2026 duty roster,,,phone_from_public_evidence
376,HORIZON PHARMACY Ltd,NYARUGENGE,NYAMIRAMBO,RUGARAMA,retail-2026-05-375,375,HORIZON PHARMACY Ltd,NYARUGENGE,NYAMIRAMBO RUGARAMA,1.000,0.020,1.000,true,true,true,true,,,,,,,local_evidence_only
377,IKAZE PHARMACY Ltd,KIREHE,KIGINA,RUHANGA,retail-2026-05-376,376,IKAZE PHARMACY Ltd,KIREHE,KIGINA RUHANGA,1.000,0.020,1.000,true,true,true,true,,,,,,,local_evidence_only
378,LA KEVINE PHARMACY Ltd,KICUKIRO,NYARUGUNGA,RWIMBOGO,retail-2026-05-377,377,LA KEVINE PHARMACY Ltd,KICUKIRO,NYARUGUNGA RWIMBOGO,1.000,0.293,1.000,true,true,true,true,+250788523498,public_evidence_csv,https://monitoring.rwandafda.gov.rw/monitoring/documents-management/uploads/3/Human-Retail-Pharmacy-Duty-rosters/Retail_Pharmacies_Duty_Roster_in_Kigali_City_for_JULY-AUGUST-SEPTEMBER_2026.pdf,kigali July-September 2026 duty roster,,,phone_from_public_evidence
379,LA PALMA PHARMACY Ltd,NGOMA,KIBUNGO,CYASEMAKAM BA,retail-2026-05-378,378,LA PALMA PHARMACY Ltd,NGOMA,KIBUNGO CYASEMAKAMBA,0.980,0.437,1.000,true,true,false,true,,,,,,,local_evidence_only
380,MEDIMARK PHARMACY Ltd,GASABO,REMERA,RUKIRI I,retail-2026-05-379,379,MEDIMARK PHARMACY Ltd,GASABO,REMERA RUKIRI I,1.000,0.383,1.000,true,true,true,true,+250789635153,public_evidence_csv,https://monitoring.rwandafda.gov.rw/monitoring/documents-management/uploads/3/Human-Retail-Pharmacy-Duty-rosters/Retail_Pharmacies_Duty_Roster_in_Kigali_City_for_JULY-AUGUST-SEPTEMBER_2026.pdf,kigali July-September 2026 duty roster,,,phone_from_public_evidence
381,NMG PHARMACY Ltd,KICUKIRO,GIKONDO,KAGUNGA,retail-2026-05-380,380,NMG PHARMACY Ltd,KICUKIRO,GIKONDO KAGUNGA,1.000,0.293,1.000,true,true,true,true,,,,,,,local_evidence_only
382,PAREKE PHARMACY Ltd,KAMONYI,RUNDA,GIHARA,retail-2026-05-381,381,PAREKE PHARMACY Ltd,KAMONYI,RUNDA GIHARA,1.000,0.445,1.000,true,true,true,true,,,,,,,local_evidence_only
383,PHARMACIE FIDELE Ltd,NYARUGENGE,NYARUGENGE,KIYOVU,retail-2026-05-382,382,PHARMACIE FIDELE Ltd,NYARUGENGE,NYARUGENGE KIYOVU,1.000,0.293,1.000,true,true,true,true,+250788381040,public_evidence_csv,https://monitoring.rwandafda.gov.rw/monitoring/documents-management/uploads/3/Human-Retail-Pharmacy-Duty-rosters/Retail_Pharmacies_Duty_Roster_in_Kigali_City_for_JULY-AUGUST-SEPTEMBER_2026.pdf,kigali July-September 2026 duty roster,,,phone_from_public_evidence
384,PHARMACIE LA PREFERENCE Ltd,HUYE,NGOMA,BUTARE,retail-2026-05-383,383,PHARMACIE LA PREFERENCE Ltd,HUYE,NGOMA BUTARE,1.000,0.270,1.000,true,true,true,true,+250783402189,public_evidence_csv,https://monitoring.rwandafda.gov.rw/monitoring/documents-management/uploads/3/Human-Retail-Pharmacy-Duty-rosters/Retail_Pharmacies_Duty_Roster_in_Huye_District_JULY-AUGUST-SEPTEMBER_2026.pdf,huye July-September 2026 duty roster,,,phone_from_public_evidence
385,PHARMACIE UBWUZU Ltd,NYARUGENGE,NYAMIRAMBO,MUMENA,retail-2026-05-384,384,PHARMACIE UBWUZU Ltd,NYARUGENGE,NYAMIRAMBO MUMENA,1.000,0.620,1.000,true,true,true,true,,,,,,,local_evidence_only
386,PHARMACIE UNIQUE KIMUHURURA,GASABO,KIMUHURURA,KIMIHURURA,retail-2026-05-385,385,PHARMACIE UNIQUE KIMUHURURA,GASABO,KIMUHURURA KIMIHURURA,1.000,0.153,1.000,true,true,true,true,,,,,,,local_evidence_only
387,ZOOM PHARMACY Ltd,GASABO,KIMIRONKO,KIBAGABAGA,retail-2026-05-386,386,ZOOM PHARMACY Ltd,GASABO,KIMIRONKO KIBAGABAGA,1.000,0.293,1.000,true,true,true,true,+250788303347,public_evidence_csv,https://monitoring.rwandafda.gov.rw/monitoring/documents-management/uploads/3/Human-Retail-Pharmacy-Duty-rosters/Retail_Pharmacies_Duty_Roster_in_Kigali_City_for_JULY-AUGUST-SEPTEMBER_2026.pdf,kigali July-September 2026 duty roster,,,phone_from_public_evidence
388,BENADY PHARMACY LTD,NYARUGENGE,NYAMIRAMBO,RUGARAMA,retail-2026-05-388,388,BENADY PHARMACY LTD,NYARUGENGE,NYAMIRAMBO RUGARAMA,1.000,0.392,1.000,true,true,true,true,,,,,,,local_evidence_only
389,ACE PHARMACY Ltd,RUBAVU,GISENYI,NENGO,retail-2026-05-389,389,ACE PHARMACY Ltd,RUBAVU,GISENYI NENGO,1.000,0.020,1.000,true,true,true,true,,,,,,,local_evidence_only
390,GRATIS PHARMACY Ltd,KAYONZA,MUKARANGE,KAYONZA,retail-2026-05-390,390,GRATIS PHARMACY Ltd,KAYONZA,MUKARANGE KAYONZA,1.000,0.293,1.000,true,true,true,true,+250788834477,public_evidence_csv,https://monitoring.rwandafda.gov.rw/monitoring/documents-management/uploads/3/Human-Retail-Pharmacy-Duty-rosters/Retail_Pharmacies_Duty_Roster_in_Kayonza_District_JULY-AUGUST-SEPTEMBER_2026.pdf,kayonza July-September 2026 duty roster,,,phone_from_public_evidence
391,PHARMACIE DU PROGRES LTD,KICUKIRO,KIGARAMA,KARUGIRA,retail-2026-05-391,391,PHARMACIE DU PROGRES LTD,KICUKIRO,KIGARAMA KARUGIRA,1.000,0.209,1.000,true,true,true,true,,,,,,,local_evidence_only
392,PHARMACIE LA PRINCESSE Ltd,KICUKIRO,KIGARAMA,RWAMPARA,retail-2026-05-392,392,PHARMACIE LA PRINCESSE Ltd,KICUKIRO,KIGARAMA RWAMPARA,0.980,0.333,1.000,true,true,true,false,,,,,,,local_evidence_only
393,BOVAN LTD,NYARUGENGE,MUHIMA,NYABUGOGO,retail-2026-05-393,393,BOVAN LTD,NYARUGENGE,MUHIMA NYABUGOGO,0.980,0.273,1.000,true,true,true,false,+250788742055,public_evidence_csv,https://monitoring.rwandafda.gov.rw/monitoring/documents-management/uploads/3/Human-Retail-Pharmacy-Duty-rosters/Retail_Pharmacies_Duty_Roster_in_Kigali_City_for_JULY-AUGUST-SEPTEMBER_2026.pdf,kigali July-September 2026 duty roster,,,phone_from_public_evidence
394,BRUCE PHARMACY Ltd,GASABO,KIMIRONKO,KIBAGABAGA,retail-2026-05-394,394,BRUCE PHARMACY Ltd,GASABO,KIMIRONKO KIBAGABAGA,1.000,0.445,1.000,true,true,true,true,,,,,,,local_evidence_only
395,PAMELLA PHARMACY Ltd,MUHANGA,NYAMABUYE,GAHOGO,retail-2026-05-395,395,PAMELLA PHARMACY Ltd,MUHANGA,NYAMABUYE GAHOGO,1.000,0.312,1.000,true,true,true,true,+250786138494,public_evidence_csv,https://monitoring.rwandafda.gov.rw/monitoring/documents-management/uploads/3/Human-Retail-Pharmacy-Duty-rosters/Retail_Pharmacies_Duty_Roster_in_Muhanga_District_JULY-AUGUST-SEPTEMBER_2026.pdf,muhanga July-September 2026 duty roster,,,phone_from_public_evidence
396,QUALITY LINE Ltd,KICUKIRO,MASAKA,GAKO,retail-2026-05-396,396,QUALITY LINE Ltd,KICUKIRO,MASAKA GAKO,1.000,0.404,1.000,true,true,true,true,,,,,,,local_evidence_only
397,TOP PHARMACY Ltd,KICUKIRO,KANOMBE,KABEZA,retail-2026-05-397,397,TOP PHARMACY Ltd,KICUKIRO,KANOMBE KABEZA,1.000,0.293,1.000,true,true,true,true,+250785301254,public_evidence_csv,https://monitoring.rwandafda.gov.rw/monitoring/documents-management/uploads/3/Human-Retail-Pharmacy-Duty-rosters/Retail_Pharmacies_Duty_Roster_in_Kigali_City_for_JULY-AUGUST-SEPTEMBER_2026.pdf,kigali July-September 2026 duty roster,,,phone_from_public_evidence
398,UMUGISHA PHARMACY Ltd,GASABO,KINYINYA,KAGUGU,retail-2026-05-398,398,UMUGISHA PHARMACY Ltd,GASABO,KINYINYA KAGUGU,1.000,0.153,1.000,true,true,true,true,,,,,,,local_evidence_only
399,UNION PHARMACY Ltd,GASABO,RUSORORO,CYIMO,retail-2026-05-399,399,UNION PHARMACY Ltd,GASABO,RUSORORO CYIMO,1.000,0.445,1.000,true,true,true,true,,,,,,,local_evidence_only
400,VINE PHARMACY Ltd,GASABO,REMERA,RUKIRI I,retail-2026-05-400,400,VINE PHARMACY Ltd,GASABO,REMERA RUKIRI I,1.000,0.073,1.000,true,true,true,true,+250788523498,public_evidence_csv,https://monitoring.rwandafda.gov.rw/monitoring/documents-management/uploads/3/Human-Retail-Pharmacy-Duty-rosters/Retail_Pharmacies_Duty_Roster_in_Kigali_City_for_JULY-AUGUST-SEPTEMBER_2026.pdf,kigali July-September 2026 duty roster,,,phone_from_public_evidence
401,YVANNA PHARMACY Ltd,GASABO,GISOZI,RUHANGO,retail-2026-05-401,401,YVANNA PHARMACY Ltd,GASABO,GISOZI RUHANGO,1.000,0.020,1.000,true,true,true,true,,,,,,,local_evidence_only
402,ZIP PHARMACY Ltd,KICUKIRO,GAHANGA,KAREMBURE,retail-2026-05-402,402,ZIP PHARMACY Ltd,KICUKIRO,GAHANGA KAREMBURE,1.000,0.153,1.000,true,true,true,true,+250783629827,public_evidence_csv,https://www.mmi.gov.rw/partners/pharmacies?tx_news_pi1%5Bcontroller%5D=News&tx_news_pi1%5BcurrentPage%5D=14&cHash=b4ed1aa76afc103eea72dbf0adb9b48b,MMI pharmacy partner directory page 14,,,phone_from_public_evidence
403,2050 PHARMACY Ltd,GASABO,GISOZI,RUHANGO,retail-2026-05-403,403,2050 PHARMACY Ltd,GASABO,GISOZI RUHANGO,1.000,0.765,1.000,true,true,true,true,,,,,,,local_evidence_only
404,AROME PHARMACY Ltd,MUHANGA,NYAMABUYE,GAHOGO,retail-2026-05-404,404,AROME PHARMACY Ltd,MUHANGA,NYAMABUYE GAHOGO,1.000,0.293,1.000,true,true,true,true,+250788296204,public_evidence_csv,https://monitoring.rwandafda.gov.rw/monitoring/documents-management/uploads/3/Human-Retail-Pharmacy-Duty-rosters/Retail_Pharmacies_Duty_Roster_in_Muhanga_District_JULY-AUGUST-SEPTEMBER_2026.pdf,muhanga July-September 2026 duty roster,,,phone_from_public_evidence
405,ATLAS PHARMACY Ltd,NYARUGENGE,MUHIMA,NYABUGOGO,retail-2026-05-405,405,ATLAS PHARMACY Ltd,NYARUGENGE,MUHIMA NYABUGOGO,1.000,0.449,1.000,true,true,true,true,+250782511433,public_evidence_csv,https://monitoring.rwandafda.gov.rw/monitoring/documents-management/uploads/3/Human-Retail-Pharmacy-Duty-rosters/Retail_Pharmacies_Duty_Roster_in_Kigali_City_for_JULY-AUGUST-SEPTEMBER_2026.pdf,kigali July-September 2026 duty roster,,,phone_from_public_evidence
406,ATONE PHARMACY Limited,NYARUGENGE,KIMISAGARA,KIMISAGARA,retail-2026-05-406,406,ATONE PHARMACY Limited,NYARUGENGE,KIMISAGARA KIMISAGARA,0.980,0.355,1.000,true,true,true,false,,,,,,,local_evidence_only
407,AVIEL PHARMACY Ltd,KICUKIRO,KANOMBE,KABEZA,retail-2026-05-407,407,AVIEL PHARMACY Ltd,KICUKIRO,KANOMBE KABEZA,1.000,0.324,1.000,true,true,true,true,+250786540360,public_evidence_csv,https://monitoring.rwandafda.gov.rw/monitoring/documents-management/uploads/3/Human-Retail-Pharmacy-Duty-rosters/Retail_Pharmacies_Duty_Roster_in_Kigali_City_for_JULY-AUGUST-SEPTEMBER_2026.pdf,kigali July-September 2026 duty roster,,,phone_from_public_evidence
408,AYIBAMBE PHARMACY Ltd,GASABO,RUSORORO,KABUGA I,retail-2026-05-408,408,AYIBAMBE PHARMACY Ltd,GASABO,RUSORORO KABUGA I,1.000,0.346,1.000,true,true,true,true,+250788519869,public_evidence_csv,https://monitoring.rwandafda.gov.rw/monitoring/documents-management/uploads/3/Human-Retail-Pharmacy-Duty-rosters/Retail_Pharmacies_Duty_Roster_in_Kigali_City_for_JULY-AUGUST-SEPTEMBER_2026.pdf,kigali July-September 2026 duty roster,,,phone_from_public_evidence
409,BENI PHARMACY Ltd,BUGESERA,NYAMATA,NYAMATA,retail-2026-05-409,409,BENI PHARMACY Ltd,BUGESERA,NYAMATA NYAMATA,0.980,0.273,1.000,true,true,true,false,,,,,,,local_evidence_only
410,BUPHARMA Ltd,GASABO,GATSATA,NYAMUGARI,retail-2026-05-410,410,BUPHARMA Ltd,GASABO,GATSATA NYAMUGARI,1.000,0.269,1.000,true,true,true,true,,,,,,,local_evidence_only
411,SALAMA-POINT PHARMACY Ltd,KICUKIRO,MASAKA,CYIMO,retail-2026-05-411,411,SALAMA -POINT PHARMACY Ltd,KICUKIRO,MASAKA CYIMO,1.000,0.293,1.000,true,true,true,true,+250785866839,public_evidence_csv,https://monitoring.rwandafda.gov.rw/monitoring/documents-management/uploads/3/Human-Retail-Pharmacy-Duty-rosters/Retail_Pharmacies_Duty_Roster_in_Kigali_City_for_JULY-AUGUST-SEPTEMBER_2026.pdf,kigali July-September 2026 duty roster,,,phone_from_public_evidence
412,EBENEPHAR Ltd,HUYE,NGOMA,BUTARE,retail-2026-05-412,412,EBENEPHAR Ltd,HUYE,NGOMA BUTARE,1.000,0.293,1.000,true,true,true,true,+250784047794,public_evidence_csv,https://monitoring.rwandafda.gov.rw/monitoring/documents-management/uploads/3/Human-Retail-Pharmacy-Duty-rosters/Retail_Pharmacies_Duty_Roster_in_Huye_District_JULY-AUGUST-SEPTEMBER_2026.pdf,huye July-September 2026 duty roster,,,phone_from_public_evidence
413,GALEAD PHARMACY LTD,KICUKIRO,MASAKA,CYIMO,retail-2026-05-413,413,GALEAD PHARMACY LTD,KICUKIRO,MASAKA CYIMO,1.000,0.227,1.000,true,true,true,true,+250788309064,public_evidence_csv,https://monitoring.rwandafda.gov.rw/monitoring/documents-management/uploads/3/Human-Retail-Pharmacy-Duty-rosters/Retail_Pharmacies_Duty_Roster_in_Kigali_City_for_JULY-AUGUST-SEPTEMBER_2026.pdf,kigali July-September 2026 duty roster,,,phone_from_public_evidence
414,EMPIRE PHARMACY Ltd,BUGESERA,NYAMATA,NYAMATA,retail-2026-05-414,414,EMPIRE PHARMACY Ltd,BUGESERA,NYAMATA NYAMATA,0.980,0.456,1.000,true,true,true,false,,,,,,,local_evidence_only
415,FAITH PHARMACY Ltd,KICUKIRO,KANOMBE,KABEZA,retail-2026-05-415,415,FAITH PHARMACY Ltd,KICUKIRO,KANOMBE KABEZA,1.000,0.442,1.000,true,true,true,true,+250788746756,public_evidence_csv,https://monitoring.rwandafda.gov.rw/monitoring/documents-management/uploads/3/Human-Retail-Pharmacy-Duty-rosters/Retail_Pharmacies_Duty_Roster_in_Kigali_City_for_JULY-AUGUST-SEPTEMBER_2026.pdf,kigali July-September 2026 duty roster,,,phone_from_public_evidence
416,GIPHARMA Ltd,GASABO,REMERA,RUKIRI I,retail-2026-05-416,416,GIPHARMA Ltd,GASABO,REMERA RUKIRI I,1.000,0.153,1.000,true,true,true,true,+250788892585,public_evidence_csv,https://monitoring.rwandafda.gov.rw/monitoring/documents-management/uploads/3/Human-Retail-Pharmacy-Duty-rosters/Retail_Pharmacies_Duty_Roster_in_Kigali_City_for_JULY-AUGUST-SEPTEMBER_2026.pdf,kigali July-September 2026 duty roster,,,phone_from_public_evidence
417,GOODCHOICE PHARMACY Limited,MUHANGA,NYAMABUYE,GAHOGO,retail-2026-05-417,417,GOODCHOICE PHARMACY Limited,MUHANGA,NYAMABUYE GAHOGO,1.000,0.293,1.000,true,true,true,true,+250722142414,public_evidence_csv,https://monitoring.rwandafda.gov.rw/monitoring/documents-management/uploads/3/Human-Retail-Pharmacy-Duty-rosters/Retail_Pharmacies_Duty_Roster_in_Muhanga_District_JULY-AUGUST-SEPTEMBER_2026.pdf,muhanga July-September 2026 duty roster,,,phone_from_public_evidence
418,GOODLIFE HEALTH AND BEAUTY NYABUGOGO,NYARUGENGE,KIMISAGARA,KIMISAGARA,retail-2026-05-418,418,GOODLIFE HEALTH AND BEAUTY NYABUGOGO,NYARUGENGE,KIMISAGARA KIMISAGARA,1.000,0.153,1.000,true,true,true,true,,,,,,,local_evidence_only
419,GOODLIFE WHOLESALE Ltd,GASABO,BUMBOGO,KINYAGA,retail-2026-05-419,419,GOODLIFE WHOLESALE Ltd,GASABO,BUMBOGO KINYAGA,1.000,0.153,1.000,true,true,true,true,,,,,,,local_evidence_only
420,GWIZABIGWI PHARMACY Ltd,RUBAVU,RUBAVU,RUKOKO,retail-2026-05-420,420,GWIZABIGWI PHARMACY Ltd,RUBAVU,RUBAVU RUKOKO,1.000,0.293,1.000,true,true,true,true,+250786961228,public_evidence_csv,https://monitoring.rwandafda.gov.rw/monitoring/documents-management/uploads/3/Human-Retail-Pharmacy-Duty-rosters/Retail_Pharmacies_Duty_Roster_in_Rubavu_for_JULY-AUGUST-SEPTEMBER_2026.pdf,rubavu July-September 2026 duty roster,,,phone_from_public_evidence
421,HEALTH LINE PHARMACY Ltd,GASABO,RUSORORO,KABUGA I,retail-2026-05-421,421,HEALTH LINE PHARMACY Ltd,GASABO,RUSORORO KABUGA I,1.000,0.307,1.000,true,true,true,true,,,,,,,local_evidence_only
422,HEALTHCARE PHARMACY Limited,NYARUGENGE,NYARUGENGE,KIYOVU,retail-2026-05-422,422,HEALTHCARE PHARMACY Limited,NYARUGENGE,NYARUGENGE KIYOVU,1.000,0.346,1.000,true,true,true,true,+250788872220,public_evidence_csv,https://monitoring.rwandafda.gov.rw/monitoring/documents-management/uploads/3/Human-Retail-Pharmacy-Duty-rosters/Retail_Pharmacies_Duty_Roster_in_Kigali_City_for_JULY-AUGUST-SEPTEMBER_2026.pdf,kigali July-September 2026 duty roster,,,phone_from_public_evidence
423,JOSH PHARMACY Ltd,NYARUGENGE,NYARUGENGE,KIYOVU,retail-2026-05-423,423,JOSH PHARMACY Ltd,NYARUGENGE,NYARUGENGE KIYOVU,0.980,0.384,1.000,true,true,true,false,+250788691034,public_evidence_csv,https://www.mmi.gov.rw/partners/pharmacies?tx_news_pi1%5Bcontroller%5D=News&tx_news_pi1%5BcurrentPage%5D=5&cHash=73c89c5e515261ea360cc3cc6372f318,MMI pharmacy partner directory page 5,,,phone_from_public_evidence
425,KAVAPHAR PHARMACY Ltd,GATSIBO,KABARORE,KABARORE,retail-2026-05-425,425,KAVAPHAR PHARMACY Ltd,GATSIBO,KABARORE KABARORE,0.980,0.273,1.000,true,true,true,false,,,,,,,local_evidence_only
426,KINDNESS PHARMACY Ltd,KARONGI,BWISHYURA,KINIHIRA,retail-2026-05-426,426,KINDNESS PHARMACY Ltd,KARONGI,BWISHYURA KINIHIRA,1.000,0.532,1.000,true,true,true,true,+250788555185,public_evidence_csv,https://www.mmi.gov.rw/partners/pharmacies?tx_news_pi1%5Bcontroller%5D=News&tx_news_pi1%5BcurrentPage%5D=5&cHash=73c89c5e515261ea360cc3cc6372f318,MMI pharmacy partner directory page 5,,,phone_from_public_evidence
427,LA FORTUNA PHARMACY Ltd,KICUKIRO,GIKONDO,KAGUNGA,retail-2026-05-427,427,LA FORTUNA PHARMACY Ltd,KICUKIRO,GIKONDO KAGUNGA,1.000,0.460,1.000,true,true,true,true,,,,,,,local_evidence_only
428,LAGRADA PHARMACY Limited,NYARUGENGE,RWEZAMENY O,RWEZAMENYO I,retail-2026-05-428,428,LAGRADA PHARMACY Limited,NYARUGENGE,RWEZAMENYO RWEZAMENYO I,0.920,0.213,1.000,true,false,true,false,,,,,,,local_evidence_only
429,MAXPHAR PHARMACY Ltd,NYARUGENGE,MUHIMA,AMAHORO,retail-2026-05-429,429,MAXPHAR PHARMACY Ltd,NYARUGENGE,MUHIMA AMAHORO,1.000,0.273,1.000,true,true,true,true,,,,,,,local_evidence_only
430,MED POINT PHARMACY Ltd,KICUKIRO,GATENGA,NYANZA,retail-2026-05-430,430,MED POINT PHARMACY Ltd,KICUKIRO,GATENGA NYANZA,1.000,0.353,1.000,true,true,true,true,,,,,,,local_evidence_only
431,MILA PHARMACY Ltd,GATSIBO,KIRAMURUZI,AKABUGA,retail-2026-05-431,431,MILA PHARMACY Ltd,GATSIBO,KIRAMURUZI AKABUGA,1.000,0.020,1.000,true,true,true,true,,,,,,,local_evidence_only
432,MUSAPHAR Ltd,NYAGATARE,KARANGAZI,RWISIRABO,retail-2026-05-432,432,MUSAPHAR Ltd,NYAGATARE,KARANGAZI RWISIRABO,1.000,0.392,1.000,true,true,true,true,+250785123414,public_evidence_csv,https://monitoring.rwandafda.gov.rw/monitoring/documents-management/uploads/3/Human-Retail-Pharmacy-Duty-rosters/Retail_Pharmacies_Duty_Roster_in_Nyagatare_for_JULY-AUGUST-SEPTEMBER_2026.pdf,nyagatare July-September 2026 duty roster,,,phone_from_public_evidence
433,NEW HOPE PHARMACY Ltd,GASABO,REMERA,RUKIRI II,retail-2026-05-433,433,NEW HOPE PHARMACY Ltd,GASABO,REMERA RUKIRI II,0.980,0.372,1.000,true,true,true,false,+250783142948,public_evidence_csv,https://monitoring.rwandafda.gov.rw/monitoring/documents-management/uploads/3/Human-Retail-Pharmacy-Duty-rosters/Retail_Pharmacies_Duty_Roster_in_Kigali_City_for_JULY-AUGUST-SEPTEMBER_2026.pdf,kigali July-September 2026 duty roster,,,phone_from_public_evidence
434,NIMA PHARMACY Ltd,NYARUGENGE,NYARUGENGE,BIRYOGO,retail-2026-05-434,434,NIMA PHARMACY Ltd,NYARUGENGE,NYARUGENGE BIRYOGO,1.000,0.293,1.000,true,true,true,true,+250784478571,public_evidence_csv,https://monitoring.rwandafda.gov.rw/monitoring/documents-management/uploads/3/Human-Retail-Pharmacy-Duty-rosters/Retail_Pharmacies_Duty_Roster_in_Kigali_City_for_JULY-AUGUST-SEPTEMBER_2026.pdf,kigali July-September 2026 duty roster,,,phone_from_public_evidence
435,SALAMA-LOTUS PHARMACY Ltd,GASABO,KACYIRU,KAMUTWA,retail-2026-05-435,435,SALAMA -LOTUS PHARMACY Ltd,GASABO,KACYIRU KAMUTWA,1.000,0.153,1.000,true,true,true,true,+250785866839,public_evidence_csv,https://monitoring.rwandafda.gov.rw/monitoring/documents-management/uploads/3/Human-Retail-Pharmacy-Duty-rosters/Retail_Pharmacies_Duty_Roster_in_Kigali_City_for_JULY-AUGUST-SEPTEMBER_2026.pdf,kigali July-September 2026 duty roster,,,phone_from_public_evidence
436,PHARMACIE DIGNE LTD,GASABO,KIMIRONKO,KIBAGABAGA,retail-2026-05-436,436,PHARMACIE DIGNE LTD,GASABO,KIMIRONKO KIBAGABAGA,1.000,0.153,1.000,true,true,true,true,+250788461155,public_evidence_csv,https://monitoring.rwandafda.gov.rw/monitoring/documents-management/uploads/3/Human-Retail-Pharmacy-Duty-rosters/Retail_Pharmacies_Duty_Roster_in_Kigali_City_for_JULY-AUGUST-SEPTEMBER_2026.pdf,kigali July-September 2026 duty roster,,,phone_from_public_evidence
438,PHARMACIE LAGO LTD,RUBAVU,GISENYI,NENGO,retail-2026-05-438,438,PHARMACIE LAGO LTD,RUBAVU,GISENYI NENGO,1.000,0.293,1.000,true,true,true,true,+250788741201,public_evidence_csv,https://monitoring.rwandafda.gov.rw/monitoring/documents-management/uploads/3/Human-Retail-Pharmacy-Duty-rosters/Retail_Pharmacies_Duty_Roster_in_Rubavu_for_JULY-AUGUST-SEPTEMBER_2026.pdf,rubavu July-September 2026 duty roster,,,phone_from_public_evidence
439,PHARMAPHILOS Ltd,GASABO,NDERA,KIBENGA,retail-2026-05-439,439,PHARMAPHILOS Ltd,GASABO,NDERA KIBENGA,1.000,0.376,1.000,true,true,true,true,,,,,,,local_evidence_only
440,RITE PHARMACY Ltd (Gatenga Branch),KICUKIRO,GATENGA,NYANZA,retail-2026-05-440,440,RITE PHARMACY Ltd (Gatenga Branch),KICUKIRO,GATENGA NYANZA,1.000,0.153,1.000,true,true,true,true,+250788697968,public_evidence_csv,https://monitoring.rwandafda.gov.rw/monitoring/documents-management/uploads/3/Human-Retail-Pharmacy-Duty-rosters/Retail_Pharmacies_Duty_Roster_in_Kigali_City_for_JULY-AUGUST-SEPTEMBER_2026.pdf,kigali July-September 2026 duty roster,,,phone_from_public_evidence
441,TONA PHARMACY Ltd,GASABO,KIMIRONKO,NYAGATOVU,retail-2026-05-441,441,TONA PHARMACY Ltd,GASABO,KIMIRONKO NYAGATOVU,0.980,0.400,1.000,true,true,true,false,+250788250377,public_evidence_csv,https://monitoring.rwandafda.gov.rw/monitoring/documents-management/uploads/3/Human-Retail-Pharmacy-Duty-rosters/Retail_Pharmacies_Duty_Roster_in_Kigali_City_for_JULY-AUGUST-SEPTEMBER_2026.pdf,kigali July-September 2026 duty roster,,,phone_from_public_evidence
442,TRIUMVIRAT CURE PHARMACY Ltd,GAKENKE,GAKENKE,RUSAGARA,retail-2026-05-442,442,TRIUMVIRAT CURE PHARMACY Ltd,GAKENKE,GAKENKE RUSAGARA,0.980,0.543,1.000,true,true,true,false,,,,,,,local_evidence_only
443,UMUCYO NA GIRUBUZIMA LTD,RUHANGO,RUHANGO,NYAMAGANA,retail-2026-05-443,443,UMUCYO NA GIRUBUZIMA LTD,RUHANGO,RUHANGO NYAMAGANA,1.000,0.293,1.000,true,true,true,true,+250785486361,public_evidence_csv,https://monitoring.rwandafda.gov.rw/monitoring/documents-management/uploads/3/Human-Retail-Pharmacy-Duty-rosters/Retail_Pharmacies_Duty_Roster_in_Ruhango_for_JULY-AUGUST-SEPTEMBER_2026.pdf,ruhango July-September 2026 duty roster,,,phone_from_public_evidence
444,URWIBUTSO PHARMACY Ltd,KICUKIRO,KICUKIRO,KICUKIRO,retail-2026-05-444,444,URWIBUTSO PHARMACY Ltd,KICUKIRO,KICUKIRO KICUKIRO,1.000,0.475,1.000,true,true,true,true,,,,,,,local_evidence_only
445,ZIP PHARMACY NYANZA,KICUKIRO,GATENGA,NYANZA,retail-2026-05-445,445,ZIP PHARMACY NYANZA,KICUKIRO,GATENGA NYANZA,1.000,0.153,1.000,true,true,true,true,+250783629827,public_evidence_csv,https://www.mmi.gov.rw/partners/pharmacies?tx_news_pi1%5Bcontroller%5D=News&tx_news_pi1%5BcurrentPage%5D=14&cHash=b4ed1aa76afc103eea72dbf0adb9b48b,MMI pharmacy partner directory page 14,,,phone_from_public_evidence
446,GOODLIFE HEALTH AND BEAUTY NYAMIRAMBO,NYARUGENGE,RWEZAMENY O,RWEZAMENYO,retail-2026-05-446,446,GOODLIFE HEALTH AND BEAUTY NYAMIRAMBO,NYARUGENGE,RWEZAMENYO RWEZAMENYO,0.920,0.073,1.000,true,false,true,false,,,,,,,local_evidence_only
447,DIUSIS PHARMACY Ltd,KICUKIRO,MASAKA,GAKO,retail-2026-05-447,447,DIUSIS PHARMACY Ltd,KICUKIRO,MASAKA GAKO,1.000,0.426,1.000,true,true,true,true,,,,,,,local_evidence_only
448,GOODLIFE HEALTH AND BEAUTY GISOZI,GASABO,GISOZI,RUHANGO,retail-2026-05-450,450,GOODLIFE HEALTH AND BEAUTY GISOZI,GASABO,GISOZI RUHANGO,1.000,0.153,1.000,true,true,true,true,,,,,,,local_evidence_only
449,KIRAMED Ltd,GASABO,KIMIRONKO,KIBAGABAGA,retail-2026-05-451,451,KIRAMED Ltd,GASABO,KIMIRONKO KIBAGABAGA,1.000,0.293,1.000,true,true,true,true,+250788547210,public_evidence_csv,https://monitoring.rwandafda.gov.rw/monitoring/documents-management/uploads/3/Human-Retail-Pharmacy-Duty-rosters/Retail_Pharmacies_Duty_Roster_in_Kigali_City_for_JULY-AUGUST-SEPTEMBER_2026.pdf,kigali July-September 2026 duty roster,,,phone_from_public_evidence
450,PHARMACY FOR FAMILY GROUP Ltd,KICUKIRO,GATENGA,NYANZA,retail-2026-05-452,452,PHARMACY FOR FAMILY GROUP Ltd,KICUKIRO,GATENGA NYANZA,1.000,0.293,1.000,true,true,true,true,+250781146279,public_evidence_csv,https://www.mmi.gov.rw/partners/pharmacies?tx_news_pi1%5Bcontroller%5D=News&tx_news_pi1%5BcurrentPage%5D=9&cHash=c13b44e19ea49a4663bff3b1213f2c66,MMI pharmacy partner directory page 9,,,phone_from_public_evidence
451,PHARMACIE DE RUBAVU Limited,MUSANZE,MUHOZA,MPENGE,retail-2026-05-453,453,PHARMACIE DE RUBAVU Limited,MUSANZE,MUHOZA MPENGE,1.000,0.493,1.000,true,true,true,true,,,,,,,local_evidence_only
452,PHARMACIE IRAFASHA Ltd,RUSIZI,KAMEMBE,KAMASHANGI,retail-2026-05-454,454,PHARMACIE IRAFASHA Ltd,RUSIZI,KAMEMBE KAMASHANGI,1.000,0.493,1.000,true,true,true,true,,,,,,,local_evidence_only
453,PHARMACY IRAGUHA LTD,MUSANZE,MUHOZA,KIGOMBE,retail-2026-05-455,455,PHARMACY IRAGUHA LTD,MUSANZE,MUHOZA KIGOMBE,1.000,0.293,1.000,true,true,true,true,+250783117737,public_evidence_csv,https://monitoring.rwandafda.gov.rw/monitoring/documents-management/uploads/3/Human-Retail-Pharmacy-Duty-rosters/Retail_Pharmacies_Duty_Roster_in_Musanze_JULY-AUGUST-SEPTEMBER_2026.pdf,musanze July-September 2026 duty roster,,,phone_from_public_evidence
454,VIKAS PHARMACY Ltd,MUHANGA,NYAMABUYE,GAHOGO,retail-2026-05-456,456,VIKAS PHARMACY Ltd,MUHANGA,NYAMABUYE GAHOGO,1.000,0.293,1.000,true,true,true,true,+250788464473,public_evidence_csv,https://monitoring.rwandafda.gov.rw/monitoring/documents-management/uploads/3/Human-Retail-Pharmacy-Duty-rosters/Retail_Pharmacies_Duty_Roster_in_Muhanga_District_JULY-AUGUST-SEPTEMBER_2026.pdf,muhanga July-September 2026 duty roster,,,phone_from_public_evidence
455,ALAMANDA PHARMACY Ltd,GASABO,REMERA,RUKIRI I,retail-2026-05-457,457,ALAMANDA PHARMACY Ltd,GASABO,REMERA RUKIRI I,1.000,0.237,1.000,true,true,true,true,,,,,,,local_evidence_only
456,ALAMANDA PHARMACY Ltd,KICUKIRO,KIGARAMA,NYENYERI,retail-2026-05-458,458,ALAMANDA PHARMACY Ltd,KICUKIRO,KIGARAMA NYENYERI,1.000,0.240,1.000,true,true,true,true,,,,,,,local_evidence_only
457,AMANI PHARMACY Ltd,RUHANGO,BYIMANA,KAMUSENYI,retail-2026-05-459,459,AMANI PHARMACY Ltd,RUHANGO,BYIMANA KAMUSENYI,1.000,0.392,1.000,true,true,true,true,+250788967087,public_evidence_csv,https://monitoring.rwandafda.gov.rw/monitoring/documents-management/uploads/3/Human-Retail-Pharmacy-Duty-rosters/Retail_Pharmacies_Duty_Roster_in_Ruhango_for_JULY-AUGUST-SEPTEMBER_2026.pdf,ruhango July-September 2026 duty roster,,,phone_from_public_evidence
458,ELIO PHARMACY Ltd,KIREHE,MAHAMA,MUNINI,retail-2026-05-460,460,ELIO PHARMACY Ltd,KIREHE,MAHAMA MUNINI,1.000,0.293,1.000,true,true,true,true,,,,,,,local_evidence_only
459,GWIRA PHARMACY Ltd,KICUKIRO,KICUKIRO,NIBOYE,retail-2026-05-461,461,GWIRA PHARMACY Ltd,KICUKIRO,KICUKIRO NIBOYE,1.000,0.293,1.000,true,true,true,true,,,,,,,local_evidence_only
460,HEALTH LINK PHARMACY Ltd,NYARUGENGE,NYARUGENGE,KIYOVU,retail-2026-05-462,462,HEALTH LINK PHARMACY Ltd,NYARUGENGE,NYARUGENGE KIYOVU,1.000,0.309,1.000,true,true,true,true,,,,,,,local_evidence_only
461,HEALTH PLUS PHARMACY Ltd,GASABO,NDERA,RUDASHYA,retail-2026-05-463,463,HEALTH PLUS PHARMACY Ltd,GASABO,NDERA RUDASHYA,1.000,0.293,1.000,true,true,true,true,,,,,,,local_evidence_only
462,IVY PHARMACY Ltd,RUBAVU,NYAMYUMBA,MUNANIRA,retail-2026-05-464,464,IVY PHARMACY Ltd,RUBAVU,NYAMYUMBA MUNANIRA,0.980,0.546,1.000,true,true,true,false,,,,,,,local_evidence_only
463,MEDIASOL PHARMACY/RUBAVU,RUBAVU,GISENYI,NENGO,retail-2026-05-465,465,MEDIASOL PHARMACY/RUBAVU,RUBAVU,GISENYI NENGO,1.000,0.293,1.000,true,true,true,true,,,,,,,local_evidence_only
464,NTENDE PHARMACY Ltd,GATSIBO,RUGARAMA,GIHUTA,retail-2026-05-466,466,NTENDE PHARMACY Ltd,GATSIBO,RUGARAMA GIHUTA,1.000,0.532,1.000,true,true,true,true,+250788231531,public_evidence_csv,https://www.mmi.gov.rw/partners/pharmacies?tx_news_pi1%5Bcontroller%5D=News&tx_news_pi1%5BcurrentPage%5D=7&cHash=4b5654186942a224cb29095eb15c3bd4,MMI pharmacy partner directory page 7,,,phone_from_public_evidence
465,PHARMACIE FLEUR DE VIE Ltd,MUHANGA,NYAMABUYE,GAHOGO,retail-2026-05-467,467,PHARMACIE FLEUR DE VIE Ltd,MUHANGA,NYAMABUYE GAHOGO,1.000,0.463,1.000,true,true,true,true,+250788479307,public_evidence_csv,https://monitoring.rwandafda.gov.rw/monitoring/documents-management/uploads/3/Human-Retail-Pharmacy-Duty-rosters/Retail_Pharmacies_Duty_Roster_in_Muhanga_District_JULY-AUGUST-SEPTEMBER_2026.pdf,muhanga July-September 2026 duty roster,,,phone_from_public_evidence
466,PHARMACIE TRAMED Ltd,NYARUGENGE,NYARUGENGE,BIRYOGO,retail-2026-05-468,468,PHARMACIE TRAMED Ltd,NYARUGENGE,NYARUGENGE BIRYOGO,1.000,0.227,1.000,true,true,true,true,+250788301960,public_evidence_csv,https://monitoring.rwandafda.gov.rw/monitoring/documents-management/uploads/3/Human-Retail-Pharmacy-Duty-rosters/Retail_Pharmacies_Duty_Roster_in_Kigali_City_for_JULY-AUGUST-SEPTEMBER_2026.pdf,kigali July-September 2026 duty roster,,,phone_from_public_evidence
467,QLPHARMA Ltd,GASABO,GISOZI,MUSEZERO,retail-2026-05-469,469,QLPHARMA Ltd,GASABO,GISOZI MUSEZERO,1.000,0.290,1.000,true,true,true,true,,,,,,,local_evidence_only
468,LIFE BELT PHARMACY Ltd,NYARUGENGE,NYARUGENGE,BIRYOGO,retail-2026-05-470,470,LIFE BELT PHARMACY Ltd,NYARUGENGE,NYARUGENGE BIRYOGO,0.980,0.073,1.000,true,true,true,false,+250787011741,public_evidence_csv,https://monitoring.rwandafda.gov.rw/monitoring/documents-management/uploads/3/Human-Retail-Pharmacy-Duty-rosters/Retail_Pharmacies_Duty_Roster_in_Kigali_City_for_JULY-AUGUST-SEPTEMBER_2026.pdf,kigali July-September 2026 duty roster,,,phone_from_public_evidence
469,DASS PHARMACY Ltd,GASABO,KIMIRONKO,BIBARE,retail-2026-05-471,471,DASS PHARMACY Ltd,GASABO,KIMIRONKO BIBARE,1.000,0.353,1.000,true,true,true,true,+250787826020,public_evidence_csv,https://monitoring.rwandafda.gov.rw/monitoring/documents-management/uploads/3/Human-Retail-Pharmacy-Duty-rosters/Retail_Pharmacies_Duty_Roster_in_Kigali_City_for_JULY-AUGUST-SEPTEMBER_2026.pdf,kigali July-September 2026 duty roster,,,phone_from_public_evidence
470,SUNRISE PHARMACY Ltd,HUYE,NGOMA,KABUTARE,retail-2026-05-472,472,SUNRISE PHARMACY Ltd,HUYE,NGOMA KABUTARE,1.000,0.474,1.000,true,true,true,true,+250783434465,public_evidence_csv,https://monitoring.rwandafda.gov.rw/monitoring/documents-management/uploads/3/Human-Retail-Pharmacy-Duty-rosters/Retail_Pharmacies_Duty_Roster_in_Huye_District_JULY-AUGUST-SEPTEMBER_2026.pdf,huye July-September 2026 duty roster,,,phone_from_public_evidence
471,ATETE PHARMACY Ltd,KAMONYI,MUSAMBIRA,KARENGERE,retail-2026-05-473,473,ATETE PHARMACY Ltd,KAMONYI,MUSAMBIRA KARENGERE,1.000,0.445,1.000,true,true,true,true,+250788916042,public_evidence_csv,https://monitoring.rwandafda.gov.rw/monitoring/documents-management/uploads/3/Human-Retail-Pharmacy-Duty-rosters/Retail_Pharmacies_Duty_Roster_in_Kamonyi_District_JULY-AUGUST-SEPTEMBER_2026.pdf,kamonyi July-September 2026 duty roster,,,phone_from_public_evidence
472,IBIGWI PHARMACY Ltd,MUSANZE,MUHOZA,MPENGE,retail-2026-05-474,474,IBIGWI PHARMACY Ltd,MUSANZE,MUHOZA MPENGE,1.000,0.293,1.000,true,true,true,true,+250782765200,public_evidence_csv,https://monitoring.rwandafda.gov.rw/monitoring/documents-management/uploads/3/Human-Retail-Pharmacy-Duty-rosters/Retail_Pharmacies_Duty_Roster_in_Musanze_JULY-AUGUST-SEPTEMBER_2026.pdf,musanze July-September 2026 duty roster,,,phone_from_public_evidence
473,IHIRWE PHARMACY Ltd,NYARUGENGE,RWEZAMENY O,RWEZAMENYO II,retail-2026-05-475,475,IHIRWE PHARMACY Ltd,NYARUGENGE,RWEZAMENYO RWEZAMENYO II,0.940,0.293,1.000,true,false,true,true,+250788639779,public_evidence_csv,https://monitoring.rwandafda.gov.rw/monitoring/documents-management/uploads/3/Human-Retail-Pharmacy-Duty-rosters/Retail_Pharmacies_Duty_Roster_in_Kigali_City_for_JULY-AUGUST-SEPTEMBER_2026.pdf,kigali July-September 2026 duty roster,,,phone_from_public_evidence
474,IHODI PHARMACY Ltd,GASABO,RUSORORO,KABUGA I,retail-2026-05-476,476,IHODI PHARMACY Ltd,GASABO,RUSORORO KABUGA I,1.000,0.353,1.000,true,true,true,true,+250786555999,public_evidence_csv,https://www.mmi.gov.rw/partners/pharmacies?tx_news_pi1%5Bcontroller%5D=News&tx_news_pi1%5BcurrentPage%5D=4&cHash=af819f30de0cd834b0262e1cb00c9c11,MMI pharmacy partner directory page 4,,,phone_from_public_evidence
475,IRAKIZA PHARMACY Ltd,NYABIHU,MUKAMIRA,JABA,retail-2026-05-477,477,IRAKIZA PHARMACY Ltd,NYABIHU,MUKAMIRA JABA,1.000,0.367,1.000,true,true,true,true,+250784017361,public_evidence_csv,https://www.mmi.gov.rw/partners/pharmacies?tx_news_pi1%5Bcontroller%5D=News&tx_news_pi1%5BcurrentPage%5D=5&cHash=73c89c5e515261ea360cc3cc6372f318,MMI pharmacy partner directory page 5,,,phone_from_public_evidence
476,NEPHAR Ltd,NGOMA,KIBUNGO,CYASEMAKAM BA,retail-2026-05-478,478,NEPHAR Ltd,NGOMA,KIBUNGO CYASEMAKAMBA,0.980,0.273,1.000,true,true,false,true,+250784047794,public_evidence_csv,https://monitoring.rwandafda.gov.rw/monitoring/documents-management/uploads/3/Human-Retail-Pharmacy-Duty-rosters/Retail_Pharmacies_Duty_Roster_in_Huye_District_JULY-AUGUST-SEPTEMBER_2026.pdf,huye July-September 2026 duty roster,,,phone_from_public_evidence
477,NGABOPHARMACY Ltd,GASABO,REMERA,RUKIRI II,retail-2026-05-479,479,NGABOPHARMACY Ltd,GASABO,REMERA RUKIRI II,1.000,0.153,1.000,true,true,true,true,,,,,,,local_evidence_only
478,NS LIVE BEST PHARMACY Ltd,NYARUGENGE,NYARUGENGE,RWAMPARA,retail-2026-05-480,480,NS LIVE BEST PHARMACY Ltd,NYARUGENGE,NYARUGENGE RWAMPARA,1.000,0.293,1.000,true,true,true,true,+250781684996,public_evidence_csv,https://monitoring.rwandafda.gov.rw/monitoring/documents-management/uploads/3/Human-Retail-Pharmacy-Duty-rosters/Retail_Pharmacies_Duty_Roster_in_Kigali_City_for_JULY-AUGUST-SEPTEMBER_2026.pdf,kigali July-September 2026 duty roster,,,phone_from_public_evidence
479,PHARMACIE BELLE ETOILE,NYARUGENGE,NYARUGENGE,BIRYOGO,retail-2026-05-481,481,PHARMACIE BELLE ETOILE,NYARUGENGE,NYARUGENGE BIRYOGO,1.000,0.293,1.000,true,true,true,true,+250788557894,public_evidence_csv,https://monitoring.rwandafda.gov.rw/monitoring/documents-management/uploads/3/Human-Retail-Pharmacy-Duty-rosters/Retail_Pharmacies_Duty_Roster_in_Kigali_City_for_JULY-AUGUST-SEPTEMBER_2026.pdf,kigali July-September 2026 duty roster,,,phone_from_public_evidence
480,PHARMACIE LA LICORNE Ltd,NYARUGENGE,KIMISAGARA,KIMISAGARA,retail-2026-05-482,482,PHARMACIE LA LICORNE Ltd,NYARUGENGE,KIMISAGARA KIMISAGARA,1.000,0.375,1.000,true,true,true,true,+250788485071,public_evidence_csv,https://monitoring.rwandafda.gov.rw/monitoring/documents-management/uploads/3/Human-Retail-Pharmacy-Duty-rosters/Retail_Pharmacies_Duty_Roster_in_Kigali_City_for_JULY-AUGUST-SEPTEMBER_2026.pdf,kigali July-September 2026 duty roster,,,phone_from_public_evidence
481,PHARMAPAX PHARMACY Ltd,RUSIZI,GIHUNDWE,BURANGA,retail-2026-05-483,483,PHARMAPAX PHARMACY Ltd,RUSIZI,GIHUNDWE BURANGA,1.000,0.400,1.000,true,true,true,true,,,,,,,local_evidence_only
482,PLIVA PHARMACY Ltd,NYARUGENGE,GITEGA,GACYAMO,retail-2026-05-484,484,PLIVA PHARMACY Ltd,NYARUGENGE,GITEGA GACYAMO,1.000,0.353,1.000,true,true,true,true,+250788754720,public_evidence_csv,https://monitoring.rwandafda.gov.rw/monitoring/documents-management/uploads/3/Human-Retail-Pharmacy-Duty-rosters/Retail_Pharmacies_Duty_Roster_in_Kigali_City_for_JULY-AUGUST-SEPTEMBER_2026.pdf,kigali July-September 2026 duty roster,,,phone_from_public_evidence
483,RECOVERY PHARMACY Ltd,RUBAVU,GISENYI,BUGOYI,retail-2026-05-485,485,RECOVERY PHARMACY Ltd,RUBAVU,GISENYI BUGOYI,1.000,0.455,1.000,true,true,true,true,+250785731681,public_evidence_csv,https://monitoring.rwandafda.gov.rw/monitoring/documents-management/uploads/3/Human-Retail-Pharmacy-Duty-rosters/Retail_Pharmacies_Duty_Roster_in_Rubavu_for_JULY-AUGUST-SEPTEMBER_2026.pdf,rubavu July-September 2026 duty roster,,,phone_from_public_evidence
484,SAINT THERESE PHARMACY Ltd,GICUMBI,BYUMBA,GACURABWEN GE,retail-2026-05-486,486,SAINT THERESE PHARMACY Ltd,GICUMBI,BYUMBA GACURABWENGE,0.980,0.248,1.000,true,true,false,true,,,,,,,local_evidence_only
485,SANEPHAR Ltd,RUBAVU,GISENYI,KIVUMU,retail-2026-05-487,487,SANEPHAR Ltd,RUBAVU,GISENYI KIVUMU,1.000,0.293,1.000,true,true,true,true,,,,,,,local_evidence_only
486,THE GUARDIAN PHARMACY Ltd,BUGESERA,NYAMATA,NYAMATA,retail-2026-05-488,488,THE GUARDIAN PHARMACY Ltd,BUGESERA,NYAMATA NYAMATA,1.000,0.293,1.000,true,true,true,true,+250786688057,public_evidence_csv,https://monitoring.rwandafda.gov.rw/monitoring/documents-management/uploads/3/Human-Retail-Pharmacy-Duty-rosters/Retail_Pharmacies_Duty_Roster_in_Bugesera_District_JULY-AUGUST-SEPTEMBER_2026.pdf,bugesera July-September 2026 duty roster,,,phone_from_public_evidence
487,TRINITY PHARMACY Ltd,GASABO,KIMIRONKO,KIBAGABAGA,retail-2026-05-489,489,TRINITY PHARMACY Ltd,GASABO,KIMIRONKO KIBAGABAGA,1.000,0.455,1.000,true,true,true,true,+250788358068,public_evidence_csv,https://monitoring.rwandafda.gov.rw/monitoring/documents-management/uploads/3/Human-Retail-Pharmacy-Duty-rosters/Retail_Pharmacies_Duty_Roster_in_Kigali_City_for_JULY-AUGUST-SEPTEMBER_2026.pdf,kigali July-September 2026 duty roster,,,phone_from_public_evidence
488,WESTERN PHARMACY RUTSIRO Ltd,RUTSIRO,GIHANGO,CONGO-NIL,retail-2026-05-490,490,WESTERN PHARMACY RUTSIRO Ltd,RUTSIRO,GIHANGO CONGO -NIL,1.000,0.293,1.000,true,true,true,true,,,,,,,local_evidence_only
489,RAVI PHARMACY Ltd,GASABO,KIMIRONKO,NYAGATOVU,retail-2026-05-491,491,RAVI PHARMACY Ltd,GASABO,KIMIRONKO NYAGATOVU,1.000,0.420,1.000,true,true,true,true,+250788532338,public_evidence_csv,https://monitoring.rwandafda.gov.rw/monitoring/documents-management/uploads/3/Human-Retail-Pharmacy-Duty-rosters/Retail_Pharmacies_Duty_Roster_in_Kigali_City_for_JULY-AUGUST-SEPTEMBER_2026.pdf,kigali July-September 2026 duty roster,,,phone_from_public_evidence
490,ABIRWA-REMERA,GASABO,REMERA,RUKIRI II,retail-2026-05-493,493,ABIRWA -REMERA,GASABO,REMERA RUKIRI II,1.000,0.293,1.000,true,true,true,true,,,,,,,local_evidence_only
491,ALDORA PHARMACY Ltd,KICUKIRO,MASAKA,CYIMO,retail-2026-05-494,494,ALDORA PHARMACY Ltd,KICUKIRO,MASAKA CYIMO,1.000,0.353,1.000,true,true,true,true,,,,,,,local_evidence_only
492,INITIATIVE PHARMA RWAMAGANA BRANCH LTD,RWAMAGANA,KIGABIRO,CYANYA,retail-2026-05-495,495,INITIATIVE PHARMA RWAMAGANA BRANCH,RWAMAGANA,KIGABIRO CYANYA,1.000,0.293,1.000,true,true,true,true,,,,,,,local_evidence_only
493,ANSWER PHARMACIE Ltd,RUBAVU,GISENYI,KIVUMU,retail-2026-05-496,496,ANSWER PHARMACIE Ltd,RUBAVU,GISENYI KIVUMU,0.980,0.326,1.000,true,true,true,false,+250788512844,public_evidence_csv,https://monitoring.rwandafda.gov.rw/monitoring/documents-management/uploads/3/Human-Retail-Pharmacy-Duty-rosters/Retail_Pharmacies_Duty_Roster_in_Rubavu_for_JULY-AUGUST-SEPTEMBER_2026.pdf,rubavu July-September 2026 duty roster,,,phone_from_public_evidence
494,AVEPHARMA Ltd,KAMONYI,RUNDA,RUYENZI,retail-2026-05-497,497,AVEPHARMA Ltd,KAMONYI,RUNDA RUYENZI,1.000,0.104,1.000,true,true,true,true,+250788226091,public_evidence_csv,https://monitoring.rwandafda.gov.rw/monitoring/documents-management/uploads/3/Human-Retail-Pharmacy-Duty-rosters/Retail_Pharmacies_Duty_Roster_in_Kamonyi_District_JULY-AUGUST-SEPTEMBER_2026.pdf,kamonyi July-September 2026 duty roster,,,phone_from_public_evidence
496,DELIZA PHARMACY Ltd,NYARUGENGE,NYAKABANDA,MUNANIRA I,retail-2026-05-498,498,DELIZA PHARMACY Ltd,NYARUGENGE,NYAKABANDA MUNANIRA I,1.000,0.404,1.000,true,true,true,true,+250783263952,public_evidence_csv,https://www.mmi.gov.rw/partners/pharmacies?tx_news_pi1%5Bcontroller%5D=News&tx_news_pi1%5BcurrentPage%5D=2&cHash=cb3ba28d85d6688fc9af769dc2d131cf,MMI pharmacy partner directory page 2,,,phone_from_public_evidence
497,ODEPHAR PHARMACY1,GICUMBI,MUTETE,GASEKE,retail-2026-05-499,499,ODEPHAR PHARMACY1,GICUMBI,MUTETE GASEKE,1.000,0.293,1.000,true,true,true,true,,,,,,,local_evidence_only
498,PHARMACIE BORIS Limited,KAMONYI,RUNDA,RUYENZI,retail-2026-05-500,500,PHARMACIE BORIS Limited,KAMONYI,RUNDA RUYENZI,0.980,0.456,1.000,true,true,true,false,+250785505764,public_evidence_csv,https://monitoring.rwandafda.gov.rw/monitoring/documents-management/uploads/3/Human-Retail-Pharmacy-Duty-rosters/Retail_Pharmacies_Duty_Roster_in_Kamonyi_District_JULY-AUGUST-SEPTEMBER_2026.pdf,kamonyi July-September 2026 duty roster,,,phone_from_public_evidence
499,PHARMACIE DUHOZANYE Ltd,GASABO,NDERA,KIBENGA,retail-2026-05-501,501,PHARMACIE DUHOZANYE Ltd,GASABO,NDERA KIBENGA,1.000,0.426,1.000,true,true,true,true,,,,,,,local_evidence_only
500,SC&ET BLESSING PHARMACY Limited,GASABO,KIMIRONKO,BIBARE,retail-2026-05-502,502,SC&ET BLESSING PHARMACY Limited,GASABO,KIMIRONKO BIBARE,1.000,0.153,1.000,true,true,true,true,,,,,,,local_evidence_only
501,ST ODA Ltd,RULINDO,BUSHOKI,NYIRANGARAM A,retail-2026-05-503,503,ST ODA Ltd,RULINDO,BUSHOKI NYIRANGARAMA,0.980,0.133,1.000,true,true,false,true,+250786364440,public_evidence_csv,https://www.mmi.gov.rw/partners/pharmacies?tx_news_pi1%5Bcontroller%5D=News&tx_news_pi1%5BcurrentPage%5D=11&cHash=673911716afa33a833f26bcd03ee3df1,MMI pharmacy partner directory page 11,,,phone_from_public_evidence
502,SUCCESS PHARMACY LTD,GATSIBO,KIRAMURUZI,GAKENKE,retail-2026-05-504,504,SUCCESS PHARMACY LTD,GATSIBO,KIRAMURUZI GAKENKE,1.000,0.415,1.000,true,true,true,true,+250782529974,public_evidence_csv,https://www.mmi.gov.rw/partners/pharmacies?tx_news_pi1%5Bcontroller%5D=News&tx_news_pi1%5BcurrentPage%5D=11&cHash=673911716afa33a833f26bcd03ee3df1,MMI pharmacy partner directory page 11,,,phone_from_public_evidence
503,WELLNESS PHARMACY Ltd,GASABO,KACYIRU,KAMATAMU,retail-2026-05-505,505,WELLNESS PHARMACY Ltd,GASABO,KACYIRU KAMATAMU,1.000,0.293,1.000,true,true,true,true,,,,,,,local_evidence_only
504,TABARWA PHARMACY Ltd,MUSANZE,CYUVE,BUKINANYANA,retail-2026-05-506,506,TABARWA PHARMACY Ltd,MUSANZE,CYUVE BUKINANYANA,0.980,0.304,1.000,true,true,true,false,,,,,,,local_evidence_only
505,CAREPLUS PHARMACY Ltd,GASABO,BUMBOGO,KINYAGA,retail-2026-05-507,507,CAREPLUS PHARMACY Ltd,GASABO,BUMBOGO KINYAGA,1.000,0.285,1.000,true,true,true,true,+250786670536,public_evidence_csv,https://monitoring.rwandafda.gov.rw/monitoring/documents-management/uploads/3/Human-Retail-Pharmacy-Duty-rosters/Retail_Pharmacies_Duty_Roster_in_Kigali_City_for_JULY-AUGUST-SEPTEMBER_2026.pdf,kigali July-September 2026 duty roster,,,phone_from_public_evidence
506,ANNY BELLA PHARMACY Ltd,GASABO,KIMIHURURA,KIMIHURURA,retail-2026-05-508,508,ANNY BELLA PHARMACY Ltd,GASABO,KIMIHURURA KIMIHURURA,0.980,0.444,1.000,true,true,true,false,,,,,,,local_evidence_only
507,CHAPPEDELINE PHARMACY Ltd,GASABO,KINYINYA,KARAMA,retail-2026-05-509,509,CHAPPEDELINE PHARMACY Ltd,GASABO,KINYINYA KARAMA,1.000,0.460,1.000,true,true,true,true,+250784098287,public_evidence_csv,https://monitoring.rwandafda.gov.rw/monitoring/documents-management/uploads/3/Human-Retail-Pharmacy-Duty-rosters/Retail_Pharmacies_Duty_Roster_in_Kigali_City_for_JULY-AUGUST-SEPTEMBER_2026.pdf,kigali July-September 2026 duty roster,,,phone_from_public_evidence
508,CITIPHARM Ltd,GASABO,KIMIRONKO,BIBARE,retail-2026-05-510,510,CITIPHARM Ltd,GASABO,KIMIRONKO BIBARE,1.000,0.324,1.000,true,true,true,true,+250788669464,public_evidence_csv,https://monitoring.rwandafda.gov.rw/monitoring/documents-management/uploads/3/Human-Retail-Pharmacy-Duty-rosters/Retail_Pharmacies_Duty_Roster_in_Kigali_City_for_JULY-AUGUST-SEPTEMBER_2026.pdf,kigali July-September 2026 duty roster,,,phone_from_public_evidence
509,DAKOTA PHARMACY Ltd,GASABO,GISOZI,MUSEZERO,retail-2026-05-511,511,DAKOTA PHARMACY Ltd,GASABO,GISOZI MUSEZERO,1.000,0.476,1.000,true,true,true,true,,,,,,,local_evidence_only
510,DECLAUPHAR Ltd,GASABO,KINYINYA,KAGUGU,retail-2026-05-512,512,DECLAUPHAR Ltd,GASABO,KINYINYA KAGUGU,1.000,0.293,1.000,true,true,true,true,+250788617154,public_evidence_csv,https://monitoring.rwandafda.gov.rw/monitoring/documents-management/uploads/3/Human-Retail-Pharmacy-Duty-rosters/Retail_Pharmacies_Duty_Roster_in_Kigali_City_for_JULY-AUGUST-SEPTEMBER_2026.pdf,kigali July-September 2026 duty roster,,,phone_from_public_evidence
511,FAMIKAN PHARMACY COMPANY Ltd,NYARUGENGE,KIMISAGARA,KIMISAGARA,retail-2026-05-513,513,FAMIKAN PHARMACY COMPANY Ltd,NYARUGENGE,KIMISAGARA KIMISAGARA,1.000,0.293,1.000,true,true,true,true,,,,,,,local_evidence_only
512,KEYSTONE PHARMACY Ltd,NYARUGENGE,NYAMIRAMBO,CYIVUGIZA,retail-2026-05-514,514,KEYSTONE PHARMACY Ltd,NYARUGENGE,NYAMIRAMBO CYIVUGIZA,1.000,0.392,1.000,true,true,true,true,+250788457824,public_evidence_csv,https://monitoring.rwandafda.gov.rw/monitoring/documents-management/uploads/3/Human-Retail-Pharmacy-Duty-rosters/Retail_Pharmacies_Duty_Roster_in_Kigali_City_for_JULY-AUGUST-SEPTEMBER_2026.pdf,kigali July-September 2026 duty roster,,,phone_from_public_evidence
513,MEMIA’S PHARMACY,KICUKIRO,NIBOYE,NIBOYE,retail-2026-05-515,515,MEMIA’S PHARMACY,KICUKIRO,NIBOYE NIBOYE,1.000,0.020,1.000,true,true,true,true,,,,,,,local_evidence_only
514,NURA PHARMACY Ltd,NYANZA,BUSASAMANA,NYANZA,retail-2026-05-516,516,NURA PHARMACY LTD,NYANZA,BUSASAMANA NYANZA,1.000,0.442,1.000,true,true,true,true,+250785340556,public_evidence_csv,https://www.mmi.gov.rw/partners/pharmacies?tx_news_pi1%5Bcontroller%5D=News&tx_news_pi1%5BcurrentPage%5D=7&cHash=4b5654186942a224cb29095eb15c3bd4,MMI pharmacy partner directory page 7,,,phone_from_public_evidence
515,SHAMI PHARMA Ltd,NYAMAGABE,GASAKA,NYAMUGALI,retail-2026-05-517,517,SHAMI PHARMA Ltd,NYAMAGABE,GASAKA NYAMUGALI,1.000,0.293,1.000,true,true,true,true,+250785082487,public_evidence_csv,https://www.mmi.gov.rw/partners/pharmacies?tx_news_pi1%5Bcontroller%5D=News&tx_news_pi1%5BcurrentPage%5D=11&cHash=673911716afa33a833f26bcd03ee3df1,MMI pharmacy partner directory page 11,,,phone_from_public_evidence
516,VIEPHARMA PHARMACY Ltd,KAMONYI,RUNDA,RUYENZI,retail-2026-05-518,518,VIEPHARMA PHARMACY Ltd,KAMONYI,RUNDA RUYENZI,1.000,0.104,1.000,true,true,true,true,+250788690137,public_evidence_csv,https://monitoring.rwandafda.gov.rw/monitoring/documents-management/uploads/3/Human-Retail-Pharmacy-Duty-rosters/Retail_Pharmacies_Duty_Roster_in_Kamonyi_District_JULY-AUGUST-SEPTEMBER_2026.pdf,kamonyi July-September 2026 duty roster,,,phone_from_public_evidence
517,IREME PHARMACY Ltd,GASABO,KIMIRONKO,BIBARE,retail-2026-05-520,520,IREME PHARMACY Ltd,GASABO,KIMIRONKO BIBARE,1.000,0.293,1.000,true,true,true,true,+250788698530,public_evidence_csv,https://monitoring.rwandafda.gov.rw/monitoring/documents-management/uploads/3/Human-Retail-Pharmacy-Duty-rosters/Retail_Pharmacies_Duty_Roster_in_Kigali_City_for_JULY-AUGUST-SEPTEMBER_2026.pdf,kigali July-September 2026 duty roster,,,phone_from_public_evidence
518,JUSTPHARMA PHARMACY Ltd,GASABO,KINYINYA,KAGUGU,retail-2026-05-521,521,JUSTPHARMA PHARMACY Ltd,GASABO,KINYINYA KAGUGU,1.000,0.269,1.000,true,true,true,true,,,,,,,local_evidence_only
519,PHARMACIE UNIQUE Ltd,GASABO,REMERA,RUKIRI II,retail-2026-05-522,522,PHARMACIE UNIQUE Ltd,GASABO,REMERA RUKIRI II,0.980,0.133,1.000,true,true,true,false,+250788309743,public_evidence_csv,https://monitoring.rwandafda.gov.rw/monitoring/documents-management/uploads/3/Human-Retail-Pharmacy-Duty-rosters/Retail_Pharmacies_Duty_Roster_in_Kigali_City_for_JULY-AUGUST-SEPTEMBER_2026.pdf,kigali July-September 2026 duty roster,,,phone_from_public_evidence
520,ALPHA VIVACE PHARMACY Ltd,MUHANGA,NYAMABUYE,GAHOGO,retail-2026-05-523,523,ALPHA VIVACE PHARMACY Ltd,MUHANGA,NYAMABUYE GAHOGO,1.000,0.293,1.000,true,true,true,true,,,,,,,local_evidence_only
521,BENY PHARMACY Ltd,NYANZA,BUSASAMANA,NYANZA,retail-2026-05-524,524,BENY PHARMACY Ltd,NYANZA,BUSASAMANA NYANZA,1.000,0.392,1.000,true,true,true,true,,,,,,,local_evidence_only
522,BETHEL PHARMACY Ltd,KICUKIRO,MASAKA,GAKO,retail-2026-05-525,525,BETHEL PHARMACY Ltd,KICUKIRO,MASAKA GAKO,1.000,0.395,1.000,true,true,true,true,,,,,,,local_evidence_only
523,DAYENU PHARMACY Limited,KARONGI,RUBENGERA,KIBIRIZI,retail-2026-05-526,526,DAYENU PHARMACY Limited,KARONGI,RUBENGERA KIBIRIZI,1.000,0.544,1.000,true,true,true,true,,,,,,,local_evidence_only
524,DIRECTE PHARMACY Ltd,RUBAVU,KANAMA,MAHOKO,retail-2026-05-527,527,DIRECTE PHARMACY Ltd,RUBAVU,KANAMA MAHOKO,0.980,0.434,1.000,true,true,true,false,,,,,,,local_evidence_only
525,KUPHARMA PHARMACY Ltd,KAMONYI,RUNDA,RUYENZI,retail-2026-05-528,528,KUPHARMA PHARMACY Ltd,KAMONYI,RUNDA RUYENZI,1.000,0.209,1.000,true,true,true,true,+250783082239,public_evidence_csv,https://monitoring.rwandafda.gov.rw/monitoring/documents-management/uploads/3/Human-Retail-Pharmacy-Duty-rosters/Retail_Pharmacies_Duty_Roster_in_Kamonyi_District_JULY-AUGUST-SEPTEMBER_2026.pdf,kamonyi July-September 2026 duty roster,,,phone_from_public_evidence
526,LA VANILLE Ltd,RWAMAGANA,KIGABIRO,CYANYA,retail-2026-05-529,529,LA VANILLE Ltd,RWAMAGANA,KIGABIRO CYANYA,1.000,0.293,1.000,true,true,true,true,+250788615891,public_evidence_csv,https://monitoring.rwandafda.gov.rw/monitoring/documents-management/uploads/3/Human-Retail-Pharmacy-Duty-rosters/Retail_Pharmacies_Duty_Roster_in_Rwamagana_JULY-AUGUST-SEPTEMBER_2026.pdf,rwamagana July-September 2026 duty roster,,,phone_from_public_evidence
527,LINDO PHARMACY Ltd,NYARUGENGE,RWEZAMENY O,RWAMPARA,retail-2026-05-530,530,LINDO PHARMACY Ltd,NYARUGENGE,RWEZAMENYO RWAMPARA,0.940,0.344,1.000,true,false,true,true,,,,,,,local_evidence_only
528,PHARMACIE BORA Ltd,GASABO,GATSATA,NYAMUGARI,retail-2026-05-531,531,PHARMACIE BORA Ltd,GASABO,GATSATA NYAMUGARI,1.000,0.353,1.000,true,true,true,true,+250788765145,public_evidence_csv,https://monitoring.rwandafda.gov.rw/monitoring/documents-management/uploads/3/Human-Retail-Pharmacy-Duty-rosters/Retail_Pharmacies_Duty_Roster_in_Kigali_City_for_JULY-AUGUST-SEPTEMBER_2026.pdf,kigali July-September 2026 duty roster,,,phone_from_public_evidence
529,PHARMACIE SHENGE Ltd,GASABO,REMERA,RUKIRI II,retail-2026-05-532,532,PHARMACIE SHENGE Ltd,GASABO,REMERA RUKIRI II,1.000,0.153,1.000,true,true,true,true,+250788800746,public_evidence_csv,https://monitoring.rwandafda.gov.rw/monitoring/documents-management/uploads/3/Human-Retail-Pharmacy-Duty-rosters/Retail_Pharmacies_Duty_Roster_in_Kigali_City_for_JULY-AUGUST-SEPTEMBER_2026.pdf,kigali July-September 2026 duty roster,,,phone_from_public_evidence
530,PHARMACY CONCORDE Ltd,KICUKIRO,KIGARAMA,RWAMPARA,retail-2026-05-533,533,PHARMACY CONCORDE Ltd,KICUKIRO,KIGARAMA RWAMPARA,1.000,0.093,1.000,true,true,true,true,,,,,,,local_evidence_only
531,SANYU PHARMACY Ltd,KICUKIRO,KIGARAMA,NYARURAMA,retail-2026-05-534,534,SANYU PHARMACY Ltd,KICUKIRO,KIGARAMA NYARURAMA,1.000,0.404,1.000,true,true,true,true,,,,,,,local_evidence_only
532,ADMSON PHARMACY Ltd,GASABO,REMERA,RUKIRI II,retail-2026-05-535,535,AD AMSON PHARMACY Ltd,GASABO,REMERA RUKIRI II,0.891,0.291,0.857,true,true,true,true,,,,,,,local_evidence_only
534,AXIS PHARMACY Ltd,KICUKIRO,KANOMBE,KABEZA,retail-2026-05-537,537,AXIS PHARMACY Ltd,KICUKIRO,KANOMBE KABEZA,1.000,0.344,1.000,true,true,true,true,+250788303384,public_evidence_csv,https://monitoring.rwandafda.gov.rw/monitoring/documents-management/uploads/3/Human-Retail-Pharmacy-Duty-rosters/Retail_Pharmacies_Duty_Roster_in_Kigali_City_for_JULY-AUGUST-SEPTEMBER_2026.pdf,kigali July-September 2026 duty roster,,,phone_from_public_evidence
535,HELPHARM PHARMACY Ltd,MUHANGA,CYEZA,MAKERA,retail-2026-05-538,538,HELPHARM PHARMACY Ltd,MUHANGA,CYEZA MAKERA,1.000,0.374,1.000,true,true,true,true,+250788284706,public_evidence_csv,https://monitoring.rwandafda.gov.rw/monitoring/documents-management/uploads/3/Human-Retail-Pharmacy-Duty-rosters/Retail_Pharmacies_Duty_Roster_in_Muhanga_District_JULY-AUGUST-SEPTEMBER_2026.pdf,muhanga July-September 2026 duty roster,,,phone_from_public_evidence
536,LEGENDE PHARMACIE Ltd,KICUKIRO,NYARUGUNGA,KAMASHASHI,retail-2026-05-539,539,LEGENDE PHARMACIE Ltd,KICUKIRO,NYARUGUNGA KAMASHASHI,1.000,0.293,1.000,true,true,true,true,+250780634704,public_evidence_csv,https://monitoring.rwandafda.gov.rw/monitoring/documents-management/uploads/3/Human-Retail-Pharmacy-Duty-rosters/Retail_Pharmacies_Duty_Roster_in_Kigali_City_for_JULY-AUGUST-SEPTEMBER_2026.pdf,kigali July-September 2026 duty roster,,,phone_from_public_evidence
537,LIFESHIELD PHARMACY Ltd,RUSIZI,NYAKABUYE,KAMANU,retail-2026-05-540,540,LIFESHIELD PHARMACY Ltd,RUSIZI,NYAKABUYE KAMANU,1.000,0.293,1.000,true,true,true,true,,,,,,,local_evidence_only
538,LIGERO PHARMACY Ltd,NYARUGENGE,KIGALI,RURIBA,retail-2026-05-541,541,LIGERO PHARMACY Ltd,NYARUGENGE,KIGALI RURIBA,0.980,0.273,1.000,true,true,true,false,,,,,,,local_evidence_only
539,LINCOLN PHARMACY Ltd,NYAGATARE,TABAGWE,NYABITEKERI,retail-2026-05-542,542,LINCOLN PHARMACY Ltd,NYAGATARE,TABAGWE NYABITEKERI,1.000,0.480,1.000,true,true,true,true,,,,,,,local_evidence_only
540,NOVELTY PHARMACY Ltd,KICUKIRO,KANOMBE,BUSANZA,retail-2026-05-543,543,NOVELTY PHARMACY Ltd,KICUKIRO,KANOMBE BUSANZA,1.000,0.420,1.000,true,true,true,true,,,,,,,local_evidence_only
541,OPEN PHARMACY Ltd,MUSANZE,MUHOZA,MPENGE,retail-2026-05-544,544,OPEN PHARMACY Ltd,MUSANZE,MUHOZA MPENGE,1.000,0.493,1.000,true,true,true,true,,,,,,,local_evidence_only
542,PARADISE PHARMACY Ltd,GASABO,KINYINYA,KAGUGU,retail-2026-05-545,545,PARADISE PHARMACY Ltd,GASABO,KINYINYA KAGUGU,0.980,0.333,1.000,true,true,true,false,+250788598258,public_evidence_csv,https://monitoring.rwandafda.gov.rw/monitoring/documents-management/uploads/3/Human-Retail-Pharmacy-Duty-rosters/Retail_Pharmacies_Duty_Roster_in_Kigali_City_for_JULY-AUGUST-SEPTEMBER_2026.pdf,kigali July-September 2026 duty roster,,,phone_from_public_evidence
543,SILOAM PHARMACY Ltd,NYARUGENGE,KIGALI,NYABUGOGO,retail-2026-05-546,546,SILOAM PHARMACY Ltd,NYARUGENGE,KIGALI RULIBA,0.980,0.372,1.000,true,true,false,true,,,,,,,local_evidence_only
544,SILA PHARMACY Ltd,RUBAVU,GISENYI,NENGO,retail-2026-05-547,547,SILA PHARMACY Ltd,RUBAVU,GISENYI NENGO,1.000,0.392,1.000,true,true,true,true,,,,,,,local_evidence_only
545,BELLE VIE PHARMACY,NYARUGENGE,MUHIMA,UBUMWE,retail-2026-05-548,548,BELLE VIE PHARMACY,NYARUGENGE,MUHIMA UBUMWE,1.000,0.100,1.000,true,true,true,true,+250788890078,public_evidence_csv,https://monitoring.rwandafda.gov.rw/monitoring/documents-management/uploads/3/Human-Retail-Pharmacy-Duty-rosters/Retail_Pharmacies_Duty_Roster_in_Kigali_City_for_JULY-AUGUST-SEPTEMBER_2026.pdf,kigali July-September 2026 duty roster,,,phone_from_public_evidence
546,DYNAMIC PHARMA Ltd,GASABO,KIMIRONKO,KIBAGABAGA,retail-2026-05-549,549,DYNAMIC PHARMA Ltd,GASABO,KIMIRONKO KIBAGABAGA,1.000,0.445,1.000,true,true,true,true,,,,,,,local_evidence_only
548,CHRISTUS PHARMACY Ltd,GASABO,JABANA,AKAMATAMU,retail-2026-05-550,550,CHRISTUS PHARMACY Ltd,GASABO,JABANA AKAMATAMU,1.000,0.413,1.000,true,true,true,true,,,,,,,local_evidence_only
549,FIDELITY PHARMACY Ltd,NYAMAGABE,GASAKA,NYAMUGALI,retail-2026-05-551,551,FIDELITY PHARMACY Ltd,NYAMAGABE,GASAKA NYAMUGALI,1.000,0.457,1.000,true,true,true,true,+250788412466,public_evidence_csv,https://www.mmi.gov.rw/partners/pharmacies?tx_news_pi1%5Bcontroller%5D=News&tx_news_pi1%5BcurrentPage%5D=3&cHash=da7283f6cd729a97e89c591c94e310fc,MMI pharmacy partner directory page 3,,,phone_from_public_evidence
550,INITIATIVE PHARMACY NYANZA BRANCH,NYANZA,BUSASAMANA,NYANZA,retail-2026-05-552,552,INITIATIVE PHARMACY NYANZA BRANCH,NYANZA,BUSASAMANA NYANZA,0.980,0.405,1.000,true,true,true,false,,,,,,,local_evidence_only
551,KARIS PHARMACY Ltd,GASABO,REMERA,RUKIRI,retail-2026-05-553,553,KARIS PHARMACY Ltd,GASABO,REMERA RUKIRI,1.000,0.252,1.000,true,true,true,true,,,,,,,local_evidence_only
552,MISERCORDIA PHARMACY Limited,NYARUGURU,KIBEHO,KIBEHO,retail-2026-05-554,554,MISERCORDIA PHARMACY Limited,NYARUGURU,KIBEHO KIBEHO,1.000,0.511,1.000,true,true,true,true,,,,,,,local_evidence_only
553,MOUNTAIN GLORY PHARMACY Ltd,KAMONYI,RUNDA,GIHARA,retail-2026-05-555,555,MOUNTAIN GLORY PHARMACY Ltd,KAMONYI,RUNDA GIHARA,1.000,0.293,1.000,true,true,true,true,+250788697365,public_evidence_csv,https://monitoring.rwandafda.gov.rw/monitoring/documents-management/uploads/3/Human-Retail-Pharmacy-Duty-rosters/Retail_Pharmacies_Duty_Roster_in_Kamonyi_District_JULY-AUGUST-SEPTEMBER_2026.pdf,kamonyi July-September 2026 duty roster,,,phone_from_public_evidence
554,PHARMACIE MUHIRE Ltd,NYARUGENGE,NYARUGENGE,KIYOVU,retail-2026-05-556,556,PHARMACIE MUHIRE Ltd,NYARUGENGE,NYARUGENGE KIYOVU,0.980,0.273,1.000,true,true,true,false,,,,,,,local_evidence_only
555,PHARMACIE LA CHARITE Ltd,MUHANGA,NYAMAGABE,GAHOGO,retail-2026-05-557,557,PHARMACIE LA CHARITE LTD,MUHANGA,NYAMAGABE GAHOGO,1.000,0.293,1.000,true,true,true,true,+250788625191,public_evidence_csv,https://monitoring.rwandafda.gov.rw/monitoring/documents-management/uploads/3/Human-Retail-Pharmacy-Duty-rosters/Retail_Pharmacies_Duty_Roster_in_Muhanga_District_JULY-AUGUST-SEPTEMBER_2026.pdf,muhanga July-September 2026 duty roster,,,phone_from_public_evidence
556,PHARMACIE MUHIRE NYARUGUNGA,KICUKIRO,NYARUGUNGA,KAMASHASHI,retail-2026-05-558,558,PHARMACIE MUHIRE NYARUGUNGA,KICUKIRO,NYARUGUNGA KAMASHASHI,1.000,0.162,1.000,true,true,true,true,,,,,,,local_evidence_only
557,RITE PHARMACY Ltd,KICUKIRO,KANOMBE,KABEZA,retail-2026-05-559,559,RITE PHARMACY Ltd,KICUKIRO,KANOMBE KABEZA,1.000,0.153,1.000,true,true,true,true,+250788697968,public_evidence_csv,https://monitoring.rwandafda.gov.rw/monitoring/documents-management/uploads/3/Human-Retail-Pharmacy-Duty-rosters/Retail_Pharmacies_Duty_Roster_in_Kigali_City_for_JULY-AUGUST-SEPTEMBER_2026.pdf,kigali July-September 2026 duty roster,,,phone_from_public_evidence
558,RITE PHARMACY (KACYIRU BRANCH),GASABO,KACYIRU,KAMATAMU,retail-2026-05-560,560,RITE PHARMACY LTD (KACYIRU BRANCH),GASABO,KACYIRU KAMATAMU,0.980,0.175,1.000,true,true,true,false,+250788303127,public_evidence_csv,https://monitoring.rwandafda.gov.rw/monitoring/documents-management/uploads/3/Human-Retail-Pharmacy-Duty-rosters/Retail_Pharmacies_Duty_Roster_in_Kigali_City_for_JULY-AUGUST-SEPTEMBER_2026.pdf,kigali July-September 2026 duty roster,,,phone_from_public_evidence
559,SABANS PHARMACY KANOMBE BRANCH,KICUKIRO,NYARUGUNGA,KAMASHASHI,retail-2026-05-561,561,SABANS PHARMACY KANOMBE BRANCH,KICUKIRO,NYARUGUNGA KAMASHASHI,1.000,0.153,1.000,true,true,true,true,,,,,,,local_evidence_only
560,ST.MARY QUEEN PHARMACY Ltd,KICUKIRO,KANOMBE,KARAMA,retail-2026-05-562,562,ST.MARY QUEEN PHARMACY Ltd,KICUKIRO,KANOMBE KARAMA,1.000,0.293,1.000,true,true,true,true,,,,,,,local_evidence_only
561,TUGANE PHARMACY,KICUKIRO,GAHANGA,GAHANGA,retail-2026-05-563,563,TUGANE PHARMACY,KICUKIRO,GAHANGA GAHANGA,1.000,0.293,1.000,true,true,true,true,,,,,,,local_evidence_only
562,UMURENGEZI PHARMACY Ltd,NYABIHU,BIGOGWE,KORA,retail-2026-05-564,564,UMURENGEZI PHARMACY Ltd,NYABIHU,BIGOGWE KORA,0.980,0.273,1.000,true,true,true,false,,,,,,,local_evidence_only
563,PHARMACIE IRIHO Limited,NYARUGENGE,MUHIMA,TETERO,retail-2026-05-566,566,PHARMACIE IRIHO Limited,NYARUGENGE,MUHIMA TETERO,1.000,0.353,1.000,true,true,true,true,,,,,,,local_evidence_only
564,WELLNESS GUIDE PHARMACY Ltd,HUYE,TUMBA,RAMBO,retail-2026-05-567,567,WELLNESS GUIDE PHARMACY Ltd,HUYE,TUMBA RAMBO,1.000,0.293,1.000,true,true,true,true,+250783662258,public_evidence_csv,https://monitoring.rwandafda.gov.rw/monitoring/documents-management/uploads/3/Human-Retail-Pharmacy-Duty-rosters/Retail_Pharmacies_Duty_Roster_in_Huye_District_JULY-AUGUST-SEPTEMBER_2026.pdf,huye July-September 2026 duty roster,,,phone_from_public_evidence
565,ARTEMISIA PHARMACY Limited,KICUKIRO,GATENGA,NYANZA,retail-2026-05-568,568,ARTEMISIA PHARMACY Limited,KICUKIRO,GATENGA NYANZA,1.000,0.454,1.000,true,true,true,true,,,,,,,local_evidence_only
566,CHALOM PHARMACY Ltd,KICUKIRO,KICUKIRO,NGOMA,retail-2026-05-569,569,CHALOM PHARMACY Ltd,KICUKIRO,KICUKIRO NGOMA,1.000,0.293,1.000,true,true,true,true,,,,,,,local_evidence_only
567,EZOS PHARMACY Ltd,GASABO,KACYIRU,KAMUTWA,retail-2026-05-570,570,EZOS PHARMACY Ltd,GASABO,KACYIRU KAMUTWA,0.980,0.406,1.000,true,true,true,false,+250788977137,public_evidence_csv,https://monitoring.rwandafda.gov.rw/monitoring/documents-management/uploads/3/Human-Retail-Pharmacy-Duty-rosters/Retail_Pharmacies_Duty_Roster_in_Kigali_City_for_JULY-AUGUST-SEPTEMBER_2026.pdf,kigali July-September 2026 duty roster,,,phone_from_public_evidence
568,INGENZI PHARMACY Ltd,KICUKIRO,MASAKA,CYIMO,retail-2026-05-571,571,INGENZI PHARMACY Ltd,KICUKIRO,MASAKA CYIMO,1.000,0.293,1.000,true,true,true,true,,,,,,,local_evidence_only
569,LELAPHARMA Ltd,KAYONZA,MUKARANGE,BWIZA,retail-2026-05-572,572,LELAPHARMA Ltd,KAYONZA,MUKARANGE BWIZA,1.000,0.392,1.000,true,true,true,true,+250783304146,public_evidence_csv,https://monitoring.rwandafda.gov.rw/monitoring/documents-management/uploads/3/Human-Retail-Pharmacy-Duty-rosters/Retail_Pharmacies_Duty_Roster_in_Kayonza_District_JULY-AUGUST-SEPTEMBER_2026.pdf,kayonza July-September 2026 duty roster,,,phone_from_public_evidence
570,MARY PHARMACY Ltd,RUHANGO,RUHANGO,NYAMAGANA,retail-2026-05-573,573,MARY PHARMACY Ltd,RUHANGO,RUHANGO NYAMAGANA,1.000,0.293,1.000,true,true,true,true,+250788917617,public_evidence_csv,https://monitoring.rwandafda.gov.rw/monitoring/documents-management/uploads/3/Human-Retail-Pharmacy-Duty-rosters/Retail_Pharmacies_Duty_Roster_in_Ruhango_for_JULY-AUGUST-SEPTEMBER_2026.pdf,ruhango July-September 2026 duty roster,,,phone_from_public_evidence
571,PALOMA PHARMACY BRANCH,GASABO,NDUBA,GASANZE,retail-2026-05-574,574,PALOMA PHARMACY BRANCH,GASABO,NDUBA GASANZE,1.000,0.020,1.000,true,true,true,true,+250785680715,public_evidence_csv,https://monitoring.rwandafda.gov.rw/monitoring/documents-management/uploads/3/Human-Retail-Pharmacy-Duty-rosters/Retail_Pharmacies_Duty_Roster_in_Kigali_City_for_JULY-AUGUST-SEPTEMBER_2026.pdf,kigali July-September 2026 duty roster,,,phone_from_public_evidence
572,PALOMA PHARMACY Ltd,GASABO,NDUBA,GASANZE,retail-2026-05-575,575,PALOMA PHARMACY Ltd,GASABO,NDUBA GASANZE,1.000,0.020,1.000,true,true,true,true,+250785680715,public_evidence_csv,https://monitoring.rwandafda.gov.rw/monitoring/documents-management/uploads/3/Human-Retail-Pharmacy-Duty-rosters/Retail_Pharmacies_Duty_Roster_in_Kigali_City_for_JULY-AUGUST-SEPTEMBER_2026.pdf,kigali July-September 2026 duty roster,,,phone_from_public_evidence
573,PHARMACIE CLASSIQUE Ltd,RUBAVU,RUGERERO,MUHIRA,retail-2026-05-576,576,PHARMACIE CLASSIQUE Ltd,RUBAVU,RUGERERO KIVUMU,0.980,0.410,1.000,true,true,false,true,,,,,,,local_evidence_only
574,PHARMACIE IRIS Ltd,NYARUGENGE,NYARUGENGE,KIYOVU,retail-2026-05-577,577,PHARMACIE IRIS LTD,NYARUGENGE,NYARUGENGE KIYOVU,1.000,0.293,1.000,true,true,true,true,+250788484003,public_evidence_csv,https://monitoring.rwandafda.gov.rw/monitoring/documents-management/uploads/3/Human-Retail-Pharmacy-Duty-rosters/Retail_Pharmacies_Duty_Roster_in_Kigali_City_for_JULY-AUGUST-SEPTEMBER_2026.pdf,kigali July-September 2026 duty roster,,,phone_from_public_evidence
575,PHARMACIE LA SANTE Ltd,KICUKIRO,GATENGA,NYANZA,retail-2026-05-578,578,PHARMACIE LA SANTE Ltd,KICUKIRO,GATENGA NYANZA,1.000,0.324,1.000,true,true,true,true,,,,,,,local_evidence_only
576,PHARMACIE NOVA,KICUKIRO,KICUKIRO,GASHARU,retail-2026-05-579,579,PHARMACIE NOVA,KICUKIRO,KICUKIRO GASHARU,1.000,0.293,1.000,true,true,true,true,+250788457824,public_evidence_csv,https://monitoring.rwandafda.gov.rw/monitoring/documents-management/uploads/3/Human-Retail-Pharmacy-Duty-rosters/Retail_Pharmacies_Duty_Roster_in_Kigali_City_for_JULY-AUGUST-SEPTEMBER_2026.pdf,kigali July-September 2026 duty roster,,,phone_from_public_evidence
577,PHARMACIE SABRINA Ltd,RUBAVU,KANAMA,MAHOKO,retail-2026-05-580,580,PHARMACIE SABRINA Ltd,RUBAVU,KANAMA MAHOKO,1.000,0.353,1.000,true,true,true,true,+250785366266,public_evidence_csv,https://monitoring.rwandafda.gov.rw/monitoring/documents-management/uploads/3/Human-Retail-Pharmacy-Duty-rosters/Retail_Pharmacies_Duty_Roster_in_Rubavu_for_JULY-AUGUST-SEPTEMBER_2026.pdf,rubavu July-September 2026 duty roster,,,phone_from_public_evidence
578,PHARMACY HOSANNA Ltd,MUHANGA,NYAMABUYE,GAHOGO,retail-2026-05-581,581,PHARMACY HOSANNA Ltd,MUHANGA,NYAMABUYE GAHOGO,1.000,0.454,1.000,true,true,true,true,+250790172329,public_evidence_csv,https://monitoring.rwandafda.gov.rw/monitoring/documents-management/uploads/3/Human-Retail-Pharmacy-Duty-rosters/Retail_Pharmacies_Duty_Roster_in_Muhanga_District_JULY-AUGUST-SEPTEMBER_2026.pdf,muhanga July-September 2026 duty roster,,,phone_from_public_evidence
579,PHARMACY TULIZO LETU Limited,BUGESERA,NTARAMA,KANZENZE,retail-2026-05-582,582,PHARMACY TULIZO LETU Limited,BUGESERA,NTARAMA KANZENZE,0.980,0.536,1.000,true,true,true,false,,,,,,,local_evidence_only
580,RINDIRO PHARMACY Ltd,NYAMAGABE,GASAKA,NYAMUGALI,retail-2026-05-583,583,RINDIRO PHARMACY Ltd,NYAMAGABE,GASAKA NYAMUGALI,1.000,0.476,1.000,true,true,true,true,,,,,,,local_evidence_only
581,SABANS PHARMACY Limited,KICUKIRO,KANOMBE,KABEZA,retail-2026-05-584,584,SABANS PHARMACY Limited,KICUKIRO,KANOMBE KABEZA,1.000,0.153,1.000,true,true,true,true,,,,,,,local_evidence_only
582,THAK YOU PHARMACY Ltd,HUYE,TUMBA,RANGO,retail-2026-05-585,585,THAK YOU PHARMACY Ltd,HUYE,TUMBA RANGO,1.000,0.595,1.000,true,true,true,true,,,,,,,local_evidence_only
583,BERINDAH PHARMACY Ltd,BUGESERA,RILIMA,NYAMATA,retail-2026-05-586,586,BERINDAH PHARMACY Ltd,BUGESERA,RILIMA NYAMATA,1.000,0.293,1.000,true,true,true,true,,,,,,,local_evidence_only
584,CAREFIRST PHARMACY Ltd,GASABO,KIMIRONKO,NYAGATOVU,retail-2026-05-587,587,CAREFIRST PHARMACY Ltd,GASABO,KIMIRONKO NYAGATOVU,1.000,0.400,1.000,true,true,true,true,,,,,,,local_evidence_only
585,CONFIDENCE PHARMACY Ltd,GASABO,GISOZI,RUHANGO,retail-2026-05-588,588,CONFIDENCE PHARMACY Ltd,GASABO,GISOZI RUHANGO,1.000,0.462,1.000,true,true,true,true,+250788892614,public_evidence_csv,https://monitoring.rwandafda.gov.rw/monitoring/documents-management/uploads/3/Human-Retail-Pharmacy-Duty-rosters/Retail_Pharmacies_Duty_Roster_in_Kigali_City_for_JULY-AUGUST-SEPTEMBER_2026.pdf,kigali July-September 2026 duty roster,,,phone_from_public_evidence
586,EL JEE PHARMACY Ltd,RUBAVU,KANAMA,MAHOKO,retail-2026-05-589,589,EL JEE PHARMACY Ltd,RUBAVU,KANAMA MAHOKO,1.000,0.445,1.000,true,true,true,true,+250788799311,public_evidence_csv,https://monitoring.rwandafda.gov.rw/monitoring/documents-management/uploads/3/Human-Retail-Pharmacy-Duty-rosters/Retail_Pharmacies_Duty_Roster_in_Rubavu_for_JULY-AUGUST-SEPTEMBER_2026.pdf,rubavu July-September 2026 duty roster,,,phone_from_public_evidence
587,FIRST HEALTH CARE PHARMACY Limited,MUSANZE,MUHOZA,MPENGE,retail-2026-05-590,590,FIRST HEALTH CARE PHARMACY Limited,MUSANZE,MUHOZA MPENGE,1.000,0.437,1.000,true,true,true,true,+250788768004,public_evidence_csv,https://monitoring.rwandafda.gov.rw/monitoring/documents-management/uploads/3/Human-Retail-Pharmacy-Duty-rosters/Retail_Pharmacies_Duty_Roster_in_Musanze_JULY-AUGUST-SEPTEMBER_2026.pdf,musanze July-September 2026 duty roster,,,phone_from_public_evidence
588,FLODAPHAR PHARMACY Ltd,RUHANGO,KINIHIRA,NYAKOGO,retail-2026-05-591,591,FLODAPHAR PHARMACY Ltd,RUHANGO,KINIHIRA NYAKOGO,1.000,0.464,1.000,true,true,true,true,,,,,,,local_evidence_only
589,FUTURE HOPE PHARMACY Ltd,KICUKIRO,GATENGA,ISANGANO,retail-2026-05-592,592,FUTURE HOPE PHARMACY Ltd,KICUKIRO,GATENGA ISANGANO,1.000,0.520,1.000,true,true,true,true,,,,,,,local_evidence_only
590,HAMA MUTUAL PHARMACY Ltd,RUBAVU,NYAKIRIBA,KANYEFURWE,retail-2026-05-593,593,HAMA MUTUAL PHARMACY Ltd,RUBAVU,NYAKIRIBA KANYEFURWE,1.000,0.534,1.000,true,true,true,true,+250788648388,public_evidence_csv,https://monitoring.rwandafda.gov.rw/monitoring/documents-management/uploads/3/Human-Retail-Pharmacy-Duty-rosters/Retail_Pharmacies_Duty_Roster_in_Rubavu_for_JULY-AUGUST-SEPTEMBER_2026.pdf,rubavu July-September 2026 duty roster,,,phone_from_public_evidence
591,ISARO PHARMACY Limited,GASABO,BUMBOGO,NYABIKENYE,retail-2026-05-594,594,ISARO PHARMACY Limited,GASABO,BUMBOGO NYABIKENYE,1.000,0.344,1.000,true,true,true,true,,,,,,,local_evidence_only
592,KAGOPHAR PHARMACY Ltd,MUSANZE,MUHOZA,MPENGE,retail-2026-05-595,595,KAGOPHAR PHARMACY Ltd,MUSANZE,MUHOZA MPENGE,1.000,0.293,1.000,true,true,true,true,+250784147054,public_evidence_csv,https://monitoring.rwandafda.gov.rw/monitoring/documents-management/uploads/3/Human-Retail-Pharmacy-Duty-rosters/Retail_Pharmacies_Duty_Roster_in_Musanze_JULY-AUGUST-SEPTEMBER_2026.pdf,musanze July-September 2026 duty roster,,,phone_from_public_evidence
593,MEDIPRO PHARMACY Ltd,RUSIZI,BUGARAMA,NYANGE,retail-2026-05-596,596,MEDIPRO PHARMACY Ltd,RUSIZI,BUGARAMA NYANGE,1.000,0.415,1.000,true,true,true,true,,,,,,,local_evidence_only
594,MIGO PHARMACY Ltd,MUSANZE,CYUVE,RWEBEYA,retail-2026-05-597,597,MIGO PHARMACY Ltd,MUSANZE,CYUVE RWEBEYA,1.000,0.293,1.000,true,true,true,true,+250782774265,public_evidence_csv,https://monitoring.rwandafda.gov.rw/monitoring/documents-management/uploads/3/Human-Retail-Pharmacy-Duty-rosters/Retail_Pharmacies_Duty_Roster_in_Musanze_JULY-AUGUST-SEPTEMBER_2026.pdf,musanze July-September 2026 duty roster,,,phone_from_public_evidence
595,MISSION PHARMACY,RUBAVU,RUBACU,BYAHI,retail-2026-05-598,598,MISSION PHARMACY,RUBAVU,RUBACU BYAHI,1.000,0.534,1.000,true,true,true,true,+250783338654,public_evidence_csv,https://monitoring.rwandafda.gov.rw/monitoring/documents-management/uploads/3/Human-Retail-Pharmacy-Duty-rosters/Retail_Pharmacies_Duty_Roster_in_Rubavu_for_JULY-AUGUST-SEPTEMBER_2026.pdf,rubavu July-September 2026 duty roster,,,phone_from_public_evidence
597,NEW SHILOH PHARMACY Ltd,NYARUGENGE,NYARUGENGE,KIYOVU,retail-2026-05-600,600,NEW SHILOH PHARMACY LTD,NYARUGENGE,NYARUGENGE KIYOVU,0.980,0.400,1.000,true,true,true,false,+250788475112,public_evidence_csv,https://monitoring.rwandafda.gov.rw/monitoring/documents-management/uploads/3/Human-Retail-Pharmacy-Duty-rosters/Retail_Pharmacies_Duty_Roster_in_Kigali_City_for_JULY-AUGUST-SEPTEMBER_2026.pdf,kigali July-September 2026 duty roster,,,phone_from_public_evidence
598,PHARMACIE DORRIE LTD,NYARUGENGE,NYAKABANDA,MUNANIRA II,retail-2026-05-601,601,PHARMACIE DORRIE LTD,NYARUGENGE,NYAKABANDA MUNANIRA II,1.000,0.445,1.000,true,true,true,true,+250788503829,public_evidence_csv,https://monitoring.rwandafda.gov.rw/monitoring/documents-management/uploads/3/Human-Retail-Pharmacy-Duty-rosters/Retail_Pharmacies_Duty_Roster_in_Kigali_City_for_JULY-AUGUST-SEPTEMBER_2026.pdf,kigali July-September 2026 duty roster,,,phone_from_public_evidence
599,PHARMACIE HAMPHAR Ltd,GASABO,KACYIRU,KAMUTWA,retail-2026-05-602,602,PHARMACIE HAMPHAR Ltd,GASABO,KACYIRU KAMUTWA,1.000,0.346,1.000,true,true,true,true,+250788536300,public_evidence_csv,https://monitoring.rwandafda.gov.rw/monitoring/documents-management/uploads/3/Human-Retail-Pharmacy-Duty-rosters/Retail_Pharmacies_Duty_Roster_in_Kigali_City_for_JULY-AUGUST-SEPTEMBER_2026.pdf,kigali July-September 2026 duty roster,,,phone_from_public_evidence
600,PHARMACIE UMURINZI Ltd,GASABO,KINYINYA,KAGUGU,retail-2026-05-603,603,PHARMACIE UMURINZI Ltd,GASABO,KINYINYA KAGUGU,1.000,0.400,1.000,true,true,true,true,,,,,,,local_evidence_only
601,PRO VITA PHARMACY Ltd,NYARUGENGE,NYAMIRAMBO,CYIVUGIZA,retail-2026-05-604,604,PRO VITA PHARMACY Ltd,NYARUGENGE,NYAMIRAMBO CYIVUGIZA,1.000,0.293,1.000,true,true,true,true,,,,,,,local_evidence_only
602,REXAPHAR PHARMACY Ltd,GASABO,KINYINYA,MURAMA,retail-2026-05-605,605,REXAPHAR PHARMACY Ltd,GASABO,KINYINYA MURAMA,1.000,0.293,1.000,true,true,true,true,,,,,,,local_evidence_only
603,SAFINA PHARMACY Limited,KICUKIRO,KICUKIRO,GASHARU,retail-2026-05-606,606,SAFINA PHARMACY Limited,KICUKIRO,KICUKIRO GASHARU,1.000,0.415,1.000,true,true,true,true,,,,,,,local_evidence_only
604,VISTA PHARMACY LTD ZINDIRO,GASABO,KIMIRONKO,KIBAGABAGA,retail-2026-05-607,607,VISTA PHARMACY LTD ZINDIRO,GASABO,KIMIRONKO KIBAGABAGA,1.000,0.153,1.000,true,true,true,true,,,,,,,local_evidence_only
605,AIVE PHARMACY Ltd,NYAGATARE,KARANGAZI,NYAMIRAMA,retail-2026-05-608,608,AIVE PHARMACY Ltd,NYAGATARE,NYAGATARE NYAGATARE,0.900,0.380,1.000,true,false,false,false,,,,,,,local_evidence_only
606,BIO-LIFE PHARMACY Ltd,KAYONZA,GAHINI,JURU,retail-2026-05-609,609,BIO -LIFE PHARMACY Ltd,KAYONZA,MUKARANGE KAYONZA,0.900,0.193,1.000,true,false,false,false,,,,,,,local_evidence_only
607,ERVAS PHARMACY Ltd,NGORORERO,NGORORERO,RUSUSA,retail-2026-05-610,610,ERVAS PHARMACY Ltd,NGORORERO,NGORORERO RUSUSA,1.000,0.293,1.000,true,true,true,true,,,,,,,local_evidence_only
608,EUGENE PHARMACY Ltd,GASABO,GIKOMERO,MUNINI,retail-2026-05-611,611,EUGENE PHARMACY Ltd,GASABO,GIKOMERO MUNINI,1.000,0.153,1.000,true,true,true,true,,,,,,,local_evidence_only
609,MANIVALE PHARMACY Ltd,KICUKIRO,MASAKA,CYIMO,retail-2026-05-612,612,MANIVALE PHARMACY Ltd,KICUKIRO,MASAKA CYIMO,1.000,0.392,1.000,true,true,true,true,,,,,,,local_evidence_only
610,MILLENIUM PHARMACY Ltd,NYARUGENGE,KANYINYA,NZOVE,retail-2026-05-613,613,MILLENIUM PHARMACY Ltd,NYARUGENGE,KANYINYA NZOVE,1.000,0.509,1.000,true,true,true,true,,,,,,,local_evidence_only
611,PHARMACIE LA MENTHE Ltd,KICUKIRO,MASAKA,CYIMO,retail-2026-05-614,614,PHARMACIE LA MENTHE Ltd,KICUKIRO,MASAKA CYIMO,1.000,0.324,1.000,true,true,true,true,,,,,,,local_evidence_only
612,PHARMACIE STARY Ltd,KICUKIRO,GATENGA,KARAMBO,retail-2026-05-615,615,PHARMACIE STARY Ltd,KICUKIRO,GATENGA KARAMBO,1.000,0.404,1.000,true,true,true,true,,,,,,,local_evidence_only
613,RUTALI Ltd,BUGESERA,RILIMA,NYABAGENDW A,retail-2026-05-616,616,RUTALI Ltd,BUGESERA,RILIMA NYABAGENDWA,0.980,0.460,1.000,true,true,false,true,,,,,,,local_evidence_only
614,STONEBRIDGE PHARMACY Ltd,GASABO,JABANA,BWERAMVURA,retail-2026-05-617,617,STONEBRIDGE PHARMACY Ltd,GASABO,JABANA BWERAMVURA,0.980,0.133,1.000,true,true,true,false,,,,,,,local_evidence_only
615,THE HUB PHARMACY Ltd,RUSIZI,BUGARAMA,PERA,retail-2026-05-618,618,THE HUB PHARMACY Ltd,RUSIZI,BUGARAMA PERA,0.980,0.273,1.000,true,true,true,false,,,,,,,local_evidence_only
616,VINE PHARMACY GACURIRO,GASABO,KINYINYA,GACURIRO,retail-2026-05-619,619,VINE PHARMACY GACURIRO,GASABO,KINYINYA GACURIRO,1.000,0.153,1.000,true,true,true,true,+250788523498,public_evidence_csv,https://monitoring.rwandafda.gov.rw/monitoring/documents-management/uploads/3/Human-Retail-Pharmacy-Duty-rosters/Retail_Pharmacies_Duty_Roster_in_Kigali_City_for_JULY-AUGUST-SEPTEMBER_2026.pdf,kigali July-September 2026 duty roster,,,phone_from_public_evidence
617,PHARMACIE LA TRINITE Ltd,KICUKIRO,MASAKA,KABUGA,retail-2026-05-620,620,PHARMACIE LA TRINITE Ltd,KICUKIRO,MASAKA KABUGA,1.000,0.353,1.000,true,true,true,true,,,,,,,local_evidence_only
618,GOODLIFE HEALTH AND BEATY Ltd MUSANZE,MUSANZE,MUHOZA,MPENGE,retail-2026-05-621,621,GOODLIFE HEALTH AND BEATY Ltd MUSANZE,MUSANZE,MUHOZA MPENGE,1.000,0.073,1.000,true,true,true,true,,,,,,,local_evidence_only
619,JOHN’S PHARMACY Ltd,NYARUGENGE,MUHIMA,NYABUGOGO,retail-2026-05-622,622,JOHN’S PHARMACY Ltd,NYARUGENGE,MUHIMA NYABUGOGO,1.000,0.404,1.000,true,true,true,true,,,,,,,local_evidence_only
620,PHARMACIE DU CENTRE Ltd,NGOMA,KIBUNGO,CYASEMAKAM BA,retail-2026-05-623,623,PHARMACIE DU CENTRE Ltd,NGOMA,KIBUNGO CYASEMAKAMBA,0.980,0.273,1.000,true,true,false,true,,,,,,,local_evidence_only
621,G-PHARMACY Ltd,GASABO,NDERA,CYARUZINGE,retail-2026-05-624,624,G-PHARMACY Ltd,GASABO,NDERA CYARUZINGE,1.000,0.153,1.000,true,true,true,true,,,,,,,local_evidence_only
622,JORDAN PHARMACY Ltd,KICUKIRO,GIKONDO,KANSEREGE,retail-2026-05-625,625,JORDAN PHARMACY Ltd,KICUKIRO,GIKONDO KANSEREGE,1.000,0.404,1.000,true,true,true,true,+250788826919,public_evidence_csv,https://monitoring.rwandafda.gov.rw/monitoring/documents-management/uploads/3/Human-Retail-Pharmacy-Duty-rosters/Retail_Pharmacies_Duty_Roster_in_Kigali_City_for_JULY-AUGUST-SEPTEMBER_2026.pdf,kigali July-September 2026 duty roster,,,phone_from_public_evidence
623,KWETU RETAIL PHARMACY Ltd,KICUKIRO,KANOMBE,KABEZA,retail-2026-05-626,626,KWETU RETAIL PHARMACY Ltd,KICUKIRO,KANOMBE KABEZA,1.000,0.504,1.000,true,true,true,true,+250788302485,public_evidence_csv,https://monitoring.rwandafda.gov.rw/monitoring/documents-management/uploads/3/Human-Retail-Pharmacy-Duty-rosters/Retail_Pharmacies_Duty_Roster_in_Kigali_City_for_JULY-AUGUST-SEPTEMBER_2026.pdf,kigali July-September 2026 duty roster,,,phone_from_public_evidence
624,MEDIGATE PHARMACY Ltd,KICUKIRO,GATENGA,KARAMBO,retail-2026-05-627,627,MEDIGATE PHARMACY Ltd,KICUKIRO,GATENGA KARAMBO,1.000,0.293,1.000,true,true,true,true,,,,,,,local_evidence_only
625,PEACE PHARMACY Ltd,MUHANGA,NYAMABUYE,GITARAMA,retail-2026-05-628,628,PEACE PHARMACY Ltd,MUHANGA,NYAMABUYE GITARAMA,1.000,0.240,1.000,true,true,true,true,+250783050798,public_evidence_csv,https://monitoring.rwandafda.gov.rw/monitoring/documents-management/uploads/3/Human-Retail-Pharmacy-Duty-rosters/Retail_Pharmacies_Duty_Roster_in_Muhanga_District_JULY-AUGUST-SEPTEMBER_2026.pdf,muhanga July-September 2026 duty roster,,,phone_from_public_evidence
626,PHARMACIE SAINTE THERESE Ltd,KAYONZA,KABARONDO,CYABAJWA,retail-2026-05-629,629,PHARMACIE SAINTE THERESE Ltd,KAYONZA,KABARONDO CYABAJWA,1.000,0.268,1.000,true,true,true,true,+250788277898,public_evidence_csv,https://monitoring.rwandafda.gov.rw/monitoring/documents-management/uploads/3/Human-Retail-Pharmacy-Duty-rosters/Retail_Pharmacies_Duty_Roster_in_Kayonza_District_JULY-AUGUST-SEPTEMBER_2026.pdf,kayonza July-September 2026 duty roster,,,phone_from_public_evidence
627,INEZAPHAR PHARMACY Ltd,MUSANZE,CYUVE,BUCYINANYAN A,retail-2026-05-630,630,INEZAPHAR PHARMACY Ltd,MUSANZE,CYUVE BUCYINANYANA,0.980,0.273,1.000,true,true,false,true,+250784079905,public_evidence_csv,https://monitoring.rwandafda.gov.rw/monitoring/documents-management/uploads/3/Human-Retail-Pharmacy-Duty-rosters/Retail_Pharmacies_Duty_Roster_in_Musanze_JULY-AUGUST-SEPTEMBER_2026.pdf,musanze July-September 2026 duty roster,,,phone_from_public_evidence
629,VINE PHARMACY NYARUGUNGA,KICUKIRO,NYARUGUNGA,KAMASHASHI,retail-2026-05-631,631,VINE PHARMACY NYARUGUNGA,KICUKIRO,NYARUGUNGA KAMASHASHI,1.000,0.162,1.000,true,true,true,true,+250788523498,public_evidence_csv,https://monitoring.rwandafda.gov.rw/monitoring/documents-management/uploads/3/Human-Retail-Pharmacy-Duty-rosters/Retail_Pharmacies_Duty_Roster_in_Kigali_City_for_JULY-AUGUST-SEPTEMBER_2026.pdf,kigali July-September 2026 duty roster,,,phone_from_public_evidence
630,VINE PHARMACY NYARUTARAMA BRANCH,GASABO,REMERA,NYARUTARAM A,retail-2026-05-632,632,VINE PHARMACY NYARUTARAMA BRANCH,GASABO,REMERA NYARUTARAMA,0.980,0.073,1.000,true,true,false,true,+250788523498,public_evidence_csv,https://monitoring.rwandafda.gov.rw/monitoring/documents-management/uploads/3/Human-Retail-Pharmacy-Duty-rosters/Retail_Pharmacies_Duty_Roster_in_Kigali_City_for_JULY-AUGUST-SEPTEMBER_2026.pdf,kigali July-September 2026 duty roster,,,phone_from_public_evidence
631,VITAL WELL PHARMACY REBERO Ltd,KICUKIRO,KIGARAMA,KIGARAMA,retail-2026-05-633,633,VITAL WELL PHARMACY REBERO Ltd,KICUKIRO,KIGARAMA KIGARAMA,1.000,0.153,1.000,true,true,true,true,,,,,,,local_evidence_only
632,VITALIS PHARMACY Ltd,GASABO,NDERA,MASORO,retail-2026-05-634,634,VITALIS PHARMACY Ltd,GASABO,NDERA MASORO,1.000,0.293,1.000,true,true,true,true,,,,,,,local_evidence_only
633,PHARMACIE IRAMIRO Ltd,NYARUGENGE,NYARUGENGE,RWAMPARA,retail-2026-05-635,635,PHARMACIE IRAMIRO Ltd,NYARUGENGE,NYARUGENGE RWAMPARA,1.000,0.353,1.000,true,true,true,true,+250788869519,public_evidence_csv,https://monitoring.rwandafda.gov.rw/monitoring/documents-management/uploads/3/Human-Retail-Pharmacy-Duty-rosters/Retail_Pharmacies_Duty_Roster_in_Kigali_City_for_JULY-AUGUST-SEPTEMBER_2026.pdf,kigali July-September 2026 duty roster,,,phone_from_public_evidence
634,APOTHECARY PHARMACY(APOPHAR) Ltd,GASABO,RUSORORO,KABUGA,retail-2026-05-636,636,APOTHECARY PHARMACY(APOPHAR) Ltd,GASABO,RUSORORO KABUGA,1.000,0.435,1.000,true,true,true,true,,,,,,,local_evidence_only
635,BONA CURATION FARMACIA COMPANY Ltd,KAMONYI,RUNDA,RUNDA,retail-2026-05-637,637,BONA CURATION FARMACIA COMPANY Ltd,KAMONYI,RUNDA RUNDA,1.000,0.484,1.000,true,true,true,true,,,,,,,local_evidence_only
636,ELIOT PHARMACY Ltd,NYAGATARE,NYAGATARE,NYAGATARE,retail-2026-05-638,638,ELIOT PHARMACY Ltd,NYAGATARE,NYAGATARE NYAGATARE,1.000,0.293,1.000,true,true,true,true,+250784027856,public_evidence_csv,https://monitoring.rwandafda.gov.rw/monitoring/documents-management/uploads/3/Human-Retail-Pharmacy-Duty-rosters/Retail_Pharmacies_Duty_Roster_in_Nyagatare_for_JULY-AUGUST-SEPTEMBER_2026.pdf,nyagatare July-September 2026 duty roster,,,phone_from_public_evidence
637,LUCE PHARMACY Ltd,BUGESERA,RUHUHA,RUHUHA,retail-2026-05-639,639,LUCE PHARMACY Ltd,BUGESERA,RUHUHA RUHUHA,1.000,0.447,1.000,true,true,true,true,+250788267487,public_evidence_csv,https://monitoring.rwandafda.gov.rw/monitoring/documents-management/uploads/3/Human-Retail-Pharmacy-Duty-rosters/Retail_Pharmacies_Duty_Roster_in_Bugesera_District_JULY-AUGUST-SEPTEMBER_2026.pdf,bugesera July-September 2026 duty roster,,,phone_from_public_evidence
638,MEMIA’S PHARMACY Ltd,KICUKIRO,NIBOYE,GATARE,retail-2026-05-640,640,MEMIA’S PHARMACY Ltd,KICUKIRO,NIBOYE GATARE,1.000,0.040,1.000,true,true,true,true,,,,,,,local_evidence_only
639,PHARMACY ANGE DIVINE Ltd,GAKENKE,GAKENKE,RUSAGARA,retail-2026-05-641,641,PHARMACI ANGE DIVINE Ltd,GAKENKE,GAKENKE RUSAGARA,0.927,0.220,0.930,true,true,true,false,,,,,,,local_evidence_only
640,BELLE VIE PHARMACY Ltd,NYARUGENGE,NYARUGENGE,KIYOVU,retail-2026-05-642,642,BELLE VIE PHARMACY Ltd,NYARUGENGE,NYARUGENGE KIYOVU,1.000,0.100,1.000,true,true,true,true,+250788890078,public_evidence_csv,https://monitoring.rwandafda.gov.rw/monitoring/documents-management/uploads/3/Human-Retail-Pharmacy-Duty-rosters/Retail_Pharmacies_Duty_Roster_in_Kigali_City_for_JULY-AUGUST-SEPTEMBER_2026.pdf,kigali July-September 2026 duty roster,,,phone_from_public_evidence
641,XAVINA PHARMACY Ltd,NYARUGENGE,RWEZAMENY O,RWEZAMENYO II,retail-2026-05-643,643,XAVINA PHARMACY Ltd,NYARUGENGE,RWEZAMENYO RWEZAMENYO II,0.940,0.247,1.000,true,false,true,true,,,,,,,local_evidence_only
642,MUSANZE PHARMACY Ltd,MUSANZE,MUHOZA,MPENGE,retail-2026-05-644,644,MUSANZE PHARMACY Ltd,MUSANZE,MUHOZA MPENGE,1.000,0.073,1.000,true,true,true,true,+250788307358,public_evidence_csv,https://monitoring.rwandafda.gov.rw/monitoring/documents-management/uploads/3/Human-Retail-Pharmacy-Duty-rosters/Retail_Pharmacies_Duty_Roster_in_Musanze_JULY-AUGUST-SEPTEMBER_2026.pdf,musanze July-September 2026 duty roster,,,phone_from_public_evidence
643,TH EDDY PHARMACY Ltd,KAMONYI,RUGARIKA,KIGESE,retail-2026-05-645,645,TH EDDY PHARMACY Ltd,KAMONYI,RUGARIKA KIGESE,1.000,0.534,1.000,true,true,true,true,,,,,,,local_evidence_only
644,GALENA PHARMACY Ltd,KICUKIRO,KANOMBE,BUSANZA,retail-2026-05-16,16,GALENA PHARMACY Limited,KICUKIRO,KANOMBE BUSANZA,0.980,0.207,1.000,true,true,true,false,,,,,,,local_evidence_only
645,JO SALUD PHARMACY Ltd,MUSANZE,MUHOZA,KIGOMBE,retail-2026-05-646,646,JO SALUD PHARMACY Ltd,MUSANZE,MUHOZA KIGOMBE,1.000,0.442,1.000,true,true,true,true,+250784859253,public_evidence_csv,https://monitoring.rwandafda.gov.rw/monitoring/documents-management/uploads/3/Human-Retail-Pharmacy-Duty-rosters/Retail_Pharmacies_Duty_Roster_in_Musanze_JULY-AUGUST-SEPTEMBER_2026.pdf,musanze July-September 2026 duty roster,,,phone_from_public_evidence
646,TALENT PHARMACY Ltd,RUBAVU,GISENYI,MBUGANGARI,retail-2026-05-647,647,TALENT PHARMACY Ltd,RUBAVU,GISENYI MBUGANGARI,1.000,0.462,1.000,true,true,true,true,,,,,,,local_evidence_only
647,UNIKA PHARMACY Ltd,NYARUGENGE,KIGALI,NYABUGOGO,retail-2026-05-648,648,UNIKA PHARMACY Ltd,NYARUGENGE,KIGALI NYABUGOGO,1.000,0.293,1.000,true,true,true,true,+250788804376,public_evidence_csv,https://www.mmi.gov.rw/partners/pharmacies?tx_news_pi1%5Bcontroller%5D=News&tx_news_pi1%5BcurrentPage%5D=13&cHash=30bc917df2ca0795451708f3ec4706f2,MMI pharmacy partner directory page 13,,,phone_from_public_evidence
648,ASHER PHARMACY Ltd,NGORORERO,NGORORERO,RUSUSA,retail-2026-05-649,649,ASHER PHARMACY Ltd,NGORORERO,NGORORERO RUSUSA,1.000,0.293,1.000,true,true,true,true,,,,,,,local_evidence_only
649,VINE KACYIRU 2,GASABO,KACYIRU,KAMATAMU,retail-2026-05-650,650,VINE KACYIRU 2,GASABO,KACYIRU KAMATAMU,1.000,0.074,1.000,true,true,true,true,+250788523498,public_evidence_csv,https://monitoring.rwandafda.gov.rw/monitoring/documents-management/uploads/3/Human-Retail-Pharmacy-Duty-rosters/Retail_Pharmacies_Duty_Roster_in_Kigali_City_for_JULY-AUGUST-SEPTEMBER_2026.pdf,kigali July-September 2026 duty roster,,,phone_from_public_evidence
650,PHARMA-LIFE LTD,NYARUGENGE,NYARUGENGE,KIYOVU,retail-2026-05-651,651,PHARMA -LIFE LTD,NYARUGENGE,NYARUGENGE KIYOVU,1.000,0.073,1.000,true,true,true,true,,,,,,,local_evidence_only
651,ALCRESTA PHARMACY Ltd,BUGESERA,NYAMATA,NYAMATA,retail-2026-05-652,652,ALCRESTA PHARMACY Ltd,BUGESERA,NYAMATA NYAMATA,1.000,0.454,1.000,true,true,true,true,+250788805085,public_evidence_csv,https://monitoring.rwandafda.gov.rw/monitoring/documents-management/uploads/3/Human-Retail-Pharmacy-Duty-rosters/Retail_Pharmacies_Duty_Roster_in_Bugesera_District_JULY-AUGUST-SEPTEMBER_2026.pdf,bugesera July-September 2026 duty roster,,,phone_from_public_evidence
652,GOODLIFE HEALTH AND BEAUTY RUBAVU,RUBAVU,GISENYI,BUGOYI,retail-2026-05-653,653,GOODLIFE HEALTH AND BEAUTY RUBAVU,RUBAVU,GISENYI BUGOYI,1.000,0.293,1.000,true,true,true,true,+250791232266,public_evidence_csv,https://monitoring.rwandafda.gov.rw/monitoring/documents-management/uploads/3/Human-Retail-Pharmacy-Duty-rosters/Retail_Pharmacies_Duty_Roster_in_Rubavu_for_JULY-AUGUST-SEPTEMBER_2026.pdf,rubavu July-September 2026 duty roster,,,phone_from_public_evidence
653,ZIA PHARMACY Ltd,KICUKIRO,NYARUGUNGA,RWIMBOGO,retail-2026-05-654,654,ZIA PHARMACY Ltd,KICUKIRO,NYARUGUNGA RWIMBOGO,0.980,0.190,1.000,true,true,true,false,,,,,,,local_evidence_only
654,RWARUBUKIRA PHARMACY Ltd,KAMONYI,KAMONYI,RUNDA,retail-2026-05-655,655,RWARUBUKIRA PHARMACY Ltd,KAMONYI,KAMONYI RUNDA,1.000,0.293,1.000,true,true,true,true,,,,,,,local_evidence_only
655,SALAMA PHARMACY Ltd,GASABO,REMERA,RUKIRI II,retail-2026-05-656,656,SALAMA PHARMACY Ltd,GASABO,REMERA RUKIRI II,1.000,0.073,1.000,true,true,true,true,+250785866839,public_evidence_csv,https://monitoring.rwandafda.gov.rw/monitoring/documents-management/uploads/3/Human-Retail-Pharmacy-Duty-rosters/Retail_Pharmacies_Duty_Roster_in_Kigali_City_for_JULY-AUGUST-SEPTEMBER_2026.pdf,kigali July-September 2026 duty roster,,,phone_from_public_evidence
656,AVANA PHARMACY Ltd,RWAMAGANA,NYAKALIRO,GISHARI,retail-2026-05-657,657,AVANA PHARMACY Ltd,RWAMAGANA,NYAKALIRO GISHARI,1.000,0.293,1.000,true,true,true,true,,,,,,,local_evidence_only
657,GAMILLA PHARMACY Ltd,GASABO,GISOZI,RUHANGO,retail-2026-05-658,658,GAMILLA PHARMACY Ltd,GASABO,GISOZI RUHANGO,1.000,0.153,1.000,true,true,true,true,,,,,,,local_evidence_only
658,AVIL PHARMACY Ltd,MUSANZE,CYUVE,RWEBEYA,retail-2026-05-659,659,AVIL PHARMACY Ltd,MUSANZE,CYUVE RWEBEYA,1.000,0.293,1.000,true,true,true,true,+250784141776,public_evidence_csv,https://monitoring.rwandafda.gov.rw/monitoring/documents-management/uploads/3/Human-Retail-Pharmacy-Duty-rosters/Retail_Pharmacies_Duty_Roster_in_Musanze_JULY-AUGUST-SEPTEMBER_2026.pdf,musanze July-September 2026 duty roster,,,phone_from_public_evidence
659,WELLCARE PHARMACY Ltd,KICUKIRO,KIGARAMA,KANSEREGE,retail-2026-05-660,660,WELLCARE PHARMACY Ltd,KICUKIRO,KIGARAMA KANSEREGE,1.000,0.409,1.000,true,true,true,true,,,,,,,local_evidence_only
660,PACH PHARMACY Ltd,MUHANGA,NYAMABUYE,GAHOGO,retail-2026-05-661,661,PACH PHARMACY Ltd,MUHANGA,NYAMABUYE GAHOGO,1.000,0.293,1.000,true,true,true,true,,,,,,,local_evidence_only
661,PHARMACIE LE BON SAMARITAIN Ltd,HUYE,NGOMA,BUTARE,retail-2026-05-662,662,PHARMACIE LE BON SAMARITAIN Ltd,HUYE,NGOMA BUTARE,1.000,0.461,1.000,true,true,true,true,+250783509161,public_evidence_csv,https://monitoring.rwandafda.gov.rw/monitoring/documents-management/uploads/3/Human-Retail-Pharmacy-Duty-rosters/Retail_Pharmacies_Duty_Roster_in_Huye_District_JULY-AUGUST-SEPTEMBER_2026.pdf,huye July-September 2026 duty roster,,,phone_from_public_evidence
662,REMA PHARMACY Ltd,MUHANGA,NYAMABUYE,GAHOGO,retail-2026-05-663,663,REMA PHARMACY Ltd,MUHANGA,NYAMABUYE GAHOGO,1.000,0.400,1.000,true,true,true,true,+250786859299,public_evidence_csv,https://monitoring.rwandafda.gov.rw/monitoring/documents-management/uploads/3/Human-Retail-Pharmacy-Duty-rosters/Retail_Pharmacies_Duty_Roster_in_Muhanga_District_JULY-AUGUST-SEPTEMBER_2026.pdf,muhanga July-September 2026 duty roster,,,phone_from_public_evidence
663,HIGH MAGNIFICAT PHARMACY Ltd,MUSANZE,MUHOZA,MPENGE,retail-2026-05-664,664,HIGH MAGNIFICAT PHARMACY Ltd,MUSANZE,MUHOZA MPENGE,1.000,0.093,1.000,true,true,true,true,+250788565308,public_evidence_csv,https://www.mmi.gov.rw/partners/pharmacies?tx_news_pi1%5Bcontroller%5D=News&tx_news_pi1%5BcurrentPage%5D=4&cHash=af819f30de0cd834b0262e1cb00c9c11,MMI pharmacy partner directory page 4,,,phone_from_public_evidence
664,MEDNOW PHARMACY Limited,RWAMAGANA,MUNYIGINYA,CYIMBAZI,retail-2026-05-665,665,MEDNOW PHARMACY Limited,RWAMAGANA,MUNYIGINYA CYIMBAZI,1.000,0.493,1.000,true,true,true,true,+250788296788,public_evidence_csv,https://monitoring.rwandafda.gov.rw/monitoring/documents-management/uploads/3/Human-Retail-Pharmacy-Duty-rosters/Retail_Pharmacies_Duty_Roster_in_Rwamagana_JULY-AUGUST-SEPTEMBER_2026.pdf,rwamagana July-September 2026 duty roster,,,phone_from_public_evidence
665,MOONPHARMA Ltd,KAMONYI,RUNDA,MUGANZA,retail-2026-05-666,666,MOONPHARMA Ltd,KAMONYI,RUNDA MUGANZA,1.000,0.293,1.000,true,true,true,true,+250786555471,public_evidence_csv,https://monitoring.rwandafda.gov.rw/monitoring/documents-management/uploads/3/Human-Retail-Pharmacy-Duty-rosters/Retail_Pharmacies_Duty_Roster_in_Kamonyi_District_JULY-AUGUST-SEPTEMBER_2026.pdf,kamonyi July-September 2026 duty roster,,,phone_from_public_evidence
666,PHARMACIE TRESOR,NYARUGENGE,MUHIMA,KABASENGERE ZI,retail-2026-05-667,667,PHARMACIE TRESOR,NYARUGENGE,MUHIMA KABASENGEREZI,0.980,0.427,1.000,true,true,false,true,+250788505646,public_evidence_csv,https://monitoring.rwandafda.gov.rw/monitoring/documents-management/uploads/3/Human-Retail-Pharmacy-Duty-rosters/Retail_Pharmacies_Duty_Roster_in_Kigali_City_for_JULY-AUGUST-SEPTEMBER_2026.pdf,kigali July-September 2026 duty roster,,,phone_from_public_evidence
667,PHARMALIGHT Ltd,KAMONYI,MUGINA,MBATI,retail-2026-05-668,668,PHARMALIGHT Ltd,KAMONYI,MUGINA MBATI,1.000,0.293,1.000,true,true,true,true,,,,,,,local_evidence_only
668,ENOPHAR PHARMACY Ltd,KIREHE,NYAMUGARI,NYAMUGARI,retail-2026-05-669,669,ENOPHAR PHARMACY Ltd,KIREHE,NYAMUGARI NYAMUGARI,0.980,0.280,1.000,true,true,true,false,,,,,,,local_evidence_only
669,FARUMASI DELIKA Ltd,NGOMA,REMERA,BUGESERA,retail-2026-05-670,670,FARUMASI DELIKA Ltd,NGOMA,REMERA BUGESERA,1.000,0.293,1.000,true,true,true,true,,,,,,,local_evidence_only
670,GREEN BOW PHARMACY Ltd,RUSIZI,MUGANZA,GAKONI,retail-2026-05-671,671,GREEN BOW PHARMACY Ltd,RUSIZI,MUGANZA GAKONI,1.000,0.293,1.000,true,true,true,true,,,,,,,local_evidence_only
671,HIGH MAGNIFICAT PHARMACY-GOICO BRANCH,MUSANZE,MUHOZA,KIGOMBE,retail-2026-05-672,672,HIGH MAGNIFICAT PHARMACY -GOICO BRANCH,MUSANZE,MUHOZA KIGOMBE,1.000,0.093,1.000,true,true,true,true,+250788565308,public_evidence_csv,https://monitoring.rwandafda.gov.rw/monitoring/documents-management/uploads/3/Human-Retail-Pharmacy-Duty-rosters/Retail_Pharmacies_Duty_Roster_in_Musanze_JULY-AUGUST-SEPTEMBER_2026.pdf,musanze July-September 2026 duty roster,,,phone_from_public_evidence
672,IRIZA PHARMACY Ltd,KICUKIRO,MASAKA,GAKO,retail-2026-05-673,673,IRIZA PHARMACY Ltd,KICUKIRO,MASAKA GAKO,1.000,0.344,1.000,true,true,true,true,,,,,,,local_evidence_only
673,KUMAR PHARMACY Ltd,RUSIZI,KAMEMBE,KAMASHANGI,retail-2026-05-674,674,KUMAR PHARMACY Ltd,RUSIZI,KAMEMBE KAMASHANGI,1.000,0.449,1.000,true,true,true,true,,,,,,,local_evidence_only
674,MEDICARE PHARMACY Ltd,KIREHE,NASHO,RUGOMA,retail-2026-05-675,675,MEDICARE PHARMACY Ltd,KIREHE,NASHO RUGOMA,1.000,0.409,1.000,true,true,true,true,,,,,,,local_evidence_only
675,MEDIASOL PHARMACY Ltd/REMERA BRANCH,GASABO,REMERA,RUKIRI II,retail-2026-05-328,328,MEDIASOL PHARMACY Ltd/REMERA BRANCH,GASABO,REMERA RUKIRI II,1.000,0.000,1.000,true,true,true,true,,,,,,,local_evidence_only
676,PHARMACIE IDEALE,GASABO,KIMIRONKO,BIBARE,retail-2026-05-677,677,PHARMACIE IDEALE,GASABO,KIMIRONKO BIBARE,1.000,0.307,1.000,true,true,true,true,,,,,,,local_evidence_only
677,SAINT AUGUSTIN PHARMACY Ltd,MUSANZE,MUHOZA,RUHENGERI,retail-2026-05-678,678,SAINT AUGUSTIN PHARMACY Ltd,MUSANZE,MUHOZA RUHENGERI,1.000,0.293,1.000,true,true,true,true,+250785728301,public_evidence_csv,https://monitoring.rwandafda.gov.rw/monitoring/documents-management/uploads/3/Human-Retail-Pharmacy-Duty-rosters/Retail_Pharmacies_Duty_Roster_in_Musanze_JULY-AUGUST-SEPTEMBER_2026.pdf,musanze July-September 2026 duty roster,,,phone_from_public_evidence
678,TRUPHAR LIVES PHARMACY Ltd,RUBAVU,KAMEMBE,KAMASHANGI,retail-2026-05-679,679,TRUPHAR LIVES PHARMACY Ltd,RUBAVU,KAMEMBE KAMASHANGI,1.000,0.540,1.000,true,true,true,true,,,,,,,local_evidence_only
679,MED-EX Ltd,KICUKIRO,KANOMBE,RUBIRIZI,retail-2026-05-680,680,MED -EX Ltd,KICUKIRO,KANOMBE RUBIRIZI,1.000,0.420,1.000,true,true,true,true,,,,,,,local_evidence_only
680,VINE KACYIRU 3,GASABO,KACYIRU,KAMATAMU,retail-2026-05-681,681,VINE PHARMACY KACYIRU 3,GASABO,KACYIRU KAMATAMU,0.980,0.054,1.000,true,true,true,false,+250788523498,public_evidence_csv,https://monitoring.rwandafda.gov.rw/monitoring/documents-management/uploads/3/Human-Retail-Pharmacy-Duty-rosters/Retail_Pharmacies_Duty_Roster_in_Kigali_City_for_JULY-AUGUST-SEPTEMBER_2026.pdf,kigali July-September 2026 duty roster,,,phone_from_public_evidence
681,PHARMACIE TETA REMERA,GASABO,REMERA,RUKIRI I,retail-2026-05-682,682,PHARMACIE TETA REMERA,GASABO,REMERA RUKIRI I,1.000,0.073,1.000,true,true,true,true,+250789192226,public_evidence_csv,https://www.mmi.gov.rw/partners/pharmacies?tx_news_pi1%5Bcontroller%5D=News&tx_news_pi1%5BcurrentPage%5D=9&cHash=c13b44e19ea49a4663bff3b1213f2c66,MMI pharmacy partner directory page 9,,,phone_from_public_evidence
682,MEDICENTRE PHARMACY Ltd,KICUKIRO,KICUKIRO,KICUKIRO,retail-2026-05-683,683,MEDICENTRE PHARMACY Ltd,KICUKIRO,KICUKIRO KICUKIRO,0.980,0.360,1.000,true,true,true,false,,,,,,,local_evidence_only
683,SAFETY PHARMACY Ltd,GASABO,GISOZI,RUHANGO,retail-2026-05-684,684,SAFETY PHARMACY Ltd,GASABO,GISOZI RUHANGO,1.000,0.455,1.000,true,true,true,true,,,,,,,local_evidence_only
684,STEP PHARMACY Ltd,GASABO,JABANA,KABUYE,retail-2026-05-685,685,STEP PHARMACY Ltd,GASABO,JABANA KABUYE,1.000,0.404,1.000,true,true,true,true,,,,,,,local_evidence_only
685,AZLISH PHARMACY Ltd,KICUKIRO,NIBOYE,NIBOYE,retail-2026-05-686,686,AZLISH PHARMACY Ltd,KICUKIRO,NIBOYE NIBOYE,1.000,0.293,1.000,true,true,true,true,,,,,,,local_evidence_only
686,EZER PHARMACY Ltd,KICUKIRO,KANOMBE,BUSANZA,retail-2026-05-687,687,EZER PHARMACY Ltd,KICUKIRO,KANOMBE BUSANZA,1.000,0.293,1.000,true,true,true,true,,,,,,,local_evidence_only
687,HERITAGE PHARMACY Ltd,NYARUGENGE,NYAMIRAMBO,RUGARAMA,retail-2026-05-688,688,HERITAGE PHARMACY Ltd,NYARUGENGE,NYAMIRAMBO RUGARAMA,0.980,0.273,1.000,true,true,true,false,,,,,,,local_evidence_only
688,MONOPHAR PHARMACY Ltd,KICUKIRO,GAHANGA,KAREMBURE,retail-2026-05-689,689,MONOPHAR PHARMACY Ltd,KICUKIRO,GAHANGA KAREMBURE,1.000,0.290,1.000,true,true,true,true,,,,,,,local_evidence_only
689,OCTAVIA PHARMACY Ltd,KICUKIRO,MASAKA,CYIMO,retail-2026-05-690,690,OCTAVIA PHARMACY Ltd,KICUKIRO,MASAKA CYIMO,0.980,0.456,1.000,true,true,true,false,,,,,,,local_evidence_only
690,BYANGABO PHARMACY Ltd,MUSANZE,BUSOGO,BYANGABO,retail-2026-05-691,691,BYANGABO PHARMACY Ltd,MUSANZE,BUSOGO BYANGABO,1.000,0.293,1.000,true,true,true,true,,,,,,,local_evidence_only
691,F&M EL DORADO PHARMACY Ltd,NYARUGENGE,NYAKABANDA,MUNANIRA I,retail-2026-05-692,692,F&M EL DORADO PHARMACY Ltd,NYARUGENGE,NYAKABANDA MUNANIRA I,1.000,0.293,1.000,true,true,true,true,+250788687992,public_evidence_csv,https://monitoring.rwandafda.gov.rw/monitoring/documents-management/uploads/3/Human-Retail-Pharmacy-Duty-rosters/Retail_Pharmacies_Duty_Roster_in_Kigali_City_for_JULY-AUGUST-SEPTEMBER_2026.pdf,kigali July-September 2026 duty roster,,,phone_from_public_evidence
692,DENA PHARMACY Ltd,GASABO,REMERA,RUKIRI I,retail-2026-05-693,693,DENA PHARMACY Ltd,GASABO,REMERA RUKIRI I,1.000,0.400,1.000,true,true,true,true,,,,,,,local_evidence_only
693,PHARMACIE MA COLLINE Ltd,RWAMAGANA,MUYUMBU,AKINYAMBO,retail-2026-05-694,694,PHARMACIE MA COLLINE Ltd,RWAMAGANA,MUYUMBU AKINYAMBO,1.000,0.480,1.000,true,true,true,true,,,,,,,local_evidence_only
694,LOYAL PHARMACY Ltd,KICUKIRO,KANOMBE,KARAMA,retail-2026-05-695,695,LOYAL PHARMACY Ltd,KICUKIRO,KANOMBE KARAMA,0.980,0.384,1.000,true,true,true,false,,,,,,,local_evidence_only
695,PHARMAGY PHARMACY Ltd,MUHANGA,NYAMABUYE,GAHOGO,retail-2026-05-696,696,PHARMAGY PHARMACY Ltd,MUHANGA,NYAMABUYE GAHOGO,1.000,0.293,1.000,true,true,true,true,+250788437737,public_evidence_csv,https://monitoring.rwandafda.gov.rw/monitoring/documents-management/uploads/3/Human-Retail-Pharmacy-Duty-rosters/Retail_Pharmacies_Duty_Roster_in_Muhanga_District_JULY-AUGUST-SEPTEMBER_2026.pdf,muhanga July-September 2026 duty roster,,,phone_from_public_evidence
696,MALON PHARMACY Ltd,NYAMASHEKE,KIRIMBI,KARENGERA,retail-2026-05-697,697,MALON PHARMACY Ltd,NYAMASHEKE,KIRIMBI KARENGERA,0.980,0.427,1.000,true,true,true,false,,,,,,,local_evidence_only
697,INEPHAR PHARMACY Ltd,GASABO,KACYIRU,KAMUTWA,retail-2026-05-698,698,INEPHAR PHARMACY Ltd,GASABO,KACYIRU KAMUTWA,1.000,0.275,1.000,true,true,true,true,+250788461374,public_evidence_csv,https://monitoring.rwandafda.gov.rw/monitoring/documents-management/uploads/3/Human-Retail-Pharmacy-Duty-rosters/Retail_Pharmacies_Duty_Roster_in_Kigali_City_for_JULY-AUGUST-SEPTEMBER_2026.pdf,kigali July-September 2026 duty roster,,,phone_from_public_evidence
698,LADOUCE PHARMACY Ltd,KICUKIRO,NYARUGUNGA,KAMASHASHI,retail-2026-05-699,699,LADOUCE PHARMACY Ltd,KICUKIRO,NYARUGUNGA KAMASHASHI,1.000,0.375,1.000,true,true,true,true,+250788415090,public_evidence_csv,https://monitoring.rwandafda.gov.rw/monitoring/documents-management/uploads/3/Human-Retail-Pharmacy-Duty-rosters/Retail_Pharmacies_Duty_Roster_in_Kigali_City_for_JULY-AUGUST-SEPTEMBER_2026.pdf,kigali July-September 2026 duty roster,,,phone_from_public_evidence
699,MERCY PHARMACY Ltd,KICUKIRO,KIGARAMA,RWAMPARA,retail-2026-05-700,700,MERCY PHARMACY Ltd,KICUKIRO,KIGARAMA RWAMPARA,1.000,0.493,1.000,true,true,true,true,+250788724064,public_evidence_csv,https://monitoring.rwandafda.gov.rw/monitoring/documents-management/uploads/3/Human-Retail-Pharmacy-Duty-rosters/Retail_Pharmacies_Duty_Roster_in_Kigali_City_for_JULY-AUGUST-SEPTEMBER_2026.pdf,kigali July-September 2026 duty roster,,,phone_from_public_evidence
701,LOUISE PHARMACY,GASABO,BUMBOGO,NYABIKENKE,retail-2026-05-702,702,LOUISE PHARMACY,GASABO,BUMBOGO NYABIKENKE,0.980,0.425,1.000,true,true,true,false,,,,,,,local_evidence_only
702,MIRROR PHRAMACY Ltd,GASABO,REMERA,RUKIRI II,retail-2026-05-703,703,MIRROR PHRAMACY Ltd,GASABO,REMERA RUKIRI II,1.000,0.293,1.000,true,true,true,true,,,,,,,local_evidence_only
703,IMELA PHARMACY Ltd,BUGESERA,MAYANGE,GAKAMBA,retail-2026-05-704,704,IMELA PHARMACY Ltd,BUGESERA,MAYANGE GAKAMBA,1.000,0.404,1.000,true,true,true,true,+250785379786,public_evidence_csv,https://monitoring.rwandafda.gov.rw/monitoring/documents-management/uploads/3/Human-Retail-Pharmacy-Duty-rosters/Retail_Pharmacies_Duty_Roster_in_Bugesera_District_JULY-AUGUST-SEPTEMBER_2026.pdf,bugesera July-September 2026 duty roster,,,phone_from_public_evidence
704,MANZI&SANO PHARMACY Limited,NYAGATARE,NYAGATARE,NYAGATARE,retail-2026-05-705,705,MANZI&SANO PHARMACY Limited,NYAGATARE,NYAGATARE NYAGATARE,1.000,0.563,1.000,true,true,true,true,,,,,,,local_evidence_only
706,BGK PHARMACY Ltd,MUSANZE,MUHOZA,KIGOMBE,retail-2026-05-706,706,BGK PHARMACY Ltd,MUSANZE,MUHOZA KIGOMBE,1.000,0.293,1.000,true,true,true,true,+250788302354,public_evidence_csv,https://monitoring.rwandafda.gov.rw/monitoring/documents-management/uploads/3/Human-Retail-Pharmacy-Duty-rosters/Retail_Pharmacies_Duty_Roster_in_Musanze_JULY-AUGUST-SEPTEMBER_2026.pdf,musanze July-September 2026 duty roster,,,phone_from_public_evidence
707,VINE KACYIRU I,GASABO,KACYIRU,KAMUGISHA,retail-2026-05-707,707,VINE KACYIRU I,GASABO,KACYIRU KAMUGISHA,1.000,0.094,1.000,true,true,true,true,+250788523498,public_evidence_csv,https://monitoring.rwandafda.gov.rw/monitoring/documents-management/uploads/3/Human-Retail-Pharmacy-Duty-rosters/Retail_Pharmacies_Duty_Roster_in_Kigali_City_for_JULY-AUGUST-SEPTEMBER_2026.pdf,kigali July-September 2026 duty roster,,,phone_from_public_evidence
708,LIFELINE PHARMACY Ltd,GASABO,GISOZI,MUSEZERO,retail-2026-05-708,708,LIFELINE PHARMACY Ltd,GASABO,GISOZI MUSEZERO,0.980,0.273,1.000,true,true,true,false,+250788000080,public_evidence_csv,https://monitoring.rwandafda.gov.rw/monitoring/documents-management/uploads/3/Human-Retail-Pharmacy-Duty-rosters/Retail_Pharmacies_Duty_Roster_in_Kigali_City_for_JULY-AUGUST-SEPTEMBER_2026.pdf,kigali July-September 2026 duty roster,,,phone_from_public_evidence
709,VICTORY PHARMACY Limited,HUYE,NGOMA,BUTARE,retail-2026-05-709,709,VICTORY PHARMACY Limited,HUYE,NGOMA BUTARE,1.000,0.293,1.000,true,true,true,true,+250788802917,public_evidence_csv,https://monitoring.rwandafda.gov.rw/monitoring/documents-management/uploads/3/Human-Retail-Pharmacy-Duty-rosters/Retail_Pharmacies_Duty_Roster_in_Huye_District_JULY-AUGUST-SEPTEMBER_2026.pdf,huye July-September 2026 duty roster,,,phone_from_public_evidence
710,VITAPLUS PHARMACY Ltd,RUSIZI,BUGARAMA,NYANGE,retail-2026-05-710,710,VITAPLUS PHARMACY Ltd,RUSIZI,BUGARAMA NYANGE,1.000,0.293,1.000,true,true,true,true,,,,,,,local_evidence_only
711,J&M PHARMACY Ltd,MUHANGA,CYEZA,MAKERA,retail-2026-05-711,711,J&M PHARMACY Ltd,MUHANGA,CYEZA MAKERA,1.000,0.566,1.000,true,true,true,true,+250788985639,public_evidence_csv,https://monitoring.rwandafda.gov.rw/monitoring/documents-management/uploads/3/Human-Retail-Pharmacy-Duty-rosters/Retail_Pharmacies_Duty_Roster_in_Muhanga_District_JULY-AUGUST-SEPTEMBER_2026.pdf,muhanga July-September 2026 duty roster,,,phone_from_public_evidence
712,NECTAR PHARMACY Ltd,NYARUGENGE,NYARUGENGE,BIRYOGO,retail-2026-05-712,712,NECTAR PHARMACY Ltd,NYARUGENGE,NYARUGENGE BIRYOGO,1.000,0.344,1.000,true,true,true,true,+250781293423,public_evidence_csv,https://monitoring.rwandafda.gov.rw/monitoring/documents-management/uploads/3/Human-Retail-Pharmacy-Duty-rosters/Retail_Pharmacies_Duty_Roster_in_Kigali_City_for_JULY-AUGUST-SEPTEMBER_2026.pdf,kigali July-September 2026 duty roster,,,phone_from_public_evidence
713,TROJANUS PHARMACY Ltd,BUGESERA,NYAMATA,NYAMATA,retail-2026-05-713,713,TROJANUS PHARMACY Ltd,BUGESERA,NYAMATA NYAMATA,1.000,0.495,1.000,true,true,true,true,+250784808859,public_evidence_csv,https://monitoring.rwandafda.gov.rw/monitoring/documents-management/uploads/3/Human-Retail-Pharmacy-Duty-rosters/Retail_Pharmacies_Duty_Roster_in_Bugesera_District_JULY-AUGUST-SEPTEMBER_2026.pdf,bugesera July-September 2026 duty roster,,,phone_from_public_evidence
714,VINE PHARMACY REMERA 2,GASABO,REMERA,RUKIRI I,retail-2026-05-714,714,VINE PHARMACY REMERA 2,GASABO,REMERA RUKIRI I,1.000,0.073,1.000,true,true,true,true,+250788523498,public_evidence_csv,https://monitoring.rwandafda.gov.rw/monitoring/documents-management/uploads/3/Human-Retail-Pharmacy-Duty-rosters/Retail_Pharmacies_Duty_Roster_in_Kigali_City_for_JULY-AUGUST-SEPTEMBER_2026.pdf,kigali July-September 2026 duty roster,,,phone_from_public_evidence
715,BETA PHARMACY Ltd,KICUKIRO,GIKONDO,KAGUNGA,retail-2026-05-715,715,BETA PHARMACY Ltd,KICUKIRO,GIKONDO KAGUNGA,1.000,0.153,1.000,true,true,true,true,,,,,,,local_evidence_only
716,CARE PLUS PHARMACY Ltd,KICUKIRO,KANOMBE,BUSANZA,retail-2026-05-716,716,CARE PLUS PHARMACY Ltd,KICUKIRO,KANOMBE BUSANZA,1.000,0.285,1.000,true,true,true,true,+250786666888,public_evidence_csv,https://monitoring.rwandafda.gov.rw/monitoring/documents-management/uploads/3/Human-Retail-Pharmacy-Duty-rosters/Retail_Pharmacies_Duty_Roster_in_Kigali_City_for_JULY-AUGUST-SEPTEMBER_2026.pdf,kigali July-September 2026 duty roster,,,phone_from_public_evidence
717,PHARMACIE DE BIREMBO,GASABO,KINYINYA,GASHARU,retail-2026-05-717,717,PHARMACIE DE BIREMBO,GASABO,KINYINYA GASHARU,1.000,0.455,1.000,true,true,true,true,,,,,,,local_evidence_only
718,ISAPHAR PHARMACY Ltd,KIREHE,KIGINA,RUHANGA,retail-2026-05-718,718,ISAPHAR PHARMACY Ltd,KIREHE,KIGINA RUHANGA,1.000,0.392,1.000,true,true,true,true,,,,,,,local_evidence_only
719,RAMA PHARMACY Ltd,KIREHE,KIGINA,RUHANGA,retail-2026-05-719,719,RAMA PHARMACY Ltd,KIREHE,KIGINA RUHANGA,1.000,0.293,1.000,true,true,true,true,+250788288858,public_evidence_csv,https://www.mmi.gov.rw/partners/pharmacies?tx_news_pi1%5Bcontroller%5D=News&tx_news_pi1%5BcurrentPage%5D=10&cHash=20062796121f6b71405e90a25d651a00,MMI pharmacy partner directory page 10,,,phone_from_public_evidence
720,PHARMACIE TWITEKUBUZIMA,NYAMASHEKE,KANJONGO,KIBOGORA,retail-2026-05-720,720,PHARMACIE TWITEKUBUZIMA,NYAMASHEKE,KANJONGO KIBOGORA,1.000,0.293,1.000,true,true,true,true,,,,,,,local_evidence_only
721,SO DIVINE Ltd,KAMONYI,RUNDA,RUYENZI,retail-2026-05-721,721,SO DIVINE Ltd,KAMONYI,RUNDA RUYENZI,0.980,0.273,1.000,true,true,true,false,+250788351639,public_evidence_csv,https://monitoring.rwandafda.gov.rw/monitoring/documents-management/uploads/3/Human-Retail-Pharmacy-Duty-rosters/Retail_Pharmacies_Duty_Roster_in_Kamonyi_District_JULY-AUGUST-SEPTEMBER_2026.pdf,kamonyi July-September 2026 duty roster,,,phone_from_public_evidence
722,HIGHLANDS’ PHARMACY Ltd,KAMONYI,RUNDA,RUYENZI,retail-2026-05-722,722,HIGHLANDS’ PHARMACY Ltd,KAMONYI,RUNDA RUYENZI,1.000,0.293,1.000,true,true,true,true,,,,,,,local_evidence_only
723,WESTERN PHARMACY Ltd,RUBAVU,NYAKIRIBA,KANYEFURWE,retail-2026-05-723,723,WESTERN PHARMACY Ltd,RUBAVU,NYAKIRIBA KANYEFURWE,1.000,0.293,1.000,true,true,true,true,+250788884269,public_evidence_csv,https://monitoring.rwandafda.gov.rw/monitoring/documents-management/uploads/3/Human-Retail-Pharmacy-Duty-rosters/Retail_Pharmacies_Duty_Roster_in_Rubavu_for_JULY-AUGUST-SEPTEMBER_2026.pdf,rubavu July-September 2026 duty roster,,,phone_from_public_evidence
724,PULSE PHARMACY SHYORONGI,RULINDO,SHYORONGI,BUGARAGARA,retail-2026-05-724,724,PULSE PHARMACY SHYORONGI,RULINDO,SHYORONGI BUGARAGARA,1.000,0.293,1.000,true,true,true,true,,,,,,,local_evidence_only
725,TRUSTED PHARMACY Limited,KIREHE,KIREHE,KIREHE,retail-2026-05-725,725,TRUSTED PHARMACY Limited,KIREHE,KIREHE KIREHE,1.000,0.532,1.000,true,true,true,true,,,,,,,local_evidence_only
