"source_serial","registration_number","brand_name","generic_name","strength","dosage_form","pack_size","shelf_life","manufacturer","manufacturer_country","marketing_authorization_holder","local_technical_representative","registration_date","expiry_date","regulatory_status","source_name","source_url"
"1","RWANDA-FDA24/HM/0809/0118","ATOP 250/100","Atovaquone and Proguanil hydrochloride Tablets 250mg/100mg","—","Tablet","—","36","Hetero Drugs Limited (Unit-I)","India","Hetero Labs Limited","BION PHARMA GROUP (BPG) Ltd","2026-06-19","2031-06-18","valid","Rwanda FDA - Registered Pharmaceutical Products July 2026","https://rwandafda.gov.rw/register/monitoring_preview_register"
"2","RWANDA-FDA24/HM/0183/0116","BUPICAINE HEAVY","Bupivacaine Hydrochloride USP eq. to Anhydrous Bupivacaine Hydrochloride 5.0 mg and Dextrose Anhydrous USP-NF 80.0 mg","—","STERILE SOLUTION FOR INJECTION","—","24","M/s. Tyche Industries Limited","India","THEMIS MEDICARE LIMITED","WESSEX PHARMACEUTICALS (RWANDA) Ltd","2026-06-19","2031-06-18","valid","Rwanda FDA - Registered Pharmaceutical Products July 2026","https://rwandafda.gov.rw/register/monitoring_preview_register"
"3","RWANDA-FDA24/HM/0882/0115","","—","—","Gelatin Capsules","—","24","Metrochem API Private Limited","India","BEKRA PHARMA UK LTD","UBIPHARM-RWANDA LTD","2026-06-19","2031-06-18","valid","Rwanda FDA - Registered Pharmaceutical Products July 2026","https://rwandafda.gov.rw/register/monitoring_preview_register"
"4","RWANDA-FDA25/HM/0428/0117","Diazepam Injection BP 5mg/ml","DIAZEPAM INJECTION","—","Solution for Injection.","—","24","FLOW CHEM PHARMA PVT LTD","India","Ciron Drugs And Pharmaceuticals Private Limited","RENE PHARMACY (R) LTD","2026-06-19","2031-06-18","valid","Rwanda FDA - Registered Pharmaceutical Products July 2026","https://rwandafda.gov.rw/register/monitoring_preview_register"
"5","RWANDA-FDA24/HM/0863/0119","Dolutegravir, Lamivudine and Tenofovir Disoproxil Fumarate Tablets 50 mg / 300 mg / 300 mg","Dolutegravir (as sodium), Lamivudine and Tenofovir Disoproxil Fumarate","—","Film-coated tablets,","—","36","LUPIN MANUFACTURING SOLUTIONS LIMITED","India","Lupin Limited","AIVEEN (R) LTD","2026-06-19","2031-06-18","valid","Rwanda FDA - Registered Pharmaceutical Products July 2026","https://rwandafda.gov.rw/register/monitoring_preview_register"
"6","RWANDA-FDA24/HM/0755/0114","AKURIXA 10","DAPAGLIFLOZIN PROPANEDIOL MONOHYDRATE","—","Film Coated Tablets","—","24","Morepen Laboratories Limited","India","UNOSOURCE PHARMA LIMITED","AIVEEN (R) LTD","2026-06-11","2031-06-10","valid","Rwanda FDA - Registered Pharmaceutical Products July 2026","https://rwandafda.gov.rw/register/monitoring_preview_register"
"7","RWANDA-FDA25/HM/0045/0113","Phylline","Aminophylline BP","—","Solution for Injection.","—","24","Aarti Pharmalabs Limited","India","SWISS PARENTERALS LTD.","PHARMACEUTICAL AND MEDICAL SUPPLIES SOCIETY (PMSS) Ltd","2026-06-11","2031-06-10","valid","Rwanda FDA - Registered Pharmaceutical Products July 2026","https://rwandafda.gov.rw/register/monitoring_preview_register"
"8","RWANDA-FDA25/HM/0294/0105","BDA AMLOSIVE 5","Amlodipine Besylate USP","—","Un coated Tablets","—","24","CENTURY PHARMACEUTICAL LIMITED","India","BDA Healthcare Pvt Ltd","DEPOT PHARMACY YEGO Limited","2026-05-27","2031-05-26","valid","Rwanda FDA - Registered Pharmaceutical Products July 2026","https://rwandafda.gov.rw/register/monitoring_preview_register"
"9","RWANDA-FDA24/HM/0073/0108","Betadine Vaginal Pessaries","Povidone Iodine USP","—","VAGINAL TABLET","—","36","ISP Chemicals Inc.","UNITED STATES OF AMERICA","Modi-Mundipharma Private Limited","Surgipharm Rwanda Ltd.","2026-05-27","2031-05-26","valid","Rwanda FDA - Registered Pharmaceutical Products July 2026","https://rwandafda.gov.rw/register/monitoring_preview_register"
"10","RWANDA-FDA24/HM/0495/0104","DAPAONE 10","DAPAGLIFLOZIN","—","Film Coated Tablets","—","24","","India","MSN Laboratories Private Limited","ABACUS PHARMA (A) Ltd","2026-05-27","2031-05-26","valid","Rwanda FDA - Registered Pharmaceutical Products July 2026","https://rwandafda.gov.rw/register/monitoring_preview_register"
"11","RWANDA-FDA25/HM/0581/0106","DERMOCIN","Mupirocin Ointment USP","—","Ointment","—","24","Concord Biotech Limited","India","Lincoln Pharmaceuticals Limited","ABACUS PHARMA (A) Ltd","2026-05-27","2031-05-26","valid","Rwanda FDA - Registered Pharmaceutical Products July 2026","https://rwandafda.gov.rw/register/monitoring_preview_register"
"12","RWANDA-FDA24/HM/0229/0111","Irbesartan/Hydrochlorothiazide Impact 150 mg/12,5 mg","Irbesartan and Hydrochlorothiazide","—","Film Coated Tablets","—","36","Sanofi Chimie","France","Sanofi-Aventis south africa (pty) ltd","KIPHARMA Ltd","2026-05-27","2031-05-26","valid","Rwanda FDA - Registered Pharmaceutical Products July 2026","https://rwandafda.gov.rw/register/monitoring_preview_register"
"13","RWANDA-FDA25/HM/0328/0103","LASTMOL SYRUP","Salbutamol Sulfate BP","—","Syrup (oral solution)","—","36","Supriya Lifescience Ltd.","India","Laboratory & Allied Ltd","DEPOT PHARMACEUTIQUE LE MEDICAL","2026-05-27","2031-05-26","valid","Rwanda FDA - Registered Pharmaceutical Products July 2026","https://rwandafda.gov.rw/register/monitoring_preview_register"
"14","RWANDA-FDA25/HM/0730/0107","PREGALIN","PREGABALIN USP","—","Hard Gelatin Capsules","—","24","CTX Lifesciences Pvt. Ltd.","India","Lincoln Pharmaceuticals Limited","ABACUS PHARMA (A) Ltd","2026-05-27","2031-05-26","valid","Rwanda FDA - Registered Pharmaceutical Products July 2026","https://rwandafda.gov.rw/register/monitoring_preview_register"
"15","RWANDA-FDA24/HM/0625/0112","RL","Sodium Lactate; Sodium Chloride; Potassium Chloride; and Calcium Chloride","—","Solution for infusion.","—","24","NANDU CHEMICALS PVT LTD","India","Alfa Pharmaceuticals Limited","AIVEEN (R) LTD","2026-05-27","2031-05-26","valid","Rwanda FDA - Registered Pharmaceutical Products July 2026","https://rwandafda.gov.rw/register/monitoring_preview_register"
"16","RWANDA-FDA25/HM/0028/0109","VELTOIN","Phenytoin Sodium","—","Solution For Injection","—","24","VELLINTON HEALTHCARE LTD","India","VELLINTON HEALTHCARE","DROGA PHARMA (RWANDA) Ltd","2026-05-27","2031-05-26","valid","Rwanda FDA - Registered Pharmaceutical Products July 2026","https://rwandafda.gov.rw/register/monitoring_preview_register"
"17","RWANDA-FDA24/HM/0547/0100","AMLOTAB 10","Amlodipine Besylate tablets USP 10mg","—","ORAL TABLET","—","36","Claroid Pharmaceutical Pvt. Limited","India","Taha healthcare Co Ltd","Taha healthcare Co Ltd","2026-05-23","2031-05-22","valid","Rwanda FDA - Registered Pharmaceutical Products July 2026","https://rwandafda.gov.rw/register/monitoring_preview_register"
"18","RWANDA-FDA24/HM/1029/0094","Amoxicillin and Clavulanic acid 625mg","—","—","Film-Coated Tablets","—","24","Centrient Pharmaceuticals India Private Limited","India","Imperial Medical Solutions FZE","Surgipharm Rwanda Ltd.","2026-05-23","2031-05-22","valid","Rwanda FDA - Registered Pharmaceutical Products July 2026","https://rwandafda.gov.rw/register/monitoring_preview_register"
"19","RWANDA-FDA25/HM/0624/0095","Coartem Baby Dispersible Tablet","Artemether 2.5 mg and Lumefantrine 30 mg","—","Dispersible tablet","—","24","KPC Pharmaceuticals","China","Novartis Pharma AG","SURGIPHARM (RWANDA) LTD","2026-05-23","2031-05-22","valid","Rwanda FDA - Registered Pharmaceutical Products July 2026","https://rwandafda.gov.rw/register/monitoring_preview_register"
"20","RWANDA-FDA24/HM/0546/0099","D-ABSORB","Desloratadine Oral Solution 0.5 mg/ml","—","Oral solution","—","24","Sun Pharmaceutical Ltd","India","S KANT HEALTHCARE LTD","ABACUS PHARMA (A) Ltd","2026-05-23","2031-05-22","valid","Rwanda FDA - Registered Pharmaceutical Products July 2026","https://rwandafda.gov.rw/register/monitoring_preview_register"
"21","RWANDA-FDA26/HM/0195/0096","KEPPROLIN","—","—","Oral solution","—","36","LUPIN MANUFACTURING SOLUTIONS LIMITED, DABHASA","India","Lincoln Pharmaceuticals Limited","ABACUS PHARMA (A) Ltd","2026-05-23","2031-05-22","valid","Rwanda FDA - Registered Pharmaceutical Products July 2026","https://rwandafda.gov.rw/register/monitoring_preview_register"
"22","RWANDA-FDA26/HM/0221/0097","LEVOZIN 5","Levocetirizine Dihydrochloride USP","—","Film Coated Tablet","—","36","M/s.Metrochem API Pvt Ltd","India","Lincoln Pharmaceuticals Limited","ABACUS PHARMA (A) Ltd","2026-05-23","2031-05-22","valid","Rwanda FDA - Registered Pharmaceutical Products July 2026","https://rwandafda.gov.rw/register/monitoring_preview_register"
"23","RWANDA-FDA25/HM/0034/0102","Maxflow-D Capsule 0.4/0.5mg","TAMSULOSIN HYDROCHLORIDE, DUTASTERIDE","—","Hard Gelatin Capsules","—","24","Lee Pharma Limited","India","CCL Pharmaceuticals (Pvt.) Ltd.","Depot Pharmaceutique Le Medical","2026-05-23","2031-05-22","valid","Rwanda FDA - Registered Pharmaceutical Products July 2026","https://rwandafda.gov.rw/register/monitoring_preview_register"
"24","RWANDA-FDA24/HM/1092/0093","SITALIN-100","SITAGLIPTIN USP","—","Film-Coated Tablets","—","36","BAJAJ HEALTHCARE LTD","India","Lincoln Pharmaceuticals Limited","ABACUS PHARMA (A) Ltd","2026-05-23","2031-05-22","valid","Rwanda FDA - Registered Pharmaceutical Products July 2026","https://rwandafda.gov.rw/register/monitoring_preview_register"
"25","RWANDA-FDA24/HM/0068/0101","Trofentyl, 2 ml","Fentanyl Citrate Injection USP 50 mcg/ml","—","STERILE SOLUTION FOR INJECTION","—","24","Pioneer Agro Industries","India","Troikaa Pharmaceuticals Ltd.","ABACUS PHARMA (A) Ltd","2026-05-23","2031-05-22","valid","Rwanda FDA - Registered Pharmaceutical Products July 2026","https://rwandafda.gov.rw/register/monitoring_preview_register"
"26","RWANDA-FDA24/HM/0942/0092","Unibet Cream","Betamethasone 1%w/w","—","Topical cream","—","36","UNIVERSAL CORPORATION LIMITED//KENYA","Kenya","UNIVERSAL CORPORATION LIMITED - KENYA","SUN ENTERPRISES LTD","2026-05-23","2031-05-22","valid","Rwanda FDA - Registered Pharmaceutical Products July 2026","https://rwandafda.gov.rw/register/monitoring_preview_register"
"27","RWANDA-FDA26/HM/0202/0098","VOMISTAT-8","Ondansetron Hydrochloride USP","—","Film Coated Tablets","—","36","ANUGRAHA CHEMICALS","India","Lincoln Pharmaceuticals Limited","ABACUS PHARMA (A) Ltd","2026-05-23","2031-05-22","valid","Rwanda FDA - Registered Pharmaceutical Products July 2026","https://rwandafda.gov.rw/register/monitoring_preview_register"
"28","RWANDA-FDA24/HM/0753/0090","AKURIXA 5","DAPAGLIFLOZIN PROPANEDIOL MONOHYDRATE","—","Film Coated Tablets","—","24","Morepen Laboratories Limited","India","UNOSOURCE PHARMA LIMITED","AIVEEN (R) LTD","2026-05-19","2031-05-18","valid","Rwanda FDA - Registered Pharmaceutical Products July 2026","https://rwandafda.gov.rw/register/monitoring_preview_register"
"29","RWANDA-FDA23/HM/0506/0089","Betasol Lotion","Clobetasol Propionate USP","—","Lotion","—","36","Shalina Laboratories Pvt.Ltd.","India","SHALINA HEALTHCARE DMCC","ABACUS PHARMA (A) Ltd","2026-05-19","2031-05-18","valid","Rwanda FDA - Registered Pharmaceutical Products July 2026","https://rwandafda.gov.rw/register/monitoring_preview_register"
"30","RWANDA-FDA24/HM/0097/0091","Ramipril Impact 5 mg","RAMIPRIL","—","Film-Coated Tablet","—","36","EUROAPI Germany GmbH","Germany","Sanofi-Aventis south africa (pty) ltd","KIPHARMA Ltd","2026-05-19","2031-05-18","valid","Rwanda FDA - Registered Pharmaceutical Products July 2026","https://rwandafda.gov.rw/register/monitoring_preview_register"
"31","RWANDA-FDA24/HM/0369/0084","DICLOKANT HC GEL","DICLOFENAC DIETHYLAMINE, LINSEED OIL, MENTHOL & METHYL SALICYLATE GEL","—","TOPICAL GEL","—","24","Amoli Organics Private Limited","India","S KANT HEALTHCARE LTD","ABACUS PHARMA (A) Ltd","2026-05-17","2031-05-16","valid","Rwanda FDA - Registered Pharmaceutical Products July 2026","https://rwandafda.gov.rw/register/monitoring_preview_register"
"32","RWANDA-FDA23/HM/0546/0088","FERASIRO 125 DT","Deferasirox","—","ORAL DESINTEGRATING TABLETS","—","36","MSN Labs Private Limited","India","MSN Laboratories Private Limited","ABACUS PHARMA (A) Ltd","2026-05-17","2031-05-16","valid","Rwanda FDA - Registered Pharmaceutical Products July 2026","https://rwandafda.gov.rw/register/monitoring_preview_register"
"33","RWANDA-FDA24/HM/0019/0086","FERASIRO 250 DT","Deferasirox","—","Film Coated Tablet","—","36","MSN Labs Private Limited","India","MSN Laboratories Private Limited","ABACUS PHARMA (A) Ltd","2026-05-17","2031-05-16","valid","Rwanda FDA - Registered Pharmaceutical Products July 2026","https://rwandafda.gov.rw/register/monitoring_preview_register"
"34","RWANDA-FDA24/HM/0029/0087","FERASIRO 500 DT","Deferasirox","—","ORAL DISINTEGRATING TABLETS","—","36","MSN Labs Private Limited","India","MSN Laboratories Private Limited","ABACUS PHARMA (A) Ltd","2026-05-17","2031-05-16","valid","Rwanda FDA - Registered Pharmaceutical Products July 2026","https://rwandafda.gov.rw/register/monitoring_preview_register"
"35","RWANDA-FDA24/HM/0137/0085","Scotxone-1g","Ceftriaxone sodium USP","—","DRY POWDER OF INJECTION","—","36","Covalent Laboratories Private Limited","India","M/S SCOTT-EDIL ADVANCE RESEARCH LABORATORIES & EDUCATION LIMITED","SUN ENTERPRISE Ltd","2026-05-17","2031-05-16","valid","Rwanda FDA - Registered Pharmaceutical Products July 2026","https://rwandafda.gov.rw/register/monitoring_preview_register"
"36","RWANDA-FDA23/HM/0181/0073","ALKA Syrup","—","—","LIQUID FOR ORAL ADMINISTRATION","—","36","Gulkas Pharma Pvt. Ltd.","India","Aura Lifecare Pvt. Ltd.","SUN ENTERPRISES LTD","2026-05-08","2031-05-07","valid","Rwanda FDA - Registered Pharmaceutical Products July 2026","https://rwandafda.gov.rw/register/monitoring_preview_register"
"37","RWANDA-FDA23/HM/0177/0080","ALLSAFE-125 DS","Cephalexin USP 125 mg/5 ml","—","DRY POWDER FOR ORAL SUSPENSION","—","36","Lincoln Pharmaceuticals Limited","India","Lincoln Pharmaceuticals Limited","ABACUS PHARMA (A) Ltd","2026-05-08","2031-05-07","valid","Rwanda FDA - Registered Pharmaceutical Products July 2026","https://rwandafda.gov.rw/register/monitoring_preview_register"
"38","RWANDA-FDA25/HM/0372/0082","Axaban-Denk 2.5 mg","Apixaban 2.5 mg","—","Film-coated tablets,","—","36","Combino Pharm (Malta) Ltd","Malta","DENK PHARMA GmbH & Co. KG","Herily - Agence de Marketing Ltd","2026-05-08","2031-05-07","valid","Rwanda FDA - Registered Pharmaceutical Products July 2026","https://rwandafda.gov.rw/register/monitoring_preview_register"
"39","RWANDA-FDA25/HM/0273/0069","Bavencio 20 mg/ml","—","—","Solution for infusion.","—","36","Merck Serono S.A., Vevey","Switzerland","Merck (Pty) Ltd","Surgipharm Rwanda Ltd.","2026-05-08","2031-05-07","valid","Rwanda FDA - Registered Pharmaceutical Products July 2026","https://rwandafda.gov.rw/register/monitoring_preview_register"
"40","RWANDA-FDA25/HM/0278/0049","CANDID LOTION","CLOTRIMAZOLE","—","Lotion","—","24","Amoli Organics Private Limited","India","Glenmark Pharmaceuticals Ltd","WESSEX PHARMACEUTICALS (RWANDA) Ltd","2026-05-08","2031-05-07","valid","Rwanda FDA - Registered Pharmaceutical Products July 2026","https://rwandafda.gov.rw/register/monitoring_preview_register"
"41","RWANDA-FDA23/HM/0182/0083","CEFARIX 500","CEPHALEXIN","—","ORAL HARD GELATIN CAPSULES","—","36","LINCOLN PHARMACEUTICALS LIMITED","India","Lincoln Pharmaceuticals Limited","ABACUS PHARMA (A) Ltd","2026-05-08","2031-05-07","valid","Rwanda FDA - Registered Pharmaceutical Products July 2026","https://rwandafda.gov.rw/register/monitoring_preview_register"
"42","RWANDA-FDA25/HM/0143/0060","Cefim 200","CEFIXIME 200MG CAPSULES","—","Hard Gelatin Capsules","—","24","Covalent Laboratories Private Limited","India","Oman Pharmaceutical Products Co LLC","ESCORTS PHARMACEUTICALS (RWANDA) Limited","2026-05-08","2031-05-07","valid","Rwanda FDA - Registered Pharmaceutical Products July 2026","https://rwandafda.gov.rw/register/monitoring_preview_register"
"43","RWANDA-FDA25/HM/0229/0076","CINAMET-400","CIMETIDINE","—","Tablet","—","36","Shijiangzhuang Polee Pharmaceutical Co., LTD.","China","Farmasino Co., Ltd.","ABACUS PHARMA (A) Ltd","2026-05-08","2031-05-07","valid","Rwanda FDA - Registered Pharmaceutical Products July 2026","https://rwandafda.gov.rw/register/monitoring_preview_register"
"44","RWANDA-FDA23/HM/0380/0055","Davir cream","Aciclovir","—","Cream","—","36","DAWA LIMITED","Kenya","DAWA LIMITED","SUN ENTERPRISE Ltd","2026-05-08","2031-05-07","valid","Rwanda FDA - Registered Pharmaceutical Products July 2026","https://rwandafda.gov.rw/register/monitoring_preview_register"
"45","RWANDA-FDA24/HM/0212/0056","DISFOR 500MG TABLETS","METHOCARBAMOL ORAL TABLET","—","ORAL TABLET","—","24","M/s. Granules India Limited","India","FAES FARMA, S.A.","UBIPHARM-RWANDA LTD","2026-05-08","2031-05-07","valid","Rwanda FDA - Registered Pharmaceutical Products July 2026","https://rwandafda.gov.rw/register/monitoring_preview_register"
"46","RWANDA-FDA24/HM/1050/0052","Eczemus 0.03% Ointment","Tacrolimus","—","Ointment","—","36","concord biotech ltd","India","Brookes Pharma PVT LTD","DEPOT PHARMACEUTIQUE LE MEDICAL","2026-05-08","2031-05-07","valid","Rwanda FDA - Registered Pharmaceutical Products July 2026","https://rwandafda.gov.rw/register/monitoring_preview_register"
"47","RWANDA-FDA24/HM/0071/0064","EPIBALIN 150","PREGABALIN USP","—","Capsules","—","36","MSN LABORATORIES PRIVATE LIMITED","India","MSN Laboratories Private Limited","SUN ENTERPRISES LTD","2026-05-08","2031-05-07","valid","Rwanda FDA - Registered Pharmaceutical Products July 2026","https://rwandafda.gov.rw/register/monitoring_preview_register"
"48","RWANDA-FDA25/HM/0042/0074","Euthyrox","Levothyroxine sodium","—","Tablet","—","36","Merck Healthcare KGA","Germany","Merck (Pty) Ltd","Surgipharm Rwanda Ltd.","2026-05-08","2031-05-07","valid","Rwanda FDA - Registered Pharmaceutical Products July 2026","https://rwandafda.gov.rw/register/monitoring_preview_register"
"49","RWANDA-FDA24/HM/0943/0063","FENIFIB 267","Pirfenidone","—","Film-coated tablets,","—","36","","India","MSN Laboratories Private Limited","SUN ENTERPRISES LTD","2026-05-08","2031-05-07","valid","Rwanda FDA - Registered Pharmaceutical Products July 2026","https://rwandafda.gov.rw/register/monitoring_preview_register"
"50","RWANDA-FDA24/HM/0629/0079","Glucose Intravenous Infusion BP 10%","Glucose Intravenous Infusion BP 10% w/v","—","Solution for infusion.","—","24","Tirupati Starch and Chemical Limited","India","Alfa Pharmaceuticals Limited","AIVEEN (R) LTD","2026-05-08","2031-05-07","valid","Rwanda FDA - Registered Pharmaceutical Products July 2026","https://rwandafda.gov.rw/register/monitoring_preview_register"
"51","RWANDA-FDA24/HM/0579/0057","GOAB 5","SOLIFENACIN SUCCINATE","—","Tablet","—","24","HETERO DRUGS LIMITED","India","Hetero Labs Limited","BION PHARMA GROUP (BPG) Ltd","2026-05-08","2031-05-07","valid","Rwanda FDA - Registered Pharmaceutical Products July 2026","https://rwandafda.gov.rw/register/monitoring_preview_register"
"52","RWANDA-FDA24/HM/0350/0054","Gvia-M tablet","Sitagliptin/ Metformin HCl","—","ORAL TABLET","—","36","Shenzhen Haibin Pharmaceutical Co., Ltd","China","Genix Pharma (private) Ltd","ETS CONTINENTAL LTD","2026-05-08","2031-05-07","valid","Rwanda FDA - Registered Pharmaceutical Products July 2026","https://rwandafda.gov.rw/register/monitoring_preview_register"
"53","RWANDA-FDA25/HM/0166/0071","Hepatitis B Vaccine (rDNA) (Paediatric)","10 mcg of purified Hepatitis B surface Antigen (Produced in Hansenula polymorpha yeast)","—","Injection","—","36","Serum Institute of India Pvt. Ltd","India","Serum Institute of India Pvt. Ltd.","SUN ENTERPRISES LTD","2026-05-08","2031-05-07","valid","Rwanda FDA - Registered Pharmaceutical Products July 2026","https://rwandafda.gov.rw/register/monitoring_preview_register"
"54","RWANDA-FDA25/HM/0244/0062","Hexasiil","Diphtheria 30IU, Tetanus 40IU, Pertussis 4IU, Hepatitis B 15mcg, Polio type 1, 2, 3 (40 DU, 8 DU, 32 DU), Haemophilus influ b 10mcg, Conj. V 19-33mcg","—","Suspension of injection","—","24","SERUM INSTITUTE OF INDIA PVT. LTD","—","Serum Institute of India Pvt. Ltd.","SUN ENTERPRISES LTD","2026-05-08","2031-05-07","valid","Rwanda FDA - Registered Pharmaceutical Products July 2026","https://rwandafda.gov.rw/register/monitoring_preview_register"
"55","RWANDA-FDA25/HM/0576/0053","HISTALIN-16","—","—","Uncoated tablet","—","36","Ami Lifescience Pvt. Ltd.","India","Lincoln Pharmaceuticals Limited","ABACUS PHARMA (A) Ltd","2026-05-08","2031-05-07","valid","Rwanda FDA - Registered Pharmaceutical Products July 2026","https://rwandafda.gov.rw/register/monitoring_preview_register"
"56","RWANDA-FDA25/HM/0575/0051","HISTALIN-8","Betahistine Dihydrochloride BP","—","Suspension of injection","—","36","Ami Lifescience Pvt. Ltd.","India","Lincoln Pharmaceuticals Limited","ABACUS PHARMA (A) Ltd","2026-05-08","2031-05-07","valid","Rwanda FDA - Registered Pharmaceutical Products July 2026","https://rwandafda.gov.rw/register/monitoring_preview_register"
"57","RWANDA-FDA25/HM/0429/0061","Irinotecan HCl AqVida 20 mg/ml","IRINOTECAN","—","Concentrate for solution for infusion","—","48","Laurus Labs Limited","India","AqVida GmbH","ONCOPHARM RWANDA LTD","2026-05-08","2031-05-07","valid","Rwanda FDA - Registered Pharmaceutical Products July 2026","https://rwandafda.gov.rw/register/monitoring_preview_register"
"58","RWANDA-FDA25/HM/0054/0078","ISOSWISS","ISOFLURANE USP","—","INHALATION ANAESTHETIC","—","36","Shandong New Time Pharmaceutical Co., Ltd.","China","SWISS PARENTERALS LTD.","PHARMACEUTICAL AND MEDICAL SUPPLIES SOCIETY (PMSS) Ltd","2026-05-08","2031-05-07","valid","Rwanda FDA - Registered Pharmaceutical Products July 2026","https://rwandafda.gov.rw/register/monitoring_preview_register"
"59","RWANDA-FDA24/HM/0443/0070","KEYTRUDA","PEMBROLIZUMAB","—","Concentrate for solution for infusion","—","24","BOEHRINGER INGELHEIM PHARMA GmbH & Co. KG.","Germany","Merck Sharp & Dohme (MSD)","MULTIPHAR UBIPHARM-RWANDA Ltd","2026-05-08","2031-05-07","valid","Rwanda FDA - Registered Pharmaceutical Products July 2026","https://rwandafda.gov.rw/register/monitoring_preview_register"
"60","RWANDA-FDA24/HM/0550/0065","LDNIL 20","ROSUVASTATIN","—","Film Coated Tablet","—","36","MSN LABORATORIES LIMITED","India","MSN Laboratories Private Limited","SUN ENTERPRISES LTD","2026-05-08","2031-05-07","valid","Rwanda FDA - Registered Pharmaceutical Products July 2026","https://rwandafda.gov.rw/register/monitoring_preview_register"
"61","RWANDA-FDA23/HM/0469/0072","Movicol Liquid","Polyethylene glycol, Sodium chloride, Sodium bicarbonate and Potassium chloride","—","Oral solution","—","24","Clariant Produkte (Deutschland) GmbH","Germany","Win-Medicare Private Limited","SURGIPHARM (RWANDA) LTD-VET","2026-05-08","2031-05-07","valid","Rwanda FDA - Registered Pharmaceutical Products July 2026","https://rwandafda.gov.rw/register/monitoring_preview_register"
"62","RWANDA-FDA25/HM/0596/0059","MYCOFIL","—","—","Film Coated Tablet","—","36","Concord Biotech Limited","India","Lincoln Pharmaceuticals Limited","ABACUS PHARMA (A) Ltd","2026-05-08","2031-05-07","valid","Rwanda FDA - Registered Pharmaceutical Products July 2026","https://rwandafda.gov.rw/register/monitoring_preview_register"
"63","RWANDA-FDA24/HM/1055/0050","Myfortic 180 mg","MYCOPHENOLATE SODIUM","—","GASTRO-RESISTANT TABLETS","—","36","SANDOZ GmbH","Austria","Novartis","Surgipharm Rwanda Ltd.","2026-05-08","2031-05-07","valid","Rwanda FDA - Registered Pharmaceutical Products July 2026","https://rwandafda.gov.rw/register/monitoring_preview_register"
"64","RWANDA-FDA24/HM/1005/0067","Myfortic 360 mg gastro-resistant tablets","Each gastro-resistant tablet contains 360 mg mycophenolic acid (MPA)","—","GASTRO-RESISTANT TABLETS","—","36","SANDOZ GmbH","Austria","Novartis","SURGIPHARM (RWANDA) LTD","2026-05-08","2031-05-07","valid","Rwanda FDA - Registered Pharmaceutical Products July 2026","https://rwandafda.gov.rw/register/monitoring_preview_register"
"65","RWANDA-FDA25/HM/0053/0077","SEVO-SWISS","Sevoflurane USP","—","INHALATION ANAESTHETIC","—","36","Shandong New Time Pharmaceutical Co., Ltd","China","SWISS PARENTERALS LTD.","PHARMACEUTICAL AND MEDICAL SUPPLIES SOCIETY (PMSS) Ltd","2026-05-08","2031-05-07","valid","Rwanda FDA - Registered Pharmaceutical Products July 2026","https://rwandafda.gov.rw/register/monitoring_preview_register"
"66","RWANDA-FDA25/HM/0327/0066","SINAREST LINCTUS","—","—","Syrup","—","36","Wockhardt Limited","India","CENTAUR PHARMACEUTICALS PVT LTD","WESSEX PHARMACEUTICALS (RWANDA) Ltd","2026-05-08","2031-05-07","valid","Rwanda FDA - Registered Pharmaceutical Products July 2026","https://rwandafda.gov.rw/register/monitoring_preview_register"
"67","RWANDA-FDA24/HM/0630/0081","SODIUM CHLORIDE & GLUCOSE","SODIUM CHLORIDE & GLUCOSE 0.9% W/V, 5% W/V","—","Solution for infusion.","—","24","NANDU CHEMICALS PVT LTD","India","Alfa Pharmaceuticals Limited","AIVEEN (R) LTD","2026-05-08","2031-05-07","valid","Rwanda FDA - Registered Pharmaceutical Products July 2026","https://rwandafda.gov.rw/register/monitoring_preview_register"
"68","RWANDA-FDA24/HM/0670/0058","TOTYLEM","—","—","Film-coated tablets,","—","36","Dr. Paul Lohmann GmbH & Co. KGaA","Germany","laboratoire innotech international","DEPOT PHARMACEUTIQUE LE MEDICAL","2026-05-08","2031-05-07","valid","Rwanda FDA - Registered Pharmaceutical Products July 2026","https://rwandafda.gov.rw/register/monitoring_preview_register"
"69","RWANDA-FDA25/HM/0491/0068","TRANIX Injection","TRANEXAMIC ACID INJ","—","INJETION","—","24","Shilpa Pharma Lifesciences Limited","India","Kilitch Drugs (India) Ltd","SUN ENTERPRISES LTD","2026-05-08","2031-05-07","valid","Rwanda FDA - Registered Pharmaceutical Products July 2026","https://rwandafda.gov.rw/register/monitoring_preview_register"
"70","RWANDA-FDA25/HM/0029/0075","ZEMAN SX","","—","Soft Capsules","—","24","Interhealth Nutracuticals Inc.","UNITED STATES OF AMERICA","MEGA LIFESCIENCES PUBLIC COMPANY LIMITED","ABACUS PHARMA (A) Ltd","2026-05-08","2031-05-07","valid","Rwanda FDA - Registered Pharmaceutical Products July 2026","https://rwandafda.gov.rw/register/monitoring_preview_register"
"71","RWANDA-FDA24/HM/1083/0045","BETACORT","Beclometasone Dipropionate","250MCG","Pressurised inhalation","—","36","AVIK PHARMACEUTICAL LTD.","India","GENERIX LABORATORIES PRIVATE LIMITED","AIVEEN (R) LTD","2026-03-18","2031-03-17","valid","Rwanda FDA - Registered Pharmaceutical Products July 2026","https://rwandafda.gov.rw/register/monitoring_preview_register"
"72","RWANDA-FDA24/HM/0180/0046","BUPICAINE PF","Bupivacaine Hydrochloride BP 5mg/ml","5mg/ml","STERILE SOLUTION FOR INJECTION","—","24","Dishman Carbogen Amcis Limited","India","THEMIS MEDICARE LIMITED","WESSEX PHARMACEUTICALS (RWANDA) Ltd","2026-03-18","2031-03-17","valid","Rwanda FDA - Registered Pharmaceutical Products July 2026","https://rwandafda.gov.rw/register/monitoring_preview_register"
"73","RWANDA-FDA25/HB/0202/0047","GINSOMIN EVE","GINSENG EXTRACT (EQ. TO DRIED GINSENG ROOTS 200 MG) and multivitamins","—","SOFTGEL CAPSULES","—","24","DALIANT TIANSHAN INDUSTRIAL CO., LTD","China","MEGA LIFESCIENCES PUBLIC COMPANY LIMITED","ABACUS PHARMA (A) Ltd","2026-03-18","2031-03-17","valid","Rwanda FDA - Registered Pharmaceutical Products July 2026","https://rwandafda.gov.rw/register/monitoring_preview_register"
"74","RWANDA-FDA25/HM/0185/0048","Tecnovula","Clomiphene Citrate (Micronized)","—","ORAL TABLET","—","36","Technopharma Egypt","Egypt","TechnoPharma Egypt","HELIOS PHARMA Ltd","2026-03-18","2031-03-17","valid","Rwanda FDA - Registered Pharmaceutical Products July 2026","https://rwandafda.gov.rw/register/monitoring_preview_register"
"75","RWANDA-FDA24/HM/0725/0029","ATSTAT 10","ATORVASTATIN CALCIUM TRIHYDRATE PH. EUR","—","Film Coated Tablets","—","24","Synthimed Labs Private Limited","India","Ind-Swift Limited","LOTUS MEDICAL GROUP Ltd","2026-03-14","2031-03-13","valid","Rwanda FDA - Registered Pharmaceutical Products July 2026","https://rwandafda.gov.rw/register/monitoring_preview_register"
"76","RWANDA-FDA25/HM/0538/0037","BEVAMAB 100","Bevacizumab 100 mg/4 ml","—","Solution for Intravenous Infusion","—","24","Intas Pharmaceutical Ltd.","India","Intas Pharmaceuticals Limited","BION PHARMA GROUP (BPG) Ltd","2026-03-14","2031-03-13","valid","Rwanda FDA - Registered Pharmaceutical Products July 2026","https://rwandafda.gov.rw/register/monitoring_preview_register"
"77","RWANDA-FDA25/HM/0542/0041","BEVAMAB 400","Bevacizumab 400mg/16ml","—","IV/ INJECTION","—","24","Intas Pharmaceutical Ltd.","India","Intas Pharmaceuticals Limited","BION PHARMA GROUP (BPG) Ltd","2026-03-14","2031-03-13","valid","Rwanda FDA - Registered Pharmaceutical Products July 2026","https://rwandafda.gov.rw/register/monitoring_preview_register"
"78","RWANDA-FDA25/HM/0292/0044","BREATH EZY 4","MONTELUKAST SODIUM","—","Chewable tablet","—","24","MSN LABORATORIES PRIVATE LIMITED","India","MSN Laboratories Private Limited","SUN ENTERPRISES LTD","2026-03-14","2031-03-13","valid","Rwanda FDA - Registered Pharmaceutical Products July 2026","https://rwandafda.gov.rw/register/monitoring_preview_register"
"79","RWANDA-FDA25/HM/0299/0043","BREATHEZY CW 5","MONTELUKAST SODIUM","—","Chewable Tablets","—","24","MSN Laboratories Private Ltd.","India","MSN Laboratories Private Limited","SUN ENTERPRISES LTD","2026-03-14","2031-03-13","valid","Rwanda FDA - Registered Pharmaceutical Products July 2026","https://rwandafda.gov.rw/register/monitoring_preview_register"
"80","RWANDA-FDA25/HM/0531/0038","EPOFIT 4000IU","Recombinant Human Erythropoietin","—","INJECTION USP","—","24","Intas Pharmaceutical Ltd.","India","Intas Pharmaceuticals Limited","BION PHARMA GROUP (BPG) Ltd","2026-03-14","2031-03-13","valid","Rwanda FDA - Registered Pharmaceutical Products July 2026","https://rwandafda.gov.rw/register/monitoring_preview_register"
"81","RWANDA-FDA25/HM/0226/0042","Ganfort","Bimatoprost 0,3 mg and Timolol maleate equivalent to 5 mg timolol","—","Eye drops, solution","—","24","ALLERGAN PHARMACEUTICALS IRELAND","Ireland","AbbVie Pty Ltd","PRAFIN RWANDA LTD","2026-03-14","2031-03-13","valid","Rwanda FDA - Registered Pharmaceutical Products July 2026","https://rwandafda.gov.rw/register/monitoring_preview_register"
"82","RWANDA-FDA25/HM/0582/0040","Intamab 500","Rituximab 500mg/50 mL","—","INTRAVEOUS INFUSION","—","36","Intas Pharmaceutical Ltd.","India","Intas Pharmaceuticals Limited","BION PHARMA GROUP (BPG) Ltd","2026-03-14","2031-03-13","valid","Rwanda FDA - Registered Pharmaceutical Products July 2026","https://rwandafda.gov.rw/register/monitoring_preview_register"
"83","RWANDA-FDA25/HM/0035/0030","Maxflow Capsule 0.4mg","TAMSULOSIN HYDROCHLORIDE USP","—","Hard Gelatin Capsules","—","24","Lee Pharma Limited","India","CCL Pharmaceuticals (Pvt.) Ltd","Depot Pharmaceutique Le Medical","2026-03-14","2031-03-13","valid","Rwanda FDA - Registered Pharmaceutical Products July 2026","https://rwandafda.gov.rw/register/monitoring_preview_register"
"84","RWANDA-FDA25/HM/0379/0036","Morphine Oral Solution","Morphine sulfate","—","Oral solution","—","36","Macfarlan Smith Limited","United Kingdom","Macarthys Laboratories Ltd. T/A Martindale Pharma","KIPHARMA Ltd","2026-03-14","2031-03-13","valid","Rwanda FDA - Registered Pharmaceutical Products July 2026","https://rwandafda.gov.rw/register/monitoring_preview_register"
"85","RWANDA-FDA23/HM/0155/0034","OMITRON SOLUTION","ONDANSETRON ORAL SOLUTION USP","—","Oral solution","—","36","CADILA PHARMACEUTICAL LTD.","India","Aura Lifecare Pvt. Ltd.","SUN ENTERPRISE Ltd","2026-03-14","2031-03-13","valid","Rwanda FDA - Registered Pharmaceutical Products July 2026","https://rwandafda.gov.rw/register/monitoring_preview_register"
"86","RWANDA-FDA25/HM/0163/0035","PNEUMOSIL","—","—","Suspension of injection","—","36","SERUM INSTITUTE OF INDIA PVT. LTD","India","Serum Institute of India Pvt. Ltd.","SUN ENTERPRISES LTD","2026-03-14","2031-03-13","valid","Rwanda FDA - Registered Pharmaceutical Products July 2026","https://rwandafda.gov.rw/register/monitoring_preview_register"
"87","RWANDA-FDA24/HM/0954/0032","SEZUMA 150","TRASTUZUMAB","—","Lyophilized powder for injection","—","36","HETERO BIOPHARMA LIMITED","India","HETERO BIOPHARMA LIMITED","BION PHARMA GROUP (BPG) Ltd","2026-03-14","2031-03-13","valid","Rwanda FDA - Registered Pharmaceutical Products July 2026","https://rwandafda.gov.rw/register/monitoring_preview_register"
"88","RWANDA-FDA24/HM/0950/0033","SEZUMA 440","TRASTUZUMAB","—","Lyophilized powder for injection","—","36","HETERO BIOPHARMA LIMITED","India","HETERO BIOPHARMA LIMITED","BION PHARMA GROUP (BPG) Ltd","2026-03-14","2031-03-13","valid","Rwanda FDA - Registered Pharmaceutical Products July 2026","https://rwandafda.gov.rw/register/monitoring_preview_register"
"89","RWANDA-FDA25/HM/0507/0039","Trastmab 150","TRASTUZUMAB","—","LYOPHILISATE FOR CONCENTRATE FOR SOLUTION FOR INFUSION","—","36","Intas Pharmaceutical Ltd.","India","Intas Pharmaceuticals Limited","BION PHARMA GROUP (BPG) Ltd","2026-03-14","2031-03-13","valid","Rwanda FDA - Registered Pharmaceutical Products July 2026","https://rwandafda.gov.rw/register/monitoring_preview_register"
"90","RWANDA-FDA25/HM/0010/0031","USOPENTIN 300","GABAPENTIN","—","Capsule","—","36","Hikal Limited","India","Usopharma Ltd","Usopharma Ltd","2026-03-14","2031-03-13","valid","Rwanda FDA - Registered Pharmaceutical Products July 2026","https://rwandafda.gov.rw/register/monitoring_preview_register"
"91","RWANDA-FDA24/HM/0666/0024","Candesartan Cilexetil 8 mg Tablets","CANDESARTAN CILEXITIL","8 mg","Tablet","—","24 Months","Chromo Laboratories Indian Private Limited.","India","Imperial Medical Solutions FZE","Surgipharm Rwanda Ltd.","2026-02-06","2031-02-05","valid","Rwanda FDA - Registered Pharmaceutical Products July 2026","https://rwandafda.gov.rw/register/monitoring_preview_register"
"92","RWANDA-FDA24/HM/0087/0028","Emtricitabine and Tenofovir Alafenamide Tablets 200 mg/25 mg","EMTRICITABINE AND TENOFOVIR ALAFENAMIDE","200 mg/25 mg","ORAL TABLET","30's, 90's and 180's","24 Months","Mylan Laboratories Limited","India","Mylan Laboratories Limited","PYRAMID PHARMA LIMITED","2026-02-06","2031-02-05","valid","Rwanda FDA - Registered Pharmaceutical Products July 2026","https://rwandafda.gov.rw/register/monitoring_preview_register"
"93","RWANDA-FDA24/HM/0228/0023","ESOMEPRAZOLE 40 MG, GASTRO-RESISTANT CAPSULE, HARD","Esomeprazole Magnesium dihydrate","40MG","Capsule","28","24 Months","CIPLA LTD","India","Ethypharm","KIPHARMA Ltd","2026-02-06","2031-02-05","valid","Rwanda FDA - Registered Pharmaceutical Products July 2026","https://rwandafda.gov.rw/register/monitoring_preview_register"
"94","RWANDA-FDA24/HM/0782/0025","OLMAC","Olanzapine","10mg","Film Coated Tablet","—","24 Months","MACLEODS PHARMACEUTICALS LIMITED","—","MACLEODS PHARMACEUTICALS LTD","AIVEEN (R) LTD","2026-02-06","2031-02-05","valid","Rwanda FDA - Registered Pharmaceutical Products July 2026","https://rwandafda.gov.rw/register/monitoring_preview_register"
"95","RWANDA-FDA23/HM/0295/0027","PIROCAM 20 CAPSULES","PIROXICAM BP","20mg","Capsules","","36 Months","APEX HEALTHCARE LIMITED.","India","Laboratory & Allied Ltd","Depot Pharmaceutique Le Medical","2026-02-06","2031-02-05","valid","Rwanda FDA - Registered Pharmaceutical Products July 2026","https://rwandafda.gov.rw/register/monitoring_preview_register"
"96","RWANDA-FDA24/HM/0311/0026","VENTO ASMA-250","Beclometasone dipropionate 250 mcg","—","Inhaler","1 x 200 doses","36 Months","AVIK PHARMACEUTICAL LTD.","India","Farmasino Co., Ltd.","ABACUS PHARMA (A) Ltd","2026-02-06","2031-02-05","valid","Rwanda FDA - Registered Pharmaceutical Products July 2026","https://rwandafda.gov.rw/register/monitoring_preview_register"
"97","RWANDA-FDA24/HM/0310/0022","VENTOCARE","Salbutamol sulfate","100mcg","AEROSOL","200 metered doses","36 Months","Supriya Lifescience Ltd.","India","Farmasino Co., Ltd.","ABACUS PHARMA (A) Ltd","2026-02-06","2031-02-05","valid","Rwanda FDA - Registered Pharmaceutical Products July 2026","https://rwandafda.gov.rw/register/monitoring_preview_register"
"98","RWANDA-FDA24/HM/0769/0004","5D","GLUCOSE","5% W/V","Solution for infusion.","1 x 500 ml","24 Months","WEIFANG SHENGTAI MEDECINE CO LTD","China","KAIRUKI PHARMACEUTICALS INDUSTRY LIMITED","KIPHARMA Ltd","2026-02-05","2031-02-04","valid","Rwanda FDA - Registered Pharmaceutical Products July 2026","https://rwandafda.gov.rw/register/monitoring_preview_register"
"99","RWANDA-FDA25/HM/0134/0017","Aarciflox-500","Ciprofloxacin USP","500 mg","Film-coated tablets,","—","36 Months","AARTI DRUGS LIMITED.","India.","PINNACLE LIFESCIENCES PVT. LTD.","ABACUS PHARMA (A) Ltd","2026-02-05","2031-02-04","valid","Rwanda FDA - Registered Pharmaceutical Products July 2026","https://rwandafda.gov.rw/register/monitoring_preview_register"
"100","RWANDA-FDA23/HM/0414/0013","ARMEZA 80/480","Artemether and Lumefantrine","80 mg / 480 mg","ORAL TABLET","—","36 Months","Vital Laboratories Pvt Ltd","India","UNIZA LIFECARE PVT. LTD.","ABACUS PHARMA (A) Ltd","2026-02-05","2031-02-04","valid","Rwanda FDA - Registered Pharmaceutical Products July 2026","https://rwandafda.gov.rw/register/monitoring_preview_register"
"101","RWANDA-FDA24/HM/0530/0011","AVIRAX","Aciclovir BP","5% w/w","Cream","—","36 Months","Great Pacific Exports Pvt. Ltd","India","S KANT HEALTHCARE LTD","ABACUS PHARMA (A) Ltd","2026-02-05","2031-02-04","valid","Rwanda FDA - Registered Pharmaceutical Products July 2026","https://rwandafda.gov.rw/register/monitoring_preview_register"
"102","RWANDA-FDA24/HM/0486/0014","BACTROKANT","Mupirocin BP","2% w/w","Ointment","—","24 Months","BILLS BIOTECH PVT. LTD","India","S KANT HEALTHCARE LTD","ABACUS PHARMA (A) Ltd","2026-02-05","2031-02-04","valid","Rwanda FDA - Registered Pharmaceutical Products July 2026","https://rwandafda.gov.rw/register/monitoring_preview_register"
"103","RWANDA-FDA25/HM/0301/0002","Bedaquiline","Bedaquiline Fumarate","100 mg","Uncoated tablet","","36 Months","MSN Labs Private Limited","India","MSN Laboratories Private Limited","SUN ENTERPRISE Ltd","2026-02-05","2031-02-04","valid","Rwanda FDA - Registered Pharmaceutical Products July 2026","https://rwandafda.gov.rw/register/monitoring_preview_register"
"104","RWANDA-FDA25/HM/0147/0009","","Acalabrutinib","100 mg","Film-coated tablets,","6x10 tablets","36 Months","AstraZeneca AB","Sweden","AstraZeneca UK Limited","SURGIPHARM (RWANDA) LTD","2026-02-05","2031-02-04","valid","Rwanda FDA - Registered Pharmaceutical Products July 2026","https://rwandafda.gov.rw/register/monitoring_preview_register"
"105","RWANDA-FDA24/HM/0914/0001","Celebib 200","CELECOXIB","200 mg","Hard Gelatin Capsules","—","48 Months","Macleods Pharmaceuticals limited","India","MACLEODS PHARMACEUTICALS LTD","AIVEEN (R) LTD","2026-02-05","2031-02-04","valid","Rwanda FDA - Registered Pharmaceutical Products July 2026","https://rwandafda.gov.rw/register/monitoring_preview_register"
"106","RWANDA-FDA23/HM/0116/0020","Diclofenac Sodium injection","DICLOFENAC SODIUM","75MG PER 3ML","Liquid for Injection","10x10's","36 Months","REYOUNG PHARMACEUTICAL CO., Ltd.","China","Reyoung Pharmaceutical Co., Ltd","SUN ENTERPRISES LTD","2026-02-05","2031-02-04","valid","Rwanda FDA - Registered Pharmaceutical Products July 2026","https://rwandafda.gov.rw/register/monitoring_preview_register"
"107","RWANDA-FDA24/HM/0066/0003","Epibalin 75","Pregabalin","75mg","Capsule","1 x 10's or 3 x 10's","36 Months","MSN LABORATORIES PRIVATE LIMITED","India","MSN Laboratories Private Limited","SUN ENTERPRISES LTD","2026-02-05","2031-02-04","valid","Rwanda FDA - Registered Pharmaceutical Products July 2026","https://rwandafda.gov.rw/register/monitoring_preview_register"
"108","RWANDA-FDA24/HM/0910/0016","Hydrocortisone Sodium Succinate For Injection BP 100 mg","Hydrocortisone Sodium succinate Eq.to Hydrocortisone","100 mg","Dry Powder for injection or infusion","—","36 Months","SYMBIOTEC PHARMALAB LIMITED","India","Lincoln Pharmaceuticals Limited","ABACUS PHARMA (A) Ltd","2026-02-05","2031-02-04","valid","Rwanda FDA - Registered Pharmaceutical Products July 2026","https://rwandafda.gov.rw/register/monitoring_preview_register"
"109","RWANDA-FDA25/HM/0087/0006","KAICET","Paracetamol","1% W/V","Solution for infusion.","100 ml","24 Months","Anhui BBCA Likang Pharmaceutical Co.LTD","China","KAIRUKI PHARMACEUTICALS INDUSTRY LIMITED","KIPHARMA Ltd","2026-02-05","2031-02-04","valid","Rwanda FDA - Registered Pharmaceutical Products July 2026","https://rwandafda.gov.rw/register/monitoring_preview_register"
"110","RWANDA-FDA24/HM/0806/0005","KAIMET","METRONIDAZOLE B.P","0.5%w/v","Solution for Infusion","1x100ml","24 Months","HUANGGANG QIHENG Sanitary Product Co., LTD","China","KAIRUKI PHARMACEUTICALS INDUSTRY LIMITED","KIPHARMA Ltd","2026-02-05","2031-02-04","valid","Rwanda FDA - Registered Pharmaceutical Products July 2026","https://rwandafda.gov.rw/register/monitoring_preview_register"
"111","RWANDA-FDA24/HM/0611/0018","KENIZA","Ketoconazole BP","2% w/w","Cream","—","36 Months","","India","UNIZA LIFECARE PVT. LTD.","ABACUS PHARMA (A) Ltd","2026-02-05","2031-02-04","valid","Rwanda FDA - Registered Pharmaceutical Products July 2026","https://rwandafda.gov.rw/register/monitoring_preview_register"
"112","RWANDA-FDA25/HM/0255/0010","LEVANEXT 750","LEVETIRACETAM","750 mg","Tablets","120's count","36 Months","","India","MSN Laboratories Private Limited","SUN ENTERPRISES LTD","2026-02-05","2031-02-04","valid","Rwanda FDA - Registered Pharmaceutical Products July 2026","https://rwandafda.gov.rw/register/monitoring_preview_register"
"113","RWANDA-FDA25/HM/0385/0012","Lidocaine & Adrenaline Injection BP (21.33 mg + 0.0125 mg/ml)","—","Lidocaine Hydrochloride BP 21.33 mg/ml & Adrenaline Acid Tartrate Eq. to Adrenaline BP 0.0125 mg/ml","Solution for Injection.","30ml","24 Months","SWATI SPENTOSE PRIVATE LIMITED, UNIT-I","India","Lincoln Pharmaceuticals Limited","ABACUS PHARMA (A) Ltd","2026-02-05","2031-02-04","valid","Rwanda FDA - Registered Pharmaceutical Products July 2026","https://rwandafda.gov.rw/register/monitoring_preview_register"
"114","RWANDA-FDA25/HM/0419/0019","OXALIPLATIN 5MG/ML solution for infusion","OXALIPLATIN","5 mg/ml (filling size: 100 mg/20 ml)","Concentrate for solution for infusion","1's","48 Months","HERAEUS MEDICAL GMBH","Germany","ONCOPHARM WHOLESALE","ONCOPHARM RWANDA LTD","2026-02-05","2031-02-04","valid","Rwanda FDA - Registered Pharmaceutical Products July 2026","https://rwandafda.gov.rw/register/monitoring_preview_register"
"115","RWANDA-FDA25/HM/0237/0008","RABIVAX-S","Purified Rabies Antigen","1 dose of 2.5 IU","Lyophilized powder for injection","5.0ml x 5 vials in single carton","36 Months","SERUM INSTITUTE OF INDIA PRIVATE LIMITED,","India","Serum Institute of India Pvt. Ltd.","SUN ENTERPRISES LTD","2026-02-05","2031-02-04","valid","Rwanda FDA - Registered Pharmaceutical Products July 2026","https://rwandafda.gov.rw/register/monitoring_preview_register"
"116","RWANDA-FDA23/HM/0587/0021","Siropil","Dolutegravir, Lamivudine and Tenofovir Disoproxil Fumarate Tablets","50 mg/ 300 mg/ 300 mg","Film-Coated Tablet","—","24 Months","EMCURE PHARMACETICALS LTD/INDIA","—","Emcure Pharmaceuticals Limited","ABACUS(Ltd) DOWNTOWN BRANCH","2026-02-05","2031-02-04","valid","Rwanda FDA - Registered Pharmaceutical Products July 2026","https://rwandafda.gov.rw/register/monitoring_preview_register"
"117","RWANDA-FDA25/HM/0493/0015","Trastmab 440","Trastuzumab lyophilized powder for concentrate for solution for infusion","21 mg/mL","Lyophilized powder for reconstitution for injectio","20ml","36 Months","INTAS PHARMACEUTICALS LIMITED,","India","Intas Pharmaceuticals Limited","BION PHARMA GROUP (BPG) Ltd","2026-02-05","2031-02-04","valid","Rwanda FDA - Registered Pharmaceutical Products July 2026","https://rwandafda.gov.rw/register/monitoring_preview_register"
"118","RWANDA-FDA25/HM/0287/0007","Zapacid 30","LANSOPRAZOLE","30MG","Hard Gelatin Capsules","—","24 Months","Smilax Laboratories Ltd","India","Win-Medicare Private Limited","Surgipharm Rwanda Ltd.","2026-02-05","2031-02-04","valid","Rwanda FDA - Registered Pharmaceutical Products July 2026","https://rwandafda.gov.rw/register/monitoring_preview_register"
"119","RWANDA-FDA25/HM/0312/0045","Abacavir, Dolutegravir and Lamivudine","Abacavir, Dolutegravir and Lamivudine tablets","60/5/30 mg","Dispersible tablet","30 tablets and 90 tablets","24 Months","Laurus Labs Limited,","India","CIPLA LTD INDIA","Phillips Pharmaceuticals Rwanda","2025-12-12","2030-12-11","valid","Rwanda FDA - Registered Pharmaceutical Products July 2026","https://rwandafda.gov.rw/register/monitoring_preview_register"
"120","RWANDA-FDA25/HM/0051/0041","Abacavir, Dolutegravir and Lamivudine Tablets for Oral Suspension 60mg/5mg/30mg","Abacavir, Dolutegravir and Lamivudine","60mg/5mg/30mg","TABLET FOR ORAL SUSPENSION","30's; 60's; 90's; 120's and 180's","36 Months","Laurus Labs Limited,","India","Lupin Limited","AIVEEN (R) LTD","2025-12-12","2030-12-11","valid","Rwanda FDA - Registered Pharmaceutical Products July 2026","https://rwandafda.gov.rw/register/monitoring_preview_register"
"121","RWANDA-FDA24/HM/0876/0050","Atosar","Losartan Potassium BP","50 mg","Film-coated tablets,","—","24 Months","Vasudha Pharma Chem Limited (Unit-II)","India","CORONA REMEDIES PVT LTD","SUN ENTERPRISES LTD","2025-12-12","2030-12-11","valid","Rwanda FDA - Registered Pharmaceutical Products July 2026","https://rwandafda.gov.rw/register/monitoring_preview_register"
"122","RWANDA-FDA25/HM/0077/0051","Daclavir","Daclatasvir dihydrochloride","60 mg","Film Coated Tablet","28's","24 Months","European Egyptian Pharmaceutical Industries","Egypt","Dawood Pharma","HELIOS PHARMA Ltd","2025-12-12","2030-12-11","valid","Rwanda FDA - Registered Pharmaceutical Products July 2026","https://rwandafda.gov.rw/register/monitoring_preview_register"
"123","RWANDA-FDA25/HM/0024/0053","Grateziano","SOFOSBUVIR","400 mg","Film-coated tablets,","28's","36 Months","European Egyptian Pharmaceutical Industries","Egypt","European Egyptian Pharmaceutical Industries","HELIOS PHARMA Ltd","2025-12-12","2030-12-11","valid","Rwanda FDA - Registered Pharmaceutical Products July 2026","https://rwandafda.gov.rw/register/monitoring_preview_register"
"124","RWANDA-FDA24/HM/0793/0046","KAINAZ","FLUCONAZOLE BP","0.2%w/v","Solution for infusion.","1x 100ml","24 Months","meheco PHARMACEUTICALS PVT LTD","India","KAIRUKI PHARMACEUTICALS INDUSTRY LIMITED","KIPHARMA Ltd","2025-12-12","2030-12-11","valid","Rwanda FDA - Registered Pharmaceutical Products July 2026","https://rwandafda.gov.rw/register/monitoring_preview_register"
"125","RWANDA-FDA25/HM/0620/0042","Lenacapavir Gilead 300 mg film-coated tablets","Lenacapavir sodium","300 mg","TABLES","1x4 tablets","36 Months","ROTTENDORF PHARMA GMBH","GERMANY","Gilead Sciences Ireland UC","MITDASH LTD","2025-12-12","2030-12-11","valid","Rwanda FDA - Registered Pharmaceutical Products July 2026","https://rwandafda.gov.rw/register/monitoring_preview_register"
"126","RWANDA-FDA25/HM/0617/0043","Lenacapavir Gilead 464 mg solution for injection","Lenacapavir sodium","464 mg/1.5ml","Solution for Injection.","2x 1 Vials","36 Months","Patheon Italia S.p.A.","Italy","Gilead Sciences Ireland UC","MITDASH LTD","2025-12-12","2030-12-11","valid","Rwanda FDA - Registered Pharmaceutical Products July 2026","https://rwandafda.gov.rw/register/monitoring_preview_register"
"127","RWANDA-FDA25/HM/0145/0044","Pregabalin-Denk 150","Pregabalin","150mg","Hard Gelatin Capsules","28 hard capsules","24 Months","KOPRAN RESEARCH LABORATORIES LIMITED","India","DENK PHARMA GmbH & Co. KG","Herily - Agence de Marketing Ltd","2025-12-12","2030-12-11","valid","Rwanda FDA - Registered Pharmaceutical Products July 2026","https://rwandafda.gov.rw/register/monitoring_preview_register"
"128","RWANDA-FDA25/HM/0078/0052","Ravidavira","Ravidasvir Hydrochloride","200 mg","Tablet","28's","24 Months","European Egyptian Pharmaceutical Industries","Egypt","Pharco Pharmaceuticals","HELIOS PHARMA Ltd","2025-12-12","2030-12-11","valid","Rwanda FDA - Registered Pharmaceutical Products July 2026","https://rwandafda.gov.rw/register/monitoring_preview_register"
"129","RWANDA-FDA25/HM/0105/0049","Sitamac 100","SITAGLIPTIN USP","100 mg","Film Coated Tablet","—","24 Months","Macleods Pharmaceuticals limited","India","MACLEODS PHARMACEUTICALS LTD","AIVEEN (R) LTD","2025-12-12","2030-12-11","valid","Rwanda FDA - Registered Pharmaceutical Products July 2026","https://rwandafda.gov.rw/register/monitoring_preview_register"
"130","RWANDA-FDA25/HM/0295/0048","Tacrocord 0.5","Tacrolimus Capsules USP 0.5 mg","—","Capsules","—","24 Months","Concord Biotech Limited","India","Prisma Pharma FZE","PRAFIN RWANDA LTD","2025-12-12","2030-12-11","valid","Rwanda FDA - Registered Pharmaceutical Products July 2026","https://rwandafda.gov.rw/register/monitoring_preview_register"
"131","Rwanda FDA-HMP-MA-2357","AGOPINE SR TABLETS","NIFEDIPINE SUSTAINED RELEASED TABLETS BP","20MG","TABLETS","10X10 TABLETS","24 MONTHS","AGOG PHARMA LTD","INDIA","AGOG PHARMA LTD","SUN ENTERPRISES LTD","2025-10-17","2030-10-16","valid","Rwanda FDA - Registered Pharmaceutical Products July 2026","https://rwandafda.gov.rw/register/monitoring_preview_register"
"132","RWANDA-FDA24/HM/0688/0028","BABY GRIPE WATER","Sodium Bicarbonate BP; Sodium Citrate BP; Anise Oil BP; Dill Oil BP; Strong Ginger Tincture BP; and Sucrose BP","1.2%; 0.5%; 0.12%; 0.058%; 0.5% and 20.0% per 5ml","Oral syrup","—","36 Months","Hebei Huachen Pharmaceutical Group CO., LTD","China","Laboratory & Allied Ltd","Depot Pharmaceutique Le Medical","2025-10-16","2030-10-15","valid","Rwanda FDA - Registered Pharmaceutical Products July 2026","https://rwandafda.gov.rw/register/monitoring_preview_register"
"133","RWANDA-FDA25/HM/0400/0023","BioUcenta","Ranibizumab","10mg/ml","Solution for Injection","one vial of 0.23 ml sterile solution","36 Months","Polpharma Biologics S.A","Poland","Bio Usawa Biotechnology limited","Rwanda Medical Supply Ltd","2025-10-16","2030-10-15","valid","Rwanda FDA - Registered Pharmaceutical Products July 2026","https://rwandafda.gov.rw/register/monitoring_preview_register"
"134","RWANDA-FDA25/HM/0275/0032","CEZON-SB","CEFTRIAXONE + SULBACTAM","1000mg &1.5 gm","DRY POWDER FOR INJECTIOM","—","24 Months","STERILE INDIA PVT. LTD","India","VELLINTON HEALTHCARE","DROGA PHARMA (RWANDA) Ltd","2025-10-16","2030-10-15","valid","Rwanda FDA - Registered Pharmaceutical Products July 2026","https://rwandafda.gov.rw/register/monitoring_preview_register"
"135","RWANDA-FDA24/HM/0628/0030","D5 500","GLUCOSE INTRAVENOUS INFUSION BP","5%w/v","Solution for infusion.","1 x 500 mL","24 Months","Tirupati Starch and Chemical Limited","India","Alfa Pharmaceuticals Limited","AIVEEN (R) LTD","2025-10-16","2030-10-15","valid","Rwanda FDA - Registered Pharmaceutical Products July 2026","https://rwandafda.gov.rw/register/monitoring_preview_register"
"136","RWANDA-FDA23/HM/0304/0036","FERROUS SULPHATE TABLETS","—","Ferrous Sulphate USP 200mg","Film-Coated Tablet","","36 Months","Shreeji Industries","India","Laboratory & Allied Ltd","Depot Pharmaceutique Le Medical","2025-10-16","2030-10-15","valid","Rwanda FDA - Registered Pharmaceutical Products July 2026","https://rwandafda.gov.rw/register/monitoring_preview_register"
"137","RWANDA-FDA25/HM/0186/0029","GYNOZOL Vaginal Cream","MICONAZOLE NITRATE","0.8 G","Vaginal Cream","40g Cream","36 Months","Pharco Pharmaceuticals Industries","Egypt","Pharco Pharmaceuticals","HELIOS PHARMA Ltd","2025-10-16","2030-10-15","valid","Rwanda FDA - Registered Pharmaceutical Products July 2026","https://rwandafda.gov.rw/register/monitoring_preview_register"
"138","RWANDA-FDA24/HM/1081/0035","HIDROFEROL 0.266MG SOFT CAPSULES","Calcifediol Monohydrate","266MCG","Soft Capsules","—","48 Months","CARBOGEN AMCIS B.V.","Netherlands","FAES FARMA, S.A.","UBIPHARM-RWANDA LTD","2025-10-16","2030-10-15","valid","Rwanda FDA - Registered Pharmaceutical Products July 2026","https://rwandafda.gov.rw/register/monitoring_preview_register"
"139","RWANDA-FDA24/HM/0129/0026","KAVIDEZA DISTAB","Abacavir, Dolutegravir and Lamivudine Dispersible Tablets 60 mg / 5 mg/ 30 mg","—","Film-Coated Tablet","90's & 180's","24 Months","MYLAN LABORATORIES LIMITED","India","Mylan Laboratories Limited","PYRAMID PHARMA LIMITED","2025-10-16","2030-10-15","valid","Rwanda FDA - Registered Pharmaceutical Products July 2026","https://rwandafda.gov.rw/register/monitoring_preview_register"
"140","RWANDA-FDA25/HM/0233/0031","LINCRET M 1000","LINAGLIPTIN/METFORMIN HYDROCHLORIDE","2.5MG &1000mg","Film Coated Tablet","1x10's, 3x10's & 10x10's","24 Months","","India","MSN Laboratories Private Limited","SUN ENTERPRISES LTD","2025-10-16","2030-10-15","valid","Rwanda FDA - Registered Pharmaceutical Products July 2026","https://rwandafda.gov.rw/register/monitoring_preview_register"
"141","RWANDA-FDA24/HM/0548/0024","PRASUSAFE 10","PRASUGREL","10mg","Film-coated tablets,","3x10's","24 Months","MSN Laboratories Private Ltd.","India","MSN Laboratories Private Limited","ABACUS PHARMA (A) Ltd","2025-10-16","2030-10-15","valid","Rwanda FDA - Registered Pharmaceutical Products July 2026","https://rwandafda.gov.rw/register/monitoring_preview_register"
"142","RWANDA-FDA25/HM/0144/0022","Pregabalin-Denk 75","Pregabalin","75mg","Hard Gelatin Capsules","28 hard capsules","24 Months","KOPRAN RESEARCH LABORATORIES LTD","India","DENK PHARMA GmbH & Co. KG","Herily - Agence de Marketing Ltd","2025-10-16","2030-10-15","valid","Rwanda FDA - Registered Pharmaceutical Products July 2026","https://rwandafda.gov.rw/register/monitoring_preview_register"
"143","RWANDA-FDA25/HM/0162/0033","ROTASIIL-Liquid, Rotavirus Vaccine, Live Attenuated (Oral) (Liquid)","Live Attenuated Rotavirus Vaccine (Oral) Serotypes G1, G2, G3, G4 and G9","1 DOSE, 2 DOSE of 2ml","Oral solution","","24 Months","SERUM INSTITUTE OF INDIA PVT. LTD","India","Serum Institute of India Pvt. Ltd.","SUN ENTERPRISES LTD","2025-10-16","2030-10-15","valid","Rwanda FDA - Registered Pharmaceutical Products July 2026","https://rwandafda.gov.rw/register/monitoring_preview_register"
"144","RWANDA-FDA25/HM/0261/0039","Simulect 20 mg powder and solvent for solution for infusion or injection","BASILIXIMAB","20mg","Powder for Solution for Injection/Infusion","—","36 Months","NOVARTIS PHARMA S.A.S.","France","Novartis Pharma AG","Surgipharm Rwanda Ltd.","2025-10-16","2030-10-15","valid","Rwanda FDA - Registered Pharmaceutical Products July 2026","https://rwandafda.gov.rw/register/monitoring_preview_register"
"145","RWANDA-FDA25/HM/0300/0034","Tacrocord 1","TACROLIMUS USP","1 mg","Capsules","—","24 Months","Concord Biotech Limited","India","Prisma Pharma FZE","PRAFIN RWANDA LTD","2025-10-16","2030-10-15","valid","Rwanda FDA - Registered Pharmaceutical Products July 2026","https://rwandafda.gov.rw/register/monitoring_preview_register"
"146","RWANDA-FDA25/HM/0100/0038","Tamsumac 0.4","TAMSULOSIN HYDROCHLORIDE USP","0.4 MG","Hard Gelatin Capsules","—","36 Months","Macleods Pharmaceuticals limited","India","MACLEODS PHARMACEUTICALS LTD","AIVEEN (R) LTD","2025-10-16","2030-10-15","valid","Rwanda FDA - Registered Pharmaceutical Products July 2026","https://rwandafda.gov.rw/register/monitoring_preview_register"
"147","RWANDA-FDA25/HM/0132/0037","ZERCYM","ESOMEPRAZOLE","40 mg","Lyophilized injection white powder or cake","—","24 Months","EVEREST ORGANICS LIMITED","India","MEGA LIFESCIENCES PUBLIC COMPANY LIMITED","ABACUS PHARMA (A) Ltd","2025-10-16","2030-10-15","valid","Rwanda FDA - Registered Pharmaceutical Products July 2026","https://rwandafda.gov.rw/register/monitoring_preview_register"
"148","RWANDA-FDA24/HM/0140/0027","ZINRO","—","ORNIDAZOLE 0.5%W/V","Solution for infusion.","100 ml","36 Months","Zhejiang Supour Pharmaceutical Co. Ltd","China","Abacus Parenteral Drugs Limited","ABACUS PHARMA (A) Ltd","2025-10-16","2030-10-15","valid","Rwanda FDA - Registered Pharmaceutical Products July 2026","https://rwandafda.gov.rw/register/monitoring_preview_register"
"149","Rwanda FDA-HMP-MA-2348","LASTAVIN HTZ 80/12.5","VALSARTAN AND HYDROCHLOROTHIAZIDE USP","80 MG/12.5 MG","TABLETS","3X10 TABLETS","30 MONTHS","AJANTA PHARMA LIMITED","INDIA","AJANTA PHARMA LIMITED","ABACUS PHARMA (A) LTD","2025-10-10","2030-10-08","valid","Rwanda FDA - Registered Pharmaceutical Products July 2026","https://rwandafda.gov.rw/register/monitoring_preview_register"
"150","Rwanda FDA-HMP-MA-2354","APMALT","IRON (III) HYDROXIDE POLYMALTOSE","100MG","TABLETS","12 TABLETS","24 MONTHS","AJANTA PHARMA LIMITED","INDIA","AJANTA PHARMA LIMITED","ABACUS PHARMA (A) LTD","2025-10-09","2030-10-08","valid","Rwanda FDA - Registered Pharmaceutical Products July 2026","https://rwandafda.gov.rw/register/monitoring_preview_register"
"151","Rwanda FDA-HMP-MA-2349","LASTAVIN HTZ 160/12.5","VALSARTAN AND HYDROCHLOROTHIAZIDE USP","160 MG/12.5 MG","TABLETS","3X10 TABLETS","30 MONTHS","AJANTA PHARMA LIMITED","INDIA","AJANTA PHARMA LIMITED","ABACUS PHARMA (A) LTD","2025-10-09","2030-10-08","valid","Rwanda FDA - Registered Pharmaceutical Products July 2026","https://rwandafda.gov.rw/register/monitoring_preview_register"
"152","Rwanda FDA-HMP-MA-2353","MOFILET 500","MYCOPHENOLATE MOFETIL","500MG","TABLETS","6X10 TABLETS","24 MONTHS","EMCURE PHARMACETICALS LTD","INDIA","EMCURE PHARMACEUTICALS LTD","ABACUS PHARMA (A) LTD","2025-10-09","2030-10-08","valid","Rwanda FDA - Registered Pharmaceutical Products July 2026","https://rwandafda.gov.rw/register/monitoring_preview_register"
"153","Rwanda FDA-HMP-MA-2356","MOVICOL","POLYETHYLENE GLYCOL 13.125 G, SODIUM CHLORIDE 350.7 MG, SODIUM BICARBONATE 178.5 MG AND POTASSIUM CHLORIDE FOR ORAL SOLUTION 46.6 MG","13.125G/350.7MG/178.5MG/46.6MG","POWDER FOR ORAL SOLUTION","10 SACHETS","24 MONTHS","WIN-MEDICARE PVT. LTD","INDIA","WIN-MEDICARE PVT. LTD","SURGIPHARM RWANDA LTD","2025-10-09","2030-10-08","valid","Rwanda FDA - Registered Pharmaceutical Products July 2026","https://rwandafda.gov.rw/register/monitoring_preview_register"
"154","Rwanda FDA-HMP-MA-2350","SEVCAR 400","SEVELAMER CARBONATE","400MG","TABLETS","5X10 TABLETS","24 MONTHS","EMCURE PHARMACETICALS LTD","INDIA","EMCURE PHARMACEUTICALS LTD","ABACUS PHARMA (A) LTD","2025-10-09","2030-10-08","valid","Rwanda FDA - Registered Pharmaceutical Products July 2026","https://rwandafda.gov.rw/register/monitoring_preview_register"
"155","Rwanda FDA-HMP-MA-2351","TENECTASE","TENECTEPLASE INJECTION","20MG","LYOPHILIZED POWDER FOR INJECTION","1 VIAL","24 MONTHS","GENNOVA BIOPHARMACEUTICALS LTD","INDIA","GENNOVA BIOPHARMACEUTICALS LTD","SUN ENTERPRISES LTD","2025-10-09","2030-10-08","valid","Rwanda FDA - Registered Pharmaceutical Products July 2026","https://rwandafda.gov.rw/register/monitoring_preview_register"
"156","Rwanda FDA-HMP-MA-2355","XEBISCO 75","PREGABALIN USP","75MG","CAPSULES","3X10 CAPSULES","24 MONTHS","BLISS GVS PHARMA LIMITED","INDIA","BLISS GVS PHARMA LIMITED","SURYA DEPOT PHARMACY LTD","2025-10-09","2030-10-08","valid","Rwanda FDA - Registered Pharmaceutical Products July 2026","https://rwandafda.gov.rw/register/monitoring_preview_register"
"157","Rwanda FDA-HMP-MA-2352","Z-COT 15","RIVAROXABAN TABLETS BP","15MG","TABLETS","3X10 TABLETS","24 MONTHS","AJANTA PHARMA LIMITED","INDIA","AJANTA PHARMA LIMITED","ABACUS PHARMA (A) LTD","2025-10-09","2030-10-08","valid","Rwanda FDA - Registered Pharmaceutical Products July 2026","https://rwandafda.gov.rw/register/monitoring_preview_register"
"158","RWANDA-FDA25/HM/0239/0019","Ameropem 0.5g","Meropenem Trihydrate USP","500mg","POWDER FOR SOLUTION FOR INJECTION OR INFUSION","1x 1Vial","24 Months","PHARCO B INTERNATIONAL","Egypt","Pharco B International","LE MEDICAL LTD","2025-09-30","2030-09-29","valid","Rwanda FDA - Registered Pharmaceutical Products July 2026","https://rwandafda.gov.rw/register/monitoring_preview_register"
"159","RWANDA-FDA25/HM/0190/0020","Ciprofloxacin IV","Ciprofloxacin USP","200mg/100mL","Solution for Intravenous Infusion","100 mL","36 Months","PHARCO B INTERNATIONAL","Egypt","AMRIYA PHARMACEUTICALS","LE MEDICAL LTD","2025-09-30","2030-09-29","valid","Rwanda FDA - Registered Pharmaceutical Products July 2026","https://rwandafda.gov.rw/register/monitoring_preview_register"
"160","RWANDA-FDA24/HM/1064/0021","GYNAGONE KIT.","—","Each Kit contains: 2 Azithromycin (Zerocin) tablets 500mg each, 4 Secnidazole (Labgentil) tablets 500mg each & 1 Fluconazole (Ucozole) capsule 150mg in a unit box.","Capsules, tablets,","","36 Months","Anuh Pharma Ltd.","India","Laboratory & Allied Ltd","Depot Pharmaceutique Le Medical","2025-09-30","2030-09-29","valid","Rwanda FDA - Registered Pharmaceutical Products July 2026","https://rwandafda.gov.rw/register/monitoring_preview_register"
"161","RWANDA-FDA23/HM/0395/0011","Clotrine 500mg Pessary","CLOTRIMAZOLE","500mg","Pessary","1 pessary","36 Months","UNIVERSAL CORPORATION LIMITED","Kenya","UNIVERSAL CORPORATION LIMITED - KENYA","SUN ENTERPRISE Ltd","2025-09-23","2030-09-22","valid","Rwanda FDA - Registered Pharmaceutical Products July 2026","https://rwandafda.gov.rw/register/monitoring_preview_register"
"162","RWANDA-FDA23/HM/0438/0010","DUTASOLIN","TAMSULOSINE + DUTASTERIDE","0.4MG+0.5MG","Capsules","3x10 capsules","36 Months","PELLTECH HEALTH CARE PVT. LTD.","India","Globela Pharma Private Limited","AFRIPHARM LTD","2025-09-23","2030-09-22","valid","Rwanda FDA - Registered Pharmaceutical Products July 2026","https://rwandafda.gov.rw/register/monitoring_preview_register"
"163","RWANDA-FDA25/HM/0241/0013","FAWAR FRUIT Effervescent Granules","Sodium Bicarbonate, Citric acid anhydrous and Tartaric acid","2.80 g, 0.82 g and 1.33 g","GRANULES SACHET","5G X 6 SACHETS","24 Months","Pharco Pharmaceuticals Industries","Egypt","Pharco Pharmaceuticals","LE MEDICAL LTD","2025-09-23","2030-09-22","valid","Rwanda FDA - Registered Pharmaceutical Products July 2026","https://rwandafda.gov.rw/register/monitoring_preview_register"
"164","RWANDA-FDA24/HM/1067/0016","","AMOXICILLIN+CLAVULANATE POTASSIUM","100mg/12.5mg","Graules for Oral suspension","60 ml","24 Months","DSM Sinochem Pharmaceuticals India Private Limited (Now known as Centrient Pharmaceuticals).","India","BEKRA PHARMA LTD","UBIPHARM-RWANDA LTD","2025-09-23","2030-09-22","valid","Rwanda FDA - Registered Pharmaceutical Products July 2026","https://rwandafda.gov.rw/register/monitoring_preview_register"
"165","RWANDA-FDA24/HM/1015/0008","Levetiracetam UCB","LEVETIRACETAM","100 mg/ml","Solution for Oral administration","—","36 Months","UCB PHARMA S.A","Switzerland","UCB Pharma SA","VINE PHARMA LTD","2025-09-23","2030-09-22","valid","Rwanda FDA - Registered Pharmaceutical Products July 2026","https://rwandafda.gov.rw/register/monitoring_preview_register"
"166","RWANDA-FDA23/HM/0192/0009","Paracetamol Suppositories 125 mg","Paracetamol","125MG","SUPPOSITORY","4x5 pessaries","36 Months","Hebei Jiheng(Group) Pharmaceutical Co., Ltd.","China","Reyoung Pharmaceutical Co., Ltd.","JM PHARMACY Ltd","2025-09-23","2030-09-22","valid","Rwanda FDA - Registered Pharmaceutical Products July 2026","https://rwandafda.gov.rw/register/monitoring_preview_register"
"167","RWANDA-FDA23/HM/0303/0012","Phenobarbitone Tablets","—","Phenobarbital BP 30mg","ORAL TABLET","1000's","36 Months","Harman Finochem Limited","India","Laboratory & Allied Ltd","Depot Pharmaceutique Le Medical","2025-09-23","2030-09-22","valid","Rwanda FDA - Registered Pharmaceutical Products July 2026","https://rwandafda.gov.rw/register/monitoring_preview_register"
"168","Rwanda FDA-HMP-MA-2343","HALO-SWISS","HALOPERIDOL 5MG/ML, 1ML INJECTION","5 MG/ML","Solution for Injection.","—","36 Months","SWISS PARENTERALS LTD,","India","SWISS PARENTERALS LTD.","PHARMACEUTICAL AND MEDICAL SUPPLIES SOCIETY (PMSS) Ltd","2025-09-19","2030-09-18","valid","Rwanda FDA - Registered Pharmaceutical Products July 2026","https://rwandafda.gov.rw/register/monitoring_preview_register"
"169","Rwanda FDA-HMP-MA-2344","LEVANEXT 250","LEVETIRACETAM","250mg","Film-coated tablets,","—","24 Months","MSN Labs Private Limited","India","MSN Laboratories Private Limited","SUN ENTERPRISES LTD","2025-09-19","2030-09-18","valid","Rwanda FDA - Registered Pharmaceutical Products July 2026","https://rwandafda.gov.rw/register/monitoring_preview_register"
"170","Rwanda FDA-HMP-MA-2345","LEVANEXT 500","Levetiracetam 500 mg","500 mg","Film Coated Tablets","—","24 Months","MSN Labs Private Limited","India","MSN Laboratories Private Limited","SUN ENTERPRISE Ltd","2025-09-19","2030-09-18","valid","Rwanda FDA - Registered Pharmaceutical Products July 2026","https://rwandafda.gov.rw/register/monitoring_preview_register"
"171","Rwanda FDA-HMP-MA-2346","MenFive [Meningococcal (A, C, Y, W, X) Polysaccharide Conjugate Vaccine (Freeze-Dried)]","—","1 Dose, 5 Dose","Lyophilized powder for injection","—","36 Months","SERUM INSTITUTE OF INDIA PVT. LTD","India","Serum Institute of India Pvt. Ltd.","SUN ENTERPRISES LTD","2025-09-19","2030-09-18","valid","Rwanda FDA - Registered Pharmaceutical Products July 2026","https://rwandafda.gov.rw/register/monitoring_preview_register"
"172","Rwanda FDA-HMP-MA-2341","GLICOR MR","GLICLAZIDE BP","60MG","TABLETS","3X10 TABLETS","36 MONTHS","STALLION LABORATORIES PVT. LTD","INDIA","STALLION LABORATORIES PVT. LTD","GLAXO PHARMA WHOLESALE LTD","2025-09-11","2030-09-10","valid","Rwanda FDA - Registered Pharmaceutical Products July 2026","https://rwandafda.gov.rw/register/monitoring_preview_register"
"173","Rwanda FDA-HMP-MA-2342","LOKIT","OMEPRAZOLE","20MG","CAPSULES","10X10 CAPSULES","36 MONTHS","KOPRAN LTD","INDIA","KOPRAN LTD","PHILLIPS PHARMACEUTICALS (RWANDA) LTD","2025-09-11","2030-09-10","valid","Rwanda FDA - Registered Pharmaceutical Products July 2026","https://rwandafda.gov.rw/register/monitoring_preview_register"
"174","Rwanda FDA-HMP-MA-2339","PENIREN TABLETS","PHENOXYMETHYLPENICILLIN POTASSIUM","250MG","TABLETS","10X10 TABLETS","24 MONTHS","RENE INDUSTRIES LTD","UGANDA","RENE INDUSTRIES LTD","RENE PHARMACY (R) LTD","2025-09-11","2030-09-10","valid","Rwanda FDA - Registered Pharmaceutical Products July 2026","https://rwandafda.gov.rw/register/monitoring_preview_register"
"175","Rwanda FDA-HMP-MA-2340","POVIDONE IODEE IG (125ML)","POVIDONE IODINE (1 % W/V AVAILABLE IODINE) USP (10 % W/V)","10 % W/V","TOPICAL SOLUTION","1 BOTTLE","30 MONTHS","ENICAR PHARMACEUTICALS PVT. LTD","INDIA","IMEX GENERICS","MEDIASOL PHARMACEUTICAL DEPOT LIMITED","2025-09-11","2030-09-10","valid","Rwanda FDA - Registered Pharmaceutical Products July 2026","https://rwandafda.gov.rw/register/monitoring_preview_register"
"176","Rwanda FDA-HMP-MA-2335","AMLOLAAN","LOSARTAN POTASSIUM +AMLODIPINE BESILATE","50MG/5MG","TABLETS","3x10 Tablets","36 MONTHS","STALLION LABORATORIES PVT. LTD","INDIA","STALLION LABORATORIES PVT. LTD","GLAXO PHARMA WHOLESALE LTD","2025-07-11","2030-07-10","valid","Rwanda FDA - Registered Pharmaceutical Products July 2026","https://rwandafda.gov.rw/register/monitoring_preview_register"
"177","Rwanda FDA-HMP-MA-2329","DACOF EXPECTORANT SYRUP","DIPHENHYDRAMINE HCL BP 14MG, AMMONIUM CHLORIDE BP 135.0MG, SODIUM CITRATE BP 57.0MG AND MENTHOL 1.1MG","14MG, 135.0MG, 57.0MG AND 1.1MG/5ml","SYRUP","100ML BOTTLE","36 MONTHS","DAWA LIMITED","KENYA","DAWA LIMITED","SUN ENTERPRISES LTD","2025-07-11","2030-07-10","valid","Rwanda FDA - Registered Pharmaceutical Products July 2026","https://rwandafda.gov.rw/register/monitoring_preview_register"
"178","Rwanda FDA-HMP-MA-2331","DAZOLE CREAM","CLOTRIMAZOLE BP","1.0% w/w","Cream for external use only","20GM CREAM TUBE","36 MONTHS","DAWA LIMITED","KENYA.","DAWA LIMITED","SUN ENTERPRISES LTD","2025-07-11","2030-07-10","valid","Rwanda FDA - Registered Pharmaceutical Products July 2026","https://rwandafda.gov.rw/register/monitoring_preview_register"
"179","Rwanda FDA-HMP-MA-2327","DOBESIL H CREAM 30 GRM","CALCIUM DOBESILATE 0.5 %, LIDOCAINE 3.0 % W/W, HYDROCORTISONE ACETATE 0.25 % W/W & ZINC OXIDE 5.0 %","0.5 %, 3.0 % W/W, 0.25 % W/W & 5.0 %","CREAM","30G TUBE","24 MONTHS","AUROCHEM LABORATORIES (I) PVT LTD","INDIA","OCHOA LABORATORIES","SUN ENTERPRISES LTD","2025-07-11","2030-07-10","valid","Rwanda FDA - Registered Pharmaceutical Products July 2026","https://rwandafda.gov.rw/register/monitoring_preview_register"
"180","Rwanda FDA-HMP-MA-2315","DUTASOLIN","TAMSULOSINE + DUTASTERIDE","0.4MG+0.5MG","Capsules","3x10 capsules","36 Months","GLOBELA PHARMA PVT. LIMITED","INDIA","GLOBELA PHARMA PVT. LIMITED","AFRIPHARM LTD","2025-07-11","2030-07-10","valid","Rwanda FDA - Registered Pharmaceutical Products July 2026","https://rwandafda.gov.rw/register/monitoring_preview_register"
"181","Rwanda FDA-HMP-MA-2328","EMITOSS INJECTION","ONDANSENTRON HYDROCHLORIDE DIHYDRATE","4MG/2ML","SOLUTION FOR INJECTION","AMPOULE OF 2 ML","24 MONTHS","STERIL-GENE LIFE SCIENCES (P) LTD","INDIA","GALAXY PHARMACEUTICALS LTD","STAR BIOTECH LTD","2025-07-11","2030-07-10","valid","Rwanda FDA - Registered Pharmaceutical Products July 2026","https://rwandafda.gov.rw/register/monitoring_preview_register"
"182","Rwanda FDA-HMP-MA-2338","LEVOFLOS","LEVOFLOXACIN","750MG","TABLETS","10 TABLETS","36 MONTHS","SALVAVIDAS PHARMACEUTICAL PVT. LTD","INDIA","SALVAVIDAS PHARMACEUTICAL PVT. LTD","GLAXO PHARMA WHOLESALE LTD","2025-07-11","2030-07-10","valid","Rwanda FDA - Registered Pharmaceutical Products July 2026","https://rwandafda.gov.rw/register/monitoring_preview_register"
"183","Rwanda FDA-HMP-MA-2333","MEFTAL FORTE CREAM","METHYL SALICYLATE BP: 30.0% W/W, MENTHOL USP: 10.0% W/W, CAMPHOR USP: 5.0% W/W","30.0% W/W, 10.0% W/W, 5.0% W/W","CREAM","1 Tube of 50G","24 MONTHS","MEPROMAX LIFESCIENCES PVT. LTD","INDIA","BLUE CROSS LABORATORIES PVT LTD","WESSEX PHARMACEUTICALS (RWANDA) LTD","2025-07-11","2030-07-10","valid","Rwanda FDA - Registered Pharmaceutical Products July 2026","https://rwandafda.gov.rw/register/monitoring_preview_register"
"184","Rwanda FDA-HMP-MA-2336","MOLNAFLU","MOLNUPIRAVIR","200MG","CAPSULES","4X10 Tablets","24 MONTHS","AUROBINDO PHARMA LIMITED","INDIA","AUROBINDO PHARMA LIMITED","PHILLIPS PHARMACEUTICALS (RWANDA) LTD","2025-07-11","2030-07-10","valid","Rwanda FDA - Registered Pharmaceutical Products July 2026","https://rwandafda.gov.rw/register/monitoring_preview_register"
"185","Rwanda FDA-HMP-MA-2334","PRINORELAX 30MG","CYCLOPENTOLATE HYDROCHLORIDE","30MG","CAPSULES","10 CAPSULES","24 MONTHS","LIPTIS FOR PHARMACEUTICAL AND MEDICAL PRODUCTS (S.A.E)","EGYPT","LIPTIS FOR PHARMACEUTICAL AND MEDICAL PRODUCTS (S.A.E)","GOODMAN INTERNATIONAL (R) LIMITED","2025-07-11","2030-07-10","valid","Rwanda FDA - Registered Pharmaceutical Products July 2026","https://rwandafda.gov.rw/register/monitoring_preview_register"
"186","Rwanda FDA-HMP-MA-2330","STOPACID SUSPENSION","ALUMINIUM HYDROXIDE BP 120MG AND MAGNESIUM TRISILICATE BP 250MG","120mg and 250mg/5ml","Oral Suspension","100ML BOTTLE","36 MONTHS","DAWA LIMITED","KENYA.","DAWA LIMITED","SUN ENTERPRISES LTD","2025-07-11","2030-07-10","valid","Rwanda FDA - Registered Pharmaceutical Products July 2026","https://rwandafda.gov.rw/register/monitoring_preview_register"
"187","Rwanda FDA-HMP-MA-2337","XAROBAN-15","RIVAROXABAN","15MG","FILM COATED TABLETS","1X10 Tablets","24 MONTHS","SEARLE COMPANY LIMITED","PAKISTAN","SEARLE COMPANY LIMITED","SURGIPHARM RWANDA LTD","2025-07-11","2030-07-10","valid","Rwanda FDA - Registered Pharmaceutical Products July 2026","https://rwandafda.gov.rw/register/monitoring_preview_register"
"188","Rwanda FDA-HMP-MA-2322","CEFTRIAXONE IG 1000MG","CEFTRIAXONE","1000MG","Dry Powder for Injection","1 VIAL WITH 10ML STERILE WATER FOR INJECTION","24 MONTHS","INJECTCARE PARENTERALS PVT LTD","INDIA","IMEX GENERICS","KIPHARMA LTD","2025-06-19","2030-06-18","valid","Rwanda FDA - Registered Pharmaceutical Products July 2026","https://rwandafda.gov.rw/register/monitoring_preview_register"
"189","Rwanda FDA-HMP-MA-2323","DASATINIB NEAPOLIS 70MG","DASATINIB","70MG","FILM COATED TABLETS","60 Tablets","24 MONTHS","NEAPOLIS PHARMA","TUNISIA","NEAPOLIS PHARMA","KIPHARMA LTD","2025-06-19","2030-06-18","valid","Rwanda FDA - Registered Pharmaceutical Products July 2026","https://rwandafda.gov.rw/register/monitoring_preview_register"
"190","Rwanda FDA-HMP-MA-2318","EUTHYROX 100","LEVOTHYROXINE SODIUM","100 µG","TABLETS","30 Tablets","36 MONTHS","MERCK HEALTHCARE KGAA","GERMANY","MERCK (PTY) LTD","SURGIPHARM RWANDA LTD","2025-06-19","2030-06-18","valid","Rwanda FDA - Registered Pharmaceutical Products July 2026","https://rwandafda.gov.rw/register/monitoring_preview_register"
"191","Rwanda FDA-HMP-MA-2321","FLEXSA 1500","CRYSTALLINE GLUCOSAMINE SULFATE","1500 MG","POWDER FOR ORAL SOLUTION","30 sachets","24 MONTHS","MEGA LIFESCIENCES PUBLIC COMPANY LIMITED","THAILAND","MEGA LIFESCIENCES PUBLIC COMPANY LIMITED","ABACUS PHARMA (A) LTD","2025-06-19","2030-06-18","valid","Rwanda FDA - Registered Pharmaceutical Products July 2026","https://rwandafda.gov.rw/register/monitoring_preview_register"
"192","Rwanda FDA-HMP-MA-2326","FOLISURGE 150","RECOMBINANT-HUMAN FOLLICLE STIMULATING HORMONE","150 IU/0.24 mL","SOLUTION FOR INJECTION","GLASS SYRINGE (TYPE I,0.5 mL)","24 MONTHS","INTAS PHARMACEUTICALS LIMITED","INDIA","INTAS PHARMACEUTICALS LIMITED","ABACUS PHARMA (A) LTD","2025-06-19","2030-06-18","valid","Rwanda FDA - Registered Pharmaceutical Products July 2026","https://rwandafda.gov.rw/register/monitoring_preview_register"
"193","Rwanda FDA-HMP-MA-2325","INSUFOR 850MG","METFORMIN HYDROCHLORIDE","850MG","FILM COATED TABLETS","90 Tablets","36 MONTHS","WORLD MEDICINE İLAÇ SAN. VE TIC. A.Ş","TURKEY","WORLD MEDICINE İLAÇ SAN. VE TIC. A.Ş","GOODMAN INTERNATIONAL(R) LIMITED","2025-06-19","2030-06-18","valid","Rwanda FDA - Registered Pharmaceutical Products July 2026","https://rwandafda.gov.rw/register/monitoring_preview_register"
"194","Rwanda FDA-HMP-MA-2347","JUSTEEZ-50","VILDAGLIPTIN","50MG","TABLETS","15 TABLETS","24 Months","EMCURE PHARMACETICALS LTD","India","EMCURE PHARMACEUTICALS LTD/INDIA","ABACUS PHARMA (A) LTD","2025-06-19","2030-06-18","valid","Rwanda FDA - Registered Pharmaceutical Products July 2026","https://rwandafda.gov.rw/register/monitoring_preview_register"
"195","Rwanda FDA-HMP-MA-2319","KOF OFF SYRUP 100ML","Chlorpheniramine Maleate 2mg + Pseudoephedrine HCl 30mg + Ammonium Chloride 100mg + Sodium Citrate 60mg + Menthol 0.5mg","2mg/30mg/100mg/60mg/0.5mg","SYRUP","100ML Bottle","24 MONTHS","RENE INDUSTRIES LTD","UGANDA","RENE INDUSTRIES LTD","RENE PHARMACY (R) LTD","2025-06-19","2030-06-18","valid","Rwanda FDA - Registered Pharmaceutical Products July 2026","https://rwandafda.gov.rw/register/monitoring_preview_register"
"196","Rwanda FDA-HMP-MA-2324","MAXITAM-500","AMOXYCILLIN TRIHYDRATE","500MG","CAPSULES","10x10 Tablets","24 MONTHS","AMN LIFE SCIENCE PVT. LTD","INDIA","AMN LIFE SCIENCE PVT. LTD","AIVEEN RWANDA LTD","2025-06-19","2030-06-18","valid","Rwanda FDA - Registered Pharmaceutical Products July 2026","https://rwandafda.gov.rw/register/monitoring_preview_register"
"197","Rwanda FDA-HMP-MA-2320","PRELYNCA-150","PREGABALIN","150MG","CAPSULES","28 Capsules","36 MONTHS","PHARMATHEN INTERNATIONAL SA","GREECE","MEGA LIFESCIENCES (AUSTRALIA) PTY. LTD","ABACUS PHARMA (A) LTD","2025-06-19","2030-06-18","valid","Rwanda FDA - Registered Pharmaceutical Products July 2026","https://rwandafda.gov.rw/register/monitoring_preview_register"
"198","Rwanda FDA-HMP-MA-2316","TORAS-DENK 5","Toresemide","5 mg","TABLETS","30 Tablets","36 MONTHS","DENK PHARMA GMBH & CO. KG","GERMANY","DENK PHARMA GMBH & CO. KG","HERILY - AGENCE DE MARKETING LTD","2025-06-19","2030-06-18","valid","Rwanda FDA - Registered Pharmaceutical Products July 2026","https://rwandafda.gov.rw/register/monitoring_preview_register"
"199","Rwanda FDA-HMP-MA-2317","EUTHYROX 50","LEVOTHYROXINE SODIUM","50 µG","Tablets","100 Tablets","36 MONTHS","MERCK HEALTHCARE KGAA","GERMANY","MERCK (PTY) LTD","SURGIPHARM RWANDA LTD","2025-06-18","2030-06-18","valid","Rwanda FDA - Registered Pharmaceutical Products July 2026","https://rwandafda.gov.rw/register/monitoring_preview_register"
"200","Rwanda FDA-HMP-MA-2284","TELSWIFT H 80","Telmisartan and Hydrochlorothiazide","80mg and 12.5mg","TABLETS","1x7 Tablets & 1x10 Tablets","24 months","IND SWIFT LIMITED","INDIA","IND SWIFT LIMITED","LOTUS MEDICAL GROUP LTD","2025-05-12","2030-05-11","valid","Rwanda FDA - Registered Pharmaceutical Products July 2026","https://rwandafda.gov.rw/register/monitoring_preview_register"
"201","Rwanda FDA-HMP-MA-2314","AMOXICLAV-DENK 1000/125","Amoxicillin and Clavulanic acid","1000 mg/125mg","Powder for oral suspension","8 or 12 sachets in a carton","36 Months","PENCEF PHARMA GmbH","GERMANY","DENK PHARMA GmbH & Co. KG","HERILY-AGENCE DE MARKETING LTD","2025-05-12","2030-05-11","valid","Rwanda FDA - Registered Pharmaceutical Products July 2026","https://rwandafda.gov.rw/register/monitoring_preview_register"
"202","Rwanda FDA-HMP-MA-2271","","Bexagliflozin","20 mg","","30 and 90 Tablets","60 Months","Piramal Healthcare UK Ltd","United kingdom","Bamco Africa","FLR Ltd","2025-05-12","2030-05-11","valid","Rwanda FDA - Registered Pharmaceutical Products July 2026","https://rwandafda.gov.rw/register/monitoring_preview_register"
"203","Rwanda FDA-HMP-MA-2308","BUPI","Bupivacaine Hydrochloride","0.5%","Solution for injection","1x 10ml Ampoule","24 Months","SWISS PARENTERALS LTD","INDIA","SWISS PARENTERALS LTD","Pharmaceutical and Medical Supplies Society Limited","2025-05-12","2030-05-11","valid","Rwanda FDA - Registered Pharmaceutical Products July 2026","https://rwandafda.gov.rw/register/monitoring_preview_register"
"204","Rwanda FDA-HMP-MA-2295","CARDINOL 25MG FILM COATED TABLETS","ATENOLOL","25 mg","Film Coated Tablets","2x14 Tablets","36 Months","COSMOS LIMITED","KENYA","COSMOS LIMITED","SUN ENTERPRISES LTD","2025-05-12","2030-05-11","valid","Rwanda FDA - Registered Pharmaceutical Products July 2026","https://rwandafda.gov.rw/register/monitoring_preview_register"
"205","Rwanda FDA-HMP-MA-2283","CLARIE OD","CLARITHROMYCIN","500 mg","TABLETS","1 x 7 Tablets","48 Months","IND-SWIFT LIMITED","INDIA","IND-SWIFT LIMITED","LOTUS MEDICAL GROUP LTD","2025-05-12","2030-05-11","valid","Rwanda FDA - Registered Pharmaceutical Products July 2026","https://rwandafda.gov.rw/register/monitoring_preview_register"
"206","Rwanda FDA-HMP-MA-2279","CLEAR T GEL","CLINDAMYCIN PHOSPHATE USP+ TRETINOIN USP","1%/0.025%","GEL","20g","24 Months","AUROCHEM LABORATORIES (I) PVT LTD","INDIA","OCHOA LABORATORIES","SUN ENTERPRISES LTD","2025-05-12","2030-05-11","valid","Rwanda FDA - Registered Pharmaceutical Products July 2026","https://rwandafda.gov.rw/register/monitoring_preview_register"
"207","Rwanda FDA-HMP-MA-2304","COLOSAR-DENK 50/12.5","LOSARTAN POTASSIUM / HYDROCHLOROTHIAZIDE","50MG/12.5MG","FILM COATED TABLETS","28 Film Coated Tablets","48 Months","DENK PHARMA GmbH & Co. KG","GERMANY","DENK PHARMA GmbH & Co. KG","HERILY AGENCE MARKERTING LTD","2025-05-12","2030-05-11","valid","Rwanda FDA - Registered Pharmaceutical Products July 2026","https://rwandafda.gov.rw/register/monitoring_preview_register"
"208","Rwanda FDA-HMP-MA-2273","DIARTEM IG ADULT","DIHYDROARTEMISININ/ PIPERAQUIN","120MG/960MG","TABLETS","3 tablets per blister","36 Months","BLISS GVS PHARMA LTD","INDIA","IMEX PHARMA","Mediasol Pharmaceutical Depot Ltd","2025-05-12","2030-05-11","valid","Rwanda FDA - Registered Pharmaceutical Products July 2026","https://rwandafda.gov.rw/register/monitoring_preview_register"
"209","Rwanda FDA-HMP-MA-2281","DICLO-DENK 100 RETARD","DICLOFENAC SODIUM","100MG","PROLONGED-RELEASE TABLETS","10 or 100 tablets","36 months","DENK PHARMA GmbH & Co. KG","Germany","DENK PHARMA GmbH & Co. KG, Germany","HERILY-AGENCE DE MARKETING LTD","2025-05-12","2030-05-11","valid","Rwanda FDA - Registered Pharmaceutical Products July 2026","https://rwandafda.gov.rw/register/monitoring_preview_register"
"210","Rwanda FDA-HMP-MA-2307","DICLOSWISS","Diclofenac Sodium","25mg/3ml","Solution for injection","10 x 3 ml Ampoules","36 Months","SWISS PARENTERALS LTD","INDIA","SWISS PARENTERALS LTD","Pharmaceutical and Medical Supplies Society Limited","2025-05-12","2030-05-11","valid","Rwanda FDA - Registered Pharmaceutical Products July 2026","https://rwandafda.gov.rw/register/monitoring_preview_register"
"211","Rwanda FDA-HMP-MA-2297","DREZ OINTMENT","IODINATED, PROVIDONE & METRONIDAZOLE OINTMENT","5%, 5% & 1%","OINTMENT","10g & 30g","24 Months","STEDMAN PHARMACEUTICALS PVT. LTD","INDIA","STEDMAN PHARMACEUTICALS PVT. LTD","ESCORTS PHARMACEUTICALS (RWANDA) Limited","2025-05-12","2030-05-11","valid","Rwanda FDA - Registered Pharmaceutical Products July 2026","https://rwandafda.gov.rw/register/monitoring_preview_register"
"212","Rwanda FDA-HMP-MA-2298","DREZ POWDER","IODATED, PROVIDONE & METRONIZADOLE POWDER","5%, 5% & 1%","POWDER","10g","24 Months","STEDMAN PHARMACEUTICALS PVT. LTD","INDIA","STEDMAN PHARMACEUTICALS PVT. LTD","ESCORTS PHARMACEUTICALS (RWANDA) Limited","2025-05-12","2030-05-11","valid","Rwanda FDA - Registered Pharmaceutical Products July 2026","https://rwandafda.gov.rw/register/monitoring_preview_register"
"213","Rwanda FDA-HMP-MA-2296","DREZ SOLUTION","IODATED, PROVIDONE & METRONIZADOLE SOLUTION","30ML/100ML/500ML","SOLUTION","30ML","24 Months","STEDMAN PHARMACEUTICALS PVT. LTD","INDIA","STEDMAN PHARMACEUTICALS PVT. LTD","ESCORTS PHARMACEUTICALS (RWANDA) Limited","2025-05-12","2030-05-11","valid","Rwanda FDA - Registered Pharmaceutical Products July 2026","https://rwandafda.gov.rw/register/monitoring_preview_register"
"214","Rwanda FDA-HMP-MA-2294","FERROTONE CAPSULES","Each soft gel capsule contains: Ferrous Fumarate 162.0mg providing Elemental Iron 53.25mg per capsule Folic Acid 0.75mg (750mcg) Vitamin B12 0.0075mg (7.50mcg)","53.25mg, 0.75mg (750mcg) ,0.0075mg (7.50mcg)","Capsules","1x10 Capsules","24 Months","MEGA LIFESCIENCES PUBLIC COMPANY LIMITED","THAILAND","Mega Lifesciences Public Company Limited","ABACUS PHARMA (A) LTD","2025-05-12","2030-05-11","valid","Rwanda FDA - Registered Pharmaceutical Products July 2026","https://rwandafda.gov.rw/register/monitoring_preview_register"
"215","Rwanda FDA-HMP-MA-2280","GYNOFAST VAGINAL SUPPOSITORY","CLINDAMYCIN/ CLOTRIMAZOLE","100MG/200MG","VAGINAL SUPPOSITORIES","3 Suppositories","24 Months","BLISS GVS PHARMA LIMITED","INDIA","IMEX Pharma","Mediasol Pharmaceutical Depot Ltd","2025-05-12","2030-05-11","valid","Rwanda FDA - Registered Pharmaceutical Products July 2026","https://rwandafda.gov.rw/register/monitoring_preview_register"
"216","Rwanda FDA-HMP-MA-2272","HELMADOL 400MG FILM COATED TABLETS","ALBENDAZOLE","400MG","FILM COATED TABLETS","2 Tablets","36 Months","WORLD MEDICINE ILAC SAN. VE TIC.A.S","TURKEY","WORLD MEDICINE ILAC SAN. VE TIC.A.S","","2025-05-12","2030-05-11","valid","Rwanda FDA - Registered Pharmaceutical Products July 2026","https://rwandafda.gov.rw/register/monitoring_preview_register"
"217","Rwanda FDA-HBP-MA-0146","HUCOG-5000 HP","CHORIONIC GONADOTROPHIN","5000HP","INJECTION","2ml Ampoules","36 Months","BHARAT SERUMS AND VACCINES LIMITED","INDIA","BHARAT SERUMS AND VACCINES LIMITED","WESSEX PHARMACEUTICALS (RWANDA) LTD","2025-05-12","2030-05-11","valid","Rwanda FDA - Registered Pharmaceutical Products July 2026","https://rwandafda.gov.rw/register/monitoring_preview_register"
"218","Rwanda FDA-HMP-MA-2305","HYOSWISS","HYOSCINE BUTYLBROMIDE","20mg/ml","Solution for Injection","10 X 1 ml Ampoules","36 Months","SWISS PARENTERALS LTD","INDIA","SWISS PARENTERALS LTD","Pharmaceutical and Medical Supplies Society Limited","2025-05-12","2030-05-11","valid","Rwanda FDA - Registered Pharmaceutical Products July 2026","https://rwandafda.gov.rw/register/monitoring_preview_register"
"219","Rwanda FDA-HMP-MA-2303","INVEL FORTE L","METRONIDAZOLE, MICONAZOLE NITRATE AND LIDOCAINE","750 mg, 200 mg and 100 mg","Vaginal Suppositories","1x7 Sppositories","36 Months","BLISS GVS PHARMA LTD","INDIA","Mega Lifesciences Public Company Limited","ABACUS PHARMA (A) LTD","2025-05-12","2030-05-11","valid","Rwanda FDA - Registered Pharmaceutical Products July 2026","https://rwandafda.gov.rw/register/monitoring_preview_register"
"220","Rwanda FDA-HMP-MA-2309","LEVOTOP PF 1.5% EYE DROPS","Levofloxacin","1.5% w/v","Ophthalmic Solution","1x 5ml","24 Months","AJANTA PHARMA LIMITED","INDIA","AJANTA PHARMA LIMITED","ABACUS PHARMA (A) LTD","2025-05-12","2030-05-12","valid","Rwanda FDA - Registered Pharmaceutical Products July 2026","https://rwandafda.gov.rw/register/monitoring_preview_register"
"221","Rwanda FDA-HMP-MA-2311","LOSAR-DENK 100","LOSARTAN POTASSIUM","100 mg","Film Coated Tablets","2x14 Tablets","36 Months","DENK PHARMA GmbH & Co. KG","Germany","DENK PHARMA GmbH & Co. KG","HERILY-AGENCE DE MARKETING LTD","2025-05-12","2030-05-11","valid","Rwanda FDA - Registered Pharmaceutical Products July 2026","https://rwandafda.gov.rw/register/monitoring_preview_register"
"222","Rwanda FDA-HBP-MA-0145","MEASLES AND RUBELLA VACCINE (LIVE) (ATTENUATED, FREEZE DRIED)","MEASLES VIRUS AND RUBELLA VIRUS","1000 CCID50 & 1000 CCID50","INJECTION","1x50 Vials","30 Months","SERUM INSTITUTE OF INDIA PVT. LTD","INDIA","SERUM INSTITUTE OF INDIA PVT. LTD","SUN ENTERPRISES LTD","2025-05-12","2030-05-11","valid","Rwanda FDA - Registered Pharmaceutical Products July 2026","https://rwandafda.gov.rw/register/monitoring_preview_register"
"223","Rwanda FDA-HMP-MA-2274","MEDIVEN-S OINTMENT","Betamethasone dipropionate BP & Salicylic acid BP","0.05%/ 3.0% W/W","OINTMENT","15gm","36 Months","REGAL PHARMACEUTICALS LIMITED","KENYA","REGAL PHARMACEUTICALS LIMITED","ABACUS PHARMA (A) LTD","2025-05-12","2030-05-11","valid","Rwanda FDA - Registered Pharmaceutical Products July 2026","https://rwandafda.gov.rw/register/monitoring_preview_register"
"224","Rwanda FDA-HMP-MA-2291","NETAZOX 100MG/5ML","NITAZOXANIDE","100mg/5ml","ORAL SUSPENSION","30ml","30 Months","IND SWIFT LIMITED","INDIA","IND SWIFT LIMITED","Lotus Medical Group Ltd","2025-05-12","2030-05-11","valid","Rwanda FDA - Registered Pharmaceutical Products July 2026","https://rwandafda.gov.rw/register/monitoring_preview_register"
"225","Rwanda FDA-HMP-MA-2290","NETAZOX 500","NITAZOXANIDE","500 mg","Tablets","1x6 Tablets","36 Months","IND SWIFT LIMITED","INDIA","IND SWIFT LIMITED","Lotus Medical Group Ltd","2025-05-12","2030-05-11","valid","Rwanda FDA - Registered Pharmaceutical Products July 2026","https://rwandafda.gov.rw/register/monitoring_preview_register"
"226","Rwanda FDA-HMP-MA-2276","NEUTRAGEL SUSPENSION","MAGNESIUM HYDROXIDE/ ALUMINIUM HYDROXIDE/ SIMETHICONE","400MG/ 318.4MG/ 50MG/10ML","ORAL SOLUTION","100ml/200ml","24 Months","VARICHEM PHARMACEUTICALS (PVT) LTD","Zimbwabwe","VARICHEM PHARMACEUTICALS (PVT) LTD","ACTIVIS PHARMA LTD","2025-05-12","2030-05-11","valid","Rwanda FDA - Registered Pharmaceutical Products July 2026","https://rwandafda.gov.rw/register/monitoring_preview_register"
"227","Rwanda FDA-HMP-MA-2277","PAEDIATRIC COTRIMOXAZOLE","SULPHAMETHOXAZOLE&TRIMETHOPRIM","100MG/20MG","TABLETS","10x10 Tablets","36 Months","LINCOLN PHARMACEUTICALS LIMITED","INDIA","LINCOLN PHARMACEUTICALS LIMITED","ABACUS PHARMA (A) LTD","2025-05-12","2030-05-11","valid","Rwanda FDA - Registered Pharmaceutical Products July 2026","https://rwandafda.gov.rw/register/monitoring_preview_register"
"228","Rwanda FDA-HMP-MA-2310","PARACO-DENK 500/30","Paracetamol & Codeine","500 mg/30 mg","TABLETS","2x10 tablets","60 Months","Bene-Arzneimittel GmbH Herterichstr","Germany","DENK PHARMA GmbH & Co. KG","HERILY-AGENCE DE MARKETING LTD","2025-05-12","2030-05-11","valid","Rwanda FDA - Registered Pharmaceutical Products July 2026","https://rwandafda.gov.rw/register/monitoring_preview_register"
"229","Rwanda FDA-HMP-MA-2299","PRECIDEX INJECTION","Dexmedetomidine","100mcg/ml","Injection","2x2ml Ampoules","24 Months","BROOKES PHARMA (PRIVATE) LIMITED","PAKISTAN","BROOKES PHARMA (PRIVATE) LIMITED","LE MEDICAL LTD","2025-05-12","2030-05-11","valid","Rwanda FDA - Registered Pharmaceutical Products July 2026","https://rwandafda.gov.rw/register/monitoring_preview_register"
"230","Rwanda FDA-HMP-MA-2292","PREZEL 150","PREGABALIN","150 mg","Capsules","3x10 Capsules","24 Months","IND SWIFT LIMITED","INDIA","IND SWIFT LIMITED","Lotus Medical Group Ltd","2025-05-12","2030-05-11","valid","Rwanda FDA - Registered Pharmaceutical Products July 2026","https://rwandafda.gov.rw/register/monitoring_preview_register"
"231","Rwanda FDA-HMP-MA-2293","PREZEL 75","PREGABALIN","75 mg","Capsules","3x10 Capsules","24 Months","IND SWIFT LIMITED","INDIA","IND SWIFT LIMITED","Lotus Medical Group Ltd","2025-05-12","2030-05-11","valid","Rwanda FDA - Registered Pharmaceutical Products July 2026","https://rwandafda.gov.rw/register/monitoring_preview_register"
"232","Rwanda FDA-HMP-MA-2313","PYROLATE INJECTION","Glycopyrrolate","0.2mg/ml","Solution for Injection","1x10 Ampoules","24 Months","BROOKES PHARMA (PRIVATE) LIMITED","PAKISTAN","BROOKES PHARMA (PRIVATE) LIMITED","LE MEDICAL LTD","2025-05-12","2030-05-11","valid","Rwanda FDA - Registered Pharmaceutical Products July 2026","https://rwandafda.gov.rw/register/monitoring_preview_register"
"233","Rwanda FDA-HMP-MA-2278","ROLINOZ 10MG","Cetirizine dihydrochloride","10MG","FILM COATED TABLETS","1x10 Tablets","36 Months","WORLD MEDICINE ILAC SAN. VE TIC.A.S","TURKEY","WORLD MEDICINE ILAC SAN. VE TIC.A.S","","2025-05-12","2030-05-11","valid","Rwanda FDA - Registered Pharmaceutical Products July 2026","https://rwandafda.gov.rw/register/monitoring_preview_register"
"234","Rwanda FDA-HMP-MA-2275","SERTOFEN 1.25% GEL","DEXKETOPROFEN","1.25%","GEL","60g/tube","36 Months","WORLD MEDICINE ILAC SAN. VE TIC.A.S","TURKEY","WORLD MEDICINE ILAC SAN. VE TIC.A.S","","2025-05-12","2030-05-11","valid","Rwanda FDA - Registered Pharmaceutical Products July 2026","https://rwandafda.gov.rw/register/monitoring_preview_register"
"235","Rwanda FDA-HBP-MA-0002","SITCOM CREAM","Euphorbia Prostrata Dry Extract Ethanolic 80%V/V","1% w/w","Cream","30g","24 Months","Panacea Biotec Limited","INDIA","Panacea Biotec Limited","AIVEEN (R) LTD","2025-05-12","2030-05-11","valid","Rwanda FDA - Registered Pharmaceutical Products July 2026","https://rwandafda.gov.rw/register/monitoring_preview_register"
"236","Rwanda FDA-HBP-MA-0003","SITCOM TABLET","Euphorbia Prostrata Dry Extract","100mg","Film coated Tablets","7X2 Tablets","36 Months","Panacea Biotec Limited","India","Panacea Biotec Limited","AIVEEN (R) LTD","2025-05-12","2030-05-11","valid","Rwanda FDA - Registered Pharmaceutical Products July 2026","https://rwandafda.gov.rw/register/monitoring_preview_register"
"237","Rwanda FDA-HMP-MA-2288","SWAMLO 10","Amlodipine Besilate BP","10 mg","Tablets","10x10 Tablets","36 Months","IND SWIFT LIMITED","INDIA","IND SWIFT LIMITED","Lotus Medical Group Ltd","2025-05-12","2030-05-11","valid","Rwanda FDA - Registered Pharmaceutical Products July 2026","https://rwandafda.gov.rw/register/monitoring_preview_register"
"238","Rwanda FDA-HMP-MA-2289","SWAMLO 5","Amlodipine Besilate BP","5 mg","Tablets","10x10 Tablets","36 Months","IND SWIFT LIMITED","INDIA","IND SWIFT LIMITED","Lotus Medical Group Ltd","2025-05-12","2030-05-11","valid","Rwanda FDA - Registered Pharmaceutical Products July 2026","https://rwandafda.gov.rw/register/monitoring_preview_register"
"239","Rwanda FDA-HMP-MA-2287","TELSWIFT 40","Telmisartan 40mg","40 mg","Tablets","3x10 Tablets","36 Months","IND SWIFT LIMITED","INDIA","IND SWIFT LIMITED","Lotus Medical Group Ltd","2025-05-12","2030-05-11","valid","Rwanda FDA - Registered Pharmaceutical Products July 2026","https://rwandafda.gov.rw/register/monitoring_preview_register"
"240","Rwanda FDA-HMP-MA-2286","TELSWIFT 80","Telmisartan 80mg","80 mg","Tablets","3x10 Tablets","36 Months","IND SWIFT LIMITED","INDIA","IND SWIFT LIMITED","Lotus Medical Group Ltd","2025-05-12","2030-05-11","valid","Rwanda FDA - Registered Pharmaceutical Products July 2026","https://rwandafda.gov.rw/register/monitoring_preview_register"
"241","Rwanda FDA-HMP-MA-2285","TELSWIFT H 40","Telmisartan 40mg and Hydrochlorothiazide 12.5mg","40 mg / 12.5 mg","Tablets","3x10 Tablets","24 months","IND SWIFT LIMITED","INDIA","IND SWIFT LIMITED","Lotus Medical Group Ltd","2025-05-12","2030-05-11","valid","Rwanda FDA - Registered Pharmaceutical Products July 2026","https://rwandafda.gov.rw/register/monitoring_preview_register"
"242","Rwanda FDA-HMP-MA-2302","TENGLYN","TENELIGLIPTIN","20 mg","TABLETS","3x10 Tablets","24 Months","ZYDUS LIFESCIENCES LIMITED","INDIA","ZYDUS LIFESCIENCES LIMITED","ABACUS PHARMA (A) LTD","2025-05-12","2030-05-11","valid","Rwanda FDA - Registered Pharmaceutical Products July 2026","https://rwandafda.gov.rw/register/monitoring_preview_register"
"243","Rwanda FDA-HMP-MA-2312","TIMONIDIN","Brimonidine Tartrate Ph. Eur. & Timolol Maleate USP","0.2 % W/V & 0.5 % W/V","Ophthalmic Solution","1x5ml","24 Months","KILITCH DRUGS (INDIA) LTD","INDIA","KILITCH DRUGS (INDIA) LTD","SUN ENTERPRISES LTD","2025-05-12","2030-05-11","valid","Rwanda FDA - Registered Pharmaceutical Products July 2026","https://rwandafda.gov.rw/register/monitoring_preview_register"
"244","Rwanda FDA-HMP-MA-2306","TROPIN 1MG","Atropine Sulfate Monohydrate","1MG/ML","Solution for injection","10 X 1","36 Months","SWISS PARENTERALS LTD","INDIA","SWISS PARENTERALS LTD","Pharmaceutical and Medical Supplies Society Limited","2025-05-12","2030-05-11","valid","Rwanda FDA - Registered Pharmaceutical Products July 2026","https://rwandafda.gov.rw/register/monitoring_preview_register"
"245","Rwanda FDA-HMP-MA-2282","VIVIAN MR TABLETS","CHLORZOXAZONE + DICLOFENAC SODIUM + PARACETAMOL","250MG, 50MG, 325MG","TABLETS","10 Tablets","36 Months","LINCOLN PHARMACEUTICALS LIMITED","INDIA","LINCOLN PHARMACEUTICALS LIMITED","ABACUS PHARMA (A) LTD","2025-05-12","2030-05-11","valid","Rwanda FDA - Registered Pharmaceutical Products July 2026","https://rwandafda.gov.rw/register/monitoring_preview_register"
"246","Rwanda FDA-HMP-MA-2249","ABLADO","Abacavir sulfate, Dolutegravir sodium and Lamivudine","600 mg /50 mg /300 mg","Tablets","30 Tablets","36 Months","APL HEALTHCARE LIMITED (SUBSIDIARY OF AUROBINDO PHARMA LTD)","INDIA","AUROBINDO PHARMA LIMITED","PHILLIPS PHARMACEUTICALS (RWANDA) LTD","2025-02-04","2030-02-03","valid","Rwanda FDA - Registered Pharmaceutical Products July 2026","https://rwandafda.gov.rw/register/monitoring_preview_register"
"247","Rwanda FDA-HMP-MA-2203","AEROTROPA NEBULIZER SOLUTION","Ipratropium Bromide Monohydrate 500.000 mcg & Salbutamol Sulphate 2.500 mg","500 mcg & 2.500 mg","Nebulizer Solution","10 x 2.5 ml Ampoules","36 Months","PHARCO B INTERNATIONAL","EGYPT","EUROPEAN EGYPTIAN PHARMACEUTICAL INDUSTRIES","HELIOS PHARMA Ltd","2025-02-04","2030-02-03","valid","Rwanda FDA - Registered Pharmaceutical Products July 2026","https://rwandafda.gov.rw/register/monitoring_preview_register"
"248","Rwanda FDA-HMP-MA-2213","ALERBIX","BILASTINE","2.5 MG/ML","ORAL SOLUTION","120ml Bottle","36 Months","FAES FARMA, S.A","SPAIN","LABORATORIOS VITORIA S.A/ PORTUGAL","UBIPHARM-RWANDA LTD","2025-02-04","2030-02-03","valid","Rwanda FDA - Registered Pharmaceutical Products July 2026","https://rwandafda.gov.rw/register/monitoring_preview_register"
"249","Rwanda FDA-HMP-MA-2212","ALEVE","NAPROXEN SODIUM","220 MG","TABLETS","1x12 tablets","36 Months","Bayer Bitterfeld GmbH","Germany","Bayer East Africa Limited","Surgipharm (Rwanda) Ltd","2025-02-04","2030-02-03","valid","Rwanda FDA - Registered Pharmaceutical Products July 2026","https://rwandafda.gov.rw/register/monitoring_preview_register"
"250","Rwanda FDA-HMP-MA-2198","AMEROPEM","Meropenem Trihydrate and Sodium Carbonate anhydrous/ 1140.95 mg (Eq to Meropenem 1 g","1G","Powder for Solution for IV Injection/Infusion","1 vial/box","24 Months","PHARCO B INTERNATIONAL","EGYPT","PHARCO B INTERNATIONAL","Le medical Ltd","2025-02-04","2030-02-03","valid","Rwanda FDA - Registered Pharmaceutical Products July 2026","https://rwandafda.gov.rw/register/monitoring_preview_register"
"251","Rwanda FDA-HMP-MA-2258","APIBAN 5","Apixaban","5 mg","Tablets","1x10\'s, 3x10\'s & 10x10 Tablets","36 Months","MSN LABORATORIES PRIVATE LIMITED","INDIA","MSN LABORATORIES PRIVATE LIMITED","ABACUS PHARMA (A) LTD","2025-02-04","2030-02-03","valid","Rwanda FDA - Registered Pharmaceutical Products July 2026","https://rwandafda.gov.rw/register/monitoring_preview_register"
"252","Rwanda FDA-HMP-MA-2220","CANESTEN CREAM","Clotrimazole","10mg/1g","Cutaneous cream","1 Aluminium Tube","36 Months","GP Grenzach Produktions GmbH","GERMANY","Bayer East Africa Limited","Surgipharm (Rwanda) Ltd","2025-02-04","2030-02-03","valid","Rwanda FDA - Registered Pharmaceutical Products July 2026","https://rwandafda.gov.rw/register/monitoring_preview_register"
"253","Rwanda FDA-HMP-MA-2233","CLARINASE REPETABS","Loratadine +Pseudoephedrine sulphate","5MG+120MG","Tablets","14 tablets","24 Months","SAG MANUFACTURING SLU","SPAIN","Bayer East Africa Limited","Surgipharm (Rwanda) Ltd","2025-02-04","2030-02-03","valid","Rwanda FDA - Registered Pharmaceutical Products July 2026","https://rwandafda.gov.rw/register/monitoring_preview_register"
"254","Rwanda FDA-HMP-MA-2232","CLARITYNE SYRUP","Loratadine","1mg/ml","Syrup","100ml Bottle","36 Months","ORGANON HEIST BV","Belgium","Bayer East Africa Limited","Surgipharm (Rwanda) Ltd","2025-02-04","2030-02-03","valid","Rwanda FDA - Registered Pharmaceutical Products July 2026","https://rwandafda.gov.rw/register/monitoring_preview_register"
"255","Rwanda FDA-HMP-MA-2250","CLOPIDOGREL IMPACT","CLOPIDOGREL","75mg","Film-coated tablets","28 Tablets","36 Months","SANOFI WINTHROP INDUSTRIE","FRANCE","SANOFI-AVENTIS SOUTH AFRICA (PTY) LTD","KIPHARMA LTD","2025-02-04","2030-02-03","valid","Rwanda FDA - Registered Pharmaceutical Products July 2026","https://rwandafda.gov.rw/register/monitoring_preview_register"
"256","Rwanda FDA-HMP-MA-2241","CONCOR 10 MG","Bisoprolol fumarate","10 mg","TABLETS","30 Tablets","60 Months","MERCK HEALTHCARE KGA","Germany","Merck (Pty) Ltd","SURGIPHARM (RWANDA) LTD","2025-02-04","2030-02-03","valid","Rwanda FDA - Registered Pharmaceutical Products July 2026","https://rwandafda.gov.rw/register/monitoring_preview_register"
"257","Rwanda FDA-HMP-MA-2242","CONCOR 5 MG","Bisoprolol fumarate","5 mg","Tablets","30 Tablets","60 Months","MERCK HEALTHCARE KGA","Germany","Merck (Pty) Ltd","SURGIPHARM (RWANDA) LTD","2025-02-04","2030-02-03","valid","Rwanda FDA - Registered Pharmaceutical Products July 2026","https://rwandafda.gov.rw/register/monitoring_preview_register"
"258","Rwanda FDA-HBP-MA-0142","CYVAC","R21 Malaria Vaccine (Recombinant, Adjuvanted)","5mcg per 0.5mL","Solution for Injection","Pack of 50 Vials","24 Months","Serum Institute of India Pvt. Ltd","India","Serum Institute of India Pvt. Ltd","SUN ENTEPRISES LTD","2025-02-04","2030-02-03","valid","Rwanda FDA - Registered Pharmaceutical Products July 2026","https://rwandafda.gov.rw/register/monitoring_preview_register"
"259","Rwanda FDA-HMP-MA-2197","DECLOPHEN FAST","Diclofenac Potassium","50 mg","Granules for Oral Solution","10x2g","24 Months","PHARCO PHARMACEUTICALS","EGYPT","PHARCO PHARMACEUTICALS","Le Medical Ltd","2025-02-04","2030-02-03","valid","Rwanda FDA - Registered Pharmaceutical Products July 2026","https://rwandafda.gov.rw/register/monitoring_preview_register"
"260","Rwanda FDA-HMP-MA-2214","DICLOFENAC SODIUM","DICLOFENAC SODIUM","75MG/3ML","SOLUTION FOR INJECTION","1 or 5 ampoules","24 Months","LEK PHARMACEUTICALS D.D.","SLOVENIA","Sandoz GmbH","SURGIPHARM (RWANDA) LTD","2025-02-04","2030-02-03","valid","Rwanda FDA - Registered Pharmaceutical Products July 2026","https://rwandafda.gov.rw/register/monitoring_preview_register"
"261","Rwanda FDA-HMP-MA-2236","DOLUTEGRAVIR AND LAMIVUDINE TABLETS","DOLUTEGRAVIR AND LAMIVUDINE","50 mg/ 300 mg","TABLETS","30 TABLETS and 90 TABLETS","24 Months","CIPLA LIMITED","India","CIPLA LIMITED","Phillips Pharmaceuticals (Rwanda) Ltd","2025-02-04","2030-02-03","valid","Rwanda FDA - Registered Pharmaceutical Products July 2026","https://rwandafda.gov.rw/register/monitoring_preview_register"
"262","Rwanda FDA-HMP-MA-2260","EMPADIL-M 12.5/1000","EMPAGLIFLOZIN USP + METFORMIN HCL USP","12.5/1000 MG","TABLETS","3x10 Tablets","24 Months","AJANTA PHARMA LIMITED","INDIA","AJANTA PHARMA LIMITED","ABACUS PHARMA (A) LTD","2025-02-04","2030-02-03","valid","Rwanda FDA - Registered Pharmaceutical Products July 2026","https://rwandafda.gov.rw/register/monitoring_preview_register"
"263","Rwanda FDA-HMP-MA-2238","EPIBALIN 50","Pregabalin USP","50 mg","Capsules","1x10 Capsules & 3x10 Capsules","36 Months","MSN LABORATORIES PRIVATE LIMITED (Formulations Division)","INDIA","MSN LABORATORIES PRIVATE LIMITED","ABACUS PHARMA (A) LTD","2025-02-04","2030-02-03","valid","Rwanda FDA - Registered Pharmaceutical Products July 2026","https://rwandafda.gov.rw/register/monitoring_preview_register"
"264","Rwanda FDA-HMP-MA-2206","FARCOLIN","Salbutamol Sulphate 0.121 g (Equivalent to Salbutamol 0.1 g)","0.1 g","Respirator Solution","20 ml Bottle","36 Months","PHARCO PHARMACEUTICALS","EGYPT","PHARCO PHARMACEUTICALS","HELIOS PHARMA Ltd","2025-02-04","2030-02-03","valid","Rwanda FDA - Registered Pharmaceutical Products July 2026","https://rwandafda.gov.rw/register/monitoring_preview_register"
"265","Rwanda FDA-HMP-MA-2240","FORTIWIN-4","Procaine benzylpenicillin and Benzylpenicillin sodium","3,000,000 I.U and 1,000,000 I.U","Powder for injection","20 ml Vial","36 Months","REYOUNG PHARMACEUTICAL CO., LTD","P.R.CHINA","FARMASINO. CO., LTD","ABACUS PHARMA (A) LTD","2025-02-04","2030-02-03","valid","Rwanda FDA - Registered Pharmaceutical Products July 2026","https://rwandafda.gov.rw/register/monitoring_preview_register"
"266","Rwanda FDA-HMP-MA-2253","GEFITINIB","GEFITINIB Ph.Eur.","250 MG","TABLETS","3x10 Tablets","24 Months","CIPLA LIMITED","INDIA","CIPLA LIMITED","KIPHARMA LTD","2025-02-04","2030-02-03","valid","Rwanda FDA - Registered Pharmaceutical Products July 2026","https://rwandafda.gov.rw/register/monitoring_preview_register"
"267","Rwanda FDA-HMP-MA-2245","GLUCOMET 500 MG FILM COATED TABLETS","Metformin Hydrochloride BP","500 mg","TABLETS","2X14, 4X14, 10X10, 8X18 Tablets","36 Months","COSMOS LIMITED","KENYA","COSMOS LIMITED","SUN ENTERPRISES LTD","2025-02-04","2030-02-03","valid","Rwanda FDA - Registered Pharmaceutical Products July 2026","https://rwandafda.gov.rw/register/monitoring_preview_register"
"268","Rwanda FDA-HMP-MA-2244","GLUCOMET 850 MG FILM COATED TABLETS","Metformin Hydrochloride BP","850 mg","TABLETS","2X14, 4X14, 10X10, 8X14 Tablets","36 Months","COSMOS LIMITED","KENYA","COSMOS LIMITED","SUN ENTERPRISES LTD","2025-02-04","2030-02-03","valid","Rwanda FDA - Registered Pharmaceutical Products July 2026","https://rwandafda.gov.rw/register/monitoring_preview_register"
"269","Rwanda FDA-HMP-MA-2234","GVIA-M TABLET 50MG/1000MG","Sitagliptin Phosphate Monohydrate and Metformin Hydrochloride USP","50mg and 1000mg","TABLETS","60 Tablets","24 Months","GENIX PHARMA (PVT.) LTD","PAKISTAN","GENIX PHARMA (PVT.) LTD","ETS CONTINENTAL LTD","2025-02-04","2030-02-03","valid","Rwanda FDA - Registered Pharmaceutical Products July 2026","https://rwandafda.gov.rw/register/monitoring_preview_register"
"270","Rwanda FDA-HMP-MA-2205","HAEMOJET","Each Ampoule (2 ml) contains Elemental Iron 100 mg (As Ferric Hydroxide Polymaltose)","100 mg/ 2ml","Solution for IM Injection/IV Infusion","2 x 3 mL or 2 x 6 mL","24 Months","PHARCO B INTERNATIONAL","EGYPT","EUROPEAN EGYPTIAN PHARMACEUTICAL INDUSTRIES","HELIOS PHARMA Ltd","2025-02-04","2030-02-03","valid","Rwanda FDA - Registered Pharmaceutical Products July 2026","https://rwandafda.gov.rw/register/monitoring_preview_register"
"271","Rwanda FDA-HMP-MA-2204","HAEMOJET Syrup","Ferric Hydroxide Polymaltose Complex","50 mg/5 ml","SYRUP","100ml Bottle","36 Months","PHARCO B INTERNATIONAL","EGYPT","EUROPEAN EGYPTIAN PHARMACEUTICAL INDUSTRIES","HELIOS PHARMA Ltd","2025-02-04","2030-02-03","valid","Rwanda FDA - Registered Pharmaceutical Products July 2026","https://rwandafda.gov.rw/register/monitoring_preview_register"
"272","Rwanda FDA-HMP-MA-2235","HYOSCINE BUTYLBROMIDE","Hyoscine Butylbromide","10 mg","TABLETS","10x10 Capsules","36 Months","COSMOS LIMITED","KENYA","COSMOS LIMITED","SUN ENTERPRISES LTD","2025-02-04","2030-02-03","valid","Rwanda FDA - Registered Pharmaceutical Products July 2026","https://rwandafda.gov.rw/register/monitoring_preview_register"
"273","Rwanda FDA-HMP-MA-2216","IBUCOS 200","IBUPROFEN","200 mg","TABLETS","10x10 Tablets","36 Months","COSMOS LIMITED","KENYA","COSMOS LIMITED","SUN ENTERPRISES LTD","2025-02-04","2030-02-03","valid","Rwanda FDA - Registered Pharmaceutical Products July 2026","https://rwandafda.gov.rw/register/monitoring_preview_register"
"274","Rwanda FDA-HMP-MA-2199","IMPLATINZE 500MG/500MG","Sterile mixture of Imipenem monohydrate and Cilastatin Sodium","500 mg/500 mg","Powder for Solution for IV Infusion","1,10 or 25 Vials","24 Months","PHARCO B INTERNATIONAL","EGYPT","PHARCO B INTERNATIONAL","Le medical Ltd","2025-02-04","2030-02-03","valid","Rwanda FDA - Registered Pharmaceutical Products July 2026","https://rwandafda.gov.rw/register/monitoring_preview_register"
"275","Rwanda FDA-HBP-MA-0144","Insulin Injection, Biphasic Isophane Ph. Eur","Recombinant Human Insulin Ph. Eur.","100 IU/ml","Suspension for Injection","10 ml Vial","24 Months","M. J. BIOPHARM. PVT LTD","INDIA","Generix Laboratories Pvt. Ltd, India","AIVEEN (R) LTD","2025-02-04","2030-02-03","valid","Rwanda FDA - Registered Pharmaceutical Products July 2026","https://rwandafda.gov.rw/register/monitoring_preview_register"
"276","Rwanda FDA-HMP-MA-2264","IVIPIME","Cefepime Hydrochloride","1gr","Dry Powder for Injection","10 mL Vial","24 Months","VHB MEDI SCIENCES LIMITED","INDIA","VHB MEDI SCIENCES LIMITED","Droga Pharma (Rwanda) Ltd","2025-02-04","2030-02-03","valid","Rwanda FDA - Registered Pharmaceutical Products July 2026","https://rwandafda.gov.rw/register/monitoring_preview_register"
"277","Rwanda FDA-HMP-MA-2219","LARTEM FORTE","Artemether and Lumefantrine","80/480mg","TABLETS","1x6 Tablets","36 Months","S KANT HEALTHCARE LTD","INDIA","S KANT HEALTHCARE LTD","ABACUS PHARMA (A) LTD","2025-02-04","2030-02-03","valid","Rwanda FDA - Registered Pharmaceutical Products July 2026","https://rwandafda.gov.rw/register/monitoring_preview_register"
"278","Rwanda FDA-HMP-MA-2211","LASTMOL TABLETS","SALBUTAMOL","4 mg","TABLETS","","36 Months","LABORATORY & ALLIED LIMITED","KENYA","LABORATORY & ALLIED LIMITED","DEPOT PHARMACEUTIQUE LE MEDICAL","2025-02-04","2030-02-03","valid","Rwanda FDA - Registered Pharmaceutical Products July 2026","https://rwandafda.gov.rw/register/monitoring_preview_register"
"279","Rwanda FDA-HMP-MA-2246","LEVOBUPIVACAINE","Levobupivacaine hydrochloride","56.33 mg/ ampoule","Solution for injection","5x10 ml ampoules","36 Months","ALTAN PHARMACEUTICALS, S.A.","SPAIN","Altan Pharma Ltd/ Ireland","KIPHARMA LTD","2025-02-04","2030-02-03","valid","Rwanda FDA - Registered Pharmaceutical Products July 2026","https://rwandafda.gov.rw/register/monitoring_preview_register"
"280","Rwanda FDA-HMP-MA-2243","NATOA SUSPENSION","Mebendazole BP","100 mg/5ml","Oral suspension","30 ml Bottle","36 Months","LABORATORY & ALLIED LIMITED","KENYA","LABORATORY & ALLIED LIMITED","Depot Pharmaceutique Le Medical","2025-02-04","2030-02-03","valid","Rwanda FDA - Registered Pharmaceutical Products July 2026","https://rwandafda.gov.rw/register/monitoring_preview_register"
"281","Rwanda FDA-HMP-MA-2209","NORHINOSE Nasal Spray","Mometasone Furoate Monohydrate","0.052 mg","Nasal Spray","18gm suspension of 120 doses","24 Months","EUROPEAN EGYPTIAN PHARMACEUTICAL INDUSTRIES","EGYPT","Amriya for Pharmaceutical Industries","HELIOS PHARMA Ltd","2025-02-04","2030-02-03","valid","Rwanda FDA - Registered Pharmaceutical Products July 2026","https://rwandafda.gov.rw/register/monitoring_preview_register"
"282","Rwanda FDA-HMP-MA-2257","PANFOR-STG 50/1000","Sitagliptin hydrochloride Monohydrate and Metformin hydrochloride","50 mg/ 1000 mg","Tablets","14 x 4 Tablets","24 Months","SAG MANUFACTURING S.L.U","SPAIN","MEGA LIFESCIENCES PUBLIC COMPANY LIMITED","ABACUS PHARMA (A) LTD","2025-02-04","2030-02-03","valid","Rwanda FDA - Registered Pharmaceutical Products July 2026","https://rwandafda.gov.rw/register/monitoring_preview_register"
"283","Rwanda FDA-HMP-MA-2239","PENVIR 500","Famciclovir","500 mg","Tablets","3x10 Tablets","24 Months","HETERO LABS LIMITED","INDIA","HETERO LABS LIMITED","BION PHARMA GROUP LTD","2025-02-04","2030-02-03","valid","Rwanda FDA - Registered Pharmaceutical Products July 2026","https://rwandafda.gov.rw/register/monitoring_preview_register"
"284","Rwanda FDA-HMP-MA-2218","PHENOBARBITAL 30MG TABLETS","Phenobarbital","30 mg","Tablets","10x10 Tablets","36 Months","COSMOS LIMITED","KENYA","COSMOS LIMITED","SUN ENTERPRISES LTD","2025-02-04","2030-02-03","valid","Rwanda FDA - Registered Pharmaceutical Products July 2026","https://rwandafda.gov.rw/register/monitoring_preview_register"
"285","Rwanda FDA-HMP-MA-2237","PREDNISOLONE 5 MG TABLETS","Prednisolone","5 mg","TABLETS","10x10 Tablets","36 Months","COSMOS LIMITED","KENYA","COSMOS LIMITED","SUN ENTERPRISES LTD","2025-02-04","2030-02-03","valid","Rwanda FDA - Registered Pharmaceutical Products July 2026","https://rwandafda.gov.rw/register/monitoring_preview_register"
"286","Rwanda FDA-HMP-MA-2201","PROGEST 100 mg Soft Gelatin Capsules","Progesterone Micronised","100 mg","Soft Gelatin Capsules","24 Capsules","36 Months","TECHNO PHARMA","EGYPT","PHRACO PHARMACEUTICALS","HELIOS PHARMA Ltd","2025-02-04","2030-02-03","valid","Rwanda FDA - Registered Pharmaceutical Products July 2026","https://rwandafda.gov.rw/register/monitoring_preview_register"
"287","Rwanda FDA-HMP-MA-2200","PROGEST 200 mg Soft Gelatin Capsules","Progesterone Micronised","200 mg","Soft Gelatin Capsules","30 Capsules","36 Months","TECHNO PHARMA EGYPT","EGYPT","PHARCO PHARMACEUTICALS","HELIOS PHARMA Ltd","2025-02-04","2030-02-03","valid","Rwanda FDA - Registered Pharmaceutical Products July 2026","https://rwandafda.gov.rw/register/monitoring_preview_register"
"288","Rwanda FDA-HMP-MA-2248","RENNIE PEPPERMINT","Calcium carbonate and magnesium carbonate","680mg and 80mg","TABLETS","Packs of 2, 6, 24, 48 and 96 tablets","36 Months","DELPHARM GAILLARD","France","Bayer East Africa Limited","Surgipharm (Rwanda) Ltd","2025-02-04","2030-02-03","valid","Rwanda FDA - Registered Pharmaceutical Products July 2026","https://rwandafda.gov.rw/register/monitoring_preview_register"
"289","Rwanda FDA-HMP-MA-2261","RIFAPENTINE","Rifapentine Dispersible Tablets","150 mg","Dispersible Tablets","10x10 Tablets","24 Months","LUPIN LIMITED","INDIA","LUPIN LIMITED","AIVEEN (R) LTD","2025-02-04","2030-02-04","valid","Rwanda FDA - Registered Pharmaceutical Products July 2026","https://rwandafda.gov.rw/register/monitoring_preview_register"
"290","Rwanda FDA-HMP-MA-2215","SALBUT 4","SALBUTAMOL SULPHATE","4 mg","TABLETS","10x10 Tablets","36 Months","COSMOS LIMITED","KENYA","COSMOS LIMITED","SUN ENTERPRISES LTD","2025-02-04","2030-02-03","valid","Rwanda FDA - Registered Pharmaceutical Products July 2026","https://rwandafda.gov.rw/register/monitoring_preview_register"
"291","Rwanda FDA-HMP-MA-2247","SANMOL","PARACETAMOL","1000MG/100ML","SOLUTION FOR INFUSION","100 ml Bottle","24 Months","PT. SANBE FARMA","INDONESIA","PT SANBE FARMA","AFRIHEALTH CARE LIMITED","2025-02-04","2030-02-03","valid","Rwanda FDA - Registered Pharmaceutical Products July 2026","https://rwandafda.gov.rw/register/monitoring_preview_register"
"292","Rwanda FDA-HMP-MA-2263","SARTILOS","LOSARTAN POTASSIUM","50MG","TABLETS","3x10 Tablets","36 Months","BIODEAL LABORATORIES LTD","KENYA","BIODEAL LABORATORIES LTD","CAPITAL PHARMACEUTICAL SUPPLIES LIMITED","2025-02-04","2030-02-03","valid","Rwanda FDA - Registered Pharmaceutical Products July 2026","https://rwandafda.gov.rw/register/monitoring_preview_register"
"293","Rwanda FDA-HMP-MA-2251","STATINOR 10","Rosuvastatin","10 mg","Tablets","1x10 Tablets","36 Months","HETERO LABS LIMITED","INDIA","HETERO LABS LIMITED","BION PHARMA GROUP LTD","2025-02-04","2030-02-03","valid","Rwanda FDA - Registered Pharmaceutical Products July 2026","https://rwandafda.gov.rw/register/monitoring_preview_register"
"294","Rwanda FDA-HMP-MA-2252","STATINOR 20","Rosuvastatin","20 mg","Tablets","1x10 Tablets","24 Months","HETERO LABS LIMITED","INDIA","HETERO LABS LIMITED","BION PHARMA GROUP LTD","2025-02-04","2030-02-03","valid","Rwanda FDA - Registered Pharmaceutical Products July 2026","https://rwandafda.gov.rw/register/monitoring_preview_register"
"295","Rwanda FDA-HMP-MA-2223","TAZOGARD","PIPERACILLIN + TAZOBACTAM","400mg/500mg","Powder for Injection","30 ml Vial","36 Months","AKUMS DRUGS & PHARMACEUTICALS LTD","INDIA","UNOSOURCE PHARMA LIMITED","AIVEEN (R) LTD","2025-02-04","2030-02-03","valid","Rwanda FDA - Registered Pharmaceutical Products July 2026","https://rwandafda.gov.rw/register/monitoring_preview_register"
"296","Rwanda FDA-HMP-MA-2228","TELMI-40","TELMISARTAN","40MG","TABLETS","3x10 Tablets","36 Months","FREDUN PHARMACEUTICALS LTD","INDIA","GALAXY PHARMACEUTICALS LTD, KENYA","STAR BIOTECH LTD","2025-02-04","2030-02-03","valid","Rwanda FDA - Registered Pharmaceutical Products July 2026","https://rwandafda.gov.rw/register/monitoring_preview_register"
"297","Rwanda FDA-HMP-MA-2226","TELMI-40 AMH","TELMISARTAN + AMLODIPINE + HYDROCHLOTHIAZIDE","40MG+ 5MG+ 12.5MG","TABLETS","3x10 Tablets","36 Months","FREDUN PHARMACEUTICALS LTD","INDIA","GALAXY PHARMACEUTICALS LTD, KENYA","STAR BIOTECH LTD","2025-02-04","2030-02-03","valid","Rwanda FDA - Registered Pharmaceutical Products July 2026","https://rwandafda.gov.rw/register/monitoring_preview_register"
"298","Rwanda FDA-HMP-MA-2230","TELMI-40 CT","TELMISARTAN + CHLORTHALIDONE","40MG+ 12.5MG","TABLETS","3x10 Tablets","36 Months","FREDUN PHARMACEUTICALS LTD","INDIA","GALAXY PHARMACEUTICALS LTD, KENYA","STAR BIOTECH LTD","2025-02-04","2030-02-03","valid","Rwanda FDA - Registered Pharmaceutical Products July 2026","https://rwandafda.gov.rw/register/monitoring_preview_register"
"299","Rwanda FDA-HMP-MA-2231","TELMI-40 H","TELMISARTAN + HYDROCHLOROTHIAZIDE","40MG + 12.5MG","TABLETS","3x10 Tablets","36 Months","FREDUN PHARMACEUTICALS LTD","INDIA","GALAXY PHARMACEUTICALS LTD, KENYA","STAR BIOTECH LTD","2025-02-04","2030-02-03","valid","Rwanda FDA - Registered Pharmaceutical Products July 2026","https://rwandafda.gov.rw/register/monitoring_preview_register"
"300","Rwanda FDA-HMP-MA-2227","TELMI-80","TELMISARTAN","80MG","TABLETS","3x10 Tablets","36 Months","FREDUN PHARMACEUTICALS LTD","INDIA","GALAXY PHARMACEUTICALS LTD, KENYA","STAR BIOTECH LTD","2025-02-04","2030-02-03","valid","Rwanda FDA - Registered Pharmaceutical Products July 2026","https://rwandafda.gov.rw/register/monitoring_preview_register"
"301","Rwanda FDA-HMP-MA-2225","TELMI-80 AMH","TELMISARTAN + AMLODIPINE + HYDROCHLOTHIAZIDE","80MG + 5MG + 12.5MG","TABLETS","3x10 Tablets","36 Months","FREDUN PHARMACEUTICALS LTD","INDIA","GALAXY PHARMACEUTICALS LTD, KENYA","STAR BIOTECH LTD","2025-02-04","2030-02-03","valid","Rwanda FDA - Registered Pharmaceutical Products July 2026","https://rwandafda.gov.rw/register/monitoring_preview_register"
"302","Rwanda FDA-HMP-MA-2224","TELMI-80 CT","TELMISARTAN + HYDROCHLOROTHIAZIDE","80MG +12.5MG","TABLETS","3x10 Tablets","36 Months","FREDUN PHARMACEUTICALS LTD","INDIA","GALAXY PHARMACEUTICALS LTD, KENYA","STAR BIOTECH LTD","2025-02-04","2030-02-03","valid","Rwanda FDA - Registered Pharmaceutical Products July 2026","https://rwandafda.gov.rw/register/monitoring_preview_register"
"303","Rwanda FDA-HMP-MA-2229","TELMI-80 H","TELMISARTAN + HYDROCHLOROTHIAZIDE","80MG + 12.5MG","TABLETS","3x10 Tablets","36 Months","FREDUN PHARMACEUTICALS LTD","INDIA","GALAXY PHARMACEUTICALS LTD, KENYA","STAR BIOTECH LTD","2025-02-04","2030-02-03","valid","Rwanda FDA - Registered Pharmaceutical Products July 2026","https://rwandafda.gov.rw/register/monitoring_preview_register"
"304","Rwanda FDA-HMP-MA-2256","TEMOTERO 20","TEMOZOLAMIDE","20 mg","Capsules","4x5 Capsules","24 Months","HETERO LABS LIMITED","INDIA","HETERO LABS LIMITED","BION PHARMA GROUP LTD","2025-02-04","2030-02-03","valid","Rwanda FDA - Registered Pharmaceutical Products July 2026","https://rwandafda.gov.rw/register/monitoring_preview_register"
"305","Rwanda FDA-HMP-MA-2202","TICANASE NASAL SPRAY","Fluticasone Propionate","50 mcg","Nasal Spray","12gm","24 Months","EUROPEAN EGYPTIAN PHARMACEUTICAL INDUSTRIES","EGYPT","EUROPEAN EGYPTIAN PHARMACEUTICAL INDUSTRIES","HELIOS PHARMA Ltd","2025-02-04","2030-02-03","valid","Rwanda FDA - Registered Pharmaceutical Products July 2026","https://rwandafda.gov.rw/register/monitoring_preview_register"
"306","Rwanda FDA-HMP-MA-2207","TICANASE PLUS","Azelastine Hydrochloride: 137 mcg / dose (0.137 ml) Fluticasone propionate 50 mcg / dose (0.137 ml)","137 mcg /50 mcg","Nasal Spray","15 ml Bottle","24 Months","EUROPEAN EGYPTIAN PHARMACEUTICAL INDUSTRIES","EGYPT","EUROPEAN EGYPTIAN PHARMACEUTICAL INDUSTRIES","HELIOS PHARMA Ltd","2025-02-04","2030-02-03","valid","Rwanda FDA - Registered Pharmaceutical Products July 2026","https://rwandafda.gov.rw/register/monitoring_preview_register"
"307","Rwanda FDA-HMP-MA-2222","TRADMIN","Tramadol","50mg/ml","Injection","5x2 ml","24 Months","AKUMS DRUGS & PHARMACEUTICALS LTD","INDIA","UNOSOURCE PHARMA LIMITED","AIVEEN (R) LTD","2025-02-04","2030-02-03","valid","Rwanda FDA - Registered Pharmaceutical Products July 2026","https://rwandafda.gov.rw/register/monitoring_preview_register"
"308","Rwanda FDA-HMP-MA-2210","TREXOZOLA","Letrozole","2.5 mg","TABLETS","10 Film coated tablets","24 Months","TECHNO PHARMA EGYPT","EGYPT","TECHNO PHARMA EGYPT","Le Medical Ltd","2025-02-04","2030-02-03","valid","Rwanda FDA - Registered Pharmaceutical Products July 2026","https://rwandafda.gov.rw/register/monitoring_preview_register"
"309","Rwanda FDA-HMP-MA-2262","TROGYL PLUS TABLET","METRONIDAZOLE/ DILOXANIDE FUROATE","200MG/ 250MG","TABLETS","10x10 Tablets","36 Months","BIODEAL LABORATORIES LTD","KENYA","BIODEAL LABORATORIES LTD","CAPITAL PHARMACEUTICAL SUPPLIES LIMITED","2025-02-04","2030-02-03","valid","Rwanda FDA - Registered Pharmaceutical Products July 2026","https://rwandafda.gov.rw/register/monitoring_preview_register"
"310","Rwanda FDA-HMP-MA-2254","UNOSEMIDE 10","Furosemide BP","10mg/ml","Injection","2ml Ampoules","36 Months","AKUMS DRUGS & PHARMACEUTICALS LTD","INDIA","UNOSOURCE PHARMA LIMITED","AIVEEN (R) LTD","2025-02-04","2030-02-03","valid","Rwanda FDA - Registered Pharmaceutical Products July 2026","https://rwandafda.gov.rw/register/monitoring_preview_register"
"311","Rwanda FDA-HMP-MA-2221","UNOTATION","Tranexamic Acid Injection BP","500mg/5ml","Injection","5 x 5 ml","36 Months","AKUMS DRUGS & PHARMACEUTICALS LTD","INDIA","UNOSOURCE PHARMA LIMITED","AIVEEN (R) LTD","2025-02-04","2030-02-03","valid","Rwanda FDA - Registered Pharmaceutical Products July 2026","https://rwandafda.gov.rw/register/monitoring_preview_register"
"312","Rwanda FDA-HMP-MA-2259","VASTEN 25","CINNARIZINE","25MG","TABLETS","10 Tablets","24 Months","LINCOLN PHARMACEUTICALS LTD","INDIA","LINCOLN PHARMACEUTICALS LTD","ABACUS PHARMA (A) LTD","2025-02-04","2030-02-03","valid","Rwanda FDA - Registered Pharmaceutical Products July 2026","https://rwandafda.gov.rw/register/monitoring_preview_register"
"313","Rwanda FDA-HBP-MA-0143","VAXIRAB N","Inactivated final bulk of rabies vaccine ?2.5IU/Vial","?2.5 IU/Vial","Solution for injection","3 ml Vial","36 Months","ZYDUS LIFESCIENCES LIMITED","INDIA","ZYDUS LIFESCIENCES LIMITED","ABACUS PHARMA (A) LTD","2025-02-04","2030-02-03","valid","Rwanda FDA - Registered Pharmaceutical Products July 2026","https://rwandafda.gov.rw/register/monitoring_preview_register"
"314","Rwanda FDA-HMP-MA-2208","XILONE Syrup","Prednisolone Sodium Phosphate (6.7 mg) (equivalent to Prednisolone) (5mg)","5 mg/5ml","SYRUP","100 ml Bottle","36 Months","EUROPEAN EGYPTIAN PHARMACEUTICAL INDUSTRIES","EGYPT","EUROPEAN EGYPTIAN PHARMACEUTICAL INDUSTRIES","HELIOS PHARMA Ltd","2025-02-04","2030-02-03","valid","Rwanda FDA - Registered Pharmaceutical Products July 2026","https://rwandafda.gov.rw/register/monitoring_preview_register"
"315","Rwanda FDA-HMP-MA-2217","ZINNIA P","Levonorgestrel 0.15mg + Ethinylestradiol 0.03mg","150mcg + 30mcg","tablets","28 Tablets","36 Months","MYLAN LABORATORIES LIMITED","India","MYLAN LABORATORIES LIMITED","Pyramid Pharma Limited","2025-02-04","2030-02-03","valid","Rwanda FDA - Registered Pharmaceutical Products July 2026","https://rwandafda.gov.rw/register/monitoring_preview_register"
"316","Rwanda FDA-HMP-MA-2255","ZOLID","Linezolid","600 mg","Tablets","1x10 Tablets","36 Months","HETERO LABS LIMITED","INDIA","HETERO LABS LIMITED","BION PHARMA GROUP LTD","2025-02-04","2030-02-03","valid","Rwanda FDA - Registered Pharmaceutical Products July 2026","https://rwandafda.gov.rw/register/monitoring_preview_register"
"317","Rwanda FDA-HMP-MA-2185","ABLEPT-300","GABAPENTINE","300MG","CAPSULES","3x10 Capsules","36 Months","MICRO LABS LIMITED","INDIA","MICRO LABS LIMITED","WESSEX PHARMACEUTICALS (RWANDA) LTD","2025-01-09","2030-01-08","valid","Rwanda FDA - Registered Pharmaceutical Products July 2026","https://rwandafda.gov.rw/register/monitoring_preview_register"
"318","Rwanda FDA-HMP-MA-2266","ADRENALINE AGUETTANT","ADRENALINE TARTRATE","1MG/ML","SOLUTION FOR INJECTION","Box of 1 or 10 syringes of 5ml","24 Months","LABORATOIRE AGUETTANT","France","Laboratoire AguettantAdress: 1, rue Alexander Fleming-69007 LyonCounty: France Telephone: +33(0)478615141Email: regulatory.export-dm@aguettant.fr","PHILLIPS PHARMACEUTICALS (RWANDA) LTD","2025-01-09","2030-01-08","valid","Rwanda FDA - Registered Pharmaceutical Products July 2026","https://rwandafda.gov.rw/register/monitoring_preview_register"
"319","Rwanda FDA-HMP-MA-2168","AKUROSE","Iron Sucrose Injection USP","20 mg/ml","Injection","5ml","36 months","AKUMS DRUGS & PHARMACEUTICALS LTD","INDIA","UNOSOURCE PHARMA LTD","AIVEEN (R) LTD","2025-01-09","2030-01-08","valid","Rwanda FDA - Registered Pharmaceutical Products July 2026","https://rwandafda.gov.rw/register/monitoring_preview_register"
"320","Rwanda FDA-HMP-MA-2179","BUNASE 200","BUDESONIDE","200MCG","Inhalation","1 canister","36 Months","MACLEODS PHARMACEUTICALS LIMITED","INDIA","MACLEODS PHARMACEUTICALS LIMITED","AIVEEN (R) LTD","2025-01-09","2030-01-08","valid","Rwanda FDA - Registered Pharmaceutical Products July 2026","https://rwandafda.gov.rw/register/monitoring_preview_register"
"321","Rwanda FDA-HMP-MA-2173","CELEBIB 100","CELECOXIB","100 mg","CAPSULES","3x10 Capsules","48 Months","MACLEODS PHARMACEUTICALS LIMITED","INDIA","MACLEODS PHARMACEUTICALS LIMITED","AIVEEN (R) LTD","2025-01-09","2030-01-08","valid","Rwanda FDA - Registered Pharmaceutical Products July 2026","https://rwandafda.gov.rw/register/monitoring_preview_register"
"322","Rwanda FDA-HMP-MA-2195","CLAVUMOCCID-500","AMOXICILLIN/POTASSIUM CLAVULANATE","500MG/62.5MG","POWDER FOR ORAL SUSPENSION","Box of 20 sachets","24 Months","Medicef Pharma","INDIA","IMEX PHARMA","Mediasol Pharmaceutical Depot Ltd","2025-01-09","2030-01-08","valid","Rwanda FDA - Registered Pharmaceutical Products July 2026","https://rwandafda.gov.rw/register/monitoring_preview_register"
"323","Rwanda FDA-HMP-MA-2182","D5 500ML","Glucose Intravenous Infusion B.P","5%V/W","INTRAVENOUS INFUSION","500ml &1000ml","36 Months","ACULIFE HEALTHCARE PVT. LTD","INDIA","ACULIFE HEALTHCARE PVT. LTD","SUN ENTERPRISES LTD","2025-01-09","2030-01-08","valid","Rwanda FDA - Registered Pharmaceutical Products July 2026","https://rwandafda.gov.rw/register/monitoring_preview_register"
"324","Rwanda FDA-HMP-MA-2169","DOBATAF-3","Dolutegravir, Emtricitabine and Tenofovir Alafenamide","50 mg/200 mg/25 mg","TABLETS","","24 Months","APL HEALTHCARE LIMITED","INDIA","Aurobindo Pharma Limited","PHILLIPS PHARMACEUTICALS (RWANDA) LTD","2025-01-09","2030-01-08","valid","Rwanda FDA - Registered Pharmaceutical Products July 2026","https://rwandafda.gov.rw/register/monitoring_preview_register"
"325","Rwanda FDA-HMP-MA-2172","DOLUTEGRAVIR SODIUM 50MG, LAMIVUDINE USP 300 MG, TENOFOVIR DISOPROXIL FUMARATE 300 MG","DOLUTEGRAVIR SODIUM, LAMIVUDINE USP, TENOFOVIR DISOPROXIL FUMARATE","50 MG, 300 MG, 300 MG","TABLETS","30 TABLETS; 90 TABLETS and 180 TABLETS","36 Months","CIPLA LTD","INDIA","CIPLA LTD","PHILIPS PHARMACEUTICALS (RWANDA) LTD","2025-01-09","2030-01-08","valid","Rwanda FDA - Registered Pharmaceutical Products July 2026","https://rwandafda.gov.rw/register/monitoring_preview_register"
"326","Rwanda FDA-HMP-MA-2194","EMITOSS SOLUTION","ONDANSENTRON HYDROCHLORIDE DIHYDRATE","2MG/5ML","Oral Solution","30 ml","36 Months","ENICAR PHARMACEUTICALS PVT. LTD","INDIA","GALAXY PHARMACEUTICALS LTD, KENYA","STAR BIOTECH LIMITED","2025-01-09","2030-01-08","valid","Rwanda FDA - Registered Pharmaceutical Products July 2026","https://rwandafda.gov.rw/register/monitoring_preview_register"
"327","Rwanda FDA-HMP-MA-2167","GYNOZOL","MICONAZOLE NITRATE","400 mg","VAGINAL SOFT GELATIN CAPSULES","3 VAGINAL SOFT GELATIN CAPSULES","36 Months","SAFE for Pharmaceuticals (Safe Pharma)","EGYPT","PHARCO PHARMACEUTICALS","HELIOS PHARMA Ltd","2025-01-09","2030-01-08","valid","Rwanda FDA - Registered Pharmaceutical Products July 2026","https://rwandafda.gov.rw/register/monitoring_preview_register"
"328","Rwanda FDA-HMP-MA-2170","Heparin Sodium Injection BP","Heparin Sodium Injection BP","25000IU/5ml","Injection","5 mL","36 months","M/s. Gland Pharma Limited","INDIA","M/s. Gland Pharma Limited","Africa Healthcare Network Rwanda Ltd","2025-01-09","2030-01-08","valid","Rwanda FDA - Registered Pharmaceutical Products July 2026","https://rwandafda.gov.rw/register/monitoring_preview_register"
"329","Rwanda FDA-HMP-MA-2184","INSUFOR 500MG","METFORMIN HYDROCHLORIDE","500MG","FILM COATED TABLETS","90 Film coated tablets","36 Months","","Turkey","","","2025-01-09","2030-01-08","valid","Rwanda FDA - Registered Pharmaceutical Products July 2026","https://rwandafda.gov.rw/register/monitoring_preview_register"
"330","Rwanda FDA-HMP-MA-2190","IRYS","GLIMEPIRIDE","4MG","TABLETS","2x15 TABLETS","36 Months","LES LABORATOIRES MEDIS","TUNISIA","LES LABORATOIRES MEDIS","KIPHARMA LTD","2025-01-09","2030-01-08","valid","Rwanda FDA - Registered Pharmaceutical Products July 2026","https://rwandafda.gov.rw/register/monitoring_preview_register"
"331","Rwanda FDA-HMP-MA-2191","IRYS","GLIMEPIRIDE","3MG","TABLETS","2x15 TABLETS","36 Months","LES LABORATOIRES MEDIS","TUNISIA","","KIPHARMA LTD","2025-01-09","2030-01-08","valid","Rwanda FDA - Registered Pharmaceutical Products July 2026","https://rwandafda.gov.rw/register/monitoring_preview_register"
"332","Rwanda FDA-HMP-MA-2192","IRYS","GLIMEPIRIDE","1MG","TABLETS","2x15 TABLETS","36 Months","LES LABORATOIRES MEDIS","TUNISIA","LES LABORATOIRES MEDIS","KIPHARMA LTD","2025-01-09","2030-01-08","valid","Rwanda FDA - Registered Pharmaceutical Products July 2026","https://rwandafda.gov.rw/register/monitoring_preview_register"
"333","Rwanda FDA-HMP-MA-2175","IXAROLA 10","RIVAROXABAN 10","10 mg","TABLETS","3x10 Tablets","36 Months","BAYER AG & BAYER HEALTHCARE MANUFACTURING S.r.l","Germany & Italy","Bayer East Africa Limited","SURGIPHARM (RWANDA) LTD","2025-01-09","2030-01-08","valid","Rwanda FDA - Registered Pharmaceutical Products July 2026","https://rwandafda.gov.rw/register/monitoring_preview_register"
"334","Rwanda FDA-HMP-MA-2176","IXAROLA 15","RIVAROXABAN 15","15 mg","TABLETS","42 tablets","36 Months","BAYER AG & BAYER HEALTHCARE MANUFACTURING S.r.l","Germany & Italy","Bayer East Africa Limited","SURGIPHARM (RWANDA) LTD","2025-01-09","2030-01-08","valid","Rwanda FDA - Registered Pharmaceutical Products July 2026","https://rwandafda.gov.rw/register/monitoring_preview_register"
"335","Rwanda FDA-HMP-MA-2177","IXAROLA 20","RIVAROXABAN 20","20 mg","TABLETS","28 Tablets","36 Months","BAYER AG & BAYER HEALTHCARE MANUFACTURING S.r.l","Germany & Italy","Bayer East Africa Limited","SURGIPHARM (RWANDA) LTD","2025-01-09","2030-01-08","valid","Rwanda FDA - Registered Pharmaceutical Products July 2026","https://rwandafda.gov.rw/register/monitoring_preview_register"
"336","Rwanda FDA-HMP-MA-2188","IXINE 200","CEFIXIME TRIHYDRATE USP","200MG","C","1 X10 TABLETS","36 Months","GRACURE PHARMACEUTICALS LIMITED","INDIA","EXPHAR S.A","H&H PHARMA LTD","2025-01-09","2030-01-08","valid","Rwanda FDA - Registered Pharmaceutical Products July 2026","https://rwandafda.gov.rw/register/monitoring_preview_register"
"337","Rwanda FDA-HMP-MA-2181","KETAPIL","Ketamine Hydrochloride Injection","50mg/ml","Injection","10ml Vial","36 Months","Psychotropics India Limited","India","Psychotropics India Limited","Pharmaceutical and Medical Supplies Society Limited","2025-01-09","2030-01-08","valid","Rwanda FDA - Registered Pharmaceutical Products July 2026","https://rwandafda.gov.rw/register/monitoring_preview_register"
"338","Rwanda FDA-HMP-MA-2265","LAEOVATE CREAM","BETAMETHASONE BP (AS VALERATE)","0.1% W/W","CREAM","15gm","36 Months","LABORATORY & ALLIED LIMITED","KENYA","LABORATORY & ALLIED LIMITED","Depot Pharmaceutique Le Medical","2025-01-09","2030-01-08","valid","Rwanda FDA - Registered Pharmaceutical Products July 2026","https://rwandafda.gov.rw/register/monitoring_preview_register"
"339","Rwanda FDA-HMP-MA-2189","LOMOH 40","ENOXAPARIN SODIUM","40MG/ML","SOLUTION FOR INJECTION","1ML","24 Months","EMCURE PHARMACEUTICALS LIMITED","INDIA","EMCURE PHARMACEUTICALS LIMITED","ABACUS PHARMA (A) LTD","2025-01-09","2030-01-08","valid","Rwanda FDA - Registered Pharmaceutical Products July 2026","https://rwandafda.gov.rw/register/monitoring_preview_register"
"340","Rwanda FDA-HMP-MA-2180","METROREN TABLETS","METRONIDAZOLE BENZOATE","200 MG","Tablets","10 tablets &1000 tablets","24 Months","RENE INDUSTRIES LTD","UGANDA","RENE INDUSTRIES LTD","RENE PHARMACY (R) LTD","2025-01-09","2030-01-08","valid","Rwanda FDA - Registered Pharmaceutical Products July 2026","https://rwandafda.gov.rw/register/monitoring_preview_register"
"341","Rwanda FDA-HMP-MA-2193","MP 40","METHYLPREDNISOLONE HYDROGEN SUCCINATE","40MG","POWDER FOR SOLUTION FOR INJECTION","1 x 1 pack","24 Months","LES LABORATOIRES MEDIS","TUNISIA","LES LABORATOIRES MEDIS","KIPHARMA LTD","2025-01-09","2030-01-08","valid","Rwanda FDA - Registered Pharmaceutical Products July 2026","https://rwandafda.gov.rw/register/monitoring_preview_register"
"342","Rwanda FDA-HMP-MA-2171","OSTEOMIN TABLETS","Glucosamine Sulphate 2kcl 667mg Equivalent to Glucosamine Sulphate 500mg and Chondroitin Sulphate 400mg","500 mg & 400 mg","TABLETS","3x10 Tablets","36 Months","MEGA LIFESCIENCES (Australia) Pty. Ltd","Australia","MEGA LIFESCIENCES PUBLIC COMPANY LIMITED","ABACUS PHARMA (A) LTD","2025-01-09","2030-01-08","valid","Rwanda FDA - Registered Pharmaceutical Products July 2026","https://rwandafda.gov.rw/register/monitoring_preview_register"
"343","Rwanda FDA-HMP-MA-2183","PROMETIN ELIXIR","Promethazine Hydrochloride","5mg/5ml","Oral Solution","60mL/100mL","36 Months","LABORATORY & ALLIED LIMITED","KENYA","LABORATORY & ALLIED LIMITED","Depot Pharmaceutique Le Medical","2025-01-09","2030-01-08","valid","Rwanda FDA - Registered Pharmaceutical Products July 2026","https://rwandafda.gov.rw/register/monitoring_preview_register"
"344","Rwanda FDA-HMP-MA-2178","TENOFOVIR DISOPROXIL FUMARATE","TENOFOVIR DISOPROXIL FUMARATE","300 MG","TABLETS","30 Tablets","36 Months","MACLEODS PHARMACEUTICALS LIMITED","INDIA","MACLEODS PHARMACEUTICALS LIMITED","AIVEEN (R) LTD","2025-01-09","2030-01-08","valid","Rwanda FDA - Registered Pharmaceutical Products July 2026","https://rwandafda.gov.rw/register/monitoring_preview_register"
"345","Rwanda FDA-HBP-MA-0141","V-IMMUNE","Human Normal Immunoglobulin for Intravenous Administration B.P 5 %","5%","Injection","1x100mL","36 Months","Virchow Biotech Pvt Ltd","India","Virchow Healthcare Pvt Ltd","Droga Pharma (Rwanda) Ltd","2025-01-09","2030-01-08","valid","Rwanda FDA - Registered Pharmaceutical Products July 2026","https://rwandafda.gov.rw/register/monitoring_preview_register"
"346","Rwanda FDA-HMP-MA-2174","VENTOMAC 100","SALBUTAMOL PRESSURIZED INHALATION","100 MCG","Inhalation","One aluminum plain Canister","36 Months","MACLEODS PHARMACEUTICALS LIMITED","INDIA","MACLEODS PHARMACEUTICALS LIMITED","AIVEEN (R) LTD","2025-01-09","2030-01-08","valid","Rwanda FDA - Registered Pharmaceutical Products July 2026","https://rwandafda.gov.rw/register/monitoring_preview_register"
"347","Rwanda FDA-HMP-MA-2186","VILDARIL M 50/1000","VILDAGLIPTIN/ METFORMIN HYDROCHLORIDE","50/1000 MG","TABLETS","3x10 Tablets","24 Months","AJANTA PHARMA LIMITED","INDIA","AJANTA PHARMA LIMITED","ABACUS PHARMA (A) LTD","2025-01-09","2030-01-08","valid","Rwanda FDA - Registered Pharmaceutical Products July 2026","https://rwandafda.gov.rw/register/monitoring_preview_register"
"348","Rwanda FDA-HMP-MA-2187","VILDARIL M 50/850","VILDAGLIPTIN/ METFORMIN HYDROCHLORIDE","50/850 MG","TABLETS","3x10 Tablets","24 Months","AJANTA PHARMA LIMITED","INDIA","AJANTA PHARMA LIMITED","ABACUS PHARMA (A) LTD","2025-01-09","2030-01-08","valid","Rwanda FDA - Registered Pharmaceutical Products July 2026","https://rwandafda.gov.rw/register/monitoring_preview_register"
"349","Rwanda FDA-HMP-MA-2196","WILLGO CR","Aceclofenac","200MG","TABLETS","5x2x10 Tablets /10x10 Tablets","36 Months","PANACEA BIOTEC PHARMA Ltd","INDIA","PANACEA BIOTEC PHARMA LIMITED","AIVEEN (R) LTD","2025-01-09","2030-01-08","valid","Rwanda FDA - Registered Pharmaceutical Products July 2026","https://rwandafda.gov.rw/register/monitoring_preview_register"
"350","Rwanda FDA-HMP-MA-2146","DAPIFLOZIN 5","DAPAGLIFLOZIN (AMORPHOUS) 5 MG","5mg","Tablets","3x10 tablets","36 months","Inventia Healthcare Limited","India","MEGA LIFESCIENCES(AUSTRALIA) PTY LIMITED","ABACUS PHARMA (A) LTD","2024-10-29","2029-10-28","valid","Rwanda FDA - Registered Pharmaceutical Products July 2026","https://rwandafda.gov.rw/register/monitoring_preview_register"
"351","Rwanda FDA-HMP-MA-2029","BENYLIN WITH CODEINE","Diphenhydramine Hydrochloride, Ammonium Chloride, Codeine Phosphate","12,5MG/125MG/10MG/5ML","SYRUP","100ml Bottle","36 Months","Johnson & Johnson (Pty) Ltd","South Africa","Johnson & Johnson (Pty) Ltd","WESSEX PHARMACEUTICALS RWANDA LTD","2024-10-27","2029-10-26","valid","Rwanda FDA - Registered Pharmaceutical Products July 2026","https://rwandafda.gov.rw/register/monitoring_preview_register"
"352","Rwanda FDA-HMP-MA-1570","RESPIMAX","Ambroxol Hydrochloride, Salbutamol Sulfate, Guaifenesin","15MG/1MG/1MG/5ML","SYRUP","100ML BOTTLE","24 MONTHS","West Coast Pharmaceutical Works Ltd","INDIA","BEKRA PHARMA, United Kingdom","UBIPHARM RWANDA LTD","2024-10-27","2029-10-26","valid","Rwanda FDA - Registered Pharmaceutical Products July 2026","https://rwandafda.gov.rw/register/monitoring_preview_register"
"353","Rwanda FDA-HMP-MA-2148","Sodium Chloride Grifols 0.9% Solution for infusion BP","Sodium Chloride Grifols 0.9% Solution for infusion BP","0.9% (900 mg/100 mL) /500ML","Infusion","500 mL","24 months","LABORATORIOS GRIFOLS, S.A","Spain","LABORATORIOS GRIFOLS, S.A","Bion Pharma Group (BPG) Limited","2024-10-25","2029-10-24","valid","Rwanda FDA - Registered Pharmaceutical Products July 2026","https://rwandafda.gov.rw/register/monitoring_preview_register"
"354","Rwanda FDA-HMP-MA-2145","ABLADO DT","ABACAVIR SULFATE, DOLUTEGRAVIR SODIUM AND LAMIVUDINE","60 MG / 5 MG / 30 MG","TABLETS","","24 Months","APL Healthcare Limited","INDIA","AUROBINDO PHARMA LIMITED","PHILLIPS PHARMACEUTICALS (RWANDA) LTD","2024-10-18","2029-10-17","valid","Rwanda FDA - Registered Pharmaceutical Products July 2026","https://rwandafda.gov.rw/register/monitoring_preview_register"
"355","Rwanda FDA-HMP-MA-2138","AMOXICILLIN AND CLAVULANATE POTASSIUM","AMOXICILLIN AND CLAVULANATE POTASSIUM","625 MG","TABLETS","10 tablets","36 Months","REYOUNG PHARMACEUTICAL CO., LTD","CHINA","REYOUNG PHARMACEUTICAL CO., LTD","SUN ENTERPRISES LTD","2024-10-18","2029-10-17","valid","Rwanda FDA - Registered Pharmaceutical Products July 2026","https://rwandafda.gov.rw/register/monitoring_preview_register"
"356","Rwanda FDA-HMP-MA-2116","AVIRAX","Aciclovir Tablets BP","200 mg","Tablets","10 tablets","36 months","S Kant HEALTHCARE Ltd","India","S KANT HEALTHCARE LTD","ABACUS PHARMA (A) LTD","2024-10-18","2029-10-17","valid","Rwanda FDA - Registered Pharmaceutical Products July 2026","https://rwandafda.gov.rw/register/monitoring_preview_register"
"357","Rwanda FDA-HMP-MA-2108","Biophenicol Ear Drops","Chloramphenicol","5.0%w/v","Ear Drops","10ml Bottle","36 Months","BIODEAL LABORATORIES LTD","KENYA","BIODEAL LABORATORIES LIMITED","Capital Pharmaceutical Supplies Ltd","2024-10-18","2029-10-17","valid","Rwanda FDA - Registered Pharmaceutical Products July 2026","https://rwandafda.gov.rw/register/monitoring_preview_register"
"358","Rwanda FDA-HMP-MA-2134","BIOTRIM 480MG TABLETS","TRIMETHOPRIM AND SULPHAMETHOXAZOLE","80mg / 400mg","TABLETS","1000 tablets","36 Months","BIODEAL LABORATORIES LTD","KENYA","BIODEAL LABORATORIES LTD","CAPITAL PHARMACEUTICAL SUPPLIES LTD","2024-10-18","2029-10-17","valid","Rwanda FDA - Registered Pharmaceutical Products July 2026","https://rwandafda.gov.rw/register/monitoring_preview_register"
"359","Rwanda FDA-HMP-MA-2151","CALM 5 TABLETS","DIAZEPAM BP","5MG","TABLETS","10x10\'s","36 Months","LABORATORY & ALLIED LTD","KENYA","LABORATORY & ALLIED LTD","DEPOT PHARMACEUTIQUE LE MEDICAL","2024-10-18","2029-10-17","valid","Rwanda FDA - Registered Pharmaceutical Products July 2026","https://rwandafda.gov.rw/register/monitoring_preview_register"
"360","Rwanda FDA-HMP-MA-2155","CANDIDERM CREAM","Clotrimazole, Anhydrous Beclomethasone Dipropionate and Gentamicin Sulphate","15GM","CREAM","15 g Tube","36 Months","GLENMARK PHARMACEUTICALS LIMITED","INDIA","GLENMARK PHARMACEUTICALS LTD","WESSEX PHARMACEUTICALS (RWANDA) LTD","2024-10-18","2029-10-17","valid","Rwanda FDA - Registered Pharmaceutical Products July 2026","https://rwandafda.gov.rw/register/monitoring_preview_register"
"361","Rwanda FDA-HMP-MA-2154","CANESTEN SOFT GEL OVULE","CLOTRIMAZOLE","500 mg","Soft Gel Capsules","1 x 1 Capsules","36 Months","BERLIMED S.A","SPAIN","BAYER EAST AFRICA LIMITED","Sun enterprises Ltd","2024-10-18","2029-10-17","valid","Rwanda FDA - Registered Pharmaceutical Products July 2026","https://rwandafda.gov.rw/register/monitoring_preview_register"
"362","Rwanda FDA-HMP-MA-2097","CARBAMAZEPINE","CARBAMAZEPINE","400 mg","TABLETS","","36 Months","MEDREICH LIMITED","India","Imperial Medical Solutions FZE","SURGIPHARM (RWANDA) LTD","2024-10-18","2029-10-17","valid","Rwanda FDA - Registered Pharmaceutical Products July 2026","https://rwandafda.gov.rw/register/monitoring_preview_register"
"363","Rwanda FDA-HMP-MA-2113","CHLOROMYCETIN","Chloramphenicol","0.5%w/v","Ear Drops","10ml Bottle","24 Months","SCOTT-EDIL PHARMACIA LIMITED","India","SCOTT-EDIL PHARMACIA LIMITED","SUN ENTERPRISES LTD","2024-10-18","2029-10-17","valid","Rwanda FDA - Registered Pharmaceutical Products July 2026","https://rwandafda.gov.rw/register/monitoring_preview_register"
"364","Rwanda FDA-HMP-MA-2129","CHLOZINE TABLETS","CHLORPROMAZINE HYDROCHLORIDE BP","100MG","TABLETS","Jar pack of 1000 tablets","36 Months","AGOG PHARMA LTD","INDIA","AGOG PHARMA LTD","SUN ENTERPRISES LTD","2024-10-18","2029-09-17","valid","Rwanda FDA - Registered Pharmaceutical Products July 2026","https://rwandafda.gov.rw/register/monitoring_preview_register"
"365","Rwanda FDA-HMP-MA-2131","CLARITYNE TABLETS","LORATADINE","10MG","TABLETS","10\'s","36 Months","Bayer Bitterfeld GmbH","GERMANY","BAYER EAST AFRICA LIMITED","SURGIPHARM (RWANDA) LTD","2024-10-18","2029-10-17","valid","Rwanda FDA - Registered Pharmaceutical Products July 2026","https://rwandafda.gov.rw/register/monitoring_preview_register"
"366","Rwanda FDA-HMP-MA-2141","COLDEASE SYRUP","Paracetamol BP, Chlorpheniramine Maleate BP, Pseudoephedrine Hydrochloride BP","120mg / 2mg / 15mg","SYRUP","100ML","24 Months","RENE INDUSTRIES LTD","UGANDA","RENE INDUSTRIES LTD","Rene Pharmacy (R) Ltd","2024-10-18","2029-10-17","valid","Rwanda FDA - Registered Pharmaceutical Products July 2026","https://rwandafda.gov.rw/register/monitoring_preview_register"
"367","Rwanda FDA-HMP-MA-2119","CONSTIGO","LACTULOSE","10G/15ML","Solution for injection","200 ml","36 Months","AURA LIFECARE PVT. LTD","India","AURA LIFECARE PVT. LTD","SUN ENTERPRISES LTD","2024-10-18","2029-10-17","valid","Rwanda FDA - Registered Pharmaceutical Products July 2026","https://rwandafda.gov.rw/register/monitoring_preview_register"
"368","Rwanda FDA-HMP-MA-2117","CYCLOREN TABLETS","ACYCLOVIR","200 mg","Tablets","10 tablets","24 Months","RENE INDUSTRIES LTD","Uganda","RENE INDUSTRIES LTD","RENE PHARMACY (R) LTD","2024-10-18","2029-10-17","valid","Rwanda FDA - Registered Pharmaceutical Products July 2026","https://rwandafda.gov.rw/register/monitoring_preview_register"
"369","Rwanda FDA-HMP-MA-2152","DAPIFLOZIN 10","DAPAGLIFLOZIN (AMORPHOUS) 5 MG","10 mg","Tablets","3x10 tablets","36 Months","Inventia Healthcare Limited","India","MEGA LIFESCIENCES(AUSTRALIA) PTY LIMITED","ABACUS PHARMA (A) LTD","2024-10-18","2029-10-17","valid","Rwanda FDA - Registered Pharmaceutical Products July 2026","https://rwandafda.gov.rw/register/monitoring_preview_register"
"370","Rwanda FDA-HMP-MA-2112","Dolutegravir, Lamivudine and Tenofovir Disoproxil Fumarate","Dolutegravir, Lamivudine and Tenofovir Disoproxil Fumarate","50 mg / 300 mg / 300 mg","Tablets","","36 Months","MICRO LABS LIMITED","India","MICRO LABS LIMITED","Wessex Pharmaceuticals (Rwanda) Ltd","2024-10-18","2029-10-17","valid","Rwanda FDA - Registered Pharmaceutical Products July 2026","https://rwandafda.gov.rw/register/monitoring_preview_register"
"371","Rwanda FDA-HMP-MA-2158","DOXY CAPSULES","DOXYCYCLINE","100MG","CAPSULES","10 x 10 Tablets","36 Months","LABORATORY & ALLIED LIMITED","KENYA","LABORATORY & ALLIED LIMITED","DEPOT PHARMACEUTIQUE LE MEDICAL","2024-10-18","2029-10-17","valid","Rwanda FDA - Registered Pharmaceutical Products July 2026","https://rwandafda.gov.rw/register/monitoring_preview_register"
"372","Rwanda FDA-HMP-MA-2114","DURART 800","Darunavir Tablets","800 mg","Tablets","1x30 Tablets","36 Months","MYLAN LABORATORIES LIMITED","India","MYLAN LABORATORIES LIMITED","Pyramid Pharma Limited","2024-10-18","2029-10-17","valid","Rwanda FDA - Registered Pharmaceutical Products July 2026","https://rwandafda.gov.rw/register/monitoring_preview_register"
"373","Rwanda FDA-HMP-MA-2143","EROCIN DRY MIXTURE","ERYTHROMYCIN STEARATE","125mg / 5mL","Dry Powder for Oral Suspension","100mL / 60mL","36 Months","LABORATORY & ALLIED LTD","KENYA","LABORATORY & ALLIED LTD","DEPOT PHARMACEUTIQUE LE MEDICAL","2024-10-18","2029-10-17","valid","Rwanda FDA - Registered Pharmaceutical Products July 2026","https://rwandafda.gov.rw/register/monitoring_preview_register"
"374","Rwanda FDA 24 HM 0010","FEMIFER","IRON (II) HYDROXIDE POLYMALTOSE/FOLIC ACID/ASCORBIC ACID","—","Syrup","—","24","—","—","BEKRA PHARMA UK LTD","PHARMACIE CELIA LTD","2024-10-18","2029-10-17","valid","Rwanda FDA - Registered Pharmaceutical Products July 2026","https://rwandafda.gov.rw/register/monitoring_preview_register"
"375","Rwanda FDA-HMP-MA-2130","","CIPROFLOXACIN HYDROCHLORIDE USP","750MG","TABLETS","Box of 10 tablets","36 Months","GRACURE PHARMACEUTICALS LIMITED","INDIA","EXPHAR S.A.","H&H PHARMA LTD","2024-10-18","2029-02-17","valid","Rwanda FDA - Registered Pharmaceutical Products July 2026","https://rwandafda.gov.rw/register/monitoring_preview_register"
"376","Rwanda FDA 24 HM 0001","FUROSEMIDE TAB","Furosemide","40mg","Tablet","10","36 Months","IPCA LABORATORIES LIMITED","India","COSMOS LIMITED","SUN ENTERPRISES LTD/KIMIRONKO BRANCH","2024-10-18","2029-10-17","valid","Rwanda FDA - Registered Pharmaceutical Products July 2026","https://rwandafda.gov.rw/register/monitoring_preview_register"
"377","Rwanda FDA-HMP-MA-2115","GACET 500","Paracetmol Effervescent Granules","500 MG","Effervescent Granules","10 sachets","24 Months","BLISS GVS PHARMA LTD","India","BLISS GVS PHARMA LTD","Surya Depot Pharmacy Ltd","2024-10-18","2029-10-17","valid","Rwanda FDA - Registered Pharmaceutical Products July 2026","https://rwandafda.gov.rw/register/monitoring_preview_register"
"378","Rwanda FDA-HBP-MA-0140","GARDASIL 9","Human Pappilomavirus L1 Virus Like Particle Type 6, 11, 16, 18, 31, 33, 45, 52, 58","Each 0.5 ml dose contains approximately: 30 ?g HPV Type 6 L1 protein, 40 ?g HPV Type 11 L1 protein, 60 ?g HPV Type 16 L1 protein, 40 ?g HPV Type 18 L1 protein, 20 ?g HPV Type 31 L1 protein, 20 ?g HPV Type 33 L1 protein, 20 ?g HPV Type 45 L1 protein, 20 ?g HPV Type 52 L1 protein, and 20 ?g HPV Type 58 L1 protein.","Suspension for injection","10 vials","36 Months","Merck Sharp & Dohme LLC","USA","MSD Morocco","UBIPHARM-RWANDA LTD","2024-10-18","2029-10-17","valid","Rwanda FDA - Registered Pharmaceutical Products July 2026","https://rwandafda.gov.rw/register/monitoring_preview_register"
"379","Rwanda FDA-HMP-MA-2090","GRISORAL-250","Griseofulvin","250 MG","Tablets","10x10 Tablets","36 Months","BAL PHARMA LIMITED","India","BAL PHARMA LIMITED","SUN ENTERPRISES LTD","2024-10-18","2029-10-17","valid","Rwanda FDA - Registered Pharmaceutical Products July 2026","https://rwandafda.gov.rw/register/monitoring_preview_register"
"380","Rwanda FDA-HMP-MA-2122","IBUKANT 200 F","IBUPROFEN TABLETS BP","200 MG","Tablets","1000s","36 months","S Kant HEALTHCARE Ltd","India","S KANT HEALTHCARE LTD","ABACUS PHARMA (A) LTD","2024-10-18","2029-10-17","valid","Rwanda FDA - Registered Pharmaceutical Products July 2026","https://rwandafda.gov.rw/register/monitoring_preview_register"
"381","Rwanda FDA-HMP-MA-2121","IBUKANT 400 F","IBUPROFEN TABLETS BP","400 mg","Tablets","1 x 10 tablets","36 Months","S Kant Healthcare Ltd","India","S Kant Healthcare Ltd","ABACUS PHARMA (A) LTD","2024-10-18","2029-10-17","valid","Rwanda FDA - Registered Pharmaceutical Products July 2026","https://rwandafda.gov.rw/register/monitoring_preview_register"
"382","Rwanda FDA-HMP-MA-2150","IBUREN SUSPENSION","IBUPROFEN","100MG / 5ML","Oral Suspension","60ML","24 Months","RENE INDUSTRIES LTD","UGANDA","RENE INDUSTRIES LTD","Rene Pharmacy (R) Ltd","2024-10-18","2029-10-17","valid","Rwanda FDA - Registered Pharmaceutical Products July 2026","https://rwandafda.gov.rw/register/monitoring_preview_register"
"383","Rwanda FDA-HMP-MA-2110","INSUGEN-30/70 (Biphasic)","Insulin Injection, Biphasic Isophane Ph.Eur.","100 IU/mL","Injection","10ml Vial","36 Months","Biocon Biological Limited","India","Angel Biogenic Pvt Ltd","Pyramid Pharma Limited","2024-10-18","2029-10-17","valid","Rwanda FDA - Registered Pharmaceutical Products July 2026","https://rwandafda.gov.rw/register/monitoring_preview_register"
"384","Rwanda FDA-HMP-MA-2109","INSUGEN-N (NPH)","Insulin Injection, Isophane Ph. Eur.","100IU/mL","Injection","10ml","36 months","Biocon Biological Limited","India","Angel Biogenic Pvt Ltd","Pyramid Pharma Limited","2024-10-18","2029-10-17","valid","Rwanda FDA - Registered Pharmaceutical Products July 2026","https://rwandafda.gov.rw/register/monitoring_preview_register"
"385","Rwanda FDA-HMP-MA-2111","INSUGEN-R (Regular)","Insulin Injection, Soluble Ph. Eur.","100 IU/mL","Injection","10 ml Vial","36 Months","Biocon Biological Limited","India","Angel Biogenic Pvt Ltd","Pyramid Pharma Limited","2024-10-18","2029-10-17","valid","Rwanda FDA - Registered Pharmaceutical Products July 2026","https://rwandafda.gov.rw/register/monitoring_preview_register"
"386","Rwanda FDA-HMP-MA-2123","LOSARZED 50","Losartan Potassium BP/USP","50 mg","Tablets","3x10 Tablets","36 months","ZOTA HEALTHCARE LTD","India","ZOTA HEALTHCARE LTD","Taha Healthcare Ltd","2024-10-18","2029-10-17","valid","Rwanda FDA - Registered Pharmaceutical Products July 2026","https://rwandafda.gov.rw/register/monitoring_preview_register"
"387","Rwanda FDA-HMP-MA-2124","LOSARZED-H","Losartan Potassium, Hydrochlorothiazide","50/12.5MG","Tablets","3x10 Tablets","36 Months","Zota Healthcare Ltd","India","ZOTA HEALTHCARE LTD","Taha Healthcare Ltd","2024-10-18","2029-10-17","valid","Rwanda FDA - Registered Pharmaceutical Products July 2026","https://rwandafda.gov.rw/register/monitoring_preview_register"
"388","Rwanda FDA-HMP-MA-2118","Movicol Paediatric","Polyethylene Glycol 6.563 g, Sodium Chloride 154.4 mg, Sodium Bicarbonate 89.3 mg and Potassium Chloride 25.1 mg","6.563 g, 154.4 mg, 89.3 mg and 25.1 mg","Powder","3 Sachets","24 Months","Win-Medicare Pvt. Ltd","India","Win-Medicare Pvt. Ltd","Surgipharm (Rwanda) Ltd","2024-10-18","2029-10-17","valid","Rwanda FDA - Registered Pharmaceutical Products July 2026","https://rwandafda.gov.rw/register/monitoring_preview_register"
"389","Rwanda FDA-HMP-MA-2137","MURAXAL-10","ALFUZOSIN HYDROCHLORIDE","10MG","TABLETS","1x10 Tablets","24 Months","MICRO LABS LIMITED","India","MICRO LABS LIMITED","WESSEX PHARMACEUTICALS (RWANDA) LTD","2024-10-18","2029-10-17","valid","Rwanda FDA - Registered Pharmaceutical Products July 2026","https://rwandafda.gov.rw/register/monitoring_preview_register"
"390","Rwanda FDA-HMP-MA-2120","NEOTAGMIN","NEOSTIGMINE METHYLSULFATE","0.5MG/ML","SOLUTION FOR INJECTION","1mL Ampoule","24 Months","THEMIS MEDICARE LIMITED","India","THEMIS MEDICARE LIMITED","Wessex Pharmaceuticals (Rwanda) Ltd","2024-10-18","2029-10-17","valid","Rwanda FDA - Registered Pharmaceutical Products July 2026","https://rwandafda.gov.rw/register/monitoring_preview_register"
"391","Rwanda FDA-HMP-MA-2133","NORMAGUT CAPSULES","Saccharomyces boulardii","250MG","CAPSULES","1x10\'s","24 Months","ARDEYPHARM GmbH","GERMANY","MEGA LIFESCIENCES PUBLIC COMPANY LIMITED","ABACUS PHARMA (A) LTD","2024-10-18","2029-10-17","valid","Rwanda FDA - Registered Pharmaceutical Products July 2026","https://rwandafda.gov.rw/register/monitoring_preview_register"
"392","Rwanda FDA-HMP-MA-2156","ORAL REHYDRATION SALTS","GLUCOSE ANHYDROUS BP, SODIUM CHLORIDE BP, SODIUM (TRISODIUM) CITRATE BP, POTASSIUM CHLORIDE BP","13.5GM / 2.6GM / 2.90GM / 1.50GM","ORAL POWDER","20.6g / 10.3g","36 Months","LABORATORY & ALLIED LTD","KENYA","LABORATORY & ALLIED LTD","DEPOT PHARMACEUTIQUE LE MEDICAL","2024-10-18","2029-10-17","valid","Rwanda FDA - Registered Pharmaceutical Products July 2026","https://rwandafda.gov.rw/register/monitoring_preview_register"
"393","Rwanda FDA-HMP-MA-2098","PAINEX","Paracetamol, Aspirin and Caffeine anhydrous","500mg / 500mg / 50mg","TABLETS","25 x 4 glassine foil strips of 100 tablets","24 Months","RENE INDUSTRIES LTD","UGANDA","RENE INDUSTRIES LTD, UGANDA","RENE PHARMACY (R) LTD","2024-10-18","2029-10-17","valid","Rwanda FDA - Registered Pharmaceutical Products July 2026","https://rwandafda.gov.rw/register/monitoring_preview_register"
"394","Rwanda FDA-HMP-MA-2105","PANFOR SR-1000","METFORMIN","1000 mg","Tablets","10 tablets","24 months","INVENTIA HEALTH LIMITED","India","MEGA LIFESCIENCES PUBLIC COMPANY LIMITED","ABACUS PHARMA (A) LTD","2024-10-18","2029-10-17","valid","Rwanda FDA - Registered Pharmaceutical Products July 2026","https://rwandafda.gov.rw/register/monitoring_preview_register"
"395","Rwanda FDA-HMP-MA-2136","PANTOTAB-L","PANTOPRAZOLE","40MG","Capsules","10 Capsules","24 months","MICRO LABS LIMITED","India","MICRO LABS LIMITED","WESSEX PHARMACEUTICALS (RWANDA) LTD","2024-10-18","2029-10-17","valid","Rwanda FDA - Registered Pharmaceutical Products July 2026","https://rwandafda.gov.rw/register/monitoring_preview_register"
"396","Rwanda FDA-HMP-MA-2095","PARACETAMOL B.BRAUN 10MG/ML SOLUTION FOR INFUSION","PARACETAMOL","10MG/ML","INTRAVENOUS SOLUTION FOR INFUSION","","18 Months","B. Braun Medical S.A","SPAIN","B. BRAUN MELSUNGEN AG","KIPHARMA LTD","2024-10-18","2029-10-17","valid","Rwanda FDA - Registered Pharmaceutical Products July 2026","https://rwandafda.gov.rw/register/monitoring_preview_register"
"397","Rwanda FDA-HMP-MA-2142","RIFAMPIN, ISONIAZID AND PYRAZINAMIDE DISPERSIBLE TABLETS","RIFAMPIN, ISONIAZID AND PYRAZINAMIDE","75mg / 50mg / 150mg","Dispersible Tablets","","24 Months","LUPIN LIMITED","INDIA","LUPIN LIMITED","AIVEEN (R) LTD","2024-10-18","2029-10-17","valid","Rwanda FDA - Registered Pharmaceutical Products July 2026","https://rwandafda.gov.rw/register/monitoring_preview_register"
"398","Rwanda FDA-HMP-MA-2096","RISDONE-2","RISPERIDONE","2MG","TABLETS","Alu PVC blister of 10 Tablets","36 Months","INTAS PHARMACEUTICALS LIMITED","India","INTAS PHARMACEUTICALS LIMITED","ABACUS PHARMA (A) LTD","2024-10-18","2029-10-17","valid","Rwanda FDA - Registered Pharmaceutical Products July 2026","https://rwandafda.gov.rw/register/monitoring_preview_register"
"399","Rwanda FDA-HMP-MA-2106","Sita-Met Tablet 50/1000mg","Sitagliptin Phosphate Monohydrate 50 mg and Metformin Hydrochloride USP 1000 mg","50/1000mg","Film Coated Tablets","4x7 Tablets","24 Months","CCL Pharmaceuticals (Pvt.) Ltd","Pakistan","CCL Pharmaceuticals (Pvt.) Ltd","Depot Pharmaceutique Le Medical","2024-10-18","2029-10-17","valid","Rwanda FDA - Registered Pharmaceutical Products July 2026","https://rwandafda.gov.rw/register/monitoring_preview_register"
"400","Rwanda FDA-HMP-MA-2107","Sitamet tablets 50/500 mg","Sitagliptin Phosphate Monohydrate 50 mg and Metformin Hydrochloride USP 500 mg","50/500 mg","FILM COATED TABLETS","4x7 Tablets","36 Months","CCL Pharmaceuticals (Pvt.) Ltd","Pakistan","CCL Pharmaceuticals (Pvt.) Ltd","DEPOT PHARMACEUTIQUE LE MEDICAL","2024-10-18","2029-10-17","valid","Rwanda FDA - Registered Pharmaceutical Products July 2026","https://rwandafda.gov.rw/register/monitoring_preview_register"
"401","Rwanda FDA-HMP-MA-2139","SODIUM CHLORIDE GRIFOLS 0.9% SOLUTION FOR INFUSION BP","SODIUM CHLORIDE","0.9% (900mg/100ml) / 250ml","SOLUTION FOR INFUSION","250ML","24 Months","LABORATORIOS GRIFOLS, S.A","SPAIN","LABORATORIOS GRIFOLS, S.A","Bion Pharma Group (BPG) Limited","2024-10-18","2029-10-17","valid","Rwanda FDA - Registered Pharmaceutical Products July 2026","https://rwandafda.gov.rw/register/monitoring_preview_register"
"402","Rwanda FDA-HMP-MA-2149","Sodium Chloride Grifols 0.9% Solution for infusion BP","Sodium Chloride Grifols 0.9% Solution for infusion BP","0.9% (900 mg/100 mL) /1000ML","Injection","1000ml","24 Months","LABORATORIOS GRIFOLS, S.A","Spain","LABORATORIOS GRIFOLS, S.A","BION PHARMA GROUP LTD","2024-10-18","2029-10-17","valid","Rwanda FDA - Registered Pharmaceutical Products July 2026","https://rwandafda.gov.rw/register/monitoring_preview_register"
"403","Rwanda FDA-HMP-MA-2147","Sodium Chloride Grifols 0.9% Solution for infusion BP","Sodium Chloride Grifols 0.9% Solution for infusion BP","0.9% (900 mg/100 mL) 100ML","Injection","100ml","24 Months","LABORATORIOS GRIFOLS, S.A","Spain","LABORATORIOS GRIFOLS, S.A","BION PHARMA GROUP LTD","2024-10-18","2029-10-17","valid","Rwanda FDA - Registered Pharmaceutical Products July 2026","https://rwandafda.gov.rw/register/monitoring_preview_register"
"404","Rwanda FDA-HMP-MA-2267","SODIUM CHLORIDE GRIFOLS 0.9% SOLUTION FOR INFUSION BP","Sodium Chloride Grifols 0.9% Solution for infusion BP","0.9% (900 mg/100)/ 50mL","Solution for Infusion","50 mL of solution x 115 bags","18 Months","LABORATORIOS GRIFOLS, S.A.","SPAIN","LABORATORIOS GRIFOLS, S.A.","BION PHARMA GROUP LTD","2024-10-18","2029-10-17","valid","Rwanda FDA - Registered Pharmaceutical Products July 2026","https://rwandafda.gov.rw/register/monitoring_preview_register"
"405","Rwanda FDA-HMP-MA-2159","SYXTEN 2%","CARBOCISTEINE","2%","Syrup","125 mL","36 Months","S KANT HEALTHCARE LTD.","INDIA","S KANT HEALTHCARE LTD","ABACUS PHARMA (A) LTD","2024-10-18","2029-10-17","valid","Rwanda FDA - Registered Pharmaceutical Products July 2026","https://rwandafda.gov.rw/register/monitoring_preview_register"
"406","Rwanda FDA-HMP-MA-2157","SYXTEN 5%","CARBOCISTEINE","5%","Syrup","100 mL","36 Months","S KANT HEALTHCARE LTD.","INDIA","S KANT HEALTHCARE LTD","ABACUS PHARMA (A) LTD","2024-10-18","2029-10-17","valid","Rwanda FDA - Registered Pharmaceutical Products July 2026","https://rwandafda.gov.rw/register/monitoring_preview_register"
"407","Rwanda FDA-HMP-MA-2160","TENOFOVIR DISOPROXIL FUMARATE/ LAMIVUDINE/ DOLUTEGRAVIR TABLETS","TENOFOVIR DISOPROXIL FUMARATE/ LAMIVUDINE/ DOLUTEGRAVIR","300MG / 300 MG / 50MG","TABLETS","","36 Months","STRIDES PHARMA SCIENCE LIMITED","INDIA","STRIDES PHARMA SCIENCE LIMITED","SUN ENTEPRISES LTD","2024-10-18","2029-10-17","valid","Rwanda FDA - Registered Pharmaceutical Products July 2026","https://rwandafda.gov.rw/register/monitoring_preview_register"
"408","Rwanda FDA-HMP-MA-2093","THERMODOL","PARACETAMOL","1.0% W/V","SOLUTION FOR INFUSION","100 ml LDPE bottle","24 Months","AKUMS DRUGS AND PHARMACEUTICALS LTD","India","UNOSOURCE PHARMA LTD","AIVEEN (R) LTD","2024-10-18","2029-10-17","valid","Rwanda FDA - Registered Pharmaceutical Products July 2026","https://rwandafda.gov.rw/register/monitoring_preview_register"
"409","Rwanda FDA-HMP-MA-2100","THROMBAN 2.5","APIXABAN","2.5MG","TABLETS","","24 Months","Zydus Lifesciences Limited","India","ZYDUS LIFESCIENCES LIMITED","ABACUS PHARMA (A) LTD","2024-10-18","2029-10-17","valid","Rwanda FDA - Registered Pharmaceutical Products July 2026","https://rwandafda.gov.rw/register/monitoring_preview_register"
"410","Rwanda FDA-HMP-MA-2099","THROMBAN 5","APIXABAN","5mg","TABLETS","","24 Months","ZYDUS LIFESCIENCES LIMITED","India","ZYDUS LIFESCIENCES LIMITED","ABACUS PHARMA (A) LTD","2024-10-18","2029-10-17","valid","Rwanda FDA - Registered Pharmaceutical Products July 2026","https://rwandafda.gov.rw/register/monitoring_preview_register"
"411","Rwanda FDA-HMP-MA-2144","UNIPEN DRY SYRUP","PHENOXYMETHYLPENICILLIN POTASSIUM BP","125mg / 5mL","SYRUP","125 mL","36 Months","REGAL PHARMACEUTICALS LTD","KENYA","REGAL PHARMACEUTICALS LTD","ABACUS PHARMA (A) LTD","2024-10-18","2029-10-17","valid","Rwanda FDA - Registered Pharmaceutical Products July 2026","https://rwandafda.gov.rw/register/monitoring_preview_register"
"412","Rwanda FDA-HMP-MA-2140","UNIVIR 400","ACYCLOVIR","400MG","TABLETS","1 x 10\'s","36 Months","UNIVERSAL CORPORATION LIMITED","KENYA","UNIVERSAL CORPORATION LIMITED","SUN ENTERPRISES LTD","2024-10-18","2029-10-17","valid","Rwanda FDA - Registered Pharmaceutical Products July 2026","https://rwandafda.gov.rw/register/monitoring_preview_register"
"413","Rwanda FDA-HMP-MA-2153","UNIXIL 250 DISPERSIBLE TABLET","AMOXICILLIN TRIHYDRATE","250MG","TABLETS","10 x 10 Tablets","24 Months","REGAL PHARMACEUTICALS LTD","KENYA","REGAL PHARMACEUTICALS LTD","ABACUS PHARMA (A) LTD","2024-10-18","2029-10-17","valid","Rwanda FDA - Registered Pharmaceutical Products July 2026","https://rwandafda.gov.rw/register/monitoring_preview_register"
"414","Rwanda FDA-HMP-MA-2094","UNOKETRO","KETOROLAC TROMETHAMINE","30MG/ML","SOLUTION FOR INJECTION","PVC tray of 10 x1 ml Amber colored ampoule","24 Months","AKUMS DRUGS AND PHARMACEUTICALS LTD","India","UNOSOURCE PHARMA LTD","AIVEEN (R) LTD","2024-10-18","2029-10-17","valid","Rwanda FDA - Registered Pharmaceutical Products July 2026","https://rwandafda.gov.rw/register/monitoring_preview_register"
"415","Rwanda FDA-HMP-MA-2135","URINORM","FEBUXOSTAT","80MG","TABLETS","2 x 14 Tablets","24 Months","EMCURE PHARMACEUTICALS LIMITED","India","EMCURE PHARMACEUTICALS LIMITED","ABACUS PHARMA (A) LTD","2024-10-18","2029-10-17","valid","Rwanda FDA - Registered Pharmaceutical Products July 2026","https://rwandafda.gov.rw/register/monitoring_preview_register"
"416","Rwanda FDA-HMP-MA-2128","VANKO-WM","VANCOMYCIN","500MG","LYOPHILISATE FOR SOLUTION FOR INFUSION","1 Glass vial of 10ml","36 Months","","TURKEY","","","2024-10-18","2029-10-17","valid","Rwanda FDA - Registered Pharmaceutical Products July 2026","https://rwandafda.gov.rw/register/monitoring_preview_register"
"417","Rwanda FDA-HMP-MA-2132","VITAREN SYRUP","Vitamin A (as Palmitate), Thiamine HCL (Vitamin B1), Riboflavin Sodium Phosphate (Vitamin B2), Pyridoxine HCL (Vitamin B6), Cholecalciferol (Vitamin D), Nicotinamide","1500 I.U / 1mg / 1mg / 0.5mg / 100 I.U / 10mg","SYRUP","60ml","24 Months","RENE INDUSTRIES LTD","UGANDA","RENE INDUSTRIES LTD","RENE PHARMACY (R) LTD","2024-10-18","2029-10-17","valid","Rwanda FDA - Registered Pharmaceutical Products July 2026","https://rwandafda.gov.rw/register/monitoring_preview_register"
"418","Rwanda FDA-HMP-MA-2127","ZYFORGE 10/160","Amlodipine and Valsartan USP","10mg / 160mg","Tablets","3x10 tablets","24 Months","ZYDUS LIFESCIENCES LIMITED","India","ZYDUS LIFESCIENCES LIMITED","ABACUS PHARMA (A) LTD","2024-10-18","2029-10-17","valid","Rwanda FDA - Registered Pharmaceutical Products July 2026","https://rwandafda.gov.rw/register/monitoring_preview_register"
"419","Rwanda FDA-HMP-MA-2126","ZYFORGE 5/160","Amlodipine and Valsartan USP","5mg / 160mg","Tablets","3x10 Tablets","24 Months","ZYDUS LIFESCIENCES LIMITED","India","ZYDUS LIFESCIENCES LIMITED","ABACUS PHARMA (A) LTD","2024-10-18","2029-10-17","valid","Rwanda FDA - Registered Pharmaceutical Products July 2026","https://rwandafda.gov.rw/register/monitoring_preview_register"
"420","Rwanda FDA-HMP-MA-2125","ZYFORGE 5/80","Amlodipine and Valsartan Tablets USP","5mg / 80mg","Tablets","","24 Months","ZYDUS LIFESCIENCES LIMITED","India","ZYDUS LIFESCIENCES LIMITED","ABACUS PHARMA (A) LTD","2024-10-18","2029-10-17","valid","Rwanda FDA - Registered Pharmaceutical Products July 2026","https://rwandafda.gov.rw/register/monitoring_preview_register"
"421","Rwanda FDA-HMP-MA-2270","DICLOKANT-50","Diclofenac Sodium BP","50 mg","TABLETS","10x10 Tablets","36 Months","S KANT HEALTHCARE LTD","INDIA","S KANT HEALTHCARE LTD","ABACUS PHARMA (A) LTD","2024-10-10","2029-10-09","valid","Rwanda FDA - Registered Pharmaceutical Products July 2026","https://rwandafda.gov.rw/register/monitoring_preview_register"
"422","Rwanda FDA-HMP-MA-2055","A-CERUMEN EAR HYGIENE SOLUTION IN SPRAY","SOLUTION OF SODIUM ACYL SARCOSINATE SUCROSE LAURATE SOLUTION","15%, 5%","EAR DROPS","40 ml Bottle","36 Months","LABORATOIRES GILBERT","FRANCE","LABORATOIRES GILBERT","GOMHS Ltd","2024-09-30","2029-09-29","valid","Rwanda FDA - Registered Pharmaceutical Products July 2026","https://rwandafda.gov.rw/register/monitoring_preview_register"
"423","Rwanda FDA-HMP-MA-2054","A-CERUMEN EAR HYGIENE SOLUTION IN UNIDOSE","SOLUTION OF SODIUM ACYL SARCOSINATE, SUCROSE LAURATE SOLUTION","15%, 5%","EAR DROPS","10x2ml Doses","36 Months","LABORATOIRES GILBERT","FRANCE","LABORATOIRES GILBERT","GOHMS LTD","2024-09-30","2029-09-29","valid","Rwanda FDA - Registered Pharmaceutical Products July 2026","https://rwandafda.gov.rw/register/monitoring_preview_register"
"424","Rwanda FDA-HMP-MA-2060","ABIRAT 250","Abiraterone Acetate Tablets USP","250 mg","TABLETS","120 Tablets","24 Months","HETERO LABS LIMITED","INDIA","HETERO LABS LIMITED","BION PHARMA GROUP LTD","2024-09-30","2029-09-29","valid","Rwanda FDA - Registered Pharmaceutical Products July 2026","https://rwandafda.gov.rw/register/monitoring_preview_register"
"425","Rwanda FDA-HMP-MA-2064","AMINOPHYLINE TABLETS BP 100MG","Aminophylline","100mg","TABLETS","1000 Tablets","36 Months","ANGEL BIOGENICS PVT. LTD","INDIA","ANGEL BIOGENICS PVT. LTD","SUN ENTERPRISES LTD","2024-09-30","2029-09-29","valid","Rwanda FDA - Registered Pharmaceutical Products July 2026","https://rwandafda.gov.rw/register/monitoring_preview_register"
"426","Rwanda FDA-HMP-MA-2062","APRETUDE","CABOTEGRAVIR","30MG","Film Coated Tablets","30 tablets","36 Months","Glaxo Operations UK Ltd (trading as Glaxo Wellcome Operations)","United Kingdom","ViiV Healthcare Pty Ltd","KIPHARMA LTD","2024-09-30","2029-09-29","valid","Rwanda FDA - Registered Pharmaceutical Products July 2026","https://rwandafda.gov.rw/register/monitoring_preview_register"
"427","Rwanda FDA-HMP-MA-2061","ARTENAM","BETA-ARTEMETHER","10MG/1ML","INJECTION","7 Ampules","48 Months","SOLUPHARM GmbH","Germany","ARENCO PHARMACEUTICA N.V","KIPHARMA LTD","2024-09-30","2029-09-29","valid","Rwanda FDA - Registered Pharmaceutical Products July 2026","https://rwandafda.gov.rw/register/monitoring_preview_register"
"428","Rwanda FDA-HMP-MA-2041","ASTHAREN TABLETS","Salbutamol Sulphate","4mg","Tablets","","24 Months","RENE INDUSTRIES LTD","UGANDA","RENE INDUSTRIES LTD","RENE PHARMACY (R) LTD","2024-09-30","2029-09-29","valid","Rwanda FDA - Registered Pharmaceutical Products July 2026","https://rwandafda.gov.rw/register/monitoring_preview_register"
"429","Rwanda FDA-HMP-MA-2058","ATRONA-40","ATORVASTATIN CALCIUM","40 mg","Tablets","3x10 Tablets","36 Months","ZOTA HEALTHCARE LTD","INDIA","ZOTA HEALTHCARE LTD","Taha Healthcare Ltd","2024-09-30","2029-09-29","valid","Rwanda FDA - Registered Pharmaceutical Products July 2026","https://rwandafda.gov.rw/register/monitoring_preview_register"
"430","Rwanda FDA-HMP-MA-2044","AVASTIN","Bevacizumab","100mg/4ml","CONCENTRATE FOR SOLUTION FOR INFUSION","4ML VIAL","24 Months","Roche Diagnostics GmbH and F. Hoffmann-La Roche Ltd","Germany and SWITZERLAND","Roche Registration GmbH","KIPHARMA LTD","2024-09-30","2029-09-29","valid","Rwanda FDA - Registered Pharmaceutical Products July 2026","https://rwandafda.gov.rw/register/monitoring_preview_register"
"431","Rwanda FDA-HMP-MA-2046","BECOREN TABLETS","Vitamin B1 Mononitrate, Vitamin B2, Vitamin B6, Niacinamide","0.5mg/ 0.5mg/0.5mg/7.5mg","Tablets","","24 Months","RENE INDUSTRIES LTD","Uganda","RENE INDUSTRIES LTD,P.O.Box: 6034,KAMPALA, UGANDA.","RENE PHARMACY (R) LTD","2024-09-30","2029-09-29","valid","Rwanda FDA - Registered Pharmaceutical Products July 2026","https://rwandafda.gov.rw/register/monitoring_preview_register"
"432","Rwanda FDA-HMP-MA-2035","BEKRAZOL 200/5","ALBENDAZOLE BP","200MG/5ML","SUSPENSION","10ml","24 months","BAROQUE PHARMACEUTICALS PVT. LTD","India","Bekra Pharma UK Ltd","UBIPHARM-RWANDA LTD","2024-09-30","2029-09-29","valid","Rwanda FDA - Registered Pharmaceutical Products July 2026","https://rwandafda.gov.rw/register/monitoring_preview_register"
"433","Rwanda FDA-HMP-MA-2036","BEKRAZOL 400","ALBENDAZOLE 400MG","400MG","TABLETS","1*1","24 Months","BAROQUE PHARMACEUTICALS PVT. LTD","INDIA","Bekra Pharma UK Ltd","UBIPHARM-RWANDA LTD","2024-09-30","2029-09-29","valid","Rwanda FDA - Registered Pharmaceutical Products July 2026","https://rwandafda.gov.rw/register/monitoring_preview_register"
"434","Rwanda FDA-HMP-MA-2043","BENZALIN","BENZATHINE BENZLPENICILLIN FOR INJECTION","2.4 MUI","Injection","50 Vials","36 Months","Reyoung Pharmaceutical Co., Ltd","China","Farmasino Co., Ltd","ABACUS PHARMA (A) LTD","2024-09-30","2029-09-29","valid","Rwanda FDA - Registered Pharmaceutical Products July 2026","https://rwandafda.gov.rw/register/monitoring_preview_register"
"435","Rwanda FDA-HMP-MA-2067","BORTERO","Bortezomib for Injection","3.5mg","Injection","","36 Months","HETERO LABS LIMITED","INDIA","HETERO LABS LIMITED","BION PHARMA GROUP LTD","2024-09-30","2029-09-29","valid","Rwanda FDA - Registered Pharmaceutical Products July 2026","https://rwandafda.gov.rw/register/monitoring_preview_register"
"436","Rwanda FDA-HMP-MA-2038","BRONCATHIOL ENFANTS","Carbocisteine","2%","SYRUP","125 ml","36 Months","LAPHAL INDUSTRIES","FRANCE","MELISANA PHARMA","KIPHARMA LTD","2024-09-30","2029-09-29","valid","Rwanda FDA - Registered Pharmaceutical Products July 2026","https://rwandafda.gov.rw/register/monitoring_preview_register"
"437","Rwanda FDA-HMP-MA-2065","CALCIUM GLUCONATE INJECTION BP 10% w/v","Calcium Gluconate","10% w/v","Injection","10 Ampoules","24 Months","ANGEL BIOGENICS PVT. LTD","INDIA","ANGEL BIOGENICS PVT. LTD","SUN ENTERPRISES LTD","2024-09-30","2029-09-29","valid","Rwanda FDA - Registered Pharmaceutical Products July 2026","https://rwandafda.gov.rw/register/monitoring_preview_register"
"438","Rwanda FDA-HMP-MA-2059","CDTEL-H","TELMISARTAN AND HYDROCHLOROTHIAZIDE","40 mg/12.5 mg","Tablets","3x10 Tablets","36 Months","ZOTA HEALTHCARE LTD","INDIA","ZOTA HEALTHCARE LTD","Taha Healthcare Ltd","2024-09-30","2029-09-29","valid","Rwanda FDA - Registered Pharmaceutical Products July 2026","https://rwandafda.gov.rw/register/monitoring_preview_register"
"439","Rwanda FDA-HMP-MA-2047","DIFENASOL","DICLOFENAC SODIUM","0.1%","Eye drops solution","5ml","36 Months","Ahlcon Parenterals (India) Ltd","INDIA","Exphar SA","H&H Pharma Ltd","2024-09-30","2029-09-29","valid","Rwanda FDA - Registered Pharmaceutical Products July 2026","https://rwandafda.gov.rw/register/monitoring_preview_register"
"440","Rwanda FDA-HMP-MA-2048","EASCOF-LS SYRUP","LEVOSALBUTAMOL SULPHATE/ AMBROXOL HYDROCHLORIDE/ GUAIPHENESIN","1MG/30MG/50MG/5ML","SYRUP","100 ml","24 Months","CACHET PHARMACEUTICALS PVT. LTD","INDIA","CACHET PHARMACEUTICALS PVT. LTD/INDIA","SUN ENTERPRISES LTD","2024-09-30","2029-09-29","valid","Rwanda FDA - Registered Pharmaceutical Products July 2026","https://rwandafda.gov.rw/register/monitoring_preview_register"
"441","Rwanda FDA-HMP-MA-2050","FLUCYTOSINE TABLETS 500MG","FLUCYTOSINE","500MG","TABLETS","100 Tablets","24 Months","Macleods Pharmaceuticals Limited","India","Macleods Pharmaceuticals Limited","AIVEEN (R) LTD","2024-09-30","2029-09-29","valid","Rwanda FDA - Registered Pharmaceutical Products July 2026","https://rwandafda.gov.rw/register/monitoring_preview_register"
"442","Rwanda FDA-HMP-MA-2040","GMYCIN-80","Gentamicin Injection","80mg/2ml","Injection","10 Ampoules","36 Months","Reyoung Pharmaceutical Co., Ltd","CHINA","Farmasino Co., Ltd","ABACUS PHARMA (A) LTD","2024-09-30","2029-09-29","valid","Rwanda FDA - Registered Pharmaceutical Products July 2026","https://rwandafda.gov.rw/register/monitoring_preview_register"
"443","Rwanda FDA-HMP-MA-2066","HALOPERIDOL INJECTION BP 5mg/ml","Haloperidol BP","5mg/ml","Injection","10 Ampoules","24 Months","ANGEL BIOGENICS PVT. LTD","INDIA","ANGEL BIOGENICS PVT. LTD","SUN ENTERPRISES LTD","2024-09-30","2029-09-29","valid","Rwanda FDA - Registered Pharmaceutical Products July 2026","https://rwandafda.gov.rw/register/monitoring_preview_register"
"444","Rwanda FDA-HMP-MA-2069","HARTEZE 10","RIVAROXABAN","10MG","TABLETS","14 tablets & 28 tablets","36 Months","COSMOS LIMITED","KENYA","COSMOS LIMITED","SUN ENTERPRISES LTD","2024-09-30","2029-09-29","valid","Rwanda FDA - Registered Pharmaceutical Products July 2026","https://rwandafda.gov.rw/register/monitoring_preview_register"
"445","Rwanda FDA-HMP-MA-2068","HARTEZE 20","RIVAROXABAN","20MG","TABLETS","14 tablets & 28 tablets","36 Months","COSMOS LIMITED","KENYA","COSMOS LIMITED","SUN ENTERPRISES LTD","2024-09-30","2029-09-29","valid","Rwanda FDA - Registered Pharmaceutical Products July 2026","https://rwandafda.gov.rw/register/monitoring_preview_register"
"446","Rwanda FDA-HMP-MA-2063","Hyoscine Butylbromide Tablets BP 10mg","Hyoscine Butylbromide","10 mg","Tablets","1000 tablets","36 Months","ANGEL BIOGENICS PVT. LTD","INDIA","ANGEL BIOGENICS PVT. LTD","SUN ENTERPRISES LTD","2024-09-30","2029-09-29","valid","Rwanda FDA - Registered Pharmaceutical Products July 2026","https://rwandafda.gov.rw/register/monitoring_preview_register"
"447","Rwanda FDA-HBP-MA-0001","iiCARE","BILBERRY EXTRACT, LUTEIN AND BETA-CAROTENE","25mg, 15mg and 5mg","Soft Gelatin Capsules","3x10 and 5x10 Capsules","24 Months","MEGA LIFESCIENCES PUBLIC COMPANY LIMITED","THAILAND","MEGA LIFESCIENCES PUBLIC COMPANY LIMITED","ABACUS PHARMA (A) LTD","2024-09-30","2029-09-29","valid","Rwanda FDA - Registered Pharmaceutical Products July 2026","https://rwandafda.gov.rw/register/monitoring_preview_register"
"448","Rwanda FDA-HMP-MA-2052","Jadelle Sine Inserter","Levonorgestrel","75 mg","Implants","1 x 10 Implants","60 Months","BAYER OY","Finland","Bayer East Africa Ltd","SURGIPHARM (RWANDA) LTD","2024-09-30","2029-09-29","valid","Rwanda FDA - Registered Pharmaceutical Products July 2026","https://rwandafda.gov.rw/register/monitoring_preview_register"
"449","Rwanda FDA-HMP-MA-2056","KETOZ","Ketoconazole","2% w/w","Cream","15mg tube","36 Months","S KANT HEALTHCARE LTD","INDIA","S KANT HEALTHCARE LTD","SUN ENTERPRISES LTD","2024-09-30","2029-09-29","valid","Rwanda FDA - Registered Pharmaceutical Products July 2026","https://rwandafda.gov.rw/register/monitoring_preview_register"
"450","Rwanda FDA-HMP-MA-2045","MABTHERA","RITUXIMAB","1400mg/117ml","Solution for subcutaneous injection","15 mL VIAL","36 Months","F. HOFFMANN-LA ROCHE AG WURMISWEG","SWITZERLAND","F. HOFFMANN-LA ROCHE LTD","KIPHARMA LTD","2024-09-30","2029-09-29","valid","Rwanda FDA - Registered Pharmaceutical Products July 2026","https://rwandafda.gov.rw/register/monitoring_preview_register"
"451","Rwanda FDA-HMP-MA-2037","MYCODEAL SOLUTION","BIFONAZOLE","1.0 %w/v","Solution","15ml","36 Months","BIODEAL LABORATORIES LIMITED","KENYA","BIODEAL LABORATORIES LIMITED","CAPITAL PHARMACEUTICALS SUPPLIES LTD","2024-09-30","2029-09-29","valid","Rwanda FDA - Registered Pharmaceutical Products July 2026","https://rwandafda.gov.rw/register/monitoring_preview_register"
"452","Rwanda FDA-HMP-MA-2269","PACLITERO 300","Paclitaxel Injection USP","300mg/50mL","Injection","1 VIAL OF 50ML","36 Months","HETERO LABS LIMITED","INDIA","Hetero Labs Limited 7-2-A2, Hetero Corporate Industrial Estates Sanath Nagar, Hyderabad-500 018 Telangana, India","BION PHARMA GROUP LTD","2024-09-30","2029-09-29","valid","Rwanda FDA - Registered Pharmaceutical Products July 2026","https://rwandafda.gov.rw/register/monitoring_preview_register"
"453","Rwanda FDA-HMP-MA-2042","RENPRESS TABLETS","PROPRANOLOL HYDROCHLORIDE BP","40mg","Tablets","","24 Months","RENE INDUSTRIES LTD.","Uganda","RENE INDUSTRIES LTD","RENE PHARMACY (R) LTD","2024-09-30","2029-09-29","valid","Rwanda FDA - Registered Pharmaceutical Products July 2026","https://rwandafda.gov.rw/register/monitoring_preview_register"
"454","Rwanda FDA-HMP-MA-2057","SILVERKANT","SILVER SULPHADIAZINE","1% w/w","Cream","30g Tube","36 Months","S KANT HEALTHCARE LTD","INDIA","S KANT HEALTHCARE LTD","ABACUS PHARMA (A) LTD","2024-09-30","2029-09-29","valid","Rwanda FDA - Registered Pharmaceutical Products July 2026","https://rwandafda.gov.rw/register/monitoring_preview_register"
"455","Rwanda FDA-HMP-MA-2077","SODIUM CHLORIDE 0.9% W/V AND GLUCOSE 5% W/V INTRAVENOUS INFUSION BP","Sodium Chloride 0.9% w/v and Glucose 5% w/v Intravenous Infusion BP","0.9% w/v & 5% w/v","INTRAVENOUS INFUSION","500 ml","36 Months","B. BRAUN PHARMACEUTICALS EPZ LIMITED","KENYA","B. Braun Pharmaceuticals EPZ Limited","LE MEDICAL LTD","2024-09-30","2029-09-30","valid","Rwanda FDA - Registered Pharmaceutical Products July 2026","https://rwandafda.gov.rw/register/monitoring_preview_register"
"456","Rwanda FDA-HMP-MA-2049","SPAMOX ORAL SUSPENSION 250","Amoxicillin trihydrate BP","250MG/5ML","POWDER FOR ORAL SUSPENSION","100 ml","24 Months","SPARSH BIO-TECH PVT. LTD","India","SPARSH BIO-TECH PVT.LTD","ABACUS PHARMA (A) LTD","2024-09-30","2029-09-29","valid","Rwanda FDA - Registered Pharmaceutical Products July 2026","https://rwandafda.gov.rw/register/monitoring_preview_register"
"457","Rwanda FDA-HMP-MA-2039","TRIXONE","CEFTRIAXONE SODIUM INJECTION BP","1G","Powder for Injection","10 Vials","36 Months","Reyoung Pharmaceutical Co., Ltd","CHINA","Farmasino Co., Ltd","ABACUS PHARMA (A) LTD","2024-09-30","2029-09-29","valid","Rwanda FDA - Registered Pharmaceutical Products July 2026","https://rwandafda.gov.rw/register/monitoring_preview_register"
"458","Rwanda FDA-HMP-MA-2268","ULGICID SUSPENSION (CHERRY)","ALGINIC ACID, MAGNESIUM HYDROXIDE,ALUMINIUM HYDROXIDE,MAGNESIUM TRISILICATE&SIMETICONE SUSPENSION","200 mg, 250mg, 250mg, 250mg, 125mg","SUSPENSION","200 ml","30 Months","SAI MIRRA INNOPHARM PVT. LTD","INDIA","PRISMA PHARMA FZE","PRAFIN RWANDA LTD","2024-09-30","2029-09-29","valid","Rwanda FDA - Registered Pharmaceutical Products July 2026","https://rwandafda.gov.rw/register/monitoring_preview_register"
"459","Rwanda FDA-HMP-MA-2051","UNIVIR 200 MG TABLETS","Acyclovir 200 mg","200 mg","Tablets","3x10 Tablets","36 Months","UNIVERSAL CORPORATION LIMITED","INDIA","UNIVERSAL CORPORATION LIMITED","SUN ENTERPRISES LTD","2024-09-30","2029-09-29","valid","Rwanda FDA - Registered Pharmaceutical Products July 2026","https://rwandafda.gov.rw/register/monitoring_preview_register"
"460","Rwanda FDA-HMP-MA-2053","UNIVIR CREAM","ACYCLOVIR","5% W/W","Cream","10 grams Tube","36 Months","UNIVERSAL CORPORATION LIMITED","KENYA","UNIVERSAL CORPORATION LIMITED","SUN ENTERPRISES LTD","2024-09-30","2029-09-29","valid","Rwanda FDA - Registered Pharmaceutical Products July 2026","https://rwandafda.gov.rw/register/monitoring_preview_register"
"461","Rwanda FDA-HMP-MA-1611","ANTADYS","Flurbiprofen 100 mg capsules","100 mg","Film-coated capsules,","15 or 60 Capsuls","36 Months","LABORATOIRES MACORS , RUE DES CAILLOTTES","FRANCE","LABORATOIRE B&O PHARM","KIPHARMA LTD","2024-08-17","2029-08-16","valid","Rwanda FDA - Registered Pharmaceutical Products July 2026","https://rwandafda.gov.rw/register/monitoring_preview_register"
"462","Rwanda FDA-HMP-MA-1616","BEKRACINE- 200 DISPERSIBLE TABLET","Cefixime 200mg","200mg","Dispersible Tablets","","24 Months","Baroque Pharmaceuticals Pvt Ltd,","INDIA","Bekra Pharma UK Ltd","UBIPHARM RWANDA LTD","2024-08-17","2029-08-16","valid","Rwanda FDA - Registered Pharmaceutical Products July 2026","https://rwandafda.gov.rw/register/monitoring_preview_register"
"463","Rwanda FDA-HMP-MA-1733","M-DOPAKANT-250","Methyldopa BP","250mg","Tablets","10x10 Tablets","36 Months","S KANT HEALTHCARE LTD","INDIA","S KANT HEALTHCARE LTD","ABACUS PHARMA (A) LTD","2024-08-17","2029-08-16","valid","Rwanda FDA - Registered Pharmaceutical Products July 2026","https://rwandafda.gov.rw/register/monitoring_preview_register"
"464","Rwanda FDA-HMP-MA-1848","ABACAVIR AND LAMIVUDINE DISPERSIBLE TABLETS","Abacavir sulphate USP , Lamivudine USP","120mg/60mg","Tablets","30 Tablets","24 Months","MICRO LABS LIMITED","INDIA","MICRO LABS LIMITED","WESSEX PHARMACEUTICALS RWANDA LTD","2024-08-17","2029-08-16","valid","Rwanda FDA - Registered Pharmaceutical Products July 2026","https://rwandafda.gov.rw/register/monitoring_preview_register"
"465","Rwanda FDA-HMP-MA-1910","Abacavir Sulfate and Lamivudine Tablets 600/300mg","Abacavir Sulfate and Lamivudine","600mg/300mg","Tablets","30\\\'s","24 months","Hetero Labs Limited","INDIA","","SUN ENTREPRISE LTD","2024-08-17","2029-08-16","valid","Rwanda FDA - Registered Pharmaceutical Products July 2026","https://rwandafda.gov.rw/register/monitoring_preview_register"
"466","Rwanda FDA-HMP-MA-2018","ABACAVIR, DOLUTEGRAVIR, LAMIVUDINE","ABACAVIR, DOLUTEGRAVIR, LAMIVUDINE","60/5/30MG","TABLETS","30 tablets & 90 Tablets","24 Months","CIPLA LTD","INDIA","CIPLA LTD","Phillips Pharmaceuticals (Rwanda) Ltd","2024-08-17","2029-08-16","valid","Rwanda FDA - Registered Pharmaceutical Products July 2026","https://rwandafda.gov.rw/register/monitoring_preview_register"
"467","1073-Rwanda FDA-2019-R1","ABACAVIR/LAMIVUDINE-600/300","Abacavir, Lamivudine","600, 300mg","Tablets","30 Tablets","36 Months","AUROBINDO PHARMA LIMITED","INDIA","AUROBINDO PHARMA LIMITED","PHILLIPS PHARMACEUTICALS (RWANDA) LTD","2024-08-17","2029-08-16","valid","Rwanda FDA - Registered Pharmaceutical Products July 2026","https://rwandafda.gov.rw/register/monitoring_preview_register"
"468","Rwanda FDA-HMP-MA-1791","ABDOL-500","Paracetamol","500 mg","Tablets","10x10 Tablets","36 Months","JIANGSU PENGYAO PHARMACEUTICALS Co LTD","CHINA","FARMASINO Co LTD","ABACUS PHARMA (A) LTD","2024-08-17","2029-08-16","valid","Rwanda FDA - Registered Pharmaceutical Products July 2026","https://rwandafda.gov.rw/register/monitoring_preview_register"
"469","Rwanda FDA-HMP-MA-1766","ABIRAT 500","Abiraterone Acetate USP","500mg","Tablets","60 Tablets","24 Months","M/S HETERO LABS LIMITED, UNIT V","INDIA","HETERO LABS LIMITED","BION PHARMA GROUP LTD","2024-08-17","2029-08-16","valid","Rwanda FDA - Registered Pharmaceutical Products July 2026","https://rwandafda.gov.rw/register/monitoring_preview_register"
"470","Rwanda FDA-HMP-MA-1927","ACEM-500","CLARITHROMYCIN USP","500MG","TABLETS","1x10 Tablets","24 Months","EMCURE PHARMACETICALS LTD","INDIA","EMCURE PHARMACETICALS LTD","ABACUS PHARMA (A) LTD","2024-08-17","2029-08-16","valid","Rwanda FDA - Registered Pharmaceutical Products July 2026","https://rwandafda.gov.rw/register/monitoring_preview_register"
"471","Rwanda FDA-HMP-MA-1658","ACINET 625","Amoxicillin Trihydrate USP and Clavulanate Potassium USP","500mg/125mg","TABLETS","10 tablets","24 Months","INDCHEMIE HEALTH SPECIALITIES PVT. LTD","INDIA","CACHET PHARMACEUTICALS PVT. LTD","Wessex Pharmaceutical (Rwanda) Ltd","2024-08-17","2029-08-16","valid","Rwanda FDA - Registered Pharmaceutical Products July 2026","https://rwandafda.gov.rw/register/monitoring_preview_register"
"472","RwandaFDA-HMP-MA-1870","ACTILOR SYRUP","DESLORATADINE SYRUP","2.5MG/5ML","SYRUP 150ML","150ML","36 Months","NEOPHARMA","UNITED ARAB EMIRATES","NEOPHARMA","PHILIPS PHARMACEUTICALS RWANDA LTD","2024-08-17","2029-08-16","valid","Rwanda FDA - Registered Pharmaceutical Products July 2026","https://rwandafda.gov.rw/register/monitoring_preview_register"
"473","Rwanda FDA-HMP-MA-1647","ACTIMAG","MAGNESIUM PIDOLATE","0.4G/ML","ORAL SOLUTION","100ml Bottle","60 Months","Faes Farma, S.A,","SPAIN","FAES FARMA/ SPAIN","UBIPHARM-RWANDA LTD","2024-08-17","2029-08-16","valid","Rwanda FDA - Registered Pharmaceutical Products July 2026","https://rwandafda.gov.rw/register/monitoring_preview_register"
"474","Rwanda FDA-HMP-MA-1880","ACUDOL 15 INJ","KETOTOLAC TROMETHAMANE","15MG/ML","IV INJECTION","","24 months","ASPIRO PHARMA LIMITED","India","ASPIRO PHARMA LIMITED H.No.8-3-166/7/1,3rd Floor, Erragadda,Hyderabad-18, Telangana State, IndiaTelephone: +91-40-23704925,Fax: +91-40-23704926Web: www.aspiropharma.com E-mail: vinodkumar.u@aspiropharma.com","SUN ENTEPRISES LTD","2024-08-17","2029-08-16","valid","Rwanda FDA - Registered Pharmaceutical Products July 2026","https://rwandafda.gov.rw/register/monitoring_preview_register"
"475","Rwanda FDA-HMP-MA-1881","ACUDOL 30 INJ","KETOTOLAC TROMETHAMANE","30MG/ML","IV INJECTION","","24 months","ASPIRO PHARMA LIMITED","India","ASPIRO PHARMA LIMITED H.No.8-3-166/7/1,3rd Floor, Erragadda,Hyderabad-18, Telangana State, IndiaTelephone: +91-40-23704925,Fax: +91-40-23704926Web: www.aspiropharma.com E-mail: vinodkumar.u@aspiropharma.com","SUN ENTEPRISES LTD","2024-08-17","2029-08-16","valid","Rwanda FDA - Registered Pharmaceutical Products July 2026","https://rwandafda.gov.rw/register/monitoring_preview_register"
"476","Rwanda FDA-HMP-MA-1631","ACUPAN","NEFOPAM","20MG/2ML","SOLUTION FOR INJECTION","2ml Ampoules","36 Months","BIOCODEX","France","BIOCODEX, FRANCE","FORTILAB RWANDA","2024-08-17","2029-08-16","valid","Rwanda FDA - Registered Pharmaceutical Products July 2026","https://rwandafda.gov.rw/register/monitoring_preview_register"
"477","Rwanda FDA-HMP-MA-1679","ACYCLOVIR DENK","ACYCLOVIR","5%","CREAM","7 g Tube","36 Months","RubiePharm Arzneimittel GmbH","Germany","DENK PHARMA GmbH & Co. KG, Germany","ETS CONTINENTAL DEPOT PHARMACEUTIQUE","2024-08-17","2029-08-16","valid","Rwanda FDA - Registered Pharmaceutical Products July 2026","https://rwandafda.gov.rw/register/monitoring_preview_register"
"478","Rwanda FDA-HMP-MA-2011","ADDAVEN","FERRIC CHLORIDE/ ZINC CHLORIDE/ MANGANESE CHLORIDE TETRAHYDRATE/ COPPER CHLORIDE DIHYDRATE/ SODIUM SELENITE ANHYDROUS/ POTASSIUM IODIDE/ CHROMIC CHLORIDE HEXAHYDRATE/ SODIUM FLUORIDE/ SODIUM MONHYDRATE DEHYDRATE","53.3 mcg,1.02 mg, 5.40 mg, 198 mcg, 166 mcg, 2.10 mg, 48.5 mcg, 173 mcg, 10.5 mg in 10 ml","Concentrate for solution for infusion","20 x 10 ml ampoules","36 months","Fresenius Kabi Norge AS","Norway","FRESENIUS KABI SOUTH AFRICA PTY","SURGIPHARM RWANDA LTD","2024-08-17","2029-08-15","valid","Rwanda FDA - Registered Pharmaceutical Products July 2026","https://rwandafda.gov.rw/register/monitoring_preview_register"
"479","Rwanda FDA-HMP-MA-1652","AGODIC GEL","DICLOFENAC BP","1% W/W","GEL","30 gram Tube","36 Months","AGOG PHARMA LTD","INDIA","AGOG PHARMA LTD","SUN ENTERPRISES LTD","2024-08-17","2029-08-16","valid","Rwanda FDA - Registered Pharmaceutical Products July 2026","https://rwandafda.gov.rw/register/monitoring_preview_register"
"480","Rwanda FDA-HMP-MA-1933","AGODINE -TS","POVIDONE IODINE USP","10% W/V","TOPICAL SOLUTION","120ml Bottle","36 Months","AGOG PHARMA LTD","INDIA","AGOG PHARMA LTD","SUN ENTERPRISES LTD","2024-08-17","2029-08-16","valid","Rwanda FDA - Registered Pharmaceutical Products July 2026","https://rwandafda.gov.rw/register/monitoring_preview_register"
"481","Rwanda FDA-HMP-MA-1815","AGOFEN SUSPENSION","Ibuprofen BP","100 mg/5ml","Suspension","60ml and 100ml Bottle","36 Months","AGOG PHARMA LTD","INDIA","AGOG PHARMA LTD","SUN ENTERPRISES LTD","2024-08-17","2029-08-16","valid","Rwanda FDA - Registered Pharmaceutical Products July 2026","https://rwandafda.gov.rw/register/monitoring_preview_register"
"482","Rwanda FDA-HMP-MA-1574","AGOLACTONE-25","Spironolactone BP","25 mg","Tablets","10 Tablets","36 Months","AGOG PHARMA LTD","INDIA","AGOG PHARMA LTD","SUN ENTERPRISES LTD","2024-08-17","2029-08-16","valid","Rwanda FDA - Registered Pharmaceutical Products July 2026","https://rwandafda.gov.rw/register/monitoring_preview_register"
"483","Rwanda FDA-HMP-MA-1640","AGOMOL-100 TABLETS","PARACETAMOL BP","100MG","TABLETS","10 x 10 Tablets and 1000 tablets","36 Months","AGOG PHARMA LTD","INDIA","AGOG PHARMA LTD","SUN ENTERPRISES LTD","2024-08-17","2029-08-16","valid","Rwanda FDA - Registered Pharmaceutical Products July 2026","https://rwandafda.gov.rw/register/monitoring_preview_register"
"484","Rwanda FDA-HMP-MA-1952","AGOVIR-400 TABLETS","ACICLOVIR BP","400MG","TABLETS","100 Tablets","36 Months","AGOG PHARMA LTD","INDIA","AGOG PHARMA LTD","SUN ENTERPRISES LTD","2024-08-17","2029-08-16","valid","Rwanda FDA - Registered Pharmaceutical Products July 2026","https://rwandafda.gov.rw/register/monitoring_preview_register"
"485","Rwanda FDA-HMP-MA-1981","AGYCIN SUSPENSION","AZYTHROMYCIN","40MG/ML","SUSPENSION","15 ml","24 months","Bliss GVS Pharma Ltd,","India","BLISS GVS PHARMA LTD Address: 102, Hyde Park, Saki-Vihar Road, Andheri (East). Mumbai-400072Country: IndiaTelephone: +91-22-42160000Telefax: +91-22-28563930E-Mail: info@blissgvs.com","SURYA DEPOT PHARMACY LTD","2024-08-17","2029-08-16","valid","Rwanda FDA - Registered Pharmaceutical Products July 2026","https://rwandafda.gov.rw/register/monitoring_preview_register"
"486","Rwanda FDA-HMP-MA-1657","ALBENDAZOLE 400mg","ALBENDAZOLE","400MG","CHEWABLE TABLETS","100 tablets","36 Months","Mepro Pharmaceuticals Pvt. Ltd","India","MEPRO PHARMACEUTICALS PVT. LTD","Depot Pharmaceutique Ubumwe Ltd","2024-08-17","2029-08-16","valid","Rwanda FDA - Registered Pharmaceutical Products July 2026","https://rwandafda.gov.rw/register/monitoring_preview_register"
"487","Rwanda FDA-HMP-MA-1911","ALBUREL","HUMAN ALBUMIN SOLUTION BP","20%","INTRAVENOUS INFUSION","50ML AND 100ML","36 months","Reliance Life Sciences Pvt. Ltd","INDIA","Reliance Life Sciences Pvt. Ltd, Dhirubhai Ambani Life Sciences Centre (DALC), Plant 4B, R-282, TTC Area of MIDC, Thane Belapur Road, Rabale, Navi- Mumbai, India.","STAR BIOTECH RWANDA","2024-08-17","2029-08-16","valid","Rwanda FDA - Registered Pharmaceutical Products July 2026","https://rwandafda.gov.rw/register/monitoring_preview_register"
"488","Rwanda FDA-HMP-MA-1668","ALCOF-C","Dextromethorphan Hydrochloride BP, Cetrizine Hydrochloride BP, Phenylepherine Hydrochloride BP, Levomenthol BP","10mg, 5mg, 5mg, 1.5 mg","SYRUP","100ml Bottle","36 Months","Aurochem Laboratories (India) Pvt. Ltd","India","Aurochem Laboratories (India) Pvt. Ltd","UBIPHARM RWANDA LTD","2024-08-17","2029-08-16","valid","Rwanda FDA - Registered Pharmaceutical Products July 2026","https://rwandafda.gov.rw/register/monitoring_preview_register"
"489","Rwanda FDA-HMP-MA-1983","ALLERCET M","MONTELUKAST/ LEVOCETRIZINE DIHYROCHLORIDE","10MG/5MG","TABLET","1x10\\\'s","36 month","Micro Labs Limited","India","MICRO LABS LTD/INDIA","WESSEX PHARMACEUTICALS RWANDA LTD","2024-08-17","2029-08-16","valid","Rwanda FDA - Registered Pharmaceutical Products July 2026","https://rwandafda.gov.rw/register/monitoring_preview_register"
"490","Rwanda FDA-HMP-MA-1720","ALTOA SUSPENSION","Albendazole","200mg/5ml","Suspension","10ml Bottles","36 Months","LABORATORY & ALLIED LTD","KENYA","LABORATORY & ALLIED LTD","DEPOT PHARMACEUTIQUE LE MEDICAL","2024-08-17","2029-08-16","valid","Rwanda FDA - Registered Pharmaceutical Products July 2026","https://rwandafda.gov.rw/register/monitoring_preview_register"
"491","Rwanda FDA-HMP-MA-1711","ALTOA TABLETS","Albendazole","400mg","Tablets","1 x 1 Tablets","36 Months","LABORATORY & ALLIED LTD","KENYA","LABORATORY & ALLIED LTD","DEPOT PHARMACEUTIQUE LE MEDICAL","2024-08-17","2029-08-16","valid","Rwanda FDA - Registered Pharmaceutical Products July 2026","https://rwandafda.gov.rw/register/monitoring_preview_register"
"492","Rwanda FDA-HMP-MA-1562","AMARYL-M 2/500 IR","GLIMEPIRIDE +METFORMIN","2MG+ 500MG","FILM COATED TABLETS","60 & 100 tablets or Blister packs of 3x10 Tablets","36 Months","HANDOK INC","KOREA","Sanofi Aventis Kenya Limited","KIPHARMA LTD","2024-08-17","2029-08-16","valid","Rwanda FDA - Registered Pharmaceutical Products July 2026","https://rwandafda.gov.rw/register/monitoring_preview_register"
"493","20-4360-DGC&PHS-2018-R1","AMEP-10","Amlodipine","10 mg","Tablets","Box/7, Box/14, Box/28","24 Months","LABORATOIRES COOPER PHARMA","MOROCCO","LABORATOIRES COOPER PHARMA","MD CONSEIL MEDICAL SUPPLY LTD","2024-08-17","2029-08-16","valid","Rwanda FDA - Registered Pharmaceutical Products July 2026","https://rwandafda.gov.rw/register/monitoring_preview_register"
"494","20-4359-DGC&PHS-2018-R1","AMEP-5","Amlodipine","5 mg","Tablets","Box/7, Box/14, Box/28","36 Months","LABORATOIRES COOPER PHARMA","MOROCCO","LABORATOIRES COOPER PHARMA","MD CONSEIL MEDICAL SUPPLY LTD","2024-08-17","2029-08-16","valid","Rwanda FDA - Registered Pharmaceutical Products July 2026","https://rwandafda.gov.rw/register/monitoring_preview_register"
"495","Rwanda FDA-HMP-MA-1999","AMLOSIN 10","Amlodipine Besylate USP","10 mg","Tablets","","36 months","Hetero Labs Ltd","INDIA","Hetero Labs Limited","Bion Pharma Group (BPG) Limited","2024-08-17","2029-08-16","valid","Rwanda FDA - Registered Pharmaceutical Products July 2026","https://rwandafda.gov.rw/register/monitoring_preview_register"
"496","Rwanda FDA-HMP-MA-1998","AMLOSIN 5","Amlodipine Besylate USP","5 mg","Tablets","","36 months","Hetero Labs Ltd","INDIA","Hetero Labs Limited","Bion Pharma Group (BPG) Limited","2024-08-17","2029-08-16","valid","Rwanda FDA - Registered Pharmaceutical Products July 2026","https://rwandafda.gov.rw/register/monitoring_preview_register"
"497","Rwanda FDA-HMP-MA-1912","AMOXI-DENK 1000","AMOXICILLIN TRIHYDRATE","1000 MG","TABLETS","10 tablets","36 months","PenCef Pharma GmbH","GERMANY","","ETS CONTINENTAL","2024-08-17","2029-08-16","valid","Rwanda FDA - Registered Pharmaceutical Products July 2026","https://rwandafda.gov.rw/register/monitoring_preview_register"
"498","Rwanda FDA-HMP-MA-1913","AMOXI-DENK 500","AMOXICILLIN TRIHYDRATE","500MG","TABLETS","20 TABLETS","36 months","Pencef Pharma GmbH","GERMANY","","ETS CONTINENTAL DEPOT PHARMACEUTIQUE","2024-08-17","2029-08-16","valid","Rwanda FDA - Registered Pharmaceutical Products July 2026","https://rwandafda.gov.rw/register/monitoring_preview_register"
"499","Rwanda FDA-HMP-MA-1931","AMOXIMED","AMOXICILLIN","500MG","Capsules","10x10 Capsules and 500 Capsules","36 Months","CSPC ZHONGNUO PHARMACEUTICAL (SHIJIAZHUANG) Co., Ltd","CHINA","MEDISEL (K) LTD","SUN ENTEPRISES LTD","2024-08-17","2029-08-16","valid","Rwanda FDA - Registered Pharmaceutical Products July 2026","https://rwandafda.gov.rw/register/monitoring_preview_register"
"500","Rwanda FDA-HMP-MA-1941","AMOXIREN","Amoxicillin trihydrate BP","250 MG","CAPSULES","10x10 Capsules","24 Months","RENE INDUSTRIES LTD","Uganda","RENE INDUSTRIES LTD, UGANDA","RENE PHARMACY (R) LTD","2024-08-17","2029-08-16","valid","Rwanda FDA - Registered Pharmaceutical Products July 2026","https://rwandafda.gov.rw/register/monitoring_preview_register"
"501","Rwanda FDA-HMP-MA-2023","ANASTROZOLE NEAPOLIS","ANASTROZOLE","1MG","TABLETS","3x10 Tablets","24 Months","NEAPOLIS PHARMA","TUNISIA","NEAPOLIS PHARMA","KIPHARMA LTD","2024-08-17","2029-08-16","valid","Rwanda FDA - Registered Pharmaceutical Products July 2026","https://rwandafda.gov.rw/register/monitoring_preview_register"
"502","Rwanda FDA-HMP-MA-1823","ANATERO","Anastrozole","1mg","Tablets","30 Tablets","36 Months","HETERO LABS LIMITED","INDIA","HETERO DRUGS LIMITED","BION PHARMA GROUP LTD","2024-08-17","2029-08-16","valid","Rwanda FDA - Registered Pharmaceutical Products July 2026","https://rwandafda.gov.rw/register/monitoring_preview_register"
"503","20-4362-DGC&PHS-2018-R1","ANDOL-1000","Paracetamol","1000 mg","Tablets","Box/8","36 Months","LABORATOIRES COOPER PHARMA","MOROCCO","LABORATOIRES COOPER PHARMA","MD CONSEIL MEDICAL SUPPLY LTD","2024-08-17","2029-08-16","valid","Rwanda FDA - Registered Pharmaceutical Products July 2026","https://rwandafda.gov.rw/register/monitoring_preview_register"
"504","20-4361-DGC&PHS-2018-R1","ANDOL-500","Paracetamol","500 mg","Tablets","Box/16","24 Months","LABORATOIRES COOPER PHARMA","MOROCCO","LABORATOIRES COOPER PHARMA","MD CONSEIL MEDICAL SUPPLY LTD","2024-08-17","2029-08-16","valid","Rwanda FDA - Registered Pharmaceutical Products July 2026","https://rwandafda.gov.rw/register/monitoring_preview_register"
"505","Rwanda FDA-HMP-MA-1958","ANDROGEL","TESTOSTERONE","16.2MG/G","GEL","Boxes of 1, 2, 3 or 6 containers","36 Months","Besins Healthcare Benelux Sa.","Belgium","BESINS HEALTHCARE BENELUX SA","SURGIPHARM (RWANDA) LTD","2024-08-17","2029-08-16","valid","Rwanda FDA - Registered Pharmaceutical Products July 2026","https://rwandafda.gov.rw/register/monitoring_preview_register"
"506","Rwanda FDA-HMP-MA-1609","APDROPS","Moxifloxacin Hydrochloride Eye Drops","0.5% w/v","Eye Drops","3 mL or 5 mL","36 Months","Ajanta Pharma Limited","India","Ajanta Pharma Ltd, India","Abacus Pharma (A) Ltd","2024-08-17","2029-08-16","valid","Rwanda FDA - Registered Pharmaceutical Products July 2026","https://rwandafda.gov.rw/register/monitoring_preview_register"
"507","Rwanda FDA-HMP-MA-1890","ARBITEL H-80","TELMISARTAN AND HYDRCHLOROTHIAZIDE","80MG/12.5MG","Tablets","3x10\'s","24 Months","MICROLABS LTD","India","MICRO LABS LIMITED","Wessex Pharmaceuticals Rwanda Ltd","2024-08-17","2029-08-16","valid","Rwanda FDA - Registered Pharmaceutical Products July 2026","https://rwandafda.gov.rw/register/monitoring_preview_register"
"508","Rwanda FDA-HMP-MA-1614","ARTEMETHER 20MG & LUMEFANTRINE 120MG TABLETS","Artemether 20mg & Lumefantrine 120mg tablets","20mg/120mg","Tablets","","36 Months","Ipca laboratories limited,","INDIA","IPCA LABORATORIES LIMITED","SUN ENTEPRISES LTD","2024-08-17","2029-08-16","valid","Rwanda FDA - Registered Pharmaceutical Products July 2026","https://rwandafda.gov.rw/register/monitoring_preview_register"
"509","Rwanda FDA-HMP-MA-1776","ARTEMETHER AND LUMEFANTRINE","Artemether and Lumefantrine","80mg/480 mg","Tablets","1x6 Tablets","36 Months","AURA LIFECARE PVT. LTD.","INDIA","AURA LIFECARE PVT. LTD.","SUN ENTERPRISES LTD","2024-08-17","2029-08-16","valid","Rwanda FDA - Registered Pharmaceutical Products July 2026","https://rwandafda.gov.rw/register/monitoring_preview_register"
"510","Rwanda FDA-HMP-MA-1612","ARTIM","Artemether 80mg/ml","800mg/ml","Injection","6x1ml Ampoules","24 Months","Kilitch Drugs (India) Ltd","INDIA","KILITCH DRUGS (INDIA) LIMITED","WESSEX PHARMACEUTICAL (RWANDA) LTD","2024-08-17","2029-08-16","valid","Rwanda FDA - Registered Pharmaceutical Products July 2026","https://rwandafda.gov.rw/register/monitoring_preview_register"
"511","Rwanda FDA-HMP-MA-1978","ASPOCAN","Posaconazole","100 mg","Tablets","3x10 Tablets","24 Months","M/s. Hetero Labs Limited","India","HETERO LABS LIMITED","Bion Pharma Group (BPG) Limited","2024-08-17","2029-08-16","valid","Rwanda FDA - Registered Pharmaceutical Products July 2026","https://rwandafda.gov.rw/register/monitoring_preview_register"
"512","Rwanda FDA-HMP-MA-1888","ATAZOR-R-300/100","ATANAVIR SULPHATE/RITONAVIR","300/100MG","TABLETS","","36 months.","EMCUREPHARMACEUTICALSLTD","India","","Bion Pharma Group (BPG) Limited","2024-08-17","2029-08-16","valid","Rwanda FDA - Registered Pharmaceutical Products July 2026","https://rwandafda.gov.rw/register/monitoring_preview_register"
"513","Rwanda FDA-HMP-MA-1984","ATROZEMB 10-10MG","ATORVASTATIN/EZETIMIBE","10MG+10MG","FILM COATED TABLET","10 tablets","24 month","Liptis for Pharmaceutical and Medical Products (S.A.E)","Egypt","Liptis for Pharmaceuticals & Medical Products (S.A.E).Plot No. B/2, 6th Industrial zone, 6th of October City, Egypt.mahmoud.elaila@liptispharma.com","","2024-08-17","2029-08-16","valid","Rwanda FDA - Registered Pharmaceutical Products July 2026","https://rwandafda.gov.rw/register/monitoring_preview_register"
"514","Rwanda FDA-HMP-MA-1985","ATROZEMB 20-10MG","ATORVASTATIN/EZETIMIBE","20MG+10MG","FILM COATED TABLET","10 tablets","24 month","Liptis for Pharmaceutical and Medical Products (S.A.E)","Egypt","Liptis for Pharmaceuticals & Medical Products (S.A.E).Plot No. B/2, 6th Industrial zone, 6th of October City, Egypt.mahmoud.elaila@liptispharma.com","","2024-08-17","2029-08-16","valid","Rwanda FDA - Registered Pharmaceutical Products July 2026","https://rwandafda.gov.rw/register/monitoring_preview_register"
"515","Rwanda FDA-HMP-MA-2082","AUGMENTIN 500/62.5MG","AMOXICILLIN /CLAVULANIC ACID","500MG/62.5MG","TABLETS","2x8 tablets","24 Months","Glaxo Wellcome Production","FRANCE","GlaxoSmithKline Pharmaceutical Kenya Limited","KIPHARMA LTD","2024-08-17","2029-08-16","valid","Rwanda FDA - Registered Pharmaceutical Products July 2026","https://rwandafda.gov.rw/register/monitoring_preview_register"
"516","Rwanda FDA-HMP-MA-2070","AVAS 40","ATORVASTATIN","40MG","TABLETS","3x10 Tablets","36 Months","MICRO LABS LIMITED","INDIA","MICRO LABS LIMITED","WESSEX PHARMACEUTICALS (RWANDA) LTD","2024-08-17","2029-08-16","valid","Rwanda FDA - Registered Pharmaceutical Products July 2026","https://rwandafda.gov.rw/register/monitoring_preview_register"
"517","Rwanda FDA-HMP-MA-1982","AZACITIDINE NEAPOLIS","AZACITIDINE","100MG/VIAL","SOLUTION FOR INJECTION","10 vial","24 month","NEAPOLIS PHARMA","Tunisia","Neapolis Pharma, route de Tunis, Km7-B.P.206, 8000 Nabeul, Tunisia.","KIPHARMA Ltd","2024-08-17","2029-08-16","valid","Rwanda FDA - Registered Pharmaceutical Products July 2026","https://rwandafda.gov.rw/register/monitoring_preview_register"
"518","Rwanda FDA-HMP-MA-2075","AZITAR-500","Azithromycin (Dihydrate) USP","500MG","TABLETS","1x3 Tablets","36 Months","MAXTAR BIO-GENICS","INDIA","MAXTAR BIO-GENICS","SUN ENTERPRISES LTD","2024-08-17","2029-08-16","valid","Rwanda FDA - Registered Pharmaceutical Products July 2026","https://rwandafda.gov.rw/register/monitoring_preview_register"
"519","Rwanda FDA-HMP-MA-1851","AZITHROMYCIN","Azithromycin dehydrate USP","500mg","Tablets","3 tablets","24 Months","AURA LIFECARE PVT. LTD.","INDIA","AURA LIFECARE PVT. LTD","SUN ENTERPRISES LTD","2024-08-17","2029-08-16","valid","Rwanda FDA - Registered Pharmaceutical Products July 2026","https://rwandafda.gov.rw/register/monitoring_preview_register"
"520","Rwanda FDA-HMP-MA-1986","AZITRINE","AZITHROMYCIN","40MG","SUSPENSION","15ml","24 month","Bliss GVS Pharma Limited","India","IMEX PHARMA, Rose Belle building, unit 3- Rose Belle, Business Park, Maurice, Email: audrene.rouxel@imex-sf.com","MEDIASOL PHARMACEUTICAL Ltd","2024-08-17","2029-08-16","valid","Rwanda FDA - Registered Pharmaceutical Products July 2026","https://rwandafda.gov.rw/register/monitoring_preview_register"
"521","Rwanda FDA-HMP-MA-1778","AZITRINE -500","Azithromycin (as dihydrate) USP","500 mg","Film Coated Tablets","3 Tablets","36 Months","BLISS GVS PHARMA LIMITED","INDIA","BLISS GVS PHARMA LIMITED","MEDIASOL PHARMACEUTICAL DEPOT LTD","2024-08-17","2029-08-16","valid","Rwanda FDA - Registered Pharmaceutical Products July 2026","https://rwandafda.gov.rw/register/monitoring_preview_register"
"522","Rwanda FDA-HMP-MA-0170","AZITRINE-250","AZITHROMYCIN","250MG","TABLETS","6 Tablets","36 Months","BLISS GVS PHARMA LTD","INDIA","IMEX PHARMA, Maurice","Mediasol Pharmaceutical Depot Ltd","2024-08-17","2029-08-16","valid","Rwanda FDA - Registered Pharmaceutical Products July 2026","https://rwandafda.gov.rw/register/monitoring_preview_register"
"523","Rwanda FDA-HMP-MA-1651","AZUNATE","Artesunate Ph. Int.","60MG","POWDER FOR INJECTION","1 VIAL","24 Months","MACLEODS PHARMACEUTICALS LIMITED","INDIA","MACLEODS PHARMACEUTICALS LIMITED","AIVEEN RWANDA LTD","2024-08-17","2029-08-16","valid","Rwanda FDA - Registered Pharmaceutical Products July 2026","https://rwandafda.gov.rw/register/monitoring_preview_register"
"524","Rwanda FDA-HMP-MA-1906","BACTOCLAV DRY SYRUP","AMOXICillin 100mg+Potassium |Clavuranate 12.5mg/","100/12.5 MG","SYRUP","1x100 ml","24 months","MICRO LABS LIMITED","INDIA","MICRO LABS LIMITED 31, Race Course Road, Bangalore 560 001, Country: India Telephone: 080-22370451-57 Telefax: 080-22370463 Email: global@microlabs.in","Phillips Pharmaceuticals (Rwanda) Ltd.","2024-08-17","2029-08-16","valid","Rwanda FDA - Registered Pharmaceutical Products July 2026","https://rwandafda.gov.rw/register/monitoring_preview_register"
"525","Rwanda FDA-HMP-MA-1659","BECLOMIN 250 HFA INHALER","BECLOMETHASONE DIPROPIONATE","250 ?g/ Puff","Pressurized inhalation solution","19 ml canister","24 Months","SQUARE PHARMACEUTICAL Ltd","Bangladesh","SQUARE PHARMACEUTICAL Ltd","DOLIPHARM Limited","2024-08-17","2029-08-16","valid","Rwanda FDA - Registered Pharmaceutical Products July 2026","https://rwandafda.gov.rw/register/monitoring_preview_register"
"526","Rwanda FDA-HMP-MA-1714","BENDURIC 5MG TABLETS","Bendroflumethiazide resepine","5mg","Tablets","10x10 Tablets","36 Months","COSMOS LIMITED","KENYA","COSMOS LIMITED","SUN ENTERPRISES LTD","2024-08-17","2029-08-16","valid","Rwanda FDA - Registered Pharmaceutical Products July 2026","https://rwandafda.gov.rw/register/monitoring_preview_register"
"527","Rwanda FDA-HMP-MA-1794","BICATERO 50","Bicalutamide tablets","50 mg","Tablets","","36 Months","HETERO LABS LIMITED","INDIA","HETERO DRUGS LIMITED","BION PHARMA GROUP LTD","2024-08-17","2029-08-16","valid","Rwanda FDA - Registered Pharmaceutical Products July 2026","https://rwandafda.gov.rw/register/monitoring_preview_register"
"528","Rwanda FDA-HMP-MA-1715","BICOLEX ENTERIC COATED TABLETS","Bisacodil","5mg","Tablets","10x10 Tablets","36 Months","COSMOS LIMITED","KENYA","COSMOS LIMITED","SUN ENTERPRISES LTD","2024-08-17","2029-08-16","valid","Rwanda FDA - Registered Pharmaceutical Products July 2026","https://rwandafda.gov.rw/register/monitoring_preview_register"
"529","Rwanda FDA-HMP-MA-1761","BILAXTEN","Bilastine","20 mg","Tablets","2x10 Tablets","60 Months","FAES FARMA, S.A.","SPAIN","FAES FARMA, S,A. C","GOMHS Ltd","2024-08-17","2029-08-16","valid","Rwanda FDA - Registered Pharmaceutical Products July 2026","https://rwandafda.gov.rw/register/monitoring_preview_register"
"530","Rwanda FDA-HMP-MA-2034","BIMAT","BIMATOPROST","0.03% W/V","EYE DROPS","3 mL","24 Months","Ciron Drugs & Pharmaceuticals Pvt. Ltd","INDIA","AJANTA PHARMA LIMITED","ABACUS PHARMA (A) LTD","2024-08-17","2029-08-16","valid","Rwanda FDA - Registered Pharmaceutical Products July 2026","https://rwandafda.gov.rw/register/monitoring_preview_register"
"531","Rwanda FDA-HMP-MA-1829","BINFIN 5","Finasteride","5mg","Tablets","15 Tablets","36 Months","HETERO LABS LIMITED","INDIA","HETERO LABS LIMITED","BION PHARMA GROUP LTD","2024-08-17","2029-08-16","valid","Rwanda FDA - Registered Pharmaceutical Products July 2026","https://rwandafda.gov.rw/register/monitoring_preview_register"
"532","Rwanda FDA-HMP-MA-1655","BIOFULVIN","GRISEOFULVIN USP","500MG","TABLETS","10x10 Tablets","36 Months","BIODEAL LABORATORIES LTD","KENYA","BIODEAL LABORATORIES LTD","CAPITAL PHARMACEUTICALS SUPPLIES LTD","2024-08-17","2029-08-16","valid","Rwanda FDA - Registered Pharmaceutical Products July 2026","https://rwandafda.gov.rw/register/monitoring_preview_register"
"533","Rwanda FDA-HMP-MA-1608","BIOTRIM DS TABLETS","Trimethoprim and Sulphamethoxazole","160 mg/800 mg","Tablets","10 x 10 Tablets or 1000 tablets","36 Months","Biodeal Laboratories Ltd","Kenya","Biodeal Laboratories Ltd","Capital pharmaceutical supplies Ltd","2024-08-17","2029-08-16","valid","Rwanda FDA - Registered Pharmaceutical Products July 2026","https://rwandafda.gov.rw/register/monitoring_preview_register"
"534","Rwanda FDA-HMP-MA-1578","BLEOCIP","Bleomycin Sulfate as sterile, freeze-dried powder for reconstitution","15IU","Solution for Injection","5 ml Vial","36 Months","CIPLA LIMITED GOA","INDIA","CIPLA LTD","KIPHARMA LTD","2024-08-17","2029-08-16","valid","Rwanda FDA - Registered Pharmaceutical Products July 2026","https://rwandafda.gov.rw/register/monitoring_preview_register"
"535","Rwanda FDA-HMP-MA-1896","BONCARE PLUS","METHYLSULFONYLMETHANE/ GLUCOSAMINE SULPHATE POTASSIUM CHLORIDE/ CHONDROITIN SULPHATE SODIUM","50MG/750MG/200MG","CAPSULE","","36 months.","AUROCHEM LABORATORIES (INDIA) PVT. LTD.","India","AUROCHEM LABORATORIES (I) PVT LTD/INDIAPlot No. 8, Palghar Taluka Industrial Co-Operative Estate Limited, District Palghar, 401404, District Thane, Maharashtra-Indi","UBIPHARM-RWANDA LTD","2024-08-17","2029-08-16","valid","Rwanda FDA - Registered Pharmaceutical Products July 2026","https://rwandafda.gov.rw/register/monitoring_preview_register"
"536","Rwanda FDA-HMP-MA-1948","BRINZOX T","Brinzolamide USP, Timolol Maleate BP","1% w/v + 0.5%w/v","Ophthalmic Suspension","5ml","36 Months","Ajanta pharma Limited","INDIA","Ajanta pharma Limited","ABACUS PHARMA (A) LTD","2024-08-17","2029-08-16","valid","Rwanda FDA - Registered Pharmaceutical Products July 2026","https://rwandafda.gov.rw/register/monitoring_preview_register"
"537","Rwanda FDA-HMP-MA-1591","BROMOLON","Brimonidine Tartrate","0.2% w/v","Solution","5 mL Bottle","24 Months","M/s. FDC LIMITED","India","Bliss GVS Pharma Limited, India","Surya Depot Pharmacy Limited","2024-08-17","2029-08-16","valid","Rwanda FDA - Registered Pharmaceutical Products July 2026","https://rwandafda.gov.rw/register/monitoring_preview_register"
"538","Rwanda-FDA-HM-1862","BRUFEN SIROP PED. 100ML","IBUPROFEN","100mg/5ml","SUSPENSION","Brufen Syrup, 100mg/5ml, a liquid oral product","36 months.","AbbVie S.r.l. S.R","ITALY","FAMAR A.V.E ANTHOUSSA PLANT B","SUN ENTERPRISES LTD","2024-08-17","2029-08-16","valid","Rwanda FDA - Registered Pharmaceutical Products July 2026","https://rwandafda.gov.rw/register/monitoring_preview_register"
"539","Rwanda FDA-HMP-MA-1784","BRUTAFLAM-60","Etoricoxib","60mg","Tablets","10 Tablets","24 Months","MANKIND PHARMA LTD","INDIA","MANKIND PHARMA LTD","WESSEX PHARMACEUTICALS RWANDA LTD","2024-08-17","2029-08-16","valid","Rwanda FDA - Registered Pharmaceutical Products July 2026","https://rwandafda.gov.rw/register/monitoring_preview_register"
"540","Rwanda FDA-HMP-MA-1783","BRUTAFLAM-90","Etoricoxib","90mg","Tablets","10 Tablets","24 Months","MANKIND PHARMA LTD","INDIA","MANKIND PHARMA LTD","WESSEX PHARMACEUTICALS RWANDA LTD","2024-08-17","2029-08-16","valid","Rwanda FDA - Registered Pharmaceutical Products July 2026","https://rwandafda.gov.rw/register/monitoring_preview_register"
"541","Rwanda FDA-HMP-MA-1893","BUDECOT 0.5MG","BUDESONIDEINHALATION SUSPENTION 0.5MG/2ML","0.5MG","TABLETS","Carton containing 4 combipack pouch having 5 respules of 2 ml each","24 months.","CIPLA LTD.","India","","KIPHARMA LTD","2024-08-17","2029-08-16","valid","Rwanda FDA - Registered Pharmaceutical Products July 2026","https://rwandafda.gov.rw/register/monitoring_preview_register"
"542","Rwanda FDA-HMP-MA-1597","BUPITROY HEAVY","Bupivacaine Hydrochloride USP","5 mg/ml","Solution for injection","4 ml Ampoules","24 Months","Troikaa Pharmaceuticals Ltd","India","Troikaa Pharmaceuticals Ltd","Abacus Pharma (A) Limited","2024-08-17","2029-08-16","valid","Rwanda FDA - Registered Pharmaceutical Products July 2026","https://rwandafda.gov.rw/register/monitoring_preview_register"
"543","Rwanda FDA-HMP-MA-1760","BUSCOMAX","Hyoscine Butylbromide","10 mg","Tablets","10x10 Tablets","36 Months","MAXTAR BIO-GENICS","INDIA","MAXTAR BIO-GENICS","SUN ENTERPRISES LTD","2024-08-17","2029-08-16","valid","Rwanda FDA - Registered Pharmaceutical Products July 2026","https://rwandafda.gov.rw/register/monitoring_preview_register"
"544","Rwanda FDA-HMP-MA-1793","BUSCOREN 10 MG TAB","Hyoscine butyl bromide","10 mg","Tablets","10x10 Tablets","24 Months","RENE INDUSTRIES LTD","UGANDA","RENE INDUSTRIES LTD","RENE PHARMACY (R) LTD","2024-08-17","2029-08-16","valid","Rwanda FDA - Registered Pharmaceutical Products July 2026","https://rwandafda.gov.rw/register/monitoring_preview_register"
"545","Rwanda FDA-HMP-MA-1677","C-TAX P DRY SYRUP","CEFIXIME USP","50MG/5ML","SYRUP","100ml Bottle","24 Months","EMCURE PHARMACETICALS LTD","India","EMCURE PHARMACETICALS LTD","ABACUS PHARMA (A) LTD","2024-08-17","2029-08-16","valid","Rwanda FDA - Registered Pharmaceutical Products July 2026","https://rwandafda.gov.rw/register/monitoring_preview_register"
"546","Rwanda FDA-HMP-MA-1746","CABALIN 25","Pregabalin","25 mg","Capsules","2x12 Capsules","24 Months","CACHET PHARMACEUTICALS PVT LTD","INDIA","CACHET PHARMACEUTICALS PVT LTD","Wessex Pharmaceuticals Ltd","2024-08-17","2029-08-16","valid","Rwanda FDA - Registered Pharmaceutical Products July 2026","https://rwandafda.gov.rw/register/monitoring_preview_register"
"547","Rwanda FDA-HMP-MA-1708","Cabalin 75","Pregabalin 75 mg","75 mg","CAPSULES","12 capsules","24 month","Cachet Pharmaceutical Pvt. Ltd","India","CACHET PHARMACEUTICALS PVT.LTD","Wessex Pharmaceuticals Ltd.","2024-08-17","2029-08-16","valid","Rwanda FDA - Registered Pharmaceutical Products July 2026","https://rwandafda.gov.rw/register/monitoring_preview_register"
"548","Rwanda FDA-HMP-MA-1803","CALCIVITA","Vitamin A Palmitate Equivalent to Vitamin A Vitamin D3 Equivalent to Vitamin D Calcium Phosphate Dibasic Anhydrous Calcium Carbonate Heavy","2500.00 IU, 400.00 IU, 150.00 mg, 50.00 mg","Soft gelatin Capsule","5 x 10 Capsules","24 Months","MEGA LIFESCIENCES Public Company Limited","THAILAND","MEGA LIFESCIENCES Public Company Limited","ABACUS PHARMA (A) LTD","2024-08-17","2029-08-16","valid","Rwanda FDA - Registered Pharmaceutical Products July 2026","https://rwandafda.gov.rw/register/monitoring_preview_register"
"549","Rwanda FDA-HMP-MA-1660","CANDID DUSTING POWDER","CLOTRIMAZOLE","1% W/V","Powder for topical application","30 g Bottle","48 Months","Glenmark Pharmaceuticals Limited","India","Glenmark Pharmaceuticals Ltd","WESSEX PHARMACEUTICALS (RWANDA) LTD","2024-08-17","2029-08-16","valid","Rwanda FDA - Registered Pharmaceutical Products July 2026","https://rwandafda.gov.rw/register/monitoring_preview_register"
"550","Rwanda FDA-HMP-MA-1905","CANDIMALE-15","ORNIDAZOLE + MICONAZOLE","2%+2%","CREAM","15G","30 months","Meyer Organics Pvt. Ltd.","INDIA","MEYER ORGANICS PVT LTD","SUN ENTERPRISES LTD","2024-08-17","2029-08-16","valid","Rwanda FDA - Registered Pharmaceutical Products July 2026","https://rwandafda.gov.rw/register/monitoring_preview_register"
"551","Rwanda FDA-HMP-MA-2165","CANESTEN 1VT","CLOTRIMAZOLE","500 mg","Tablets","1 x 1 tablet","24 Months","","Germany","","SURGIPHARM (RWANDA) LTD","2024-08-17","2029-08-16","valid","Rwanda FDA - Registered Pharmaceutical Products July 2026","https://rwandafda.gov.rw/register/monitoring_preview_register"
"552","Rwanda FDA-HMP-MA-1750","CANI-MAKS","Clotrimazole BP","1 % w/w","Cream","20 g Tubes","36 Months","S KANT HEALTHCARE LTD","INDIA","S KANT HEALTHCARE LTD.","ABACUS PHARMA (A) LTD","2024-08-17","2029-08-16","valid","Rwanda FDA - Registered Pharmaceutical Products July 2026","https://rwandafda.gov.rw/register/monitoring_preview_register"
"553","Rwanda FDA-HMP-MA-1630","CAPEMAX 500","CAPECITABINE","500MG","TABLETS","3x10 tablets or 12x10 tablets","36 Months","INTAS PHARMACEUTICALS LTD","India","INTAS PHARMACEUTICALS LTD","ABACUS PHARMA (A) LTD","2024-08-17","2029-08-16","valid","Rwanda FDA - Registered Pharmaceutical Products July 2026","https://rwandafda.gov.rw/register/monitoring_preview_register"
"554","Rwanda FDA-HMP-MA-1773","CAPETERO","Capecitabine","500mg","Tablets","120 Tablets","36 Months","HETERO LABS LIMITED","INDIA","HETERO LABS LIMITED","BION PHARMA GROUP LTD","2024-08-17","2029-08-16","valid","Rwanda FDA - Registered Pharmaceutical Products July 2026","https://rwandafda.gov.rw/register/monitoring_preview_register"
"555","Rwanda FDA-HMP-MA-0869","CARDIOTEM 5","AMLODIPINE BESYLATE","5MG","TABLET","3x10 tablets","36 Months","BAROQUE PHARMACEUTICALS PVT LTD","INDIA","Bekra Pharma UK Ltd","UBIPHARM RWANDA LTD","2024-08-17","2029-08-16","valid","Rwanda FDA - Registered Pharmaceutical Products July 2026","https://rwandafda.gov.rw/register/monitoring_preview_register"
"556","Rwanda FDA-HMP-MA-1698","","LOSARTAN AND HYDROCHLOROTHIAZIDE","50MG, 12.5MG","TABLETS","30 tablets","24 month","Baroque Pharmaceuticals Pvt.Ltd","India","BEKRA PHARMAAddress: 13,LAVINGTON ROADLONDON, Country: UNITED KINGDOMTel: +44 745 962162e-mail: export@bekrapharma.uk","UBIPHARM-RWANDA LTD","2024-08-17","2029-08-16","valid","Rwanda FDA - Registered Pharmaceutical Products July 2026","https://rwandafda.gov.rw/register/monitoring_preview_register"
"557","Rwanda FDA-HMP-MA-1594","CARTIL FORTE","Glucosamine and Chondroitin","500 mg/200 mg","Tablets","","36 Months","M/S Skybiotech lifesciences Pvt. Ltd","India","Galaxy Pharmaceuticals, India","Star Biotech Limited","2024-08-17","2029-08-16","valid","Rwanda FDA - Registered Pharmaceutical Products July 2026","https://rwandafda.gov.rw/register/monitoring_preview_register"
"558","Rwanda FDA-HMP-MA-1641","CETAPIR","PIRACETAM","800MG","TABLETS","45 Tablets","36 Months","AGOG PHARMA LTD","INDIA","AGOG PHARMA LTD","SUN ENTERPRISES LTD","2024-08-17","2029-08-16","valid","Rwanda FDA - Registered Pharmaceutical Products July 2026","https://rwandafda.gov.rw/register/monitoring_preview_register"
"559","Rwanda FDA-HMP-MA-1603","CHEWCEE TABLETS","Ascorbic acid","100 mg","Tablet","10x10 Tablets or 1000 tablets","24 Months","Rene Industries Ltd","India","Rene Industries Ltd","Rene Pharmacy (R) Ltd","2024-08-17","2029-08-16","valid","Rwanda FDA - Registered Pharmaceutical Products July 2026","https://rwandafda.gov.rw/register/monitoring_preview_register"
"560","Rwanda FDA-HMP-MA-1557","CHLORAMPHENICOL","Chloramphenicol","250 mg","Capsules","10x10 Capsules","36 Months","AURA LIFE CARE PVT LTD","INDIA","AURA LIFE CARE PVT LTD","SUN ENTERPRISE LTD","2024-08-17","2029-08-16","valid","Rwanda FDA - Registered Pharmaceutical Products July 2026","https://rwandafda.gov.rw/register/monitoring_preview_register"
"561","Rwanda FDA-HMP-MA-1938","CIDOL-5 Injection","HALOPERIDOL BP","5MG/ML","Solution for injection","1ml Ampoule","24 Months","CIRON DRUGS & PHARMACEUTICALS PVT.LTD","INDIA","CIRON DRUGS & PHARMACEUTICALS PVT.LT","RENE PHARMACY (R) LTD","2024-08-17","2029-08-16","valid","Rwanda FDA - Registered Pharmaceutical Products July 2026","https://rwandafda.gov.rw/register/monitoring_preview_register"
"562","0302/Rwanda FDA/2019-R1","CIPRO-DENK-750","Ciprofloxacin Hydrochloride","750mg","Tablets","1 Blister Of 10 Tablets","24 Months","ALLPHAMED PHARBIL ARZNEIMITTEL GmbH","GERMANY","DENK PHARMA& CO.KG","ETS CONTINENTAL DEPOT PHARMACEUTIQUE","2024-08-17","2029-08-16","valid","Rwanda FDA - Registered Pharmaceutical Products July 2026","https://rwandafda.gov.rw/register/monitoring_preview_register"
"563","Rwanda FDA-HMP-MA-1653","CIPROCIN","Ciprofloxacin USP","0.3%W/V","OPHTHALMIC SOLUTION","5 mL and 10 mL Vials","36 Months","Abacus Parenteral Drugs Ltd (APDL)","Uganda","ABACUS PARENTERAL DRUGS LTD (APDL)","ABACUS PHARMA (A) LTD","2024-08-17","2029-08-16","valid","Rwanda FDA - Registered Pharmaceutical Products July 2026","https://rwandafda.gov.rw/register/monitoring_preview_register"
"564","Rwanda FDA-HMP-MA-1731","CIPROKANT-500","Ciprofloxacin Hydrochloride USP","500 mg","Tablets","10x10 Tablets","36 Months","S KANT HEALTHCARE LTD","INDIA","S KANT HEALTHCARE LTD","ABACUS PHARMA (A) LTD","2024-08-17","2029-08-16","valid","Rwanda FDA - Registered Pharmaceutical Products July 2026","https://rwandafda.gov.rw/register/monitoring_preview_register"
"565","Rwanda FDA-HMP-MA-1732","CIPROLAB-500 TABLETS","CIPROFLOXACIN HYDROCHLORIDE USP","500 MG","Tablets","10x10 Tablets","36 Months","LABORATORY & ALLIED LTD","KENYA","LABORATORY & ALLIED LTD","DEPOT PHARMACEUTIQUE LE MEDICAL","2024-08-17","2029-08-16","valid","Rwanda FDA - Registered Pharmaceutical Products July 2026","https://rwandafda.gov.rw/register/monitoring_preview_register"
"566","Rwanda FDA-HMP-MA-2084","CIPYNE","PARACETAMOL/ IBUPROFEN/ CODEINE PHOSPHATE","250MG/ 200MG/ 10MG","Capsules","30s and 100 Capsules","24 Months","VARICHEM PHARMACEUTICALS PVT LTD","Zimbabwe","VARICHEM PHARMACEUTICALS PVT LTD","ACTIVIS PHARMA LTD","2024-08-17","2029-08-16","valid","Rwanda FDA - Registered Pharmaceutical Products July 2026","https://rwandafda.gov.rw/register/monitoring_preview_register"
"567","Rwanda FDA-HMP-MA-1864","CIRATRO","ATROPINE SULPHATE INJECTION BP","1MG/ML","SOLUTION","1 ml Amber type I Ampoule.","36 Months","CIRON DRUGS & PHARMACEUTICALS PVT LTD","INDIA","CIRON DRUGS AND PHARMACEUTICALS PVT.LTD","RENE PHARMACY (R) LTD","2024-08-17","2029-08-16","valid","Rwanda FDA - Registered Pharmaceutical Products July 2026","https://rwandafda.gov.rw/register/monitoring_preview_register"
"568","Rwanda FDA-HMP-MA-1788","CISATRA","Cisatracurium besylate USP","2mg/ml","Injection","1x10ml Vial","18 Months","THEMIS MEDICARE LIMITED.","INDIA","THEMIS MEDICARE LIMITED","WESSEX PHARMACEUTICALS RWANDA LTD","2024-08-17","2029-08-16","valid","Rwanda FDA - Registered Pharmaceutical Products July 2026","https://rwandafda.gov.rw/register/monitoring_preview_register"
"569","Rwanda FDA-HMP-MA-1770","CISATREX","Cisatracurium besilate","2mg/ml","Injectable Solution,","5 Ampoules of 5ml","24 Months","","TUNISIA","","KIPHARMA LTD","2024-08-17","2029-08-16","valid","Rwanda FDA - Registered Pharmaceutical Products July 2026","https://rwandafda.gov.rw/register/monitoring_preview_register"
"570","Rwanda FDA-HMP-MA-1584","CLAMOXYL CAPSULES","Amoxicillin trihydrate","500 mg","Capsules","12 Tablets","36 Months","GLAXO WELLCOME PRODUCTION","FRANCE","GLAXO SMITH KLINE PHARMACEUTICALS KENYA","KIPHARMA LTD","2024-08-17","2029-08-16","valid","Rwanda FDA - Registered Pharmaceutical Products July 2026","https://rwandafda.gov.rw/register/monitoring_preview_register"
"571","Rwanda FDA-HMP-MA-1787","CLARICOS","Clarithromycin USP","500mg","Tablets","20 Tablets","24 Months","COSMOS LIMITED","KENYA","COSMOS LIMITED","SUN ENTERPRISES LTD","2024-08-17","2029-08-16","valid","Rwanda FDA - Registered Pharmaceutical Products July 2026","https://rwandafda.gov.rw/register/monitoring_preview_register"
"572","Rwanda FDA-HMP-MA-1763","CLARITHROMYCIN","Clarithromycin","500 mg","Film Coated Tablets","7's, 10's, 14's or 21 Tablets","36 Months","SANDOZ S.R.L.","AUSTRIA","SANDOZ GmbH","SURGIPHARM RWANDA LIMITED","2024-08-17","2029-08-16","valid","Rwanda FDA - Registered Pharmaceutical Products July 2026","https://rwandafda.gov.rw/register/monitoring_preview_register"
"573","Rwanda FDA-HMP-MA-1940","CLARYL-500","CLARITHROMYCIN USP","500MG","TABLETS","10x10 Tablets","36 Months","UMEDICA LABORATORIES PVT. LTD","INDIA","UMEDICA LABORATORIES LTD","SURGIPHARM (RWANDA) LTD","2024-08-17","2029-08-16","valid","Rwanda FDA - Registered Pharmaceutical Products July 2026","https://rwandafda.gov.rw/register/monitoring_preview_register"
"574","Rwanda FDA-HMP-MA-1988","CLAVUJECT 1.2 INJECTION","CO-AMOXICLAV","1.2MG","STERILE POWDER FOR INJECTION","15ml","24 month","Bliss GVS Pharma Limited","India","","KIPHARMA Ltd","2024-08-17","2029-08-16","valid","Rwanda FDA - Registered Pharmaceutical Products July 2026","https://rwandafda.gov.rw/register/monitoring_preview_register"
"575","Rwanda FDA-HMP-MA-1908","CLOFAINS","PARACEUTAMOL/ SODIUM DICLOFENAC","500MG/50MG","TABLETS","1x 10 tablets","36 months","","INDIA","","H&H PHARMA LTD","2024-08-17","2029-08-16","valid","Rwanda FDA - Registered Pharmaceutical Products July 2026","https://rwandafda.gov.rw/register/monitoring_preview_register"
"576","Rwanda FDA-HMP-MA-1663","CLOM TABLETS","CLOMIPRAMINE HYDROCHLORIDE BP","25MG","TABLETS","10x10 Tablets","36 Months","AGOG PHARMA LTD","INDIA","AGOG PHARMA LTD","SUN ENTERPRISES LTD","2024-08-17","2029-08-16","valid","Rwanda FDA - Registered Pharmaceutical Products July 2026","https://rwandafda.gov.rw/register/monitoring_preview_register"
"577","Rwanda FDA-HMP-MA-1601","CLOTRINE B CREAM","Clotrimazole and Betamethasone dipropionate","1%w/w / 0.05% w/w.","Cream","15 grams Tubes","36 Months","M/s Universal Corporation Limited","Kenya","Universal Corporation Limited","Sun Enterprises Ltd","2024-08-17","2029-08-16","valid","Rwanda FDA - Registered Pharmaceutical Products July 2026","https://rwandafda.gov.rw/register/monitoring_preview_register"
"578","Rwanda FDA-HMP-MA-1600","CLOTRINE B PESSARY","Clotrimazole Pessary","200 mg","Pessaries","1 x 3 pessaries","36 Months","Universal Corporation Limited","Kenya","Universal Corporation Limited","Sun Enterprises Ltd","2024-08-17","2029-08-16","valid","Rwanda FDA - Registered Pharmaceutical Products July 2026","https://rwandafda.gov.rw/register/monitoring_preview_register"
"579","Rwanda FDA-HMP-MA-1710","CLOXACILLIN CAPSULE","Cloxacillin Sodium","250mg","Capsules","10x10 Capsules","36 Months","REYOUNG PHARMACEUTICAL CO. LIMITED","CHINA","FARMASINO CO., LTD","ABACUS PHARMA (A) LTD","2024-08-17","2029-08-16","valid","Rwanda FDA - Registered Pharmaceutical Products July 2026","https://rwandafda.gov.rw/register/monitoring_preview_register"
"580","Rwanda FDA-HMP-MA-1681","CLOXACILLIN SODIUM","CLOXACILLIN SODIUM USP","250MG","HARD GELATIN CAPSULE","10 X10 Capsules","24 months","Milan Laboratories (India) Pvt Ltd.","INDIA","Milan Laboratories (India) Pvt Ltd, 303 & 304, Odyssey IT Park, Road no.9, Opp. MIDC office, Wagle Estate, Thane- 400 604, India, E-Mail: info@milanlabs.com","SIGMA PHARMA RWANDA LIMITED","2024-08-17","2029-08-16","valid","Rwanda FDA - Registered Pharmaceutical Products July 2026","https://rwandafda.gov.rw/register/monitoring_preview_register"
"581","Rwanda FDA-HMP-MA-1563","CLOXAREN ORAL SUSPENSION","Cloxacillin sodium","125 mg","Dry powder for oral suspension","25mg for 100ml","24 Months","RENE INDUSTRIES LTD","UGANDA","RENE INDUSTRIES LTD","","2024-08-17","2029-08-16","valid","Rwanda FDA - Registered Pharmaceutical Products July 2026","https://rwandafda.gov.rw/register/monitoring_preview_register"
"582","Rwanda FDA-HMP-MA-1617","CLOXVID -250MG","Cloxacillin Sodium Capsules USP 250 mg","250mg","Hard gelatin capsule","","36 Months","Scott- Edil Advance Research Laboratories & Education Ltd,","INDIA","Scott-Edil Advance Research Laboratories & Education","SUN ENTEPRISES LTD","2024-08-17","2029-08-16","valid","Rwanda FDA - Registered Pharmaceutical Products July 2026","https://rwandafda.gov.rw/register/monitoring_preview_register"
"583","Rwanda FDA-HMP-MA-1559","CO-MICARDIS 40/12.5 TABLETS","Telmisartan / Hydrochlorothiazide","40/12.5mg","Tablets","7 or 10 Tablets","36 Months","BOEHRINGER INGELHEIM ALLAS A.E,","GREECE","BOEHRINGER INGELHEIM INTERNATIONAL GMBH","SURGIPHARM RWANDA LTD","2024-08-17","2029-08-16","valid","Rwanda FDA - Registered Pharmaceutical Products July 2026","https://rwandafda.gov.rw/register/monitoring_preview_register"
"584","Rwanda FDA-HMP-MA-2102","CO-TRIMOXAZOLE","SULFAMETHOXAZOLE/ TRIMETHOPRIM","240MG/40MG","TABLETS","100 ml","36 Months","AURA LIFECARE PVT. LTD","India","AURA LIFECARE PVT. LTD","SUN ENTERPRISES LTD","2024-08-17","2029-08-16","valid","Rwanda FDA - Registered Pharmaceutical Products July 2026","https://rwandafda.gov.rw/register/monitoring_preview_register"
"585","Rwanda FDA-HMP-MA-1555","CO-TRIMOXAZOLE 960","Sulfamethoxazole BP and Trimethoprim BP","800 mg/160 mg","Tablets","10 Tablets","36 Months","AURA LIFECARE Pvt. LTD","INDIA","AURA LIFECARE Pvt. LTD","SUN ENTERPRISES LTD","2024-08-17","2029-08-16","valid","Rwanda FDA - Registered Pharmaceutical Products July 2026","https://rwandafda.gov.rw/register/monitoring_preview_register"
"586","Rwanda FDA-HMP-MA-1556","CO-TRIMOXAZOLE-480","Sulfamethoxazole BP and Trimethoprim BP","400 mg/80 mg","Tablets","10 Tablets","36 Months","AURA LIFECARE Pvt. LTD","INDIA","AURA LIFECARE Pvt. LTD","SUN ENTERPRISES LTD","2024-08-17","2029-08-16","valid","Rwanda FDA - Registered Pharmaceutical Products July 2026","https://rwandafda.gov.rw/register/monitoring_preview_register"
"587","20-4369-DGC&PHS-2018-R1","CO-VIZARTAN-50/12.5","Losartan, Hydrochlorothiazide","50mg, 12.5mg","Tablets","Box/7, Box/14, Box/28","36 Months","LABORATOIRES COOPER PHARMA","MOROCCO","LABORATOIRES COOPER PHARMA","MD CONSEIL MEDICAL SUPPLY LTD","2024-08-17","2029-08-16","valid","Rwanda FDA - Registered Pharmaceutical Products July 2026","https://rwandafda.gov.rw/register/monitoring_preview_register"
"588","Rwanda FDA-HMP-MA-2022","COFANTRINE","ARTEMETER & LUMEFANTRINE","180MG/1080MG","POWDER FOR ORAL SUSPENSION","60ml Bottle","24 Months","Bliss GVS Pharma Limited","INDIA","IMEX PHARMA, Maurice","Mediasol Pharmaceutical Depot Ltd","2024-08-17","2029-08-16","valid","Rwanda FDA - Registered Pharmaceutical Products July 2026","https://rwandafda.gov.rw/register/monitoring_preview_register"
"589","Rwanda FDA-HMP-MA-1968","COFANTRINE ADULTES","ARTEMETHER& LUMEFANTRINE","80MG/480MG","TABLETS","6 Tablets","36 Months","BLISS GVS PHARMA LIMITED","India","IMEX PHARMA, Maurice","Mediasol Pharmaceutical Depot Ltd","2024-08-17","2029-08-16","valid","Rwanda FDA - Registered Pharmaceutical Products July 2026","https://rwandafda.gov.rw/register/monitoring_preview_register"
"590","Rwanda FDA-HMP-MA-1967","COFANTRINE DISPERSIBLE","ARTEMETHER+ LUMEFANTRINE","20MG/120MG","DISPERSIBLE TABLETS","6 tablets","24 Months","BLISS GVS PHARMA LIMITED","India","IMEX PHARMA, Maurice","Mediasol Pharmaceutical Depot Ltd","2024-08-17","2029-08-16","valid","Rwanda FDA - Registered Pharmaceutical Products July 2026","https://rwandafda.gov.rw/register/monitoring_preview_register"
"591","Rwanda FDA-HMP-MA-1588","COLCIBID-200","Celecoxib","200 mg","Capsules","10x10 Capsules","36 Months","ZIM LABORATORIES LIMITED","INDIA","ZIM LABORATORIES LIMITED","SUN ENTERPRISES LTD","2024-08-17","2029-08-16","valid","Rwanda FDA - Registered Pharmaceutical Products July 2026","https://rwandafda.gov.rw/register/monitoring_preview_register"
"592","Rwanda FDA-HMP-MA-1915","COLDEASE CAPSULES","Paracetamol, Caffeine Anhydrous, Chlorpheniramine Maleate, Pseudoephedrine Hydrochloride","400mg/30mg/4mg/30mg","Capsules","10x10","24 month","Rene Industries Ltd","Uganda","Rene Industries Ltd","Rene Pharmacy (R) Ltd","2024-08-17","2029-08-16","valid","Rwanda FDA - Registered Pharmaceutical Products July 2026","https://rwandafda.gov.rw/register/monitoring_preview_register"
"593","Rwanda FDA-HMP-MA-1903","COLDRIL SUSPENSION","PARACETAMOL, PSEUDOEPHEDRINE HYDROCHLORIDE, CHLORPHENIRAMINE MALEATE","120MG+10MG+1MG/5ML","SUSPENSION","1x100 ml","36 months","Beta Healthcare International Ltd.","KENYA","BETA HEALTHCARE INTERNATIONAL","SURGIPHARM RWANDA LTD","2024-08-17","2029-08-16","valid","Rwanda FDA - Registered Pharmaceutical Products July 2026","https://rwandafda.gov.rw/register/monitoring_preview_register"
"594","Rwanda FDA-HMP-MA-1919","Combi pack of sildenafil oral jelly (banana & strawberry)","COMBIPACK OF SILDENAFIL","100MG","ORAL JELLY","2x5 gm sachets","36 month","AURA LIFECARE PVT. LTD","India","AURA LIFECARE PVT. LTD. Address: Survey No 254/ 14/1,Jarod ,Savli Road, P.O. Karachiya, Tal-Savli ,Dist : Vadodara-391520.Gujarat State.Country: INDIATelephone: + 91-7574000807/ 7574000858Telefax: --E-Mail:info@auralifecare.com","SUN ENTERPRISES LTD","2024-08-17","2029-08-16","valid","Rwanda FDA - Registered Pharmaceutical Products July 2026","https://rwandafda.gov.rw/register/monitoring_preview_register"
"595","Rwanda FDA-HMP-MA-1785","CORILIEF NON-DROWSY TABLETS","Paracetamol & Pseudoephedrine Hydrochloride","500mg/30mg","Tablets","20 Tablets","24 Months","VARICHEM PHARMACEUTICALS (PVT) LTD.","ZIMBABWE","VARICHEM PHARMACEUTICALS (PVT) LTD.","ACTIVIS PHARMA LTD","2024-08-17","2029-08-16","valid","Rwanda FDA - Registered Pharmaceutical Products July 2026","https://rwandafda.gov.rw/register/monitoring_preview_register"
"596","Rwanda FDA-HMP-MA-1717","COSATRIM 400/80 TABLETS","Sulphamethoxazole&trimethroprim","400/80mg","Tablets","10x10 Tablets, 100 x10 Tablets and in 1000 Tablets","36 Months","COSMOS LIMITED","KENYA","COSMOS LIMITED","SUN ENTERPRISES LTD","2024-08-17","2029-08-16","valid","Rwanda FDA - Registered Pharmaceutical Products July 2026","https://rwandafda.gov.rw/register/monitoring_preview_register"
"597","Rwanda FDA-HMP-MA-1722","COSMAG ANTACID TABLETS","Magnesium Trisilicate and Dried Aluminium Hydroxide","250/120mg","Tablets","10x10 Tablets and 1000 Tablets","36 Months","COSMOS LIMITED","KENYA","COSMOS LIMITED","SUN ENTERPRISES LTD","2024-08-17","2029-08-16","valid","Rwanda FDA - Registered Pharmaceutical Products July 2026","https://rwandafda.gov.rw/register/monitoring_preview_register"
"598","Rwanda FDA-HMP-MA-1832","COSMOL SUSPENSION","Paracetamol","120MG/5ML","Suspension","60ml and 100ml Bottles","36 Months","COSMOS LIMITED,","KENYA","COSMOS LIMITED","SUN ENTERPRISES LTD","2024-08-17","2029-08-16","valid","Rwanda FDA - Registered Pharmaceutical Products July 2026","https://rwandafda.gov.rw/register/monitoring_preview_register"
"599","Rwanda FDA-HMP-MA-1741","COSMOL TABLETS 500MG","Paracetamol","500 mg","Tablets","100 Tablets","36 Months","COSMOS LIMITED","KENYA","COSMOS LIMITED","SUN ENTERPRISES LTD","2024-08-17","2029-08-16","valid","Rwanda FDA - Registered Pharmaceutical Products July 2026","https://rwandafda.gov.rw/register/monitoring_preview_register"
"600","Rwanda FDA-HMP-MA-1730","COTRIKANT-480","Trimethoprim BP Sulfamethoxazole BP","80 mg and 400 mg","Tablets","10x10 Tablets","36 Months","S KANT HEALTHCARE LTD","INDIA","S KANT HEALTHCARE LTD","ABACUS PHARMA (A) LTD","2024-08-17","2029-08-16","valid","Rwanda FDA - Registered Pharmaceutical Products July 2026","https://rwandafda.gov.rw/register/monitoring_preview_register"
"601","Rwanda FDA-HMP-MA-1724","COZEPAM 5 TABLETS","Diazepam","5mg","Tablets","10x10 Tablets","36 Months","COSMOS LIMITED","KENYA","COSMOS LIMITED","SUN ENTERPRISES LTD","2024-08-17","2029-08-16","valid","Rwanda FDA - Registered Pharmaceutical Products July 2026","https://rwandafda.gov.rw/register/monitoring_preview_register"
"602","Rwanda FDA-HMP-MA-1799","CRESTAT TABLET 10","Rosuvastatin calcium","10 mg","Tablets","3x10 Tablets","24 Months","CCL PHARMACEUTICALS (Pvt) Ltd","PAKISTAN","CCL PHARMACEUTICALS (Pvt) LTD","DEPOT PHARMACEUTIQUE LE MEDICAL","2024-08-17","2029-08-16","valid","Rwanda FDA - Registered Pharmaceutical Products July 2026","https://rwandafda.gov.rw/register/monitoring_preview_register"
"603","Rwanda FDA-HMP-MA-1800","CRESTAT TABLET 20","Rosuvastatin calcium","20 mg","Tablets","3x10 Tablets","24 Months","CCL PHARMACEUTICALS (Pvt) Ltd","PAKISTAN","CCL PHARMACEUTICALS (Pvt) LTD","DEPOT PHARMACEUTIQUE LE MEDICAL","2024-08-17","2029-08-16","valid","Rwanda FDA - Registered Pharmaceutical Products July 2026","https://rwandafda.gov.rw/register/monitoring_preview_register"
"604","Rwanda FDA-HMP-MA-1811","CYPROL Syrup","Cyproheptadine Hydrochloride BP Lysine Hydrochloride BP","2 mg/ 150 mg","Syrup","100 ml Bottle","36 Months","Aurochem Laboratories (I) Pvt. Ltd","INDIA","OCHOA LABORATORIES","SUN ENTERPRISES LTD","2024-08-17","2029-08-16","valid","Rwanda FDA - Registered Pharmaceutical Products July 2026","https://rwandafda.gov.rw/register/monitoring_preview_register"
"605","Rwanda FDA-HMP-MA-1575","D-TAM","Tamsulosin and Dutasteride","0.4mg/ 0.5mg","Tablets","3x10 Tablets","36 Months","SKYBIOTECH LIFESCIENCES Pvt.Ltd","INDIA","STAR BIOTECH LIMITED","STAR BIOTECH LIMITED","2024-08-17","2029-08-16","valid","Rwanda FDA - Registered Pharmaceutical Products July 2026","https://rwandafda.gov.rw/register/monitoring_preview_register"
"606","Rwanda FDA-HMP-MA-1664","DACINAZOLE CREAM","Miconazole nitrate BP","2%w/w","CREAM","15 g Tube","36 Months","DAWA LIMITED","Kenya","DAWA LIMITED","SUN ENTERPRISES LTD","2024-08-17","2029-08-16","valid","Rwanda FDA - Registered Pharmaceutical Products July 2026","https://rwandafda.gov.rw/register/monitoring_preview_register"
"607","Rwanda FDA-HMP-MA-1665","DACOLD SYRUP","Paracetamol BP, Pseudoephedrine HCl BP and Chlorphenamine Maleate BP","120MG/10MG/2MG","SYRUP","100ml Bottle","36 Months","Dawa Limited","Kenya","DAWA LIMITED","SUN ENTEPRISES LTD","2024-08-17","2029-08-16","valid","Rwanda FDA - Registered Pharmaceutical Products July 2026","https://rwandafda.gov.rw/register/monitoring_preview_register"
"608","Rwanda FDA-HMP-MA-1649","DAPAVELDACTIN PLUS 5/1000MG","DAPAGLIFLOZIN/METFORMIN","5MG+1000MG","Film Coated Tablets","4x7 tablets","24 Months","Liptis for Pharmaceuticals and Medical Products (S.A.E)","Egypt","Liptis for Pharmaceuticals & Medical Products (S.A.E).Plot No. B/2, 6th Industrial zone, 6th of October City, Egypt.mahmoud.elaila@liptispharma.com","Goodman International LTD (R)","2024-08-17","2029-08-16","valid","Rwanda FDA - Registered Pharmaceutical Products July 2026","https://rwandafda.gov.rw/register/monitoring_preview_register"
"609","Rwanda FDA-HMP-MA-1846","DARUNAVIR AND RITONAVIR TABLETS","Darunavir and Ritonavir","800mg/100mg","Tablets","60 Tablets and 180 Tablets","24 Months","HETERO LABS LIMITED","INDIA","HETERO LABS LIMITED","BION PHARMA GROUP LTD","2024-08-17","2029-08-16","valid","Rwanda FDA - Registered Pharmaceutical Products July 2026","https://rwandafda.gov.rw/register/monitoring_preview_register"
"610","Rwanda FDA-HMP-MA-1834","DAWA PROM SYRUP","Promethazine hydrochloride","5mg/5ml","Syrup","60ml and 100ml Bottles","36 Months","DAWA LIMITED","KENYA","DAWA LIMITED","SUN ENTERPRISES LTD","2024-08-17","2029-08-16","valid","Rwanda FDA - Registered Pharmaceutical Products July 2026","https://rwandafda.gov.rw/register/monitoring_preview_register"
"611","Rwanda FDA-HMP-MA-1953","DAWA-CPM SYRUP","CHLORPHENIRAMINE MALEATE","2MG/5ML","SYRUP","60ml and 100ml Bottles","36 Months","DAWA LIMITED","KENYA","DAWA LIMITED","SUN ENTEPRISES LTD","2024-08-17","2029-08-16","valid","Rwanda FDA - Registered Pharmaceutical Products July 2026","https://rwandafda.gov.rw/register/monitoring_preview_register"
"612","Rwanda FDA-HMP-MA-1610","DAWA-CPM TABLET","Chlorpheniramine Maleate BP","4 mg","Tablets","10x10 Tablets","36 Months","Dawa Limited","Kenya","Dawa Limited","Sun Enterprises limited","2024-08-17","2029-08-16","valid","Rwanda FDA - Registered Pharmaceutical Products July 2026","https://rwandafda.gov.rw/register/monitoring_preview_register"
"613","Rwanda FDA-HMP-MA-1758","DAWASTIN ORAL SUSPENSION","Nystatin BP","100,000 IU/mL","Suspension","30mL & 12mL Bottles","24 Months","DAWA LIMITED","KENYA","DAWA LIMITED","SUN ENTERPRISES LTD","2024-08-17","2029-08-16","valid","Rwanda FDA - Registered Pharmaceutical Products July 2026","https://rwandafda.gov.rw/register/monitoring_preview_register"
"614","Rwanda FDA-HMP-MA-1669","DAWAVATE CREAM","BETAMETHASONE VALEARATE BP","0.1% W/W","CREAM","15 g Tube","36 Months","DAWA LIMITED","Kenya","DAWA LIMITED","SUN ENTEPRISES LTD","2024-08-17","2029-08-16","valid","Rwanda FDA - Registered Pharmaceutical Products July 2026","https://rwandafda.gov.rw/register/monitoring_preview_register"
"615","Rwanda FDA-HMP-MA-1666","DESLORASTAL","DESLORATADINE","5MG","TABLETS","3x10 Tablets","36 Months","STALLION LABORATORIES PVT. LTD","INDIA","STALLION LABORATORIES PVT Ltd","SUN ENTERPRISES LTD","2024-08-17","2029-08-16","valid","Rwanda FDA - Registered Pharmaceutical Products July 2026","https://rwandafda.gov.rw/register/monitoring_preview_register"
"616","Rwanda FDA-HMP-MA-1719","DEXAMED EYE/EAR DROPS","Dexamethasone Sodium Phosphate USP","0.1%W/V","EYE/EAR DROPS","10mL plastic droppers","24 Months","LABORATORY & ALLIED LTD","KENYA","LABORATORY & ALLIED LTD","DEPOT PHARMACEUTIQUE LE MEDICAL","2024-08-17","2029-08-16","valid","Rwanda FDA - Registered Pharmaceutical Products July 2026","https://rwandafda.gov.rw/register/monitoring_preview_register"
"617","Rwanda FDA-HMP-MA-1654","DEXAMETHASONE MEDIS","DEXAMETHASONE PHOSPHATE","4MG/ML","INJECTABLE SOLUTION","50 ampoules of 1ml","36 Months","","Tunisia","","KIPHARMA LTD","2024-08-17","2029-08-16","valid","Rwanda FDA - Registered Pharmaceutical Products July 2026","https://rwandafda.gov.rw/register/monitoring_preview_register"
"618","Rwanda FDA-HMP-MA-1752","DEXAMETHASONE SODIUM PHOSPHATE OPHTHALMIC SOLUTION USP","Dexamethasone sodium phosphate USP","0.1 % w/v","Eye Drops","","36 Months","MERIT ORGANICS LTD.","INDIA","MERIT ORGANICS LTD.","SUN ENTERPRISES LTD","2024-08-17","2029-08-16","valid","Rwanda FDA - Registered Pharmaceutical Products July 2026","https://rwandafda.gov.rw/register/monitoring_preview_register"
"619","Rwanda FDA-HMP-MA-2079","DEXO","Dexamethasone Sodium Phosphate USP","4mg/ml","Solution for injection","2ml Ampoule","24 Months","KILITCH DRUGS (INDIA) LTD","INDIA","KILITCH DRUGS (INDIA) LTD","SUN ENTEPRISES LTD","2024-08-17","2029-08-16","valid","Rwanda FDA - Registered Pharmaceutical Products July 2026","https://rwandafda.gov.rw/register/monitoring_preview_register"
"620","Rwanda FDA-HMP-MA-1962","DIAFORMINE 1000","METFORMIN BP","1000MG","TABLETS","3x10 Tablets","36 month","Bliss GVS Pharma Limited","India","IMEX PHARMA, Maurice","Mediasol Pharmaceutical Depot Ltd","2024-08-17","2029-08-16","valid","Rwanda FDA - Registered Pharmaceutical Products July 2026","https://rwandafda.gov.rw/register/monitoring_preview_register"
"621","Rwanda FDA-HMP-MA-1963","DIAFORMINE 500","METFORMIN BP","500MG","TABLETS","3x10 Tablets","36 Months","Bliss GVS Pharma Limited","India","IMEX PHARMA, Maurice","Mediasol Pharmaceutical Depot Ltd","2024-08-17","2029-08-16","valid","Rwanda FDA - Registered Pharmaceutical Products July 2026","https://rwandafda.gov.rw/register/monitoring_preview_register"
"622","Rwanda FDA-HMP-MA-1923","DIAFORMINE 850","METFORMIN BP","850MG","TABLETS","3x10 Tablets","24 Months","Bliss GVS Pharma Limited","India","IMEX PHARMA, Maurice","Mediasol Pharmaceutical Depot Ltd","2024-08-17","2029-08-16","valid","Rwanda FDA - Registered Pharmaceutical Products July 2026","https://rwandafda.gov.rw/register/monitoring_preview_register"
"623","Rwanda FDA-HMP-MA-1786","DICARD","Sacubitril and valsartan","24.30 mg/25.70mg","Tablets","3x10 Tablets","24 Months","COSMOS LIMITED","KENYA","COSMOS LIMITED","SUN ENTERPRISES LTD","2024-08-17","2029-08-16","valid","Rwanda FDA - Registered Pharmaceutical Products July 2026","https://rwandafda.gov.rw/register/monitoring_preview_register"
"624","Rwanda FDA-HMP-MA-1701","DICLO-DENK 100 RECTAL","DICLOFENAC SODIUM","100MG","SUPPOSITORIES","10 suppositories","36 month","","Germany","","ETS CONTINENTAL Depot Pharmaceutique","2024-08-17","2029-08-16","valid","Rwanda FDA - Registered Pharmaceutical Products July 2026","https://rwandafda.gov.rw/register/monitoring_preview_register"
"625","Rwanda FDA-HMP-MA-1604","DICLOREN TABLETS","Diclofenac Sodium BP","50 mg","Tablets","10x10 Tablets","24 Months","RENE INDUSTRIES LTD","India","Rene Industries Ltd","Rene Pharmacy (R) Ltd","2024-08-17","2029-08-16","valid","Rwanda FDA - Registered Pharmaceutical Products July 2026","https://rwandafda.gov.rw/register/monitoring_preview_register"
"626","Rwanda FDA-HMP-MA-1765","DICYNONE","Etamsylate","250mg/2ml","Solution for Injection","4 x 2 ml Ampoules","60 Months","DELPHARM","FRANCE","OM PHARMA SA","KIPHARMA LTD","2024-08-17","2029-08-16","valid","Rwanda FDA - Registered Pharmaceutical Products July 2026","https://rwandafda.gov.rw/register/monitoring_preview_register"
"627","Rwanda FDA-HMP-MA-1824","DIKON","Diclofenac Sodium","75mg/3ml","Injection","3x10x10","36 Months","REYOUNG PHARMACEUTICALS CO, LTD","CHINA","FARMASINO CO, LTD","ABACUS PHARMA (A) LTD","2024-08-17","2029-08-16","valid","Rwanda FDA - Registered Pharmaceutical Products July 2026","https://rwandafda.gov.rw/register/monitoring_preview_register"
"628","Rwanda FDA-HMP-MA-1973","Dilconeurine Tablet","VITAMIN B1 (Thiamine HCl), VITAMIN B6 (Pyridoxine HCl) & VITAMIN B12 (Cyanocobalamine)","100mg, 100mg & 100mcg","Tablets","10x10 Tablets","36 Months","CCL Pharmaceuticals (Pvt.) Ltd","Pakistan","CCL Pharmaceuticals (Pvt.) Ltd","Depot Pharmaceutique Le Medical","2024-08-17","2029-08-16","valid","Rwanda FDA - Registered Pharmaceutical Products July 2026","https://rwandafda.gov.rw/register/monitoring_preview_register"
"629","Rwanda FDA-HMP-MA-1670","DIPARA","DICLOFENAC SODIUM BP + PARACETAMOL BP","50MG/500MG","TABLETS","10x10 Tablets","36 Months","STALLION LABORATORIES PVT. LTD","India","STALLION LABORATORIES PVT Ltd","GLAXO PHARMA WHOLESALE LTD","2024-08-17","2029-08-16","valid","Rwanda FDA - Registered Pharmaceutical Products July 2026","https://rwandafda.gov.rw/register/monitoring_preview_register"
"630","Rwanda FDA-HMP-MA-1807","DOBESIL","Calcium Dobesilate Monohydrate Capsules","500 mg","Capsules","","36 Months","Aurochem Pharmaceuticals (I) pvt. Ltd","INDIA","OCHOA LABORATORIES","SUN ENTERPRISES LTD","2024-08-17","2029-08-16","valid","Rwanda FDA - Registered Pharmaceutical Products July 2026","https://rwandafda.gov.rw/register/monitoring_preview_register"
"631","Rwanda FDA-HMP-MA-1801","DOCETAXEL IMPACT","Docetaxel","100 unit/ml","Solution for injection","7 ml Vial","24 Months","SANOFI-AVENTIS DEUTSCHLAND GmbH","GERMANY","SANOFI-AVENTIS DEUTSCHLAND GmbH","KIPHARMA LTD","2024-08-17","2029-08-16","valid","Rwanda FDA - Registered Pharmaceutical Products July 2026","https://rwandafda.gov.rw/register/monitoring_preview_register"
"632","Rwanda FDA-HMP-MA-1595","DOL-P TABLET","Tramadol and Paracetamol","37.5 mg/325 mg","Tablets","1x10 Tablets","24 Months","Genix Pharma (Pvt) Ltd","Pakistan","Genix Pharma (Pvt) Ltd","Bonte Pharma","2024-08-17","2029-08-16","valid","Rwanda FDA - Registered Pharmaceutical Products July 2026","https://rwandafda.gov.rw/register/monitoring_preview_register"
"633","Rwanda FDA-HMP-MA-1969","DOLIMEX 1000","PARACETAMOL BP","1000MG","POWDER FOR ORAL SOLUTION","8 Sachets of 4g","24 months","BLISS GVS PHARMA LIMITED","India","IMEX PHARMA, Maurice","Mediasol Pharmaceutical Depot Ltd","2024-08-17","2029-08-16","valid","Rwanda FDA - Registered Pharmaceutical Products July 2026","https://rwandafda.gov.rw/register/monitoring_preview_register"
"634","Rwanda FDA-HMP-MA-1970","DOLIMEX 500","PARACETAMOL BP","500MG","POWDER FOR ORAL SOLUTION","12 Sachet of 4g","24 months","BLISS GVS PHARMA LIMITED","India","IMEX PHARMA, Maurice","KIPHARMA LTD","2024-08-17","2029-08-16","valid","Rwanda FDA - Registered Pharmaceutical Products July 2026","https://rwandafda.gov.rw/register/monitoring_preview_register"
"635","Rwanda FDA-HMP-MA-1971","DOLIMEX-200","PARACETAMOL BP","200MG","POWDER FOR ORAL SOLUTION","12 Sachets of 4 g","24 months","BLISS GVS PHARMA LIMITED","India","","KIPHARMA LTD","2024-08-17","2029-08-16","valid","Rwanda FDA - Registered Pharmaceutical Products July 2026","https://rwandafda.gov.rw/register/monitoring_preview_register"
"636","Rwanda FDA-HMP-MA-2076","DOLIMEX-300","PARACETAMOL BP","300MG","POWDER FOR ORAL SOLUTION","12 Sachet of 4g","24 Months","Bliss GVS Pharma Limited","India","IMEX PHARMA, Maurice","KIPHARMA LTD","2024-08-17","2029-08-16","valid","Rwanda FDA - Registered Pharmaceutical Products July 2026","https://rwandafda.gov.rw/register/monitoring_preview_register"
"637","Rwanda FDA-HMP-MA-1716","DOLUTEGRAVIR","Dolutegravir","50mg","Tablets","","48 Months","MICRO LABS LIMITED","INDIA","MICRO LABS LIMITED","WESSEX PHARMACEUTICAL (RWANDA) LIMITED","2024-08-17","2029-08-16","valid","Rwanda FDA - Registered Pharmaceutical Products July 2026","https://rwandafda.gov.rw/register/monitoring_preview_register"
"638","1074-Rwanda FDA-2019-R1","DOLUTEGRAVIR SODIUM","Dolutegravir Sodium","50mg","Tablets","30 Tablets","36 Months","AUROBINDO PHARMA LIMITED","INDIA","AUROBINDO PHARMA LIMITED","PHILLIPS PHARMACEUTICALS (RWANDA) LTD","2024-08-17","2029-08-16","valid","Rwanda FDA - Registered Pharmaceutical Products July 2026","https://rwandafda.gov.rw/register/monitoring_preview_register"
"639","1075-Rwanda FDA-2019-R1","DOLUTEGRAVIR SODIUM/LAMIVUDINE/TENOFOVIR DISOPROXIL FUMARATE-50/ 300/300","Dolutegravir Sodium, Lamivudine, Tenofovir Disoproxil Fumarate","50mg, 300mg, 300mg","Tablets","30 Tablets","36 Months","AUROBINDO PHARMA LIMITED","INDIA","AUROBINDO PHARMA LIMITED","PHILLIPS PHARMACEUTICALS (RWANDA) LTD","2024-08-17","2029-08-16","valid","Rwanda FDA - Registered Pharmaceutical Products July 2026","https://rwandafda.gov.rw/register/monitoring_preview_register"
"640","Rwanda FDA-HMP-MA-2008","Dolutegravir, Emtricitabine and Tenofovir Alafenamide Tablets 50 mg / 200 mg / 25 mg","Dolutegravir, Emtricitabine and Tenofovir Alafenamide","50 mg / 200 mg / 25 mg","Tablets","","24 months","M/s. Hetero Labs Limited","India","Hetero Labs Limited","Sun Enterprises Limited","2024-08-17","2029-08-16","valid","Rwanda FDA - Registered Pharmaceutical Products July 2026","https://rwandafda.gov.rw/register/monitoring_preview_register"
"641","Rwanda FDA-HMP-MA-1936","DOLUTEGRAVIR, LAMIVUDINE AND TENOFOVIR DISOPROXIL FUMARATE TABLET 50MG,300MG & 300MG","DOLUTEGRAVIR, LAMIVUDINE AND TENOFOVIR DISOPROXIL FUMARATE","50MG+300MG+300MG","TABLETS","","24 Months","LUPIN Limited","India","LUPIN Limited","Aiveen (R) Ltd","2024-08-17","2029-08-16","valid","Rwanda FDA - Registered Pharmaceutical Products July 2026","https://rwandafda.gov.rw/register/monitoring_preview_register"
"642","Rwanda FDA-HMP-MA-1950","DOXIL-100","DOXYCYCLINE BP","100MG","TABLETS","10x10 Tablets","36 Months","MAXTAR BIO-GENICS","INDIA","MAXTAR BIO-GENICS","SUN ENTEPRISES LTD","2024-08-17","2029-08-16","valid","Rwanda FDA - Registered Pharmaceutical Products July 2026","https://rwandafda.gov.rw/register/monitoring_preview_register"
"643","Rwanda FDA-HMP-MA-2074","DREZ-V GEL","MICONAZOLE NITRATE & METRONIDAZOLE GEL","2%, 1%","GEL","30 g and 5 g tubes","24 Months","STEDMAN PHARMACEUTICALS PVT. LTD","INDIA","STEDMAN PHARMACEUTICAL, PVT. LTD","ESCORTS PHARMACEUTICALS LTD","2024-08-17","2029-08-16","valid","Rwanda FDA - Registered Pharmaceutical Products July 2026","https://rwandafda.gov.rw/register/monitoring_preview_register"
"644","Rwanda FDA-HMP-MA-1674","DT-ZINC","ZINC SULPHATE","10 MG","DISPERSIBLE TABLETS","10x10 Tablets","36 Months","AGOG PHARMA LTD","India","AGOG PHARMA LTD","SUN ENTERPRISES LTD","2024-08-17","2029-08-16","valid","Rwanda FDA - Registered Pharmaceutical Products July 2026","https://rwandafda.gov.rw/register/monitoring_preview_register"
"645","RwandaFDA-HMP-MA-1868","DUPHALAC 200ML","LACTULOSE","66.50%","SYRUP","200 ml and 1000 ml","24 Months","ABBOTT LABORATOIRES LTD","NETHERLANDS","ABBOTT LABORATOIRES B.V","SUN ENTERPRISES LTD","2024-08-17","2029-08-16","valid","Rwanda FDA - Registered Pharmaceutical Products July 2026","https://rwandafda.gov.rw/register/monitoring_preview_register"
"646","Rwanda-FDA-HM-1878","DUPHASTON","DYDROGESTERONE","10MG","TABLET","This medicine is presented as flm-coated tablets. Box of 20","60 Months","Abbott Biologicals B.V","Netherlands","ABBOTT LABORATOIRES B.V LTD/ITALY Veerweg 12,81 21 AA O1st The NetherlandsTel: 0031-570-568211Fax: 0031-570-562899","SUN ENTERPRISES LTD","2024-08-17","2029-08-16","valid","Rwanda FDA - Registered Pharmaceutical Products July 2026","https://rwandafda.gov.rw/register/monitoring_preview_register"
"647","RwandaFDA-HMP-MA-1879","DUSPATALIN","MEBEVERINE","200MG","CAPSULES","","36 Months","ABBOTT BIOLOGICALS BV","NETHERLANDS","ABBOTT BIOLOGICALS BV), Olst, TheNetherlands","SUN ENTERPRISES LTD","2024-08-17","2029-08-16","valid","Rwanda FDA - Registered Pharmaceutical Products July 2026","https://rwandafda.gov.rw/register/monitoring_preview_register"
"648","Rwanda FDA-HMP-MA-1775","","Sitagliptin Phosphate USP + Metformin Hydrochloride BP","50mg /1000 mg","Tablets","3x10 Tables","24 Months","BAFNA PHARMACEUTICALS LTD.","INDIA","PRISMA PHARMA FZE","PRAFIN RWANDA LTD","2024-08-17","2029-08-16","valid","Rwanda FDA - Registered Pharmaceutical Products July 2026","https://rwandafda.gov.rw/register/monitoring_preview_register"
"649","RwandaFDA-HMP-MA-1875","DYNACORT 30MG","DEFLAZACORT","30MG","TABLET","","36 Months","SKYBIOTECH LIFE SCIENCES PVT LTD","INDIA","GALAXYPHARMACEUTICALSBuilding No. 36, Gala No. 2, 3, 4A, Kopar, Purna, Bhiwandi, Thane -421302, Mumbai (Maharashtra) INDIA;Telephone No: 022-49719061/022-49718955Email: info@galaxy-pharmaceuticals.com / md@galaxy-pharmaceuticals.com","STAR BIOTECH RWANDA","2024-08-17","2029-08-16","valid","Rwanda FDA - Registered Pharmaceutical Products July 2026","https://rwandafda.gov.rw/register/monitoring_preview_register"
"650","RwandaFDA-HMP-MA-1895","DYNACORT SUSPENSION","DEFLAZACORT","6MG/5ML","SUSPENSION","60ml","36 Months","M/s. Skybiotech Life sciences Pvt.Ltd.","INDIA","GALAXYPHARMACEUTICALSBuilding No. 36, Gala No. 2, 3, 4A, Kopar, Purna, Bhiwandi, Thane -421302, Mumbai (Maharashtra) INDIA;Telephone No: 022-49719061/022-49718955Email: info@galaxy-pharmaceuticals.com / md@galaxy-pharmaceuticals.com","STAR BIOTECH RWANDA","2024-08-17","2029-08-16","valid","Rwanda FDA - Registered Pharmaceutical Products July 2026","https://rwandafda.gov.rw/register/monitoring_preview_register"
"651","Rwanda FDA-HMP-MA-1857","DYNACORT-18","DEFLAZACORT,18MG","18 mg","Tablets","","36 months.","SKYBIOTECH LIFE SCIENCES PVT LTD","India","Star Biotech Limited 1st floor, Prestige House, Rwandex, Kigali-Rwanda Telephone: (+250) 785377688 / (+250) 787229914 Email: shantilal.bhanderi@yahoo.com","STAR BIOTECH RWANDA","2024-08-17","2029-08-16","valid","Rwanda FDA - Registered Pharmaceutical Products July 2026","https://rwandafda.gov.rw/register/monitoring_preview_register"
"652","Rwanda FDA-HMP-MA-1771","EASCOF-D","Dextromethorphan Hydrobromide, Phenylephrine Hydrochloride & Chlorpheniramine Maleate Syrup","10mg/5mg/2mg","Syrup","100 ml Bottles","24 Months","CACHET PHARMACEUTICALS PVT LTD","INDIA","CACHET PHARMACEUTICALS PVT","SURGIPHARM RWANDA LIMITED","2024-08-17","2029-08-16","valid","Rwanda FDA - Registered Pharmaceutical Products July 2026","https://rwandafda.gov.rw/register/monitoring_preview_register"
"653","Rwanda FDA-HMP-MA-1582","EFAVIRENZ 400 MG, LAMIVUDINE 300 MG AND TENOFOVIR DISOPROXIL FUMARATE 300 MG TABLETS","Efavirenz USP, Lamivudine USP and Tenofovir Disoproxil fumarate","400 mg/ 300 mg/300mg equivalent to 245 mg","Tablets","30 Tablets","24 Months","MACLEODS PHARMACEUTICALS LIMITED","INDIA","MACLEODS PHARMACEUTICALS LIMITED","CAPITAL PHARM SUPPLIES LTD","2024-08-17","2029-08-16","valid","Rwanda FDA - Registered Pharmaceutical Products July 2026","https://rwandafda.gov.rw/register/monitoring_preview_register"
"654","Rwanda-FDA-HM-1856","EFAVIRENZ,LAMIVUDINE,TENOFOVIR FUMARATE","EFAVIRENZ,LAMIVUDINE,TENOFOVIR FUMARATE","600MG/300MG/300MG","TABLETS","","24 Months","Hetero Labs Limited (Unit-III)","India","HETERO LAB LTD","BION PHARMA GROUP LTD","2024-08-17","2029-08-16","valid","Rwanda FDA - Registered Pharmaceutical Products July 2026","https://rwandafda.gov.rw/register/monitoring_preview_register"
"655","Rwanda FDA-HMP-MA-2085","EFFERALGAN 1000 MG FRUITS ROUGES COMPRIME EFFERVESCENT","PARACETAMOL","1000MG","EFFERVESCENT TABLETS","8 effervescent tablets","36 Months","UPSA SAS","FRANCE","UPSA SAS","UBIPHARM-RWANDA LTD","2024-08-17","2029-08-16","valid","Rwanda FDA - Registered Pharmaceutical Products July 2026","https://rwandafda.gov.rw/register/monitoring_preview_register"
"656","Rwanda FDA-HMP-MA-1607","EFFERALGAN 300 SUPPOSITORY","Paracetamol","300 mg","Suppositories","10 Suppositories","36 Months","UPSA 979 and UPSA 304","France","UPSA SAS, France","Kipharma Ltd","2024-08-17","2029-08-16","valid","Rwanda FDA - Registered Pharmaceutical Products July 2026","https://rwandafda.gov.rw/register/monitoring_preview_register"
"657","Rwanda FDA-HMP-MA-1628","EFFERALGAN 500 MG TABLETS","Paracetamol Ph Eur, 500mg, tablets","500mg","TABLETS","2x8 Tablets","36 months","UPSA SAS 304","FRANCE","UPSA SAS","UBIPHARM RWANDA LTD","2024-08-17","2029-08-16","valid","Rwanda FDA - Registered Pharmaceutical Products July 2026","https://rwandafda.gov.rw/register/monitoring_preview_register"
"658","Rwanda FDA-HMP-MA-1618","EFFERALGAN 500 MG, EFFERVESCENT SECABLE","Paracetamol 500mg effervescent tablet","500mg","Efervescent secable tablets","16 tablets","36 Months","UPSA 979,","FRANCE","UPSA SAS","UBIPHARM RWANDA LTD","2024-08-17","2029-08-16","valid","Rwanda FDA - Registered Pharmaceutical Products July 2026","https://rwandafda.gov.rw/register/monitoring_preview_register"
"659","Rwanda FDA-HMP-MA-1918","EFFERALGAN PEDIATRIC-3","PARACETAMOL","3G","SYRUP","90 ml","36 month","UPSA SAS","France","","UBIPHARM-RWANDA LTD","2024-08-17","2029-08-16","valid","Rwanda FDA - Registered Pharmaceutical Products July 2026","https://rwandafda.gov.rw/register/monitoring_preview_register"
"660","Rwanda FDA-HMP-MA-1589","EMITINO","Ondansetron USP","8 mg","Tablets","10 Tablets","24 Months","CACHET PHARMACEUTIVAL Pvt.LTD","INDIA","CACHET PHARMACEUTICALS Pvt LTD","WESSEX PHARMACEUTICALS (RWANDA) LTD","2024-08-17","2029-08-16","valid","Rwanda FDA - Registered Pharmaceutical Products July 2026","https://rwandafda.gov.rw/register/monitoring_preview_register"
"661","Rwanda FDA-HMP-MA-1858","EMTRICITABINE + TENOFOVIR DISOPROXIL FUMARATE","EMTRICITABINE + TENOFOVIR DISOPROXIL FUMARATE","200/300MG","TABLET","","36 months.","Laurus Labs Limited","India","LAURUS LABS Limited, 2ND Floor, Serene Chambers, Road No.-7, Banjara Hills, Hydrabad, Telangana. Post Code: 500034, India, Email: info@lauruslabs.com","CAPITAL PHARMACEUTICALS SUPPLIES","2024-08-17","2029-08-16","valid","Rwanda FDA - Registered Pharmaceutical Products July 2026","https://rwandafda.gov.rw/register/monitoring_preview_register"
"662","Rwanda FDA-HMP-MA-2089","Emtricitabine and Tenofovir Disoproxil fumarate Tablets 200mg /300 mg","Emtricitabine and Tenofovir Disoproxil fumarate","200/300MG","TABLETS","30 Tablets","24 Months","HETERO LABS LIMITED","India","HETERO LABS LIMITED","BION PHARMA GROUP LTD","2024-08-17","2029-08-16","valid","Rwanda FDA - Registered Pharmaceutical Products July 2026","https://rwandafda.gov.rw/register/monitoring_preview_register"
"663","Rwanda FDA-HMP-MA-1975","Epibalin 25","Pregabalin USP","25 mg","Capsules","1 x 10 Capsules & 3x10 Capsules","36 Months","MSN LABORATORIES PRIVATE LIMITED","India","MSN LABORATORIES PRIVATE LIMITED","ABACUS PHARMA (A) LTD","2024-08-17","2029-08-16","valid","Rwanda FDA - Registered Pharmaceutical Products July 2026","https://rwandafda.gov.rw/register/monitoring_preview_register"
"664","Rwanda FDA-HMP-MA-1633","ERLOCIP 150","Erlotinib hydrochloride","150MG","TABLETS","10 tablets","24 Months","CIPLA LTD","India","CIPLA LTD","KIPHARMA LTD","2024-08-17","2029-08-16","valid","Rwanda FDA - Registered Pharmaceutical Products July 2026","https://rwandafda.gov.rw/register/monitoring_preview_register"
"665","Rwanda FDA-HMP-MA-1820","ERLOZ 150","Erlotinib","150mg","Tablets","30 Tablets","24 Months","HETERO LABS LIMITED","INDIA","HETERO LABS LIMITED","BION PHARMA GROUP LTD","2024-08-17","2029-08-16","valid","Rwanda FDA - Registered Pharmaceutical Products July 2026","https://rwandafda.gov.rw/register/monitoring_preview_register"
"666","Rwanda FDA-HMP-MA-0710","EROCIN-250","EURTHROMYCIN STREATE BP","250MG","TABLETS","10x10 Tablets","36 Months","LABORATORY & ALLIED LIMITED","KENYA","LABORATORY & ALLIED LIMITED","Depot Pharmaceutique Le Medical","2024-08-17","2029-08-16","valid","Rwanda FDA - Registered Pharmaceutical Products July 2026","https://rwandafda.gov.rw/register/monitoring_preview_register"
"667","Rwanda FDA-HMP-MA-1671","EROCIN-500","ERYTHROMYCINE","500MG","TABLET","10x10 Tablets","36 Months","MAXTAR BIO-GENICS","INDIA","MAXTAR BIO-GENICS","SUN ENTEPRISES LTD","2024-08-17","2029-08-16","valid","Rwanda FDA - Registered Pharmaceutical Products July 2026","https://rwandafda.gov.rw/register/monitoring_preview_register"
"668","Rwanda FDA-HMP-MA-1573","EROCIN250","Erythromycin stearate BP","250 mg","Tablets","10x10 Tablets","36 Months","MAXTAR BIO-GENECS K","INDIA","MAXTAR BIO-GENICS","SUN ENTERPRISES LTD","2024-08-17","2029-08-16","valid","Rwanda FDA - Registered Pharmaceutical Products July 2026","https://rwandafda.gov.rw/register/monitoring_preview_register"
"669","Rwanda FDA-HMP-MA-1581","EROSTIN-20","Ebastine","20 mg","Tablets","1x10 Tablets","36 Months","MICRO LABS LIMITED","INDIA","MICRO LABS LIMITED","WESSEX PHARMACEUTICALS (RWANDA) LTD","2024-08-17","2029-08-16","valid","Rwanda FDA - Registered Pharmaceutical Products July 2026","https://rwandafda.gov.rw/register/monitoring_preview_register"
"670","Rwanda FDA-HMP-MA-1755","ERYTHROKANT","Erythromycin Stearate BP","125 mg/5 ml","Suspension","100 ml Bottles","36 Months","S KANT HEALTHCARE LTD","INDIA","S KANT HEALTHCARE LTD.","ABACUS PHARMA (A) LTD","2024-08-17","2029-08-16","valid","Rwanda FDA - Registered Pharmaceutical Products July 2026","https://rwandafda.gov.rw/register/monitoring_preview_register"
"671","Rwanda FDA-HMP-MA-1606","ERYTHROREN","Erythromycin","250 mg","Tablets","10x10 Tablets","24 Months","Rene Industries Ltd","Uganda","Rene Industries Ltd","Rene Pharmacy (R) Ltd","2024-08-17","2029-08-16","valid","Rwanda FDA - Registered Pharmaceutical Products July 2026","https://rwandafda.gov.rw/register/monitoring_preview_register"
"672","Rwanda FDA-HMP-MA-1768","Erythrox","Erythromycin","125mg/5mL","Powder for oral suspension","100mL Bottles","36 Months","DAWA LIMITED","KENYA","DAWA LIMITED","SUN ENTERPRISES LTD","2024-08-17","2029-08-16","valid","Rwanda FDA - Registered Pharmaceutical Products July 2026","https://rwandafda.gov.rw/register/monitoring_preview_register"
"673","Rwanda FDA-HMP-MA-1767","Es-Omecos","Esomeprazole","40 mg","Tablets","30 Tablets","24 Months","COSMOS LIMITED","KENYA.","COSMOS LIMITED","SUN ENTERPRISES LTD","2024-08-17","2029-08-16","valid","Rwanda FDA - Registered Pharmaceutical Products July 2026","https://rwandafda.gov.rw/register/monitoring_preview_register"
"674","Rwanda FDA-HMP-MA-1806","ESMA - 40","Esomeprazole Magnesium Trihydrate","40 mg","Tablets","10x10 Tablets","30 Months","MAXTAR BIO-GENICS","INDIA","MAXTAR BIO-GENICS","SUN ENTERPRISES LTD","2024-08-17","2029-08-16","valid","Rwanda FDA - Registered Pharmaceutical Products July 2026","https://rwandafda.gov.rw/register/monitoring_preview_register"
"675","Rwanda FDA-HMP-MA-1804","ESMA-20","Esomeprazole Magnesium Trihydrate","20 mg","Tablets","10 Tablets","30 Months","MAXTAR BIO-GENICS","INDIA","MAXTAR BIO-GENICS","SUN ENTERPRISES LTD","2024-08-17","2029-08-16","valid","Rwanda FDA - Registered Pharmaceutical Products July 2026","https://rwandafda.gov.rw/register/monitoring_preview_register"
"676","RwandaFDA-HMP-MA-1863","ESOMAC 20","ESOMEPRASOLE MAGNESIUM DEHYDRATE","20MG","TABLETS","Carton containing 2 Alu-Alu blister strip of 7 tablets. ? - Carton containing 3 Alu-Alu blister strip of 10 tablets.","24 Months","CIPLA LTD","INDIA","CIPLA LTD/INDIACipla house, peninsula business park, Ganpatrao Kadam Marg lower Parel, Mumbai, India Telephone: 91 22 25756558 Telefax: 91 22 24826120 E-mail: globalra@cipla.com","KIPHARMA LTD","2024-08-17","2029-08-16","valid","Rwanda FDA - Registered Pharmaceutical Products July 2026","https://rwandafda.gov.rw/register/monitoring_preview_register"
"677","Rwanda FDA-HMP-MA-1632","ESOPRAZOLE-40","Esomeprazole Magnesium","40mg","TABLETS","1x10 Tablets","36 Months","STALLION LABORATORIES PVT Ltd","India","STALLION LABORATORIES PVT Ltd","SUN ENTERPRISES LTD","2024-08-17","2029-08-16","valid","Rwanda FDA - Registered Pharmaceutical Products July 2026","https://rwandafda.gov.rw/register/monitoring_preview_register"
"678","Rwanda FDA-HMP-MA-1587","ESOZIM-40","Esomeprazole magnesium trihyrate","40 mg per unit","Capsules","10x10 Hard gelatin capsule","30 Months","ZIM LABORATORIES LIMITED","INDIA","ZIM LABORATORIES LIMITED","SUN ENTERPRISES LTD","2024-08-17","2029-08-16","valid","Rwanda FDA - Registered Pharmaceutical Products July 2026","https://rwandafda.gov.rw/register/monitoring_preview_register"
"679","Rwanda FDA-HMP-MA-1839","ETROBAX 90","Etoricoxib","90 mg","Tablets","3x10 Tablets","36 Months","HETERO LABS LIMITED","INDIA","HETERO LABS LIMITED","BION PHARMA GROUP LTD","2024-08-17","2029-08-16","valid","Rwanda FDA - Registered Pharmaceutical Products July 2026","https://rwandafda.gov.rw/register/monitoring_preview_register"
"680","Rwanda FDA-HMP-MA-1723","","Sulphadoxine and pyrimethamine","500/25mg","Tablets","75 Tablets","36 Months","COSMOS LIMITED","KENYA","COSMOS LIMITED","SUN ENTERPRISES LTD","2024-08-17","2029-08-16","valid","Rwanda FDA - Registered Pharmaceutical Products July 2026","https://rwandafda.gov.rw/register/monitoring_preview_register"
"681","Rwanda FDA-HMP-MA-1672","FAST ACT GEL","DICLOFENAC DIETHYLAMINE/ METHYL SALICYLATE","1.16%/ 10%W/W","GEL","20 g Tube","36 Months","Dawa Limited","Kenya","DAWA limited","SUN ENTEPRISES LTD","2024-08-17","2029-08-16","valid","Rwanda FDA - Registered Pharmaceutical Products July 2026","https://rwandafda.gov.rw/register/monitoring_preview_register"
"682","Rwanda FDA-HMP-MA-1884","FEBUDAY 40","FEBUXOSTAT","40 MG","TABLETS","1x10`s and 3x10`s","36 months","MSN LABORATORIES PRIVATE LIMITED","India","MSN LABORATORIES PRIVATE LIMITED MSN House , Plot No :C-24Sanath Nagar Industrial Estate, Sanath Nagar Hyderabad , Telangana , Pincode: 500018.IndiaCn : U24239TG2003PTC04153Phone : +91-40-30438600Fax:+91-40-30438798","ABACUS PHARMA (A) LTD","2024-08-17","2029-08-16","valid","Rwanda FDA - Registered Pharmaceutical Products July 2026","https://rwandafda.gov.rw/register/monitoring_preview_register"
"683","Rwanda-FDA-HM-1883","FEBUDAY 80","FEBUXOSTAT","80 MG","TABLETS","1x10`s and 3x10`s","36 months","MSN LABORATORIES PRIVATE LIMITED","India","MSN LABORATORIES PRIVATE LIMITED MSN House , Plot No :C-24Sanath Nagar Industrial Estate, Sanath Nagar Hyderabad , Telangana , Pincode: 500018.IndiaCn : U24239TG2003PTC04153Phone : +91-40-30438600Fax:+91-40-30438798","ABACUS PHARMA (A) LTD","2024-08-17","2029-08-16","valid","Rwanda FDA - Registered Pharmaceutical Products July 2026","https://rwandafda.gov.rw/register/monitoring_preview_register"
"684","Rwanda FDA-HMP-MA-1917","FERCEFOL SYRUP","IRON (II) HYDROXIDE POLYMALTOSE/FOLIC ACID/ASCORBIC ACID","172.40MG/4MG/20MG","SYRUP","150 ml","36 month","Gracure Pharmaceuticals Limited","India","","H&H PHARMA LIMITED","2024-08-17","2029-08-16","valid","Rwanda FDA - Registered Pharmaceutical Products July 2026","https://rwandafda.gov.rw/register/monitoring_preview_register"
"685","146-Rwanda FDA-2018-R1","FERTILION-F","Myo-Inositol, D-Chiro-Inositol, Vitamin C, Para Amino Benzoic Acid, Folic Acid, L-Arginine, Vitamin B1 (Thiamine Mononitrate), Vitamin B6, Vitamin B2, Methylcobalamin, Retinol (As Vitamin A Palmitate), Vitamin D3, Vitamin E, Magnesium (As Light Magnesium Oxide), Zinc (As Zinc Sulfate Monohydrate), Iron (As Ferrous Fumarate), Copper (As Copper Sulphate Pentahydrate), Manganese (As Manganese Sulphate Monohydrate), Selenium (As Selenious Acid), Iodine (As Potassium Iodide), Chromium (As Chromium Picolinate)","200mg, 10mg, 75mg, 12.5mg, 1.5mg, 10mg, 5mg, 5mg, 2.5mg, 500mcg, 375mcg, 12.5mcg, 12.5mg, 25mg, 10mg, 9mg, 750mcg, 1.5mcg, 100mcg, 50mcg, 50mcg","Soft Gelatin","B/2*15 Soft Gelatin","24 Months","SOFTGEL HEALTHCARE PVT LTD","INDIA","SOFTGEL HEALTHCARE PVT LTD","STAR BIOTECH RWANDA LIMITED","2024-08-17","2029-08-16","valid","Rwanda FDA - Registered Pharmaceutical Products July 2026","https://rwandafda.gov.rw/register/monitoring_preview_register"
"686","145-Rwanda FDA-2018-R1","FERTILION-M","Lycopene, Co-Enzyme Q 10, L-Glutathione, Vitamin E, Vitamin C, L-Carnitine, Korean Ginseng Extract, Zinc (As Zinc Sulphate Monohydrate), Folic Acid, Iron (As Ferrous Fumarate), Vitamin B6,Manganese (As Manganese Sulphate Monohydrate), Selenium (As Selenious Acid), Vitamin D3, Vitamin B1 (Thiamine Nitrate), Methylcobalamin, Retinol (As Vitamin A Palmitate)","10mg, 50mg, 50mg, 12.5mg, 75mg, 50mg, 10mg,7.5mg, 1.5mg, 5mg, 5mg, 2mg, 100mcg, 12.5mcg, 5mg, 750mcg, 375mcg","Soft Gelatin","B/2*15 Soft Gelatin","48 Months","SOFTGEL HEALTHCARE PVT LTD","INDIA","SOFTGEL HEALTHCARE PVT LTD","STAR BIOTECH RWANDA LIMITED","2024-08-17","2029-08-16","valid","Rwanda FDA - Registered Pharmaceutical Products July 2026","https://rwandafda.gov.rw/register/monitoring_preview_register"
"687","Rwanda FDA-HMP-MA-1909","FEVAROL","PARACETAMOL, PHENYLEPHRINE,CHLORPHENIRAMINE MALEATE","125MG/2.5MG/1MG","SYRUP","1x100 ml","36 months","Baroque Pharmaceuticals Limited","INDIA","BEKRA PHARMA13, Lavington Road, London, United Kingdom","UBIPHARM-RWANDA LTD","2024-08-17","2029-08-16","valid","Rwanda FDA - Registered Pharmaceutical Products July 2026","https://rwandafda.gov.rw/register/monitoring_preview_register"
"688","Rwanda FDA-HMP-MA-1812","FIDEMYCIN OINTMENT","Silver sulfadiazine, Tetracycline hydrochloride BP","3.0% w/w","Ointment for topical application","15 g Tbe","36 Months","DAWA LIMITED","KENYA","DAWA LIMITED","SUN ENTERPRISES LTD","2024-08-17","2029-08-16","valid","Rwanda FDA - Registered Pharmaceutical Products July 2026","https://rwandafda.gov.rw/register/monitoring_preview_register"
"689","Rwanda FDA-HMP-MA-1808","","Aceclofenac, Paracetamol and Chlorzoxazone","100 mg/ 500 mg/ 375 mg","Film Coated Tablets","2x10 Tablets","36 Months","Aurochem Pharmaceuticals (I) pvt. Ltd","INDIA","OCHOA LABORATORIES","SUN ENTERPRISES LTD","2024-08-17","2029-08-16","valid","Rwanda FDA - Registered Pharmaceutical Products July 2026","https://rwandafda.gov.rw/register/monitoring_preview_register"
"690","Rwanda FDA-HMP-MA-2001","FLAIROF","Roflumilast","250 mcg","Tablets","1 x 15 Tablets & 1 x 10 Tablets","24 Months","M/s. Hetero Labs Limited","India","Hetero Labs Limited","Bion Pharma Group (BPG) Limited","2024-08-17","2029-08-16","valid","Rwanda FDA - Registered Pharmaceutical Products July 2026","https://rwandafda.gov.rw/register/monitoring_preview_register"
"691","Rwanda FDA-HMP-MA-2071","","IBUPROFEN BP, METHOCARBAMOL USP","200MG/500MG","TABLETS","10 tablets","36 Months","GRACURE PHARMACEUTICALS LIMITED","INDIA","EXPHAR S.A/BELGIUMA","H&H PHARMA LTD","2024-08-17","2029-08-16","valid","Rwanda FDA - Registered Pharmaceutical Products July 2026","https://rwandafda.gov.rw/register/monitoring_preview_register"
"692","Rwanda FDA-HMP-MA-0503","FLOBOID EYE DROPS","OFLOXACIN","0.3%W/V","EYE DROPS","5ml Bottle","36 Months","MICRO LABS LIMITED","India","MICRO LABS LIMITED","WESSEX PHARMACEUTICALS (RWANDA) LTD","2024-08-17","2029-08-16","valid","Rwanda FDA - Registered Pharmaceutical Products July 2026","https://rwandafda.gov.rw/register/monitoring_preview_register"
"693","Rwanda FDA-HMP-MA-1780","FLUDARABINE PHOSPHATE NEAPOLIS","Fludarabine Phosphate","25mg/ml","Solution for Injection","1 vial of 2 ml","24 Months","NEAPOLIS PHARMA","Tunisia","NEAPOLIS PHARMA","KIPHARMA LTD","2024-08-17","2029-08-16","valid","Rwanda FDA - Registered Pharmaceutical Products July 2026","https://rwandafda.gov.rw/register/monitoring_preview_register"
"694","Rwanda FDA-HMP-MA-1841","FLUOMIZIN","Dequalinium chloride","10 mg","Vaginal tablet","1x6's Tablets","36 Months","ROTTENDORF PHARMA GMBH","GERMANY","DAFRA PHARMA GMBH","SUN ENTERPRISES LTD","2024-08-17","2029-08-16","valid","Rwanda FDA - Registered Pharmaceutical Products July 2026","https://rwandafda.gov.rw/register/monitoring_preview_register"
"695","Rwanda FDA-HMP-MA-1605","FOLIC ACID TABLETS","Folic acid BP","5 mg","Tablets","10x10 or 1000 tablets","24 Months","RENE INDUSTRIES LTD","Uganda","Rene Industries Ltd","Rene Pharmacy (R) Ltd","2024-08-17","2029-08-16","valid","Rwanda FDA - Registered Pharmaceutical Products July 2026","https://rwandafda.gov.rw/register/monitoring_preview_register"
"696","Rwanda FDA-HMP-MA-1553","FOLIGRAF 450 IU MULTIDOSE PRE FILLED PEN","Follitropin Concentrated Solution","450 IU 33.0?g)/0.75 ml","Solution for Injection","3ML Cartridges","24 Months","BHARAT SERUMS & VACCINES LTD","INDIA","BHARAT SERUMS & VACCINES LTD","PHILLIPS PHARMACEUTICALS RWANDA LTD","2024-08-17","2029-08-16","valid","Rwanda FDA - Registered Pharmaceutical Products July 2026","https://rwandafda.gov.rw/register/monitoring_preview_register"
"697","Rwanda FDA-HMP-MA-1831","FOSAP.","Fosaprepitant Dimeglumine","150 mg/vial.","Injection","","24 Months","ASPIRO PHARMA LIMITED","INDIA","HETERO DRUGS LIMITED","BION PHARMA GROUP LTD","2024-08-17","2029-08-16","valid","Rwanda FDA - Registered Pharmaceutical Products July 2026","https://rwandafda.gov.rw/register/monitoring_preview_register"
"698","Rwanda FDA-HMP-MA-1725","FUROSEMIDE TABLETS 40MG","Furosemide","40mg","Tablets","11x10 Tablets","36 Months","COSMOS LIMITED","KENYA","COSMOS LIMITED","SUN ENTERPRISES LTD","2024-08-17","2029-08-16","valid","Rwanda FDA - Registered Pharmaceutical Products July 2026","https://rwandafda.gov.rw/register/monitoring_preview_register"
"699","Rwanda FDA-HMP-MA-1551","G-OUT PLUS","Colchicine Tablets","1mg","Film coated Tablets","10 Tablets","24 Months","MACLEODS PHARMACEUTICALS LIMITED","INDIA","MACLEODS PHARMACEUTICALS LIMITED","WESSEX PHARMACEUTICAL (RWANDA)LTD","2024-08-17","2029-08-16","valid","Rwanda FDA - Registered Pharmaceutical Products July 2026","https://rwandafda.gov.rw/register/monitoring_preview_register"
"700","Rwanda FDA-HMP-MA-2015","GABAR 25MG","PREGABALIN","25MG","Capsules","56 Capsules","36 months","LABORATORIOS LICONSA, S.A","SPAIN","FAES FARMA, S.A., Maximo Aguire 14-48940 Leioa, SpainPhone : 0034944818300Telefax : 0034944818309Email : ihermo@faes.es , ieguidazu@faes.es","UBIPHARM-RWANDA LTD","2024-08-17","2029-08-16","valid","Rwanda FDA - Registered Pharmaceutical Products July 2026","https://rwandafda.gov.rw/register/monitoring_preview_register"
"701","RwandaFDA-HMP-MA-1887","GACET -125","ACETAMINOPHEN UPS","125MG","SUPPOSITORY","","36 Months","Bliss GVS Pharma Limited","INDIA","BLISS GVS PHARMA LTD","SURYA DEPOT PHARMACY LTD","2024-08-17","2029-08-16","valid","Rwanda FDA - Registered Pharmaceutical Products July 2026","https://rwandafda.gov.rw/register/monitoring_preview_register"
"702","Rwanda FDA-HMP-MA-1697","GACET-500","PARACETAMOL EFFERVESCENT 500MG","500MG","EFFERVESCENTS TABLETS","4 strips","36 month","Vovantis Laboratories Pvt. Ltd","India","BLISS GVS PHARMA LTD Address: 102, Hyde Park, Saki-Vihar Road, Andheri (East). Mumbai-400072Country: IndiaTelephone: +91-22-42160000Telefax: +91-22-28563930E-Mail: info@blissgvs.com","SURYA DEPOT PHARMACY LTD","2024-08-17","2029-08-16","valid","Rwanda FDA - Registered Pharmaceutical Products July 2026","https://rwandafda.gov.rw/register/monitoring_preview_register"
"703","Rwanda FDA-HMP-MA-2028","Gastica Suspension","Simethicone Emulsion, Calcium Carbonate, Magnesium Hydroxide & Magnesium Trisilicate Suspension","83mg, 400mg, 120mg & 50mg","Oral Liquid","200ml Bottle","24 Months","ENICAR PHARMACEUTICAL Pvt. Ltd","INDIA","ENICAR PHARMACEUTICAL Pvt. Ltd","STAR BIOTECH LIMITED","2024-08-17","2029-08-16","valid","Rwanda FDA - Registered Pharmaceutical Products July 2026","https://rwandafda.gov.rw/register/monitoring_preview_register"
"704","Rwanda FDA-HMP-MA-2026","GEMCITABINE NEAPOLIS","GEMCITABINE HYDROCHLORIDE","1G","POWDER FOR SOLUTION FOR INFUSION","1 vial of 1g","24 Months","NEAPOLIS PHARMA","TUNISIA","NEAPOLIS PHARMA","KIPHARMA LTD","2024-08-17","2029-08-16","valid","Rwanda FDA - Registered Pharmaceutical Products July 2026","https://rwandafda.gov.rw/register/monitoring_preview_register"
"705","Rwanda FDA-HMP-MA-2000","GEMTERO 1G","Gemcitabine for Injection USP","1 g","Injection","1 x 1 pack","36 months","Hetero Labs Limited","INDIA","Hetero Labs Limited","Bion Pharma Group (BPG) Limited","2024-08-17","2029-08-16","valid","Rwanda FDA - Registered Pharmaceutical Products July 2026","https://rwandafda.gov.rw/register/monitoring_preview_register"
"706","Rwanda FDA-HMP-MA-1795","GEMTERO 200","Gemcitabine inj","200 mg","Injection","1x1 pack","36 Months","M/s. HETERO LABS LIMITED","INDIA","HETERO LABS LIMITED","BION PHARMA GROUP LTD","2024-08-17","2029-08-16","valid","Rwanda FDA - Registered Pharmaceutical Products July 2026","https://rwandafda.gov.rw/register/monitoring_preview_register"
"707","Rwanda FDA-HMP-MA-1980","GLINSIP 100","Sitagliptin Tablets USP","100 mg","Tablets","2x15 Tablets","24 Months","M/s Annora Pharma Private Limited","INDIA","HETERO LABS LIMITED","Bion Pharma Group (BPG) Limited","2024-08-17","2029-08-16","valid","Rwanda FDA - Registered Pharmaceutical Products July 2026","https://rwandafda.gov.rw/register/monitoring_preview_register"
"708","Rwanda FDA-HMP-MA-1995","GLINSIP 25","Sitagliptin Phosphate anhydrous 25mg","25 mg","Tablets","","24 months","M/s Annora Pharma Private Limited","INDIA","Hetero Labs Limited","Bion Pharma Group (BPG) Limited","2024-08-17","2029-08-16","valid","Rwanda FDA - Registered Pharmaceutical Products July 2026","https://rwandafda.gov.rw/register/monitoring_preview_register"
"709","Rwanda FDA-HMP-MA-1991","GLINSIP 50","Sitagliptin Tablets USP","50 mg","Tablets","2x15 Tablets","24 Months","M/s Annora Pharma Private Limited","INDIA","Hetero Labs Limited,","Bion Pharma Group (BPG) Limited","2024-08-17","2029-08-16","valid","Rwanda FDA - Registered Pharmaceutical Products July 2026","https://rwandafda.gov.rw/register/monitoring_preview_register"
"710","Rwanda FDA-HMP-MA-2086","GLIPMEVIA 50/1000","SITAGLIPTIN + METFORMIN HCL","50/1000MG","TABLETS","3x10 Tablets","24 Months","FREDUM PHARMACEUTICALS LIMITED","India","FREDUM PHARMACEUTICALS LIMITED","STAR BIOTECH LIMITED","2024-08-17","2029-08-16","valid","Rwanda FDA - Registered Pharmaceutical Products July 2026","https://rwandafda.gov.rw/register/monitoring_preview_register"
"711","Rwanda FDA-HMP-MA-1965","GLIPMEVIA 50/850","Sitagliptin phosphate monohydrate, Metformin hydrochloride","50/850MG","TABLETS","3x10 Tablets","24 Months","FREDUM PHARMACEUTICALS LIMITED","INDIA","FREDUN PHARMACEUTICALS LTD","STAR BIOTECH LIMITED","2024-08-17","2029-08-16","valid","Rwanda FDA - Registered Pharmaceutical Products July 2026","https://rwandafda.gov.rw/register/monitoring_preview_register"
"712","Rwanda FDA-HMP-MA-1822","GLUNDOWN 500 TABLETS","Metformin Hydrochloride","500mg","Tablets","","24 Months","LABORATORY & ALLIED LIMITED","KENYA","LABORATORY & ALLIED LIMITED","DEPOT PHARMACEUTIQUE LE MEDICAL","2024-08-17","2029-08-16","valid","Rwanda FDA - Registered Pharmaceutical Products July 2026","https://rwandafda.gov.rw/register/monitoring_preview_register"
"713","Rwanda FDA-HMP-MA-1626","GLYCOREN TABLETS","Glibenclamide 5 mg","5 mg","Tablets","10 tablets","36 Months","RENE INDUSTRIES LTD","UGANDA","Rene Industries Limited,","RENE PHARMACY (R) LTD","2024-08-17","2029-08-16","valid","Rwanda FDA - Registered Pharmaceutical Products July 2026","https://rwandafda.gov.rw/register/monitoring_preview_register"
"714","Rwanda FDA-HMP-MA-2032","GLYDA 10","Dapagliflozin Tablets 10mg","10 mg","Tablets","","24 Months","HETERO LABS LIMITED","INDIA","HETERO LABS LIMITED","BION PHARMA GROUP LTD","2024-08-17","2029-08-16","valid","Rwanda FDA - Registered Pharmaceutical Products July 2026","https://rwandafda.gov.rw/register/monitoring_preview_register"
"715","Rwanda FDA-HMP-MA-1739","GOAB 10","Solifenacin Succinate","10 mg","Tablets","3x10 Tablets","24 Months","MS. ANNORA PHARMA PRIVATE LIMITED","INDIA","ANNORA PHARMA PRIVATE LIMITED","BION-PHARMA GROUP Limited","2024-08-17","2029-08-16","valid","Rwanda FDA - Registered Pharmaceutical Products July 2026","https://rwandafda.gov.rw/register/monitoring_preview_register"
"716","Rwanda FDA-HMP-MA-1667","GRAMOCEF-O-100 DRY SYRUP","CEFIXIME USP","100MG/5ML","SUSPENSION","100ml Bottle","24 Months","MICRO LABS LIMITED","India","MICRO LABS LIMITED","WESSEX PHARMACEUTICALS (RWANDA) LTD","2024-08-17","2029-08-16","valid","Rwanda FDA - Registered Pharmaceutical Products July 2026","https://rwandafda.gov.rw/register/monitoring_preview_register"
"717","Rwanda FDA-HMP-MA-1914","GRAMOCEF-O-50 DRY SYRUP","CEFIXIME 50MG/5ML","50MG/5ML","DRY SYRUP","1x100 ml","24 months","Micro Labs Limited","INDIA","MICRO LABS LTD/INDIA","Phillips Pharmaceuticals (Rwanda) Ltd.","2024-08-17","2029-08-16","valid","Rwanda FDA - Registered Pharmaceutical Products July 2026","https://rwandafda.gov.rw/register/monitoring_preview_register"
"718","Rwanda FDA-HMP-MA-1813","GVSOFT 1.2","Glycerine USP","1.2 G","Suppositories","2X5 Suppositories","36 Months","BLISS GVS PHARMA LIMITED","INDIA","BLISS GVS PHARMA LTD","SUN ENTERPRISES LTD","2024-08-17","2029-08-16","valid","Rwanda FDA - Registered Pharmaceutical Products July 2026","https://rwandafda.gov.rw/register/monitoring_preview_register"
"719","Rwanda FDA-HMP-MA-1814","GVSOFT 2","Glycerine USP","2.0 g","Suppositories","2X5 Suppositories","36 Months","BLISS GVS PHARMA LIMITED","INDIA","BLISS GVS PHARMA LTD","SUN ENTERPRISES LTD","2024-08-17","2029-08-16","valid","Rwanda FDA - Registered Pharmaceutical Products July 2026","https://rwandafda.gov.rw/register/monitoring_preview_register"
"720","Rwanda FDA-HMP-MA-1966","GYNASTATIN BP","NYSTATIN BP","100000IU","VAGINAL PESSARIES","2x7 Pessaries","24 Months","BLISS GVS PHARMA LIMITED","India","BLISS GVS PHARMA LIMITED","SURYA DEPOT PHARMACY LTD","2024-08-17","2029-08-16","valid","Rwanda FDA - Registered Pharmaceutical Products July 2026","https://rwandafda.gov.rw/register/monitoring_preview_register"
"721","Rwanda FDA-HMP-MA-1790","GYNO BALANCE","Lactose monohydrate BP","1200 mg","Suppositories","2X5 Suppositories","24 Months","BLISS GVS PHARMA LIMITED","INDIA","BLISS GVS PHARMA LTD","SURYA DEPOT PHARMA LTD","2024-08-17","2029-08-16","valid","Rwanda FDA - Registered Pharmaceutical Products July 2026","https://rwandafda.gov.rw/register/monitoring_preview_register"
"722","Rwanda FDA-HMP-MA-1789","GYNOSPAN","Phloroglucinol BP , Trimethyl phloroglucinol IH","40.00mg/0.04mg","Injection","6 ampoules of 4 ml","24 Months","BLISS GVS PHARMA LIMITED ( INDASI LIFESCIENCE PVT. LTD)","INDIA","IMEX PHARMA","KIPHARMA LTD","2024-08-17","2029-08-16","valid","Rwanda FDA - Registered Pharmaceutical Products July 2026","https://rwandafda.gov.rw/register/monitoring_preview_register"
"723","Rwanda FDA-HMP-MA-1951","GYNOSPAN","Phloroglucinol BP and Trimethylphloroglucinol IH","62.233MG/80MG","TABLETS","3x10 Tablets","24 Months","BLISS GVS PHARMA LIMITED","INDIA","IMEX PHARMA, Maurice","KIPHARMA LTD","2024-08-17","2029-08-16","valid","Rwanda FDA - Registered Pharmaceutical Products July 2026","https://rwandafda.gov.rw/register/monitoring_preview_register"
"724","Rwanda FDA-HMP-MA-1961","GYNOSPAN","Phloroglucinol BP, Trimethylphloroglucinol IH","116.70MG/150MG","SUPPOSITORIES","2X5 Suppositories","24 Months","BLISS GVS PHARMA LIMITED","INDIA","IMEX PHARMA, Maurice","KIPHARMA LTD","2024-08-17","2029-08-16","valid","Rwanda FDA - Registered Pharmaceutical Products July 2026","https://rwandafda.gov.rw/register/monitoring_preview_register"
"725","RwandaFDA-HMP-MA-1867","HELIGO 500","TINIDAZOLE+CLARITHROMYCIN+LANSOPRAZOLE","500MG/500MG/30MG","TABLET","7 strip (kit)","24 Months","INTAS PHARMACEUTICALS LTD","INDIA","","ABACUS PHARMA (A) LTD","2024-08-17","2029-08-16","valid","Rwanda FDA - Registered Pharmaceutical Products July 2026","https://rwandafda.gov.rw/register/monitoring_preview_register"
"726","Rwanda FDA-HMP-MA-1840","HENKA 30","Duloxetine Hydrochloride","30 mg.","Capsules","","24 Months","HETERO LABS LIMITED","INDIA","HETERO LABS LIMITED","BION PHARMA GROUP LTD","2024-08-17","2029-08-16","valid","Rwanda FDA - Registered Pharmaceutical Products July 2026","https://rwandafda.gov.rw/register/monitoring_preview_register"
"727","Rwanda FDA-HMP-MA-1738","HENKA 60","Duloxetine Delayed Release Capsules","60 mg","Capsules","3x10 Capsules","24 Months","M/S HETERO LABS LIMITED, UNIT-I","INDIA","HETERO LABS LIMITED","BION-PHARMA GROUP Limited","2024-08-17","2029-08-16","valid","Rwanda FDA - Registered Pharmaceutical Products July 2026","https://rwandafda.gov.rw/register/monitoring_preview_register"
"728","Rwanda FDA-HMP-MA-2005","HETSOLID 110","Dabigatran Etexilate","110mg","Capsules","1 x10 Tablets","24 months","M/s Hetero Labs Limited","India","Hetero Labs Limited","Bion Pharma Group (BPG) Limited","2024-08-17","2029-08-16","valid","Rwanda FDA - Registered Pharmaceutical Products July 2026","https://rwandafda.gov.rw/register/monitoring_preview_register"
"729","Rwanda FDA-HMP-MA-2006","HETSOLID 150","Dabigatran Etexilate","150 mg","CAPSULES","1 x10 Tablets","24 months","M/s Hetero Labs Limited","India","Hetero Labs Limited","Bion Pharma Group (BPG) Limited","2024-08-17","2029-08-16","valid","Rwanda FDA - Registered Pharmaceutical Products July 2026","https://rwandafda.gov.rw/register/monitoring_preview_register"
"730","Rwanda FDA-HMP-MA-2004","HETSOLID 75","Dabigatran Etexilate","75 mg","Capsules","1 x10 Tablets","24 months","M/s Hetero Labs Limited","India","M/s Hetero Labs Limited","Bion Pharma Group (BPG) Limited","2024-08-17","2029-08-16","valid","Rwanda FDA - Registered Pharmaceutical Products July 2026","https://rwandafda.gov.rw/register/monitoring_preview_register"
"731","Rwanda FDA-HMP-MA-2103","Hydroxyurea 100 HGC","Hydroxyurea","100 mg","TABLETS","60, 90 and 120 Tablets","24 Months","Haupt Pharma Amareg GmbH","Germany","Sandoz Pharmaceutical d.d","SURGIPHARM (RWANDA) LTD","2024-08-17","2029-08-16","valid","Rwanda FDA - Registered Pharmaceutical Products July 2026","https://rwandafda.gov.rw/register/monitoring_preview_register"
"732","RwandaFDA-HMP-MA-1899","Hydroxyurea 1000 HGC","Hydroxyurea 1000 mg","1000 mg","Tablet","","24 Months","Haupt Pharma Amareg GmbH","Germany","Sandoz Pharmaceutical d.dAddress: Donaustaufer Strasse 378, 93055 Regensburg, GermanyCountry: GermanyTelephone:+254 711592940Telefax: N/A E-Mail: david.odhiambo@novartis.com","","2024-08-17","2029-08-16","valid","Rwanda FDA - Registered Pharmaceutical Products July 2026","https://rwandafda.gov.rw/register/monitoring_preview_register"
"733","Rwanda FDA-HMP-MA-1929","HYORTH injection","Sodium Hyaluronate Sterile Solution","10 mg/1mL","Injection","","36 Months","VIRCHOW BIOTECH PVT LTD","INDIA","VIRCHOW BIOTECH PVT LTD","SUN ENTERPRISES LTD","2024-08-17","2029-08-16","valid","Rwanda FDA - Registered Pharmaceutical Products July 2026","https://rwandafda.gov.rw/register/monitoring_preview_register"
"734","Rwanda FDA-HMP-MA-1865","IBUPAR CAPLETS","Ibuprofen BP and Paracetamol BP","400mg/325mg","TABLET","","36 months.","DAWA limited","Kenya","DAWA limited,plot no. 7879/8, baba dogo road, ruaraka.p.o. box 16633 - 00620,nairobi, kenya.email: admin@dawalimited.com","SUN ENTEPRISES LTD","2024-08-17","2029-08-16","valid","Rwanda FDA - Registered Pharmaceutical Products July 2026","https://rwandafda.gov.rw/register/monitoring_preview_register"
"735","Rwanda FDA-HMP-MA-1619","IBUPAR SUSPENSION","Ibuprofen BP 100mg and Paracetamol BP 120mg","100mg/120mg/5ml","Oral suspension","60ml and100ml Bottles","36 Months","Dawa Limited","KENYA","DAWA LIMITED","SUN ENTERPRISES LTD","2024-08-17","2029-08-16","valid","Rwanda FDA - Registered Pharmaceutical Products July 2026","https://rwandafda.gov.rw/register/monitoring_preview_register"
"736","Rwanda FDA-HMP-MA-1836","IBUPLUS","Ibuprofen and Paracetamol","400 mg/325 mg","Tablets","10 Tablets","36 Months","SCOTT-EDIL PHARMACIA LTD","INDIA","SCOTT-EDIL PHARMACIA LTD","SUN ENTERPRISES LTD","2024-08-17","2029-08-16","valid","Rwanda FDA - Registered Pharmaceutical Products July 2026","https://rwandafda.gov.rw/register/monitoring_preview_register"
"737","Rwanda FDA-HMP-MA-1779","IBUPROFEN AND PARACETAMOL SUSPENSION","Ibuprofen BP & Paracetamol BP","100 MG/125MG","Suspension","60 ml bottle","36 Months","AURA LIFECARE PVT. LTD.","—","AURA LIFECARE PVT. LTD.","SUN ENTERPRISES LTD","2024-08-17","2029-08-16","valid","Rwanda FDA - Registered Pharmaceutical Products July 2026","https://rwandafda.gov.rw/register/monitoring_preview_register"
"738","Rwanda FDA-HMP-MA-1734","IBUPROFEN ORAL SUSPENSION","Ibuprofen","100 mg/5ml","Suspension","100 mg/5 ml","36 Months","S KANT HEALTHCARE LTD","INDIA","S KANT HEALTHCARE LTD","ABACUS PHARMA (A) LTD","2024-08-17","2029-08-16","valid","Rwanda FDA - Registered Pharmaceutical Products July 2026","https://rwandafda.gov.rw/register/monitoring_preview_register"
"739","Rwanda FDA-HMP-MA-1643","IBUREN TABLETS","Ibuprofen BP","200mg","Film coated tablets","10x10 Tablets","24 Months","RENE INDUSTRIES LTD","Uganda","Rene Industries Ltd","Rene Pharmacy (R) Ltd","2024-08-17","2029-08-16","valid","Rwanda FDA - Registered Pharmaceutical Products July 2026","https://rwandafda.gov.rw/register/monitoring_preview_register"
"740","Rwanda FDA-HMP-MA-1694","INFCLAV 228 ORAL SUSP 100 ML","AMOXICILLIN/CLAVULANIC ACID","228MG","SUSPENSION","100 ml","24 month","Sakar Healthcare Limited","India","(Company) Name: INFINITE HEALTH LIMTEDAddress: P.O BOX 64001-00620, NAIROBICountry: KENYATelephone: +254 733 733341/725 349888E-Mail: info@infinite.com","SUN ENTERPRISES LTD","2024-08-17","2029-08-16","valid","Rwanda FDA - Registered Pharmaceutical Products July 2026","https://rwandafda.gov.rw/register/monitoring_preview_register"
"741","Rwanda FDA-HBP-MA-0139","","Insulin glargine","5 Solostar pens each of 3ml","Solution for injection","3 ML Cartridge","36 Months","SANOFI-AVENTIS DEUTSCHLAND GmbH","GERMANY","SANOFI-AVENTIS DEUTSCHLAND GmbH","KIPHARMA LTD","2024-08-17","2029-08-16","valid","Rwanda FDA - Registered Pharmaceutical Products July 2026","https://rwandafda.gov.rw/register/monitoring_preview_register"
"742","Rwanda FDA-HMP-MA-1947","INTELENCE-100","INTRAVIRINE","100MG","TABLETS","120 Tablets","36 Months","Janssen-Cilag S.P.A.","ITALY","JANSSEN-CILAG INTERNATIONAL NV","GILMED LIMITED","2024-08-17","2029-08-16","valid","Rwanda FDA - Registered Pharmaceutical Products July 2026","https://rwandafda.gov.rw/register/monitoring_preview_register"
"743","Rwanda FDA-HMP-MA-1810","INTRAZ","Itraconazole Capsules","100 mg","Capsules","","24 Months","Aurochem Pharmaceuticals (I) pvt. Ltd","INDIA","OCHOA LABORATORIES","SUN ENTERPRISES LTD","2024-08-17","2029-08-16","valid","Rwanda FDA - Registered Pharmaceutical Products July 2026","https://rwandafda.gov.rw/register/monitoring_preview_register"
"744","Rwanda FDA-HMP-MA-1634","Irbesartan Impact 300 mg","IRBESARTAN","300mg","Film coated tablets","28 Tablets","36 Months","Sanofi Winthrop Industrie","France","Sanofi Winthrop Industrie","KIPHARMA LTD","2024-08-17","2029-08-16","valid","Rwanda FDA - Registered Pharmaceutical Products July 2026","https://rwandafda.gov.rw/register/monitoring_preview_register"
"745","Rwanda FDA-HMP-MA-1974","Irbesartan/Amlodipine Besylate Impact","Irbesartan/Amlodipine Besylate Impact","300mg/10mg","Film Coated Tablets","28 Tablets","36 Months","Sanofi Winthrop Industrie","France","Sanofi-Aventis south africa (pty) ltd","KIPHARMA LTD","2024-08-17","2029-08-16","valid","Rwanda FDA - Registered Pharmaceutical Products July 2026","https://rwandafda.gov.rw/register/monitoring_preview_register"
"746","Rwanda FDA-HMP-MA-1830","IRBIS 150","Irbesartan","150mg","Tablets","3x10 Tablets","36 Months","HETERO LABS LIMITED","INDIA","HETERO LABS LIMITED","BION PHARMA GROUP LTD","2024-08-17","2029-08-16","valid","Rwanda FDA - Registered Pharmaceutical Products July 2026","https://rwandafda.gov.rw/register/monitoring_preview_register"
"747","Rwanda FDA-HMP-MA-1737","IRBIS 300","Irbesartan","300 mg","Tablets","3x10 Tablets","36 Months","M/S HETERO LABS LIMITED, UNIT-I","INDIA","HETERO LABS LIMITED","BION-PHARMA GROUP Limited","2024-08-17","2029-08-16","valid","Rwanda FDA - Registered Pharmaceutical Products July 2026","https://rwandafda.gov.rw/register/monitoring_preview_register"
"748","Rwanda FDA-HMP-MA-1736","IRBIS HT -300/12.5","Irbesartan and Hydrochlorothiazide","300 mg/12.5 mg","Film Coated Tablets","3x10 Tablets","36 Months","HETERO LABS LIMITED (Unit-V)","INDIA","HETERO LABS LIMITED (Unit-V)","BION-PHARMA GROUP Limited","2024-08-17","2029-08-16","valid","Rwanda FDA - Registered Pharmaceutical Products July 2026","https://rwandafda.gov.rw/register/monitoring_preview_register"
"749","Rwanda FDA-HMP-MA-1993","IRBIS-HT 150/12.5","Irbesartan and Hydrochlorothiazide","150 mg/12.5 mg","Tablets","","36 months","M/S. Hetero Labs Limited (Unit-V)","INDIA","Hetero Labs Limited","Bion Pharma Group (BPG) Limited","2024-08-17","2029-08-16","valid","Rwanda FDA - Registered Pharmaceutical Products July 2026","https://rwandafda.gov.rw/register/monitoring_preview_register"
"750","Rwanda FDA-HMP-MA-2027","ISONIAZID","ISONIAZID","300MG","TABLET","10x10 Tablets","24 Months","Lupin Limited","INDIA","Lupin Limited","","2024-08-17","2029-08-16","valid","Rwanda FDA - Registered Pharmaceutical Products July 2026","https://rwandafda.gov.rw/register/monitoring_preview_register"
"751","Rwanda FDA-HMP-MA-2080","ISONIAZID TABLETS BP 300MG","ISONIAZID","300MG","TABLETS","10x10 Tablets","24 Months","Lupin Limited","INDIA","Lupin Limited","AIVEEN (R) LTD","2024-08-17","2029-08-16","valid","Rwanda FDA - Registered Pharmaceutical Products July 2026","https://rwandafda.gov.rw/register/monitoring_preview_register"
"752","Rwanda-FDA-HM-1877","IVYTUS","HEDERACOSIDE C","100ML","SYRUP","100ml","36 months","Neopharma","UAE","NEOPHARMA Plot No. A-1, 89-95, Industrial City of Abu Dhabi(ICAD), P.O Box 72900, Mussafah, Abu Dhabi, UAEUnited Arab Emirates00971 2 550 1000 /00971 2 550 11 99","PHILIPS PHARMACEUTICALS RWANDA LTD","2024-08-17","2029-08-16","valid","Rwanda FDA - Registered Pharmaceutical Products July 2026","https://rwandafda.gov.rw/register/monitoring_preview_register"
"753","Rwanda FDA-HMP-MA-2081","Jadelle 2 x 75 mg implants","Levonorgestrel","75mg","Implants","1x10 sets of 2 subdermal implants","60 Months","BAYER OY","Finland","Bayer East Africa Limited","SURGIPHARM (RWANDA) LTD","2024-08-17","2029-08-16","valid","Rwanda FDA - Registered Pharmaceutical Products July 2026","https://rwandafda.gov.rw/register/monitoring_preview_register"
"754","Rwanda FDA-HMP-MA-2009","JARDIANCE-10","EMPAGLIFLOZINE","10MG","TABLETS","","36 months","Boehringer Ingelheim International GmbH","Germany","BOEHRINGER INGELHEIM","SURGIPHARM RWANDA LTD","2024-08-17","2029-08-16","valid","Rwanda FDA - Registered Pharmaceutical Products July 2026","https://rwandafda.gov.rw/register/monitoring_preview_register"
"755","Rwanda-FDA-HM-1852","K-FLAM","DICLOFENAC POTASSIUM","50MG","TABLETS","10 sachets x 1 g,","36 months","Neopharma","UAE","","PHILIPS PHARMACEUTICALS RWANDA LTD","2024-08-17","2029-08-16","valid","Rwanda FDA - Registered Pharmaceutical Products July 2026","https://rwandafda.gov.rw/register/monitoring_preview_register"
"756","Rwanda FDA-HMP-MA-1673","KABIVEN","Purified soybean oil, glucose (anhydrous), Alanine, Arginine, Aspartic acid, Glutamic acid, Glycine, Histidine, Isoleucine, Leucine, Lysine, Methionine, Phenylalanine, Proline, Serine, Threonine, Tryptophan, Tyrosine, Valine, Calcium chloride (as dihydrate), Sodium glycerophosphate (as hydrated), Magnesium sulphate (as heptahydrate), Potassium chloride, Sodium acetate (as trihydrate)","40g, 100g, 4.8g, 3.4g, 1.0g, 1.7g, 2.4g, 2.0g, 1.7g, 2.4g, 2.7g, 1.7g, 2.4g, 2.0g, 1.4g, 1.7g, 0.57g, 0.07g, 2.2g, 0.22g, 1.5g, 0.48g, 1.8g, 1.5g","EMULSION FOR INFUSION","1 x 1026 ml, 4 x 1026 ml, 1 x 2053 ml, 4 x 2053 ml","24 Months","FRESENIUS Kabi AB","Austria","FRESENIUS KABI MANUFACTURING SA (PTY) LIMITED","SURGIPHARM RWANDA LTD","2024-08-17","2029-08-16","valid","Rwanda FDA - Registered Pharmaceutical Products July 2026","https://rwandafda.gov.rw/register/monitoring_preview_register"
"757","Rwanda FDA-HMP-MA-2014","KAREMOX-250","AMOXICILLIN","250MG","CAPSULE","11 x 10 Tablets and 500 Tablets","36 months","Reyoung Pharmaceutical Co., Ltd","China","KAREMAX INDUSTRIAL LTD","SUN ENTEPRISES LTD","2024-08-17","2029-08-16","valid","Rwanda FDA - Registered Pharmaceutical Products July 2026","https://rwandafda.gov.rw/register/monitoring_preview_register"
"758","Rwanda FDA-HMP-MA-2013","KAREMOX-500","AMOXICILLIN","500MG","CAPSULE","10 x 10 Tablets and 500 Tablets","36 months","Reyoung Pharmaceutical Co., Ltd","China","KAREMAX INDUSTRIAL LTD","SUN ENTEPRISES LTD","2024-08-17","2029-08-16","valid","Rwanda FDA - Registered Pharmaceutical Products July 2026","https://rwandafda.gov.rw/register/monitoring_preview_register"
"759","Rwanda FDA-HMP-MA-1590","KEMOXYL 500 CAPSULES","Amoxicillin BP (Trihydrate)","500 mg","Capsules","10x10 Capsules","36 Months","LABORATORY & ALLIED LIMITED","KENYA","LABORATORY & ALLIED LTD","DEPOT PHARMACEUTIQUE LE MEDICAL","2024-08-17","2029-08-16","valid","Rwanda FDA - Registered Pharmaceutical Products July 2026","https://rwandafda.gov.rw/register/monitoring_preview_register"
"760","Rwanda FDA-HMP-MA-1629","KETRODOL INJECTION","Phytometadione BP inj. 10mg/ml","10mg/ml","Solution for Injection","100x 1ml Ampouls","24 Months","Ciron drugs & Pharmaceuticals Pvt Ltd","INDIA","Ciron drugs & Pharmaceuticals Pvt Ltd","RENE PHARMACY (R) LTD","2024-08-17","2029-08-16","valid","Rwanda FDA - Registered Pharmaceutical Products July 2026","https://rwandafda.gov.rw/register/monitoring_preview_register"
"761","Rwanda FDA-HMP-MA-1926","KODOXY","DOXYCYCLINE Hyclate BP","100MG","CAPSULES","10x10 Capsules","36 Months","KOPRAN LIMITED","INDIA","Kopran Limited","PHILLIPS PHARMACEUTICALS (RWANDA) LTD","2024-08-17","2029-08-16","valid","Rwanda FDA - Registered Pharmaceutical Products July 2026","https://rwandafda.gov.rw/register/monitoring_preview_register"
"762","Rwanda FDA-HMP-MA-1925","KOFLYN PINEAPPLE FLAVOUR COUGH EXPECTORANT","CHLORAMPHENIRAMINE MALEATE, AMMONIUM CHLORIDE, SODIUM CITRATE","2.2MG, 110MG, 40MG /5ML","SYRUP","100ml Bottle","36 Months","BETA HEALTHCARE INTERNATIONAL LTD","KENYA","BETA HEALTHCARE INTERNATIONAL LTD","SURGIPHARM (RWANDA) LTD","2024-08-17","2029-08-16","valid","Rwanda FDA - Registered Pharmaceutical Products July 2026","https://rwandafda.gov.rw/register/monitoring_preview_register"
"763","Rwanda FDA-HMP-MA-1625","KRYXANA 200MG FILM-COATED TABLETS","Ribociclib 200mg","200mg","Film-coated tablets","63 Tablets","36 Months","Lek Pharmaceuticals d.d.,","SLOVENIA","NVS KENYA LIMITED","SURGIPHARM RWANDA LIMITED","2024-08-17","2029-08-16","valid","Rwanda FDA - Registered Pharmaceutical Products July 2026","https://rwandafda.gov.rw/register/monitoring_preview_register"
"764","Rwanda FDA-HMP-MA-1713","LABESTEN VAGINAL TABLETS","Clotrimazole BP","100mg","Tablets","6x1 Tablets","36 Months","LABORATORY & ALLIED LTD","KENYA","LABORATORY & ALLIED LTD","DEPOT PHARMACEUTIQUE LE MEDICAL","2024-08-17","2029-08-16","valid","Rwanda FDA - Registered Pharmaceutical Products July 2026","https://rwandafda.gov.rw/register/monitoring_preview_register"
"765","Rwanda FDA-HMP-MA-1935","LABGENTIL TABLETS","SECNIDAZOLE","500MG","TABLETS","4 Tablets","36 Months","LABORATORY & ALLIED LIMITED","Kenya","LABORATORY & ALLIED LTD","Depot Pharmaceutique Le Medical","2024-08-17","2029-08-16","valid","Rwanda FDA - Registered Pharmaceutical Products July 2026","https://rwandafda.gov.rw/register/monitoring_preview_register"
"766","Rwanda FDA-HMP-MA-1847","LACTITOS SOLUTION","Lactulose USP","10mg","Syrup","100ml","24 Months","ENICAR PHARMACEUTICALS PVT. LTD","INDIA","GALAXY PHARMACEUTICAL LTD","STAR BIOTECH LTD","2024-08-17","2029-08-16","valid","Rwanda FDA - Registered Pharmaceutical Products July 2026","https://rwandafda.gov.rw/register/monitoring_preview_register"
"767","Rwanda FDA-HMP-MA-1699","LAMADOL","TRAMADOL HCI","100MG/2ML","INJECTION","2 ml","24 month","Brookes Pharma Private Limited","Pakistan","Brookes Pharma Private LimitedAddress: 58-59, Sector No. 15, Korangi Industrial Area, Karachi-74900Country: PakistanE-mail: export@brookespharma.com","DEPOT PHARMACEUTIQUE LE MEDICAL","2024-08-17","2029-08-16","valid","Rwanda FDA - Registered Pharmaceutical Products July 2026","https://rwandafda.gov.rw/register/monitoring_preview_register"
"768","Rwanda FDA-HMP-MA-2088","LAMIVUDINE/ZIDOVUDINE","LAMIVUDINE/ZIDOVUDINE","150/300MG","TABLETS","60 Tablets","48 Months","HETERO LABS LIMITED","INDIA","HETERO LABS LIMITED","BION PHARMA GROUP LTD","2024-08-17","2029-08-16","valid","Rwanda FDA - Registered Pharmaceutical Products July 2026","https://rwandafda.gov.rw/register/monitoring_preview_register"
"769","Rwanda FDA-HMP-MA-1638","LARTEM","Artemether and Lumefantrine","20mg +120mg","TABLETS","","36 Months","S KANT HEALTHCARE LTD","INDIA","S KANT HEALTHCARE LTD","ABACUS PHARMA (A) LTD","2024-08-17","2029-08-16","valid","Rwanda FDA - Registered Pharmaceutical Products July 2026","https://rwandafda.gov.rw/register/monitoring_preview_register"
"770","Rwanda FDA-HMP-MA-2021","LASTAVIN 80","VALSARTAN USP","80 MG","TABLETS","3x10 Tablets","30 Months","Ajanta Pharma Limited","INDIA","Ajanta pharma Limited","ABACUS PHARMA (A) LTD","2024-08-17","2029-08-16","valid","Rwanda FDA - Registered Pharmaceutical Products July 2026","https://rwandafda.gov.rw/register/monitoring_preview_register"
"771","Rwanda FDA-HMP-MA-1997","LAZINE","Levocetrizine Dihydrochloride","5 mg","Tablets","10 x10 Tablets","36 months","M/s. Hetero Labs Limited","INDIA","Hetero Labs Limited","Bion Pharma Group (BPG) Limited","2024-08-17","2029-08-19","valid","Rwanda FDA - Registered Pharmaceutical Products July 2026","https://rwandafda.gov.rw/register/monitoring_preview_register"
"772","Rwanda FDA-HMP-MA-2016","LC DOPA","LEVODOPA/CARBIDOPA","250MG/ 25MG","Film Coated Tablets","50 Tablets","36 months","AGOG PHARMA LTD","INDIA","AGOG PHARMA LTD","SUN ENTERPRISES LTD","2024-08-17","2029-08-16","valid","Rwanda FDA - Registered Pharmaceutical Products July 2026","https://rwandafda.gov.rw/register/monitoring_preview_register"
"773","Rwanda FDA-HMP-MA-2086","LC DOPA","LEVODOPA/ CARBIDOPA","250MG/ 25MG","FILM COATED TABLETS","50 Tablets","36 Months","AGOG PHARMA LTD","India","AGOG PHARMA LTD","SUN ENTERPRISES LTD","2024-08-17","2029-08-16","valid","Rwanda FDA - Registered Pharmaceutical Products July 2026","https://rwandafda.gov.rw/register/monitoring_preview_register"
"774","Rwanda FDA-HMP-MA-1979","LETERO","LETROZOLE","2.5 MG","TABLETS","","36 months","M/S. Hetero Labs Limited (Unit-VI)","India","Hetero Labs Limited, Address: 7-2-A2, Hetero Corporate, Industrial Estate, Sanath Nagar, Hyderabad, Telangana, Pin Code - 500018 Country: INDIA Telephone : +91-40-23704923/24/25 Tele fax : +91-40-23704926/23714250","Bion Pharma Group (BPG) Limited","2024-08-17","2029-08-16","valid","Rwanda FDA - Registered Pharmaceutical Products July 2026","https://rwandafda.gov.rw/register/monitoring_preview_register"
"775","Rwanda-FDA-HM-1860","LEVANIX-500","LEVOFLOXACIN HEMIHYDRATE","500MG","TABLET","7 tablets","36 months","Neopharma","UAE","NEOPHARM89A1-95A1, Industrial City of Abu DhabiMussafah,PO Box 7290 Abu Dhabi,UAEEmail: neopharma@neopharma.ae","PHILIPS PHARMACEUTICALS RWANDA LTD","2024-08-17","2029-08-16","valid","Rwanda FDA - Registered Pharmaceutical Products July 2026","https://rwandafda.gov.rw/register/monitoring_preview_register"
"776","Rwanda FDA-HMP-MA-1932","LIMZER","OMEPRAZOLE & DOMPERIDONE","20MG & 30MG","Capsules","3x10 Capsules","30 Months","INVENTIA HEALTHCARE LIMITED","INDIA","MEGA LIFESCIENCES PUBLIC COMPANY LIMITED","ABACUS PHARMA (A) LTD","2024-08-17","2029-08-16","valid","Rwanda FDA - Registered Pharmaceutical Products July 2026","https://rwandafda.gov.rw/register/monitoring_preview_register"
"777","Rwanda FDA-HMP-MA-1901","Lofen gel","DICLOFENAC DIETHYLAMINE BP","1% w/w","Tropical gel","1x20g","24 months","Bal Pharma Limited.","INDIA","Bal Pharma Limited,5th Floor, Laxmi Narayan Complex, 10/1, Palace Road, Vasanth Nagar,India.","Sun enterprises Ltd","2024-08-17","2029-08-16","valid","Rwanda FDA - Registered Pharmaceutical Products July 2026","https://rwandafda.gov.rw/register/monitoring_preview_register"
"778","Rwanda FDA-HMP-MA-1976","LOFNAC GEL","Diclofenac Sodium 1-3.00 % w/w of Linseed oil BP, -10.00 % w/w of Methyl salicylatEe BP, -5.00 % w/w of Menthol BP.","1%, 3%, 10%, 5%,","GEL","30g Tubes","36 Months","Gopaldas Visram & Co. Ltd","India","BLISS GVS PHARMA LTD","SURYA DEPOT PHARMACY LTD","2024-08-17","2029-08-16","valid","Rwanda FDA - Registered Pharmaceutical Products July 2026","https://rwandafda.gov.rw/register/monitoring_preview_register"
"779","Rwanda FDA-HMP-MA-1564","LOSATRUST H TABLETS","Losartan Potassium USP and Hydrochlorthiazide BP","50mg/12.5 mg","Film coated Tablets","3x10 Tablets","36 Months","CENTAUR PHARMACEUTICALS PVT LTD","INDIA","CENTAUR PHARMACEUTICALS PVT, LTD","WESSEX PHARMACEUTICAL (RWANDA)LTD","2024-08-17","2029-08-16","valid","Rwanda FDA - Registered Pharmaceutical Products July 2026","https://rwandafda.gov.rw/register/monitoring_preview_register"
"780","Rwanda FDA-HMP-MA-1992","LUMECOAT","Sucralfate Oral Suspension","1g/10mL","SUSPENSION","1","24 months","M/s Annora Pharma Private Limited","INDIA","Hetero Labs Limited","Bion Pharma Group (BPG) Limited","2024-08-17","2029-08-16","valid","Rwanda FDA - Registered Pharmaceutical Products July 2026","https://rwandafda.gov.rw/register/monitoring_preview_register"
"781","Rwanda FDA-HMP-MA-1678","LUMERAX DT 20/120","ARTEMETHER & LUMEFANTRINE","20/120MG","TABLETS","6 Tablets or 12 Tablets","24 Months","IPCA LABORATORIES LTD","India","IPCA LABORATORIES LTD","SUN ENTREPRISE LTD","2024-08-17","2029-08-16","valid","Rwanda FDA - Registered Pharmaceutical Products July 2026","https://rwandafda.gov.rw/register/monitoring_preview_register"
"782","Rwanda FDA-HMP-MA-1580","LUMITER 80/840 MG","Artemeter and Lumefantrine","80mg/480mg","Tablets","15 Tablets","24 Months","MACLEODS PHARMACEUTICALS LIMITED","INDIA","MACLEODS PHARMACEUTICALS LTD","AIVEEN RWANDA LTD","2024-08-17","2029-08-16","valid","Rwanda FDA - Registered Pharmaceutical Products July 2026","https://rwandafda.gov.rw/register/monitoring_preview_register"
"783","Rwanda FDA-HMP-MA-1876","LYSODOL 100","ACECLOFENAC","100MG","TABLETS","1x30 Tablets","36 Months","Tirupati Medicare Ltd","INDIA","MEYER ORGANICS PVT.LTD","SUN ENTEPRISES LTD","2024-08-17","2029-08-16","valid","Rwanda FDA - Registered Pharmaceutical Products July 2026","https://rwandafda.gov.rw/register/monitoring_preview_register"
"784","Rwanda FDA-HMP-MA-1872","LYSODOL 200SR","ACECLOFENAC","200MG","TABLETS","30 Tablets","36 Months","Tirupati Medicare Ltd","INDIA","MEYER ORGANICS PVT.LTD","SUN ENTEPRISES LTD","2024-08-17","2029-08-16","valid","Rwanda FDA - Registered Pharmaceutical Products July 2026","https://rwandafda.gov.rw/register/monitoring_preview_register"
"785","Rwanda FDA-HMP-MA-1873","LYSODOL MR","ACECLOFENAC & PARACETAMOL & CHLORZOXAZONE","100/500/250 MG","TABLETS","3x10 Tablets","36 Months","Tirupati Medicare Ltd","INDIA","MEYER ORGANICS PVT.LTD","SUN ENTEPRISES LTD","2024-08-17","2029-08-16","valid","Rwanda FDA - Registered Pharmaceutical Products July 2026","https://rwandafda.gov.rw/register/monitoring_preview_register"
"786","Rwanda FDA-HMP-MA-1874","LYSODOL P","ACECLOFENAC & PARACETAMOL","100/50 MG","TABLETS","1x30 Tablets","36 Months","Tirupati Medicare Ltd","INDIA","MEYER ORGANICS PVT.LTD","SUN ENTEPRISES LTD","2024-08-17","2029-08-16","valid","Rwanda FDA - Registered Pharmaceutical Products July 2026","https://rwandafda.gov.rw/register/monitoring_preview_register"
"787","Rwanda FDA-HMP-MA-2024","MALAVAN 60","ARTESUNATE","60MG","Powder for Injection","1 x 3 AMPOULES","24 Months","Bliss GVS Pharma Limited","INDIA","IMEX PHARMA, Maurice","Mediasol Pharmaceutical Depot Ltd","2024-08-17","2029-08-16","valid","Rwanda FDA - Registered Pharmaceutical Products July 2026","https://rwandafda.gov.rw/register/monitoring_preview_register"
"788","Rwanda FDA-HMP-MA-2078","MALAVAN 60","Combipack of Artesunate injection, Sodium Chloride injection BP and Sodium Bicarbonate injection BP","60MG","POWDER FOR INJECTION","1 kit","24 Months","Bliss GVS Pharma Limited","INDIA","IMEX PHARMA, Maurice","Mediasol Pharmaceutical Depot Ltd","2024-08-17","2029-08-16","valid","Rwanda FDA - Registered Pharmaceutical Products July 2026","https://rwandafda.gov.rw/register/monitoring_preview_register"
"789","Rwanda FDA-HMP-MA-1805","MEDICAINE 2%","Mepivacaine hydrochloride Adrenaline bitartrate, adrenalinated","36 mg/ml, 0.032 (0.01819)","Solution for injection","1.8ml container","24 Months","Les laboratoire Medis","TUNISIA","","KIPHARMA LTD","2024-08-17","2029-08-16","valid","Rwanda FDA - Registered Pharmaceutical Products July 2026","https://rwandafda.gov.rw/register/monitoring_preview_register"
"790","Rwanda FDA-HMP-MA-1942","MELANEZ","MESALAZINE Ph.Eur.","1G","SUPPOSITORIES","2x5 Suppositories","24 Months","BLISS GVS PHARMA LTD","India","BLISS GVS PHARMA LTD","SURYA DEPOT PHARMACY LTD","2024-08-17","2029-08-16","valid","Rwanda FDA - Registered Pharmaceutical Products July 2026","https://rwandafda.gov.rw/register/monitoring_preview_register"
"791","Rwanda FDA-HMP-MA-1718","MELASIL TABLETS","Metaclopramide HCL","10mg","Tablets","10x10 Tablets, 100 x10 Tablets and in 1000 Tablets","36 Months","LABORATORY & ALLIED LTD","KENYA","LABORATORY & ALLIED LTD","DEPOT PHARMACEUTIQUE LE MEDICAL","2024-08-17","2029-08-16","valid","Rwanda FDA - Registered Pharmaceutical Products July 2026","https://rwandafda.gov.rw/register/monitoring_preview_register"
"792","Rwanda FDA-HBP-MA-0137","MENACWY VACCINE PFIZER","Meningococcal group A, C, W-135 and Y conjugate vaccine","1.Neisseria meningitides group A polysaccharide 1 5 micrograms 2.Neisseria meningitides group C polysaccharide 1 5 micrograms 3.Neisseria meningitides group W-135 polysaccharide 1 5 micrograms 4.Neisseria meningitides group Y polysaccharide 1 5 micrograms 1Conjugated to tetanus toxoid carrier protein 44 micrograms","Powder and solvent for solution for injection in pre-filled syringe","50 Vials","48 Months","Pfizer Manufacturing Belgium NV","Belgium","PFIZER LABORATORIES LIMITED","WESSEX PHARMACEUTICALS (RWANDA) LIMITED","2024-08-17","2029-08-16","valid","Rwanda FDA - Registered Pharmaceutical Products July 2026","https://rwandafda.gov.rw/register/monitoring_preview_register"
"793","Rwanda FDA-HBP-MA-0135","MENOTAS HP 150","Menotrophin BP","150 IU/vial","Powder for injection","1 VIAL","24 Months","INTAS PHARMACEUTICALS LIMITED","INDIA","INTAS PHARMACEUTICALS LIMITED","VINE PHARMA LTD","2024-08-17","2029-08-16","valid","Rwanda FDA - Registered Pharmaceutical Products July 2026","https://rwandafda.gov.rw/register/monitoring_preview_register"
"794","Rwanda FDA-HMP-MA-1924","","Meropenem USP","1GR","Powder for Injection","1 VIAL","24 Months","PT. SANBE FARMA","INDONESIA","PT SANBE FARMA","AFRIHEALTH CARE LIMITED","2024-08-17","2029-08-16","valid","Rwanda FDA - Registered Pharmaceutical Products July 2026","https://rwandafda.gov.rw/register/monitoring_preview_register"
"795","Rwanda FDA-HMP-MA-2101","METAPIR-50","TOPIRAMATE USP","50MG","TABLETS","10 tablets","36 Months","MICRO LABS LIMITED","India","MICRO LABS LIMITED","WESSEX PHARMACEUTICALS (RWANDA) LTD","2024-08-17","2029-08-16","valid","Rwanda FDA - Registered Pharmaceutical Products July 2026","https://rwandafda.gov.rw/register/monitoring_preview_register"
"796","Rwanda FDA-HMP-MA-1937","METOCLOPRAMIDE","METOCLOPRAMIDE HYDROCHLORIDE BP","5MG/ML","INJECTION","10 x 10 x 2 mL Ampoules","36 Months","CIRON DRUGS & PHARMACEUTICALS PVT.LTD","INDIA","CIRON DRUGS & PHARMACEUTICALS PVT.LTD","RENE PHARMACY (R) LTD","2024-08-17","2029-08-16","valid","Rwanda FDA - Registered Pharmaceutical Products July 2026","https://rwandafda.gov.rw/register/monitoring_preview_register"
"797","Rwanda FDA-HMP-MA-1769","METRONIDAZOLE","Metronidazole BP","250 mg","Tablets","1000 Tablets","36 Months","AURA LIFECARE PVT. LTD.","INDIA","AURA LIFECARE PVT. LTD.","SUN ENTERPRISES LTD","2024-08-17","2029-08-16","valid","Rwanda FDA - Registered Pharmaceutical Products July 2026","https://rwandafda.gov.rw/register/monitoring_preview_register"
"798","Rwanda FDA-HMP-MA-2025","METRONIDAZOLE ORAL SUSPENSION BP","METRONIDAZOLE BENZOATE BP","125MG/5ML","ORAL SUSPENSION","100ml Bottle","36 Months","Aura Life Care Pvt Ltd","INDIA","AURA LIFECARE PVT. LTD","SUN ENTERPRISES LTD","2024-08-17","2029-08-16","valid","Rwanda FDA - Registered Pharmaceutical Products July 2026","https://rwandafda.gov.rw/register/monitoring_preview_register"
"799","Rwanda FDA-HMP-MA-1636","METROREN-250 TABLETS","Metronidazole","250mg","Tablets","10x10 tablets and 1000 tablets","24 Months","Rene Industries Ltd","Uganda","RENE INDUSTRIES LTD, UGANDA","RENE PHARMACY (R) LTD","2024-08-17","2029-08-16","valid","Rwanda FDA - Registered Pharmaceutical Products July 2026","https://rwandafda.gov.rw/register/monitoring_preview_register"
"800","Rwanda FDA-HMP-MA-1541","MICARDIS","TERMISARTAN","40MG","TABLETS","28 Tablets","48 Months","Boehringer Ingelheim Ellas A.E","Greece","Boehringer Ingelheim Ellas A.E","SURGIPHARM RWANDA LTD","2024-08-17","2029-08-16","valid","Rwanda FDA - Registered Pharmaceutical Products July 2026","https://rwandafda.gov.rw/register/monitoring_preview_register"
"801","Rwanda FDA-HMP-MA-1560","MICARDIS","Telmisartan","80mg","Tablets","14, 28, 56, 84 or 98 tablets","48 Months","BOEHRINGER INGELHEIM ALLAS A.E,","GREECE","BOEHRINGER INGELHEIM INTERNATIONAL GMBH","SURGIPHARM RWANDA LTD","2024-08-17","2029-08-16","valid","Rwanda FDA - Registered Pharmaceutical Products July 2026","https://rwandafda.gov.rw/register/monitoring_preview_register"
"802","Rwanda FDA-HMP-MA-1596","MICLOCIN CREAM.","Miconazole nitrate BP, Clobetasol Propionate BP & Gentamicin (as Sulphate) BP","2% w/w, 0.05% w/w, 0.1% w/w","Cream","15 grams Tubes","36 Months","Dawa Limited","Kenya","Dawa Limited","Sun Enterprises Ltd","2024-08-17","2029-08-16","valid","Rwanda FDA - Registered Pharmaceutical Products July 2026","https://rwandafda.gov.rw/register/monitoring_preview_register"
"803","Rwanda FDA-HMP-MA-1676","MICROGYNON ED","LEVONORGESTREL/ETHINYLESTRADIOL","150 ?g and 30 ?g","TABLETS","28 tablets","36 Months","BAYER AG","Germany","Bayer East Africa Limited","SURGIPHARM RWANDA LTD","2024-08-17","2029-08-16","valid","Rwanda FDA - Registered Pharmaceutical Products July 2026","https://rwandafda.gov.rw/register/monitoring_preview_register"
"804","Rwanda FDA-HMP-MA-1585","MICROLUT","Levonorgestrel","0.03 mg","Tablets","35 Tablets","60 Months","BAYER AG","GERMANY","BAYER EAST AFRICA LIMITED","SURGIPHARM RWANDA LIMITED","2024-08-17","2029-08-16","valid","Rwanda FDA - Registered Pharmaceutical Products July 2026","https://rwandafda.gov.rw/register/monitoring_preview_register"
"805","Rwanda FDA-HMP-MA-1859","MICROMOX EYE DROP","MOXIFLOXACIN AS HYDROCHLORIDE","0.5%W/V","EYE DROPS","5 ml ophthalmic solution in 5 ml Sterile Translucent LDPE container","36 months.","MICRO LABS LIMITED","India","MICRO LABS LIMITEDNO 27, Race course Road,Bangalore-560 001IndiaTel: +91 8022370451-54Fax: +91 80 2237 0463Email: global@microlabs.in","WESSEX PHARMACEUTICALS RWANDA LTD","2024-08-17","2029-08-16","valid","Rwanda FDA - Registered Pharmaceutical Products July 2026","https://rwandafda.gov.rw/register/monitoring_preview_register"
"806","Rwanda FDA-HMP-MA-2162","MICROPRIDE-25","LEVOSULPIRIDE","25MG","TABLET","","24 months","Micro Labs Limited","India","Micro Labs Ltd.31, Race Course Road, Bangalore 560 001, Karnataka, India. E-mail;anuradhags@microlabs.in","WESSEX PHARMACEUTICALS RWANDA LTD","2024-08-17","2029-08-17","valid","Rwanda FDA - Registered Pharmaceutical Products July 2026","https://rwandafda.gov.rw/register/monitoring_preview_register"
"807","Rwanda FDA-HMP-MA-1712","MINOLINE-100 TABLETS","Aminophylline","100mg","Film Coated Tablets","10x10 Tablets","36 Months","LABORATORY & ALLIED LTD","KENYA","LABORATORY & ALLIED LTD","DEPOT PHARMACEUTIQUE LE MEDICAL","2024-08-17","2029-08-16","valid","Rwanda FDA - Registered Pharmaceutical Products July 2026","https://rwandafda.gov.rw/register/monitoring_preview_register"
"808","Rwanda FDA-HMP-MA-1598","MINT-O-COOL TABLETS","Magnesium Trisilicate and Dried Aluminium Hydroxide gel","250 mg/120 mg","Tablets","10x10 Tablets","24 Months","RENE INDUSTRIES LTD","Uganda","Rene Industries Ltd","Rene Pharmacy (R) Ltd","2024-08-17","2029-08-16","valid","Rwanda FDA - Registered Pharmaceutical Products July 2026","https://rwandafda.gov.rw/register/monitoring_preview_register"
"809","Rwanda FDA-HMP-MA-1728","MOMEX","Mometasone furoate monohydrate","","Nasal spray","1 bottle with 18 g of suspension","24 Months","DEVA HOLDING A.?.","TURKEY","DAFRA PHARMA","SUN ENTERPRISES LTD","2024-08-17","2029-08-16","valid","Rwanda FDA - Registered Pharmaceutical Products July 2026","https://rwandafda.gov.rw/register/monitoring_preview_register"
"810","Rwanda FDA-HMP-MA-2002","MONAST 10","Montelukast Sodium","10 mg","Tablets","3x10 Tablets","36 months","M/s. Hetero Labs Limited","INDIA","Hetero Labs Limited","Bion Pharma Group (BPG) Limited","2024-08-17","2029-08-16","valid","Rwanda FDA - Registered Pharmaceutical Products July 2026","https://rwandafda.gov.rw/register/monitoring_preview_register"
"811","Rwanda FDA-HMP-MA-1853","MONTEMAC-5","MONTELUKAST","5MG","CHEWABLE TABLETS","10 Tablets","36 months.","MACLEODS PHARMACEUTICALS LIMITED","India","Macleods Pharmaceuticals Limited,Village-Theda, P.O. Lodhimajra, Tehsil Baddi, District Solan, Himachal Pradesh, India-174101","AIVEEN RWANDA LTD","2024-08-17","2029-08-16","valid","Rwanda FDA - Registered Pharmaceutical Products July 2026","https://rwandafda.gov.rw/register/monitoring_preview_register"
"812","Rwanda FDA-HMP-MA-1639","Morphine Medis","Morphine Hydrochloride","10mg/ml","Solution for injection","10 ampoules of 1ml","24 Months","","Tunisia","","KIPHARMA Ltd","2024-08-17","2029-08-16","valid","Rwanda FDA - Registered Pharmaceutical Products July 2026","https://rwandafda.gov.rw/register/monitoring_preview_register"
"813","Rwanda FDA-HMP-MA-1915","MOVFOR","MOLNUPIRAVIR","200MG","Capsules","4x10 \\\'s","24 months","Hetero Labs Limited (Unit -V)","India","Hetero Lab Limited","Bion Group Pharma Ltd","2024-08-17","2029-08-16","valid","Rwanda FDA - Registered Pharmaceutical Products July 2026","https://rwandafda.gov.rw/register/monitoring_preview_register"
"814","Rwanda FDA-HMP-MA-1565","MOXACIL POWDER FOR ORAL SUSPENSION","Amoxicillin Trihydrate","125mg/5ml","Powder for oral suspension","100ml and 60ml bottles","36 Months","DAWA LIMITED","KENYA","DAWA LIMITED","SUN ENTERPRISE LTD","2024-08-17","2029-08-16","valid","Rwanda FDA - Registered Pharmaceutical Products July 2026","https://rwandafda.gov.rw/register/monitoring_preview_register"
"815","Rwanda FDA-HMP-MA-1957","MOXAFORTE 500","Amoxicillin Trihydrate and Flucloxacillin Sodium","250mg and 250mg","Capsules","2x10 Capsules","36 Months","DAWA LIMITED","KENYA","DAWA LIMITED","SUN ENTEPRISES LTD","2024-08-17","2029-08-16","valid","Rwanda FDA - Registered Pharmaceutical Products July 2026","https://rwandafda.gov.rw/register/monitoring_preview_register"
"816","Rwanda FDA-HMP-MA-1661","MOXAFORTE SUSPENSION","Flucloxacillin (as Sodium) BP and Amoxicillin (as Trihydrate) BP","12mg+125mg/5ML","POWDER FOR SUSPENSION","100ml Bottle","36 Months","Dawa Limited","Kenya","DAWA LIMITED","SUN ENTEPRISES LTD","2024-08-17","2029-08-16","valid","Rwanda FDA - Registered Pharmaceutical Products July 2026","https://rwandafda.gov.rw/register/monitoring_preview_register"
"817","Rwanda FDA-HMP-MA-1621","MUCOLYN SYRUP","Each 5ml contains Ammonium Chloride 50mg, Bromhexine Hydrochloride 4mg, Chlorpheniramine Maleate 2mg and Dextromethorphan Hydrobromide 5mg","50mg/4mg/2mg/5mg/5ml","Syrup","100ml Botlle","36 Months","Beta Healthcare International Limited,","KENYA","Shelys Pharmaceuticals Limited","SURGIPHARM RWANDA LIMITED","2024-08-17","2029-08-16","valid","Rwanda FDA - Registered Pharmaceutical Products July 2026","https://rwandafda.gov.rw/register/monitoring_preview_register"
"818","Rwanda FDA-HMP-MA-1930","MYCOMIN","Beclomethasone Dipropionate USP, Neomycin Sulfate BP & Miconazole Nitrate BP","0.025% w/w, 0.5% w/w & 2.0% w/w","CREAM","15G Tube","24 Months","CURETECH SKINCARE","INDIA","GALAXY PHARMACEUTICALS","STAR BIOTECH LIMITED","2024-08-17","2029-08-16","valid","Rwanda FDA - Registered Pharmaceutical Products July 2026","https://rwandafda.gov.rw/register/monitoring_preview_register"
"819","Rwanda FDA-HMP-MA-2092","MYCOREN-V PESSARIES","NYSTATIN","100000UI","PESSARIES","15 pessaries","24 Months","RENE INDUSTRIES LTD","Uganda","RENE INDUSTRIES LTD","RENE PHARMACY (R) LTD","2024-08-17","2029-08-16","valid","Rwanda FDA - Registered Pharmaceutical Products July 2026","https://rwandafda.gov.rw/register/monitoring_preview_register"
"820","Rwanda FDA-HMP-MA-1934","MYOXERIL","CYCLOBENZAPRINE HYDROCHLORIDE","10MG","Film Coated Tablets","2x10 Tablets","36 Months","THE MADRAS PHARMACEUTICALS","INDIA","CROSS PHARM, S.A.","GOMHS LTD","2024-08-17","2029-08-16","valid","Rwanda FDA - Registered Pharmaceutical Products July 2026","https://rwandafda.gov.rw/register/monitoring_preview_register"
"821","Rwanda FDA-HMP-MA-1886","NAC MR 10 TABS","DICLOFENAC POTASSIUM/PARACETAMOL/ CHLORZOXANE","50MG/325MG/250MG","TABLET","1x10.","36 months.","CORONA REMEDIES PVT LTD","India","CORONA REMEDIES PVT LTD","AIVEEN RWANDA LTD","2024-08-17","2029-08-16","valid","Rwanda FDA - Registered Pharmaceutical Products July 2026","https://rwandafda.gov.rw/register/monitoring_preview_register"
"822","Rwanda FDA-HMP-MA-1894","NEBTAS-H","NEBIVOLOL HYDROCHLORIDE+HYDROCHLORTHIAZIDE","5MG/12.5MG","TABLET","3x10 tablets","36 months.","INTAS PHARMACEUTICALS LTD","India","","ABACUS PHARMA (A) LTD","2024-08-17","2029-08-16","valid","Rwanda FDA - Registered Pharmaceutical Products July 2026","https://rwandafda.gov.rw/register/monitoring_preview_register"
"823","Rwanda FDA-HMP-MA-1735","NEOPRED","Neomycin sulfate and Prednisolone sodium phosphate","Neomycin sulfate 0.35g +Prednisolone sodium phosphate 0.55g","Eye drops","1 vial of 5ml","24 Months","LES LABORATOIRES MEDIS","TUNISIA","LES LABORATOIRES MEDIS","KIPHARMA LTD","2024-08-17","2029-08-16","valid","Rwanda FDA - Registered Pharmaceutical Products July 2026","https://rwandafda.gov.rw/register/monitoring_preview_register"
"824","Rwanda FDA-HMP-MA-1892","NERVILIN 75MG CAPS","PREGABALIN","75MG","CAPSULES","3 packs X10 tablets","24 months.","DAWA LIMITED.","Kenya","DAWA LTD/KENYA, Plot No 7879/8, Baba Dogo Road -Ruaraka P.O Box 16633-00620, NAIROBI KENYA. Tel: 0724764747, 0735764747. Fax: +254-20-8561550. Emaiadmin@dawalimited.com","SUN ENTERPRISES LTD","2024-08-17","2029-08-16","valid","Rwanda FDA - Registered Pharmaceutical Products July 2026","https://rwandafda.gov.rw/register/monitoring_preview_register"
"825","Rwanda FDA-HMP-MA-1885","NERVILIN NT","PREGABALIN","75MG","TABLET","3x10 capsules","36 months.","DAWA limited","Kenya","DAWA limited,plot no. 7879/8, baba dogo road, ruaraka.p.o. box 16633 - 00620,nairobi, kenya.email: admin@dawalimited.com","SUN ENTEPRISES LTD","2024-08-17","2029-08-16","valid","Rwanda FDA - Registered Pharmaceutical Products July 2026","https://rwandafda.gov.rw/register/monitoring_preview_register"
"826","Rwanda FDA-HMP-MA-1683","NEWCOX - P","ETORIXOCIB&PARACETAMOL","60MG/325MG","TABLETS","3x10\\\'s","36 month","M/S Skybiotech Lifesciences Pvt. Ltd","India","Star Biotech LimitedAddress: 1st floor, Prestige House, Rwandex, Kigali-Rwanda","STAR BIOTECH RWANDA","2024-08-17","2029-08-16","valid","Rwanda FDA - Registered Pharmaceutical Products July 2026","https://rwandafda.gov.rw/register/monitoring_preview_register"
"827","Rwanda FDA-HMP-MA-1566","NEWCOX-TH","Etoricoxib & Thiocolchicoside","60mg/8mg","Film coated Tablets","3x10 Tablets","36 Months","SKYBIOTECH LIFESCIENCES PVT LTD","INDIA","PHARMA LIFE SCIENCE LTD","STAR BIOTECH LIMITED","2024-08-17","2029-08-16","valid","Rwanda FDA - Registered Pharmaceutical Products July 2026","https://rwandafda.gov.rw/register/monitoring_preview_register"
"828","Rwanda FDA-HMP-MA-1726","NIFURAN TABLETS","Nitrofurantoin BP","100mg","Tablets","10x10 Tablets","36 Months","LABORATORY & ALLIED LTD","KENYA","LABORATORY & ALLIED LTD","DEPOT PHARMACEUTIQUE LE MEDICAL","2024-08-17","2029-08-16","valid","Rwanda FDA - Registered Pharmaceutical Products July 2026","https://rwandafda.gov.rw/register/monitoring_preview_register"
"829","Rwanda FDA-HMP-MA-2166","NIRMET","METRONIDAZOLE","500MG/100ML","Intravenous Infusion","100ml","36 months","ACULIFE HEALTHCARE PVT. LTD","India","ACULIFE HEALTHCARE PVT. LTD","SUN ENTERPRISES LTD","2024-08-17","2029-08-16","valid","Rwanda FDA - Registered Pharmaceutical Products July 2026","https://rwandafda.gov.rw/register/monitoring_preview_register"
"830","Rwanda FDA-HMP-MA-2007","NIZACARD 1000 mg","Ranolazine Extended-release","1000 mg","Tablets","3x10 Tablets","24 months","M/s Hetero Labs Limited","India","Hetero Labs Limited, Address: 7-2-A2, Hetero Corporate, Industrial Estate, Sanath Nagar, Hyderabad, Telangana, Pin Code - 500018 Country: INDIA Telephone : +91-40-23704923/24/25 Tele fax : +91-40-23704926/23714250","Bion Pharma Group (BPG) Limited","2024-08-17","2029-08-16","valid","Rwanda FDA - Registered Pharmaceutical Products July 2026","https://rwandafda.gov.rw/register/monitoring_preview_register"
"831","Rwanda FDA-HMP-MA-2003","NIZACARD 500","Ranolazine","500 mg","Extended-Release Tablets","3x10 Tablets","24 months","M/s Hetero Labs Limited","India","Hetero Labs Limited","Bion Pharma Group (BPG) Limited","2024-08-17","2029-08-16","valid","Rwanda FDA - Registered Pharmaceutical Products July 2026","https://rwandafda.gov.rw/register/monitoring_preview_register"
"832","Rwanda FDA-HMP-MA-1561","NORIGYNON","Estradiol valerate Norethisterone enantate","5mg/50mg","Solution for Injection","100 x1ml Ampoules","60 Months","BAYER DE MEXICO, S.A DE C.V","MEXICO","BAYER EAST AFRICA LIMITED","SURGIPHARM RWANDA LTD","2024-08-17","2029-08-16","valid","Rwanda FDA - Registered Pharmaceutical Products July 2026","https://rwandafda.gov.rw/register/monitoring_preview_register"
"833","Rwanda FDA-HMP-MA-1576","NOZINAN 25 MG","Levomepromazine maleate acid","25 mg","Tablets","20 Tablets","36 Months","SANOFI S.P.S","ITALY","SANOFI AVENTIS KENYA LIMITED","KIPHARMA LTD","2024-08-17","2029-08-16","valid","Rwanda FDA - Registered Pharmaceutical Products July 2026","https://rwandafda.gov.rw/register/monitoring_preview_register"
"834","Rwanda FDA-HMP-MA-1757","NYSKA-P","Nystatin BP","100,000 IU","Suspension","30 ml Bottles","36 Months","S KANT HEALTHCARE LTD","INDIA","S KANT HEALTHCARE LTD.","ABACUS PHARMA (A) LTD","2024-08-17","2029-08-16","valid","Rwanda FDA - Registered Pharmaceutical Products July 2026","https://rwandafda.gov.rw/register/monitoring_preview_register"
"835","Rwanda FDA-HMP-MA-1821","NYSTATIN TABLETS","Nystatin BP","500000 IU","Tablets","10x10 Tablets","36 Months","MERIT ORGANICS LTD","INDIA","MERIT ORGANICS LTD","SUN ENTERPRISES LTD","2024-08-17","2029-08-16","valid","Rwanda FDA - Registered Pharmaceutical Products July 2026","https://rwandafda.gov.rw/register/monitoring_preview_register"
"836","Rwanda FDA-HMP-MA-1809","OFLOX-OZ","Ofloxacin BP, Ornidazole","200 mg/ 500mg","Film Coated Tablets","3x10 Tablets","36 Months","Aurochem Pharmaceuticals (I) pvt. Ltd","INDIA","OCHOA LABORATORIES","SUN ENTERPRISES LTD","2024-08-17","2029-08-16","valid","Rwanda FDA - Registered Pharmaceutical Products July 2026","https://rwandafda.gov.rw/register/monitoring_preview_register"
"837","RwandaFDA-HMP-MA-1871","OFZOLE 30 TABS","OFLOXACIN + ORNIDAZOLE","200MG/500MG","TABLET","","24 Months","CORONA REMEDIES PVT LTD","INDIA","CORONA REMEDIES PVT LTD","AIVEEN RWANDA LTD","2024-08-17","2029-08-16","valid","Rwanda FDA - Registered Pharmaceutical Products July 2026","https://rwandafda.gov.rw/register/monitoring_preview_register"
"838","Rwanda FDA-HMP-MA-1703","Olopat OD","Olopatadine Hydrochloride USP","Olopatadine Hydrochloride Ophthalmic Solution USP 0.2% w/v","Ophthalmic","5 ml","36 month","Ajanta Pharma Limited","India","Ajanta Pharma Limited","Abacus Pharma (A) Ltd","2024-08-17","2029-08-16","valid","Rwanda FDA - Registered Pharmaceutical Products July 2026","https://rwandafda.gov.rw/register/monitoring_preview_register"
"839","Rwanda FDA-HMP-MA-1977","OMEPRAGLOBE","OMEPRAZOLE","20MG","CAPSULES","1x10 Capsules","36 Months","GLOBELA PHARMA PVT. LIMITED","INDIA","GLOBELA PHARMA PVT.LTD","AFRIPHARM LTD","2024-08-17","2029-08-16","valid","Rwanda FDA - Registered Pharmaceutical Products July 2026","https://rwandafda.gov.rw/register/monitoring_preview_register"
"840","Rwanda FDA-HMP-MA-1583","OPELAN ODT-10","Olanzapine oral dispersible","10 mg","Tablets","10 Tablets","36 Months","MICRO LABS LIMITED","INDIA","MICRO LABS LIMITED","PHILLIPS PHARMACEUTICALS (RWANDA) LIMITED","2024-08-17","2029-08-16","valid","Rwanda FDA - Registered Pharmaceutical Products July 2026","https://rwandafda.gov.rw/register/monitoring_preview_register"
"841","Rwanda FDA-HMP-MA-1900","OXYNIR INJ","OXYTOCIN","10IU/ML","Intravenous injection","5x10x1ml","24 months","Aculife Healthcare Pvt. Ltd","INDIA","Aculife Healthcare Pvt. Ltd.Address: Village: Sachana, Tal: Viramgam, Dist: AhmedabadCountry: India","SUN ENTERPRISES LTD","2024-08-17","2029-08-16","valid","Rwanda FDA - Registered Pharmaceutical Products July 2026","https://rwandafda.gov.rw/register/monitoring_preview_register"
"842","Rwanda FDA-HMP-MA-1567","OXYTOCIN 10 I.U","Oxytocin","10 IU/ 1ml","Solution for injection","10 ampoules of 1 ml solution","36 Months","EVER PHARMA GMBH JENA","GERMANY","SANDOZ GMBH KUNDL","SURGIPHARM RWANDA LTD","2024-08-17","2029-08-16","valid","Rwanda FDA - Registered Pharmaceutical Products July 2026","https://rwandafda.gov.rw/register/monitoring_preview_register"
"843","Rwanda FDA-HMP-MA-1558","OXYTOCIN INJECTION","Oxytocin injection BP","10IU/ml","Solution for injection","10 Ampoules for 1ml","24 Months","CIRON DRUGS &PHARMACEUTICALS PVT LTD","INDIA","CIRON DRUGS &PHARMACEUTICALS PVT LTD","RENE PHARMACEUTICALS LTD","2024-08-17","2029-08-16","valid","Rwanda FDA - Registered Pharmaceutical Products July 2026","https://rwandafda.gov.rw/register/monitoring_preview_register"
"844","Rwanda FDA-HMP-MA-1827","PACLITERO 100.","Paclitaxel USP","100 mg/16.7 ml","Injection","20 ml Vial","36 Months","HETERO LABS LIMITED","INDIA","HETERO DRUGS LIMITED","BION PHARMA GROUP LTD","2024-08-17","2029-08-16","valid","Rwanda FDA - Registered Pharmaceutical Products July 2026","https://rwandafda.gov.rw/register/monitoring_preview_register"
"845","Rwanda FDA-HMP-MA-1828","PACLITERO 30","Paclitaxel","30 mg/5 ml.","Injection","5ml Vial","36 Months","HETERO LABS LIMITED","INDIA","HETERO DRUGS LIMITED","BION PHARMA GROUP LTD","2024-08-17","2029-08-16","valid","Rwanda FDA - Registered Pharmaceutical Products July 2026","https://rwandafda.gov.rw/register/monitoring_preview_register"
"846","Rwanda FDA-HMP-MA-1833","PALOX","Palonosetron Hydrochloride","0.25mg/5mL.","Injection","5ml Vial","36 Months","ASPIRO PHARMA LIMITED","INDIA","HETERO LABS LIMITED","BION PHARMA GROUP LTD","2024-08-17","2029-08-16","valid","Rwanda FDA - Registered Pharmaceutical Products July 2026","https://rwandafda.gov.rw/register/monitoring_preview_register"
"847","Rwanda FDA-HMP-MA-1586","PANADOL ADVANCE TABLET","Paracetamol","500 mg","Tablets","10's, 20's and 100's Tablets","36 Months","GLAXOSMITHKLINE DINGARVAN LIMITED","IRELAND","GLAXOSMITHKLINE CONSUMER HEALTHCARE (IRELAND) LIMITED","SURGIPHARM RWANDA LIMITED","2024-08-17","2029-08-16","valid","Rwanda FDA - Registered Pharmaceutical Products July 2026","https://rwandafda.gov.rw/register/monitoring_preview_register"
"848","Rwanda FDA-HMP-MA-1944","PANADOL EXTRA WITH OPTIZORB","PARACETAMOL+CAFFEINE","500MG/65MG","TABLETS","20 Tablets","24 Months","Glaxo Smith Kline Dungarvan Limited","Ireland","GLAXOSMITHKLINE LIMITED","SURGIPHARM (RWANDA) LTD","2024-08-17","2029-08-16","valid","Rwanda FDA - Registered Pharmaceutical Products July 2026","https://rwandafda.gov.rw/register/monitoring_preview_register"
"849","Rwanda FDA-HMP-MA-1577","PANFOR PR-500","Metformin Hydrochloride Prolonged Release Tablets","500 mg","Tablets","10 Tablets","24 Months","INVENTIA HEALTH LIMITED","INDIA","MEGA LIFESCIENCE PUBLIC COMPANY LIMITED","ABACUS PHARMA (A) LTD","2024-08-17","2029-08-16","valid","Rwanda FDA - Registered Pharmaceutical Products July 2026","https://rwandafda.gov.rw/register/monitoring_preview_register"
"850","Rwanda FDA-HMP-MA-1751","PANSIPTIN 100","Sitagliptin Hydrochloride Monohydrate","100 mg","Film Coated Tablets","14 Tablets","36 Months","SAG MANUFACTURING, S.L.U.","SPAIN","MEGA LIFESCIENCES PUBLIC COMPANY LIMITED","ABACUS PHARMA (A) LTD","2024-08-17","2029-08-16","valid","Rwanda FDA - Registered Pharmaceutical Products July 2026","https://rwandafda.gov.rw/register/monitoring_preview_register"
"851","Rwanda FDA-HMP-MA-1753","PANSIPTIN 50","Sitagliptin Hydrochloride Monohydrate","50 mg","Film Coated Tablets","","36 Months","SAG MANUFACTURING, S.L.U.","SPAIN","MEGA LIFESCIENCES PUBLIC COMPANY LIMITED","ABACUS PHARMA (A) LTD","2024-08-17","2029-08-16","valid","Rwanda FDA - Registered Pharmaceutical Products July 2026","https://rwandafda.gov.rw/register/monitoring_preview_register"
"852","Rwanda FDA-HMP-MA-1675","PANTAKIND-40","PANTOPRAZOLE SODIUM","40MG","DELAYED RELEASE TABLETS","6x10 tablets","24 Months","Mankind Pharma Ltd","India","Mankind Pharma Limited","WESSEX PHARMACEUTICALS (RWANDA) LTD","2024-08-17","2029-08-16","valid","Rwanda FDA - Registered Pharmaceutical Products July 2026","https://rwandafda.gov.rw/register/monitoring_preview_register"
"853","Rwanda FDA-HMP-MA-1762","PANTIN 40","Pantoprazole Sodium","40 mg/vial","Injection","1 x 1 Vial","24 Months","ASPIRO PHARMA LIMITED","INDIA","HETERO LABS LIMITED","BION PHARMA GROUP LTD","2024-08-17","2029-08-16","valid","Rwanda FDA - Registered Pharmaceutical Products July 2026","https://rwandafda.gov.rw/register/monitoring_preview_register"
"854","Rwanda FDA-HMP-MA-1781","PARACETAMOL 500","Paracetamol BP","500mg","Tablets","10 Tablets","36 Months","AURA LIFECARE PVT. LTD.","INDIA","AURA LIFECARE PVT. LTD","SUN ENTERPRISES LTD","2024-08-17","2029-08-16","valid","Rwanda FDA - Registered Pharmaceutical Products July 2026","https://rwandafda.gov.rw/register/monitoring_preview_register"
"855","Rwanda FDA-HMP-MA-1898","PARACETAMOL INFUSION 10MG/ML","PARACETAMOL","10MG/ML","Intravenous infusion","1x100 ml","36 months","Aculife Healthcare Private Limited","INDIA","ACULIFE HEALTHCARE PRIVATE LIMITED COMMERCE HOUSE-V , Besides Vodafone House, Prahladgnar Corporate Road, Ahmedabad-380051, Gujarat, India, Email: sumittripathi@aculife.co.in","SUN ENTERPRISES LTD","2024-08-17","2029-08-16","valid","Rwanda FDA - Registered Pharmaceutical Products July 2026","https://rwandafda.gov.rw/register/monitoring_preview_register"
"856","Rwanda FDA-HMP-MA-1960","PED ZINC","ZINC SULPHATE MONOHYDRATE","20MG","TABLET","10x10 Tablets","36 Months","SHELYS PHARMACEUTICALS LIMITED & BETA HEALTHCARE INTERNATIONAL LTD","Tanzania & Kenya","Shelys Pharmaceuticals Limited","SURGIPHARM (RWANDA) LTD","2024-08-17","2029-08-16","valid","Rwanda FDA - Registered Pharmaceutical Products July 2026","https://rwandafda.gov.rw/register/monitoring_preview_register"
"857","Rwanda FDA-HBP-MA-0138","PENTA LIQUID VACCINE","Diphtheria Toxoid, Tetanus Toxoid, B. Pertussis, HBsAg (rDNA) and Purified capsular Hib Polysaccharide (PRP) conjugated to Tetanus Toxoid (carrier protein)","? 25 Lf (? 30 IU), ? 2.5 Lf (? 40 IU), ? 16 OU (? 4 IU), ? 10 mcg, 10 mcg, ? 1.25 mg, 0.005 %","Suspension for injection","2 ml clear and 5","30 Months","SERUM INSTITUTE OF INDIA Pvt.Ltd","INDIA","SERUM INSTITUTE OF INDIA Pvt.Ltd","SUN ENTERPRISES LTD","2024-08-17","2029-08-16","valid","Rwanda FDA - Registered Pharmaceutical Products July 2026","https://rwandafda.gov.rw/register/monitoring_preview_register"
"858","Rwanda FDA-HMP-MA-1882","PHARMADOL - 10","PARACETAMOL CAPLETS 500MG","500MG","TABLETS","","36 months","M/S SKYBIOTECH LIFESCIENCES PVT. LTD","India","Star Biotech LimitedAddress: 1st floor, Prestige House, Rwandex, Kigali-Rwanda","STAR BIOTECH RWANDA","2024-08-17","2029-08-16","valid","Rwanda FDA - Registered Pharmaceutical Products July 2026","https://rwandafda.gov.rw/register/monitoring_preview_register"
"859","Rwanda FDA-HMP-MA-1844","PHENERGAN 2%","Promethazine","2%","Cream","30g tube","36 Months","LABORATORIOS VICTORIA SA","PORTUGAL","FRILAB SA","UBIPHARM RWANDA LTD","2024-08-17","2029-08-16","valid","Rwanda FDA - Registered Pharmaceutical Products July 2026","https://rwandafda.gov.rw/register/monitoring_preview_register"
"860","Rwanda FDA-HMP-MA-1721","PHENYTOIN 100MG TABLETS","Phenytoin sodium","100mg","Tablets","10x10 Tablets, 100 x10 Tablets and in 1000 Tablets","36 Months","LABORATORY & ALLIED LTD","KENYA","LABORATORY & ALLIED LTD","DEPOT PHARMACEUTIQUE LE MEDICAL","2024-08-17","2029-08-16","valid","Rwanda FDA - Registered Pharmaceutical Products July 2026","https://rwandafda.gov.rw/register/monitoring_preview_register"
"861","Rwanda FDA-HMP-MA-1838","PHYSIODOSE","Sodium Chloride","0.90%","Solution","5 ml Bottle","36 Months","LABORATOIRES GILBERT","FRANCE","LABORATOIRES GILBERT","GOMHS Ltd","2024-08-17","2029-08-16","valid","Rwanda FDA - Registered Pharmaceutical Products July 2026","https://rwandafda.gov.rw/register/monitoring_preview_register"
"862","Rwanda FDA-HMP-MA-1902","PILORECT","Haemorrhoidal Suppositories BP","0.25%w/w ,3.00%w/w ,5.00%w/w .0.50%w/w","Suppositories","2 blisters x 5 suppositories","36 months","Meridian Enterprises Pvt. Ltd.","INDIA","Meridian Enterprises Pvt. Ltd.","ABACUS PHARMA (A) LTD.","2024-08-17","2029-08-16","valid","Rwanda FDA - Registered Pharmaceutical Products July 2026","https://rwandafda.gov.rw/register/monitoring_preview_register"
"863","Rwanda FDA-HMP-MA-1928","PIRICAM 20","PIROXICAM USP","20MG","Capsules","10x10 Capsules","24 Months","MMC HEALTHCARE LTD","INDIA","CADILA HEALTHCARE LIMITED","ABACUS PHARMA (A) LTD","2024-08-17","2029-08-16","valid","Rwanda FDA - Registered Pharmaceutical Products July 2026","https://rwandafda.gov.rw/register/monitoring_preview_register"
"864","Rwanda FDA-HMP-MA-1635","PIRICAM-20","PIROXICAM USP","20MG","Capsules","10x10 Capsules","24 Months","MMC Healthcare Ltd","India","SCOTT-EDIL PHARMACIA LIMITED","SUN ENTERPRISES LTD","2024-08-17","2029-08-16","valid","Rwanda FDA - Registered Pharmaceutical Products July 2026","https://rwandafda.gov.rw/register/monitoring_preview_register"
"865","Rwanda FDA-HMP-MA-1987","POSITON OINTMENT","TRIAMCINOLONE 1MG/G,NEOMYCINE 2.5MG/G,NYSTATIN 100000 I.U/G","1MG/G,2.5MG/G,100000IU","OINTMENT","30g","48 month","LABORATORIOS VICTORIA, S.A","PORTUGAL","","GOMHS Ltd","2024-08-17","2029-08-16","valid","Rwanda FDA - Registered Pharmaceutical Products July 2026","https://rwandafda.gov.rw/register/monitoring_preview_register"
"866","Rwanda FDA-HMP-MA-1796","PREGA 150","Pregabalin","150 mg","Capsules","10 Capsules","24 Months","HETERO LABS LIMITED UNIT-III","INDA","HETERO LABS LIMITED","BION PHARMA GROUP LTD","2024-08-17","2029-08-16","valid","Rwanda FDA - Registered Pharmaceutical Products July 2026","https://rwandafda.gov.rw/register/monitoring_preview_register"
"867","Rwanda FDA-HMP-MA-1740","PREGA 75","Pregabalin","75 mg","Capsules","10x10 Capsules","36 Months","HETERO LABS LIMITED (Unit-III)","INDIA","HETERO LABS LIMITED","BION-PHARMA GROUP Limited","2024-08-17","2029-08-16","valid","Rwanda FDA - Registered Pharmaceutical Products July 2026","https://rwandafda.gov.rw/register/monitoring_preview_register"
"868","Rwanda FDA-HMP-MA-1835","PROMETIN-25","Promethazine Hydrochloride","25mg","Film Coated Tablets","10x10 Tablets & 1000 Tablets","36 Months","LABORATORY AND ALLIED LIMITED","KENYA","LABORATORY AND ALLIED LIMITED","DEPOT PHARMACEUTIQUE LE MEDICAL","2024-08-17","2029-08-16","valid","Rwanda FDA - Registered Pharmaceutical Products July 2026","https://rwandafda.gov.rw/register/monitoring_preview_register"
"869","Rwanda FDA-HMP-MA-1592","PROXYREN CAPSULES","Piroxicam USP","20 mg","Capsules","10x10 Capsules","24 Months","RENE INDUSTRIES LTD","Uganda","Rene Industries Ltd","Rene Pharmacy (R) Ltd","2024-08-17","2029-08-16","valid","Rwanda FDA - Registered Pharmaceutical Products July 2026","https://rwandafda.gov.rw/register/monitoring_preview_register"
"870","Rwanda FDA-HMP-MA-0182","PYRAMAX GRANULE FOR ORAL SUSPENSION","PYRONARIDINE TETRAPHOSPHATE/ ARTESUNATE","60MG/20MG","ORAL SUSPENSION","90 SACHETS","24 Months","SHIN POONG PHARM. CO., LTD","REPUBLIC OF KOREA","SHIN POONG PHARM.CO.,LTD","QUALMED LIMITED","2024-08-17","2029-08-16","valid","Rwanda FDA - Registered Pharmaceutical Products July 2026","https://rwandafda.gov.rw/register/monitoring_preview_register"
"871","Rwanda FDA-HMP-MA-0183","PYRAMAX TABLETS","PYRONARIDINE TETRAPHOSPHATE/ ARTESUNATE","180/60MG","TABLETS","90 Tablets","24 Months","SHIN POONG PHARM. CO., LTD","REPUBLIC OF KOREA","SHIN POONG PHARM.CO.,LTD","QUALMED LIMITED","2024-08-17","2029-08-16","valid","Rwanda FDA - Registered Pharmaceutical Products July 2026","https://rwandafda.gov.rw/register/monitoring_preview_register"
"872","Rwanda FDA-HMP-MA-1956","PZ-1","PIMOZIDE BP","1MG","TABLET","30 Tablets","36 Months","AGOG PHARMA LTD","INDIA","AGOG PHARMA LTD","SUN ENTERPRISES LTD","2024-08-17","2029-08-16","valid","Rwanda FDA - Registered Pharmaceutical Products July 2026","https://rwandafda.gov.rw/register/monitoring_preview_register"
"873","Rwanda FDA-HMP-MA-1955","PZ-4","PIMOZIDE BP","4MG","TABLETS","240 Tablets","36 Months","AGOG PHARMA LTD","India","AGOG PHARMA LTD","SUN ENTERPRISES LTD","2024-08-17","2029-08-16","valid","Rwanda FDA - Registered Pharmaceutical Products July 2026","https://rwandafda.gov.rw/register/monitoring_preview_register"
"874","Rwanda FDA-HMP-MA-1802","RAMIPRIL IMPACT 2.5 MG TABLET","Ramipril","2.5 mg","Film Coated Tablets","28 Tablets","36 Months","SANOFI WINTHROP INDUSTRIE-TOUS","FRANCE","SANOFI-AVENTIS SOUTH AFRICA (PTY) LTD","KIPHARMA LTD","2024-08-17","2029-08-16","valid","Rwanda FDA - Registered Pharmaceutical Products July 2026","https://rwandafda.gov.rw/register/monitoring_preview_register"
"875","Rwanda FDA-HMP-MA-1637","RECIM-200 TABLETS","Cimetidine","200 mg","Tablets","10x10 Tablets","24 Months","RENE INDUSTRIES LTD","Uganda","RENE INDUSTRIES LTD, UGANDA","RENE PHARMACY (R) LTD","2024-08-17","2029-08-16","valid","Rwanda FDA - Registered Pharmaceutical Products July 2026","https://rwandafda.gov.rw/register/monitoring_preview_register"
"876","Rwanda FDA-HMP-MA-1642","RECODIN","Chlorpheniramine Maleate BP and Codeine phosphate","4mg/10mg","SYRUP","100ml Bottle","24 Months","RENE INDUSTRIES LTD","Uganda","RENE INDUSTRIES LTD, UGANDA","Rene Pharmacy (R) Ltd","2024-08-17","2029-08-16","valid","Rwanda FDA - Registered Pharmaceutical Products July 2026","https://rwandafda.gov.rw/register/monitoring_preview_register"
"877","Rwanda FDA-HMP-MA-1704","RENECHLOR 250MG CAPS","Chloramphenicol BP 250 mg","250mg","Capsules","10 capsules","36 month","Rene Industries Ltd","Uganda","Rene Industries Ltd","Rene Pharmacy (R) Ltd","2024-08-17","2029-08-16","valid","Rwanda FDA - Registered Pharmaceutical Products July 2026","https://rwandafda.gov.rw/register/monitoring_preview_register"
"878","Rwanda FDA-HMP-MA-1599","RENEDOL TABLETS","Paracetamol BP","500 mg","Tablets","10x10 or 1000 tablets","24 Months","Rene Industries Ltd","Uganda","Rene Industries Ltd","Rene Pharmacy (R) Ltd","2024-08-17","2029-08-16","valid","Rwanda FDA - Registered Pharmaceutical Products July 2026","https://rwandafda.gov.rw/register/monitoring_preview_register"
"879","Rwanda FDA-HMP-MA-1907","RENEGEL SUSPENSION","ALUMINIUM HYDROXIDE120 MG +MAGNESIUM TRISILICATE 250MG","120mg/250 mg","Suspension","1x100 ml","24 months","RENE INDUSTRIES LTD","UGANDA","Rene Industries Ltd","Rene Pharmacy (R) Ltd.","2024-08-17","2029-08-16","valid","Rwanda FDA - Registered Pharmaceutical Products July 2026","https://rwandafda.gov.rw/register/monitoring_preview_register"
"880","RwandaFDA-HMP-MA-1861","RENESTEN -V","CLOTRIMAZOLE","100MG","PESSARIES","6*1 BLISTER","36 Months","RENE INDUSTRIES LTD","UGANDA","RENE INDUSTRIES LTDManufacturers of pharmaceuticalsPlot No 680, PO Box 6034Kampala, UgandaTelephone: +2566 414236595,E-mail: info@rene.co.ug","RENE PHARMACY LTD RWANDA","2024-08-17","2029-08-16","valid","Rwanda FDA - Registered Pharmaceutical Products July 2026","https://rwandafda.gov.rw/register/monitoring_preview_register"
"881","Rwanda FDA-HMP-MA-1602","RENETRIM TABLETS","Sulfamethoxazole and Trimethoprim","400 mg/80 mg","Tablets","10x10 or 1000 Tablets","36 Months","Rene Industries Ltd","Uganda","Rene Industries Ltd","Rene Pharmacy (R) Ltd","2024-08-17","2029-08-16","valid","Rwanda FDA - Registered Pharmaceutical Products July 2026","https://rwandafda.gov.rw/register/monitoring_preview_register"
"882","Rwanda FDA-HMP-MA-1837","REVOKE -72","Levonorgestrel","750mcg","Tablets","1x 2Tablets","36 Months","MYLAN LABORATORIES LIMITED","INDIA","MYLAN LABORATORIES LIMITED","PYRAMID PHARMA LTD","2024-08-17","2029-08-16","valid","Rwanda FDA - Registered Pharmaceutical Products July 2026","https://rwandafda.gov.rw/register/monitoring_preview_register"
"883","Rwanda FDA-HMP-MA-1593","REZEPINE TABLETS","Carbamazepine BP","200 mg","Tablets","","36 Months","RENE INDUSTRIES LTD","Uganda","Rene Industries Ltd","Rene Pharmacy (R) Ltd","2024-08-17","2029-08-16","valid","Rwanda FDA - Registered Pharmaceutical Products July 2026","https://rwandafda.gov.rw/register/monitoring_preview_register"
"884","Rwanda FDA-HMP-MA-1579","REZN 20 TABLETS","Zinc sulfate monohydrate BP equivalent to elemental Zinc","20 mg","Tablets","10 Tablets","24 Months","RENE INDUSTRIES LTD","UGANDA","RENE INDUSTRIES LTD","RENE PHARMACY","2024-08-17","2029-08-16","valid","Rwanda FDA - Registered Pharmaceutical Products July 2026","https://rwandafda.gov.rw/register/monitoring_preview_register"
"885","Rwanda FDA-HMP-MA-1707","RIFAMPIN AND ISONIAZID DISPERSIBLE TABLETS 75/50MG (10X10 TAB, 2BOXES AND 18X5 2 BOXES)","RIFAMPIN AND ISONIAZID DISPERSIBLE TABLETS 75/50MG","75/50MG","TABLETS","1. 1 x 5 T, 2. 1 x 10 T, 3. 3 x 28 T, 4. 14 x 6 T","24 month","Lupin Ltd","India","LUPIN Ltd3rd floor, Kalpataru InspireOff Western Express Highway, Santacruz (East)Mumbai-400 055, India.Telephone:91-22-66402323www.lupinworld.com","AIVEEN RWANDA LTD","2024-08-17","2029-08-16","valid","Rwanda FDA - Registered Pharmaceutical Products July 2026","https://rwandafda.gov.rw/register/monitoring_preview_register"
"886","Rwanda FDA-HMP-MA-1922","RINOGRIP","Paracetamol BP, Pheniramine Maleate BP and Ascorbic Acid","0.025g, 0.500g, 0.200g","GRANULES","10 Sachets","24 Months","Bliss GVS Pharma Limited","India","IMEX PHARMA, Maurice","Mediasol Pharmaceutical Depot Ltd","2024-08-17","2029-08-16","valid","Rwanda FDA - Registered Pharmaceutical Products July 2026","https://rwandafda.gov.rw/register/monitoring_preview_register"
"887","Rwanda FDA-HMP-MA-1939","RIPAXIL 750","Cefuroxime for Injection USP","750MG","Powder for Injection","10ml Vial","24 Months","Inject Care Parenterals Pvt.Ltd.","INDIA","IMEX PHARMA","Mediasol Pharmaceutical Depot Ltd","2024-08-17","2029-08-16","valid","Rwanda FDA - Registered Pharmaceutical Products July 2026","https://rwandafda.gov.rw/register/monitoring_preview_register"
"888","Rwanda FDA-HMP-MA-1682","ROCMALINE, oral solution, ampoule","L (+) arginine anhydrous basis and DL malic acid","413 mg of L (+) arginine anhydrous basis and 1500 mg of DL malic acid","Oral solution","1x 20 ampoules","36 months","Biocodex Maroc","MAROC","","UBIPHARMA RWANDA LTD","2024-08-17","2029-08-16","valid","Rwanda FDA - Registered Pharmaceutical Products July 2026","https://rwandafda.gov.rw/register/monitoring_preview_register"
"889","Rwanda FDA-HMP-MA-2020","ROLINOZ ORAL DROPS","CETIRIZINE","10MG/ML","ORAL DROPS","20ml","36 Months","","Turkey","","Goodman International LTD (R)","2024-08-17","2029-08-16","valid","Rwanda FDA - Registered Pharmaceutical Products July 2026","https://rwandafda.gov.rw/register/monitoring_preview_register"
"890","Rwanda FDA-HMP-MA-1849","SABULIN SYRUP","Salbutamol (as sulphate)","2mg/5ml","Syrup","60ml and 100ml Bottles","36 Months","DAWA LIMITED","KENYA","DAWA LIMITED","SUN ENTERPRISES LTD","2024-08-17","2029-08-16","valid","Rwanda FDA - Registered Pharmaceutical Products July 2026","https://rwandafda.gov.rw/register/monitoring_preview_register"
"891","Rwanda FDA-HMP-MA-1817","SACUVAN 24/26","Sacubitril Valsartan Sodium on Colloidal Silicon, Dioxide","24 mg/ 26 mg","Tablets","3x10 Tablets","24 Months","HETERO LABS LIMITED","INDIA","HETERO LABS LIMITED","BION PHARMA GROUP LTD","2024-08-17","2029-08-16","valid","Rwanda FDA - Registered Pharmaceutical Products July 2026","https://rwandafda.gov.rw/register/monitoring_preview_register"
"892","Rwanda FDA-HMP-MA-1816","SACUVAN 49/51","Sacubitril and Valsartan","49 mg/ 51 mg","Tablets","3x10 Tablets","24 Months","HETERO LABS LIMITED","INDIA","HETERO LABS LIMITED","BION PHARMA GROUP LTD","2024-08-17","2029-08-16","valid","Rwanda FDA - Registered Pharmaceutical Products July 2026","https://rwandafda.gov.rw/register/monitoring_preview_register"
"893","Rwanda FDA-HMP-MA-1819","SACUVAN 97/103","Sacubitril and Valsartan","97 mg/ 103 mg","Tablets","3x10 Tablets","24 Months","HETERO LABS LIMITED","INDIA","HETERO LABS LIMITED","BION PHARMA GROUP LTD","2024-08-17","2029-08-16","valid","Rwanda FDA - Registered Pharmaceutical Products July 2026","https://rwandafda.gov.rw/register/monitoring_preview_register"
"894","Rwanda FDA-HMP-MA-1568","SALBUCORT","Salbutamol Pressurized Inhalation BP","100 mcg/dose","Pressurised metered dose inhaler formulation","19 ml Aluminium Cans, 200 Metered doses","24 Months","HETERO LABS LIMITED","INDIA","HETERO LABS LIMITED","VINE PHARMA LTD","2024-08-17","2029-08-16","valid","Rwanda FDA - Registered Pharmaceutical Products July 2026","https://rwandafda.gov.rw/register/monitoring_preview_register"
"895","Rwanda FDA-HMP-MA-1745","SANAXONE","Ceftriaxone Sodium USP","1000mg","Powder for injection","10ml Vials","36 Months","M/S SANSE LABORATORIES PVT LTD","INDIA","M/S SANSE LABORATORIES PVT LTD","SUN ENTERPRISES LTD","2024-08-17","2029-08-16","valid","Rwanda FDA - Registered Pharmaceutical Products July 2026","https://rwandafda.gov.rw/register/monitoring_preview_register"
"896","Rwanda FDA-HMP-MA-1921","SERETIDE 100/50MCG DISKUS","FLUTICASONE PROPRIONATE MICRONIZED/SALMETEROL XINAFOATE MICRONIZED","100/50MCG","Powder for inhalation","28s or 60 Doses","24 Months","Glaxo wellcome Production","France","GlaxoSmithKline Pharmaceutical Kenya Limited","KIPHARMA LTD","2024-08-17","2029-08-16","valid","Rwanda FDA - Registered Pharmaceutical Products July 2026","https://rwandafda.gov.rw/register/monitoring_preview_register"
"897","Rwanda FDA-HMP-MA-2083","SERETIDE 50/250MCG DISKUS","SALMETEROL XINAFOATE MICRONIZED /FLUTICASONE PROPRIONATE MICRONIZED","","Powder for oral inhalation","28 s or 60s","24 Months","Glaxo Wellcome Production","France","GlaxoSmithKline Pharmaceutical Kenya Limited","KIPHARMA LTD","2024-08-17","2029-08-16","valid","Rwanda FDA - Registered Pharmaceutical Products July 2026","https://rwandafda.gov.rw/register/monitoring_preview_register"
"898","Rwanda FDA-HMP-MA-1920","SERETIDE 500mcg/50mcg Diskus","Fluticasone propionate and salmeterol","500mcg and 50mcg","Powder for inhalation","20s or 60 doses","24 Months","Glaxo wellcome Production","France","GlaxoSmithKline Pharmaceutical Kenya Limited","KIPHARMA LTD","2024-08-17","2029-08-16","valid","Rwanda FDA - Registered Pharmaceutical Products July 2026","https://rwandafda.gov.rw/register/monitoring_preview_register"
"899","Rwanda FDA-HMP-MA-1798","SITA TABLET 100","Sitagliptin phosphate monohydrate","100 mg","Tablets","4x7 Tablets","24 Months","CCL PHARMACEUTICALS (Pvt) Ltd","PAKISTAN","CCL PHARMACEUTICALS (Pvt) LTD","DEPOT PHARMACEUTIQUE LE MEDICAL","2024-08-17","2029-08-16","valid","Rwanda FDA - Registered Pharmaceutical Products July 2026","https://rwandafda.gov.rw/register/monitoring_preview_register"
"900","Rwanda FDA-HMP-MA-1797","SITA TABLET 50","Sitagliptin phosphate monohydrate","50 mg","Tablets","4x7 Tablets","24 Months","CCL PHARMACEUTICALS (Pvt) Ltd","PAKISTAN","CCL PHARMACEUTICALS (Pvt) LTD","DEPOT PHARMACEUTIQUE LE MEDICAL","2024-08-17","2029-08-16","valid","Rwanda FDA - Registered Pharmaceutical Products July 2026","https://rwandafda.gov.rw/register/monitoring_preview_register"
"901","Rwanda FDA-HMP-MA-1744","SKAZI 200","Azithromycin USP","200 mg/5ml","Suspension","15 ml Bottles","36 Months","S KANT HEALTHCARE LTD","INDIA","S KANT HEALTHCARE LTD","ABACUS PHARMA (A) LTD","2024-08-17","2029-08-16","valid","Rwanda FDA - Registered Pharmaceutical Products July 2026","https://rwandafda.gov.rw/register/monitoring_preview_register"
"902","Rwanda FDA-HMP-MA-1845","SLEEPGABA 3","Eszopiclone","3mg","Film Coated Tablets","10 Tablets","36 Months","HETERO LABS LIMITED","INDIA","HETERO LABS LIMITED","BION PHARMA GROUP LTD","2024-08-17","2029-08-16","valid","Rwanda FDA - Registered Pharmaceutical Products July 2026","https://rwandafda.gov.rw/register/monitoring_preview_register"
"903","Rwanda FDA-HMP-MA-2072","SMOFKABIVEN","GLUCOSE 42%/AA/, LIPID EMULSION 20%. Amino acid solution with electrolytes (Alanine 7.1 g, Arginine 6.1 g, Glycine 5.6 g, Histidine1.5 g, Isoleucine2.5 g, Leucine3.8 g, Lysine3.4 g, Methionine2.2 g, Phenylalanine2.6 g, Proline5.7 g, Serine3.3 g, Taurine0.5 g, Threonine2.2 g, Tryptophan1.0 g, Tyrosine0.20 g, Calcium chloride0.28 g, Sodium glycerophosphate 2.1 g, Magnesium sulphate0.61 g, Potassium chloride 2.3 g, Sodium acetate1.7 g, Zinc sulphate0.0066 g, Glucose127 g, Soya-bean oil, refined11.4 g, Medium-chain triglycerides11.4 g, Olive oil, refined9.5 g, Fish oil, rich in omega-3-acids5.7 g.)","7.1 g, 6.1 g, 5.6 g, 1.5 g, 2.5 g, 3.8 g, 3.4 g, 2.2 g, 2.6 g, 5.7 g, 3.3 g, 0.5 g, 2.2 g, 1.0 g, 0.20 g, 0.28 g, 2.1 g, 0.61 g, 2.3 g, 1.7 g, 0.0066 g, 127 g, 11.4 g, 11.4 g, 9.5 g, 5.7 g.","EMULSION FOR INFUSION","493 ml, 986 ml, 1477 ml, 1970 ml, 2463 ml","24 Months","FRESENIUS Kabi AB","Sweden","FRESENIUS KABI SOUTH AFRICA PTY) LTD","SURGIPHARM (RWANDA) LTD","2024-08-17","2029-08-16","valid","Rwanda FDA - Registered Pharmaceutical Products July 2026","https://rwandafda.gov.rw/register/monitoring_preview_register"
"904","Rwanda FDA-HMP-MA-2073","SMOFKABIVEN PERIPHERAL","AMINO ACID SOLUTION WITH ELECTROLYTES, GLUCOSE 13%& LIPID EMULSION (1000 ml contains: Glucose71g, Alanine4.4g, Arginine3.8g, Glycine3.5g, Histidine0.93g, Isoleucine1.6g, Leucine2.3g, Lysine2.1g, Methionine1.3g, Phenylalanine1.6g, Proline3.5g, Serine2.1g, Taurine0.32g, Threonine1.4 g, Tryptophan0.63 g, Tyrosine 0.12 g, Valine2.0 g, Calcium chloride0.18 g, Sodium glycerophosphate1.3 g, Magnesium sulphate0.38 g, Potassium chloride1.4 g, Sodium acetate1.1 g, Zinc sulphate0.004 g, Soya-bean oil, refined8.5 g, Medium-chain triglycerides 8.5 g, Olive oil, refined7.0 g, Fish oil, rich in omega-3-acids4.2 g per 1000ml)","71g, 4.4g, 3.8g, 3.5g, 0.93g, 1.6g, 2.3g, 2.1g, 1.3g, 1.6g, 3.5g, 2.1g, 0.32g, 1.4 g, 0.63 g, 0.12 g, 2.0 g, 0.18 g, 1.3 g, 0.38 g, 1.4 g, 1.1 g, 0.004 g, 8.5 g, 8.5 g, 7.0 g, 4.2 g","EMULSION FOR INFUSION","1206 ml, 1448 ml, 1904 ml , 4x1206 ml","24 Months","FRESENIUS Kabi AB","Sweden","FRESENIUS KABI SOUTH AFRICA PTY) LTD","SURGIPHARM (RWANDA) LTD","2024-08-17","2029-08-16","valid","Rwanda FDA - Registered Pharmaceutical Products July 2026","https://rwandafda.gov.rw/register/monitoring_preview_register"
"905","RwandaFDA-HMP-MA-1869","SODIUM CHLORIDE 0.9%","SODIUM CHLORIDE","9%W/V","IV INFUSION","500 ml PE Bottle","36 Months","REALCADE LIFESCIENCE PVT. LTD","INDIA","LUMIERE LIFE SCIENCEAddress: SHEETAL, NO-16/17 LALBAUG SHOPPING CENTER, MANJALPUR VADODARA, -390011, GUJARAT. Country: INDIATelephone: +91-9825038695Telefax: +91-9825038695E-Mail: ketan@lumierelife.com","PHARMACEUTICAL &MEDICAL SUPPLIES SOCIETY LTD (PMSS)","2024-08-17","2029-08-16","valid","Rwanda FDA - Registered Pharmaceutical Products July 2026","https://rwandafda.gov.rw/register/monitoring_preview_register"
"906","Rwanda FDA-HMP-MA-1644","SPASMODEX - P","PARACETAMOL & HYOSCINE BUTYLBROMIDE","500MG/10MG","TABLETS","","36 Months","Skybiotech Life Sciences Pvt. Ltd","India","Star Biotech Limited","Star Biotech Limited","2024-08-17","2029-08-16","valid","Rwanda FDA - Registered Pharmaceutical Products July 2026","https://rwandafda.gov.rw/register/monitoring_preview_register"
"907","20-4365-DGC&PHS-2018-R1","SPECTRUM-250","Ciprofloxacin","250 mg","Tablets","Box/10","24 Months","LABORATOIRES COOPER PHARMA","MOROCCO","LABORATOIRES COOPER PHARMA","MD CONSEIL MEDICAL SUPPLY LTD","2024-08-17","2029-08-16","valid","Rwanda FDA - Registered Pharmaceutical Products July 2026","https://rwandafda.gov.rw/register/monitoring_preview_register"
"908","20-4366-DGC&PHS-2018-R1","SPECTRUM-500","Ciprofloxacin","500 mg","Tablets","Box/10","36 Months","LABORATOIRES COOPER PHARMA","MOROCCO","LABORATOIRES COOPER PHARMA","MD CONSEIL MEDICAL SUPPLY LTD","2024-08-17","2029-08-16","valid","Rwanda FDA - Registered Pharmaceutical Products July 2026","https://rwandafda.gov.rw/register/monitoring_preview_register"
"909","20-4367-DGC&PHS-2018-R1","SPECTRUM-750","Ciprofloxacin","750 mg","Tablets","Box/10","36 Months","LABORATOIRES COOPER PHARMA","MOROCCO","LABORATOIRES COOPER PHARMA","MD CONSEIL MEDICAL SUPPLY LTD","2024-08-17","2029-08-16","valid","Rwanda FDA - Registered Pharmaceutical Products July 2026","https://rwandafda.gov.rw/register/monitoring_preview_register"
"910","Rwanda FDA-HMP-MA-1566","SPIROMIDE TABLETS","Spironolactone and Furosemide","50mg/20mg","Tablets","2x10 Tablets","24 Months","THE SEARLE COMPANY LIMITED","PAKISTAN","THE SEARLE COMPANY LIMITED","SURGIPHARM RWANDA LTD","2024-08-17","2029-08-16","valid","Rwanda FDA - Registered Pharmaceutical Products July 2026","https://rwandafda.gov.rw/register/monitoring_preview_register"
"911","Rwanda FDA-HMP-MA-1554","SUPRIDOL","Tramadol Hydrochloride","50mg","Solution for injection","1ml Ampoules","12 Months","M/s. NEON LABORATORIES LIMITED","INDIA","M/s. NEON LABORATORIES LIMITED","SUN ENTERPRISE LTD","2024-08-17","2029-08-16","valid","Rwanda FDA - Registered Pharmaceutical Products July 2026","https://rwandafda.gov.rw/register/monitoring_preview_register"
"912","Rwanda FDA-HMP-MA-1972","T-Sar Tablet 40mg","Telmisartan BP","40mg","Tablets","3x10 Tablets","24 Months","CCL Pharmaceuticals (Pvt.) Ltd","Pakistan","CCL Pharmaceuticals (Pvt.) Ltd","Depot Pharmaceutique Le Medical","2024-08-17","2029-08-16","valid","Rwanda FDA - Registered Pharmaceutical Products July 2026","https://rwandafda.gov.rw/register/monitoring_preview_register"
"913","Rwanda FDA-HMP-MA-1759","TACROVATE FORTE OINTMENT","Tacrolimus Ointment","0.1% w/w","Ointment","10 grams","24 Months","AUROCHEM LABORATORIES (I) PVT. LTD.","INDIA","OCHOA LABORATORIES","SUN ENTERPRISES LTD","2024-08-17","2029-08-16","valid","Rwanda FDA - Registered Pharmaceutical Products July 2026","https://rwandafda.gov.rw/register/monitoring_preview_register"
"914","Rwanda FDA-HMP-MA-1996","TELMILO 80","Telmisartan Tablets","80 mg","Tablets","","36 months","M/S. Hetero Labs Limited (Unit-V)","INDIA","Hetero Labs Limited","Bion Pharma Group (BPG) Limited","2024-08-17","2029-08-16","valid","Rwanda FDA - Registered Pharmaceutical Products July 2026","https://rwandafda.gov.rw/register/monitoring_preview_register"
"915","Rwanda FDA-HMP-MA-1853","TENOFOVIR/LAMIVUDINE","TENOFOVIR/LAMIVUDINE","300MG/300MG","TABLET","","24 months","HETERO LABS LTD","India","HETERO LAB LTD","SUN ENTEPRISES LTD","2024-08-17","2029-08-16","valid","Rwanda FDA - Registered Pharmaceutical Products July 2026","https://rwandafda.gov.rw/register/monitoring_preview_register"
"916","Rwanda FDA-HMP-MA-1645","TETRAREN CAPSULES","Tetracycline HCl BP","250 mg","Capsules","10 Capsules","24 Months","RENE INDUSTRIES LTD","Uganda","RENE INDUSTRIES LTD, UGANDA","Rene Pharmacy (R) Ltd","2024-08-17","2029-08-16","valid","Rwanda FDA - Registered Pharmaceutical Products July 2026","https://rwandafda.gov.rw/register/monitoring_preview_register"
"917","Rwanda FDA-HMP-MA-1774","TOPHEN-100","Phenytoin","100 mg","Film Coated Tablets","10x10 Tablets","36 Months","AGOG PHARMA LTD","INDIA","AGOG PHARMA LTD.","SUN ENTERPRISES LTD","2024-08-17","2029-08-16","valid","Rwanda FDA - Registered Pharmaceutical Products July 2026","https://rwandafda.gov.rw/register/monitoring_preview_register"
"918","Rwanda FDA-HMP-MA-1693","TORICOX -120","ETORICOXIB","120MG","TABLET","","24 month","Aurochem Pharmaceuticals (I) pvt. Ltd","India","","SUN ENTERPRISES LTD","2024-08-17","2029-08-16","valid","Rwanda FDA - Registered Pharmaceutical Products July 2026","https://rwandafda.gov.rw/register/monitoring_preview_register"
"919","Rwanda FDA-HMP-MA-1692","TORICOX-90","ETORICOXIB","90MG","TABLET","3 x 10","24 month","Aurochem Pharmaceuticals (I) pvt. Ltd","India","","SUN ENTERPRISES LTD","2024-08-17","2029-08-16","valid","Rwanda FDA - Registered Pharmaceutical Products July 2026","https://rwandafda.gov.rw/register/monitoring_preview_register"
"920","Rwanda FDA-HMP-MA-1959","TORSINEX-20","TORSEMIDE","20 MG","TABLETS","3x10 Tablets","36 Months","MICRO LABS LIMITED","India","MICRO LABS LIMITED","WESSEX PHARMACEUTICALS (RWANDA) LTD","2024-08-17","2029-08-16","valid","Rwanda FDA - Registered Pharmaceutical Products July 2026","https://rwandafda.gov.rw/register/monitoring_preview_register"
"921","Rwanda FDA-HMP-MA-1777","TOTACEF-1000","Cefepime hydrochloride (Sterile) USP","1000 mg","Powder for Injection","20 ml Vials","24 Months","MANKIND PHARMA LIMITED","INDIA","MANKIND PHARMA LIMITED","WESSEX PHARMACEUTICALS(RWANDA) LTD","2024-08-17","2029-08-16","valid","Rwanda FDA - Registered Pharmaceutical Products July 2026","https://rwandafda.gov.rw/register/monitoring_preview_register"
"922","Rwanda FDA-HMP-MA-1743","TOTOMOL SUSPENSION","Paracetamol BP","120mg/5ml","Suspension","60mL/100mL Bottles","36 Months","LABORATORY & ALLIED LTD","KENYA","LABORATORY & ALLIED LTD","DEPOT PHARMACEUTIQUE LE MEDICAL","2024-08-17","2029-08-16","valid","Rwanda FDA - Registered Pharmaceutical Products July 2026","https://rwandafda.gov.rw/register/monitoring_preview_register"
"923","RwandaFDA-HMP-MA-1889","TRANGEL ULTRA","DICLOFENAC DIETYLAMINE +METHYL SALICYLATE+MENTHOL+CAPSICUM OLEORESIN","10/80/60/0.15MG","GEL","20mg","36 Months","NEM LABORATORIES PVT. LTD","INDIA","NEM LABORATORIES PVT LTD, Address: 133, Krishna Ind. Estate, Navghar Rd., Vasai (E), Dist. Thane- 401210 Country: India Telephone: 0250-239002/3Telefax: 0250-2392905 E-Mail: nemlabs@gmail.com","RENE PHARMACY LTD RWANDA","2024-08-17","2029-08-16","valid","Rwanda FDA - Registered Pharmaceutical Products July 2026","https://rwandafda.gov.rw/register/monitoring_preview_register"
"924","Rwanda FDA-HMP-MA-1648","TRAUSAN","CITICHOLONE","100MG/ML","ORAL SOLUTION","50ML Bottles","36 Months","Faes Farma, S.A,","SPAIN","LABORATORIOS VITORIA S.A/ PORTUGAL","UBIPHARM-RWANDA LTD","2024-08-17","2029-08-16","valid","Rwanda FDA - Registered Pharmaceutical Products July 2026","https://rwandafda.gov.rw/register/monitoring_preview_register"
"925","Rwanda FDA-HMP-MA-1946","TRD-CONTIN 100","TRAMADOL HYDROCHLORIDE","100 mg","TABLETS","5x10 Tablets","24 Months","MODI-MUNDIPHARMA PVT.LTD","India","MODI-MUNDIPHARMA PVT.LTD","SURGIPHARM (RWANDA) LTD","2024-08-17","2029-08-16","valid","Rwanda FDA - Registered Pharmaceutical Products July 2026","https://rwandafda.gov.rw/register/monitoring_preview_register"
"926","20-4368-DGC&PHS-2018-R1","TREMADOL-50","Tramadol","50 mg","Tablets","Box/20","36 Months","LABORATOIRES COOPER PHARMA","MOROCCO","LABORATOIRES COOPER PHARMA","MD CONSEIL MEDICAL SUPPLY LTD","2024-08-17","2029-08-16","valid","Rwanda FDA - Registered Pharmaceutical Products July 2026","https://rwandafda.gov.rw/register/monitoring_preview_register"
"927","Rwanda FDA-HMP-MA-1680","TRIALGIC","IBUPROFEN/PARACETAMOL/CAFFEINE","200MG/325MG/30MG","Capsules","2 X 12 Capsules","36 Months","Medreich Limited","INDIA","B&O Pharm","KIPHARMA LTD","2024-08-17","2029-08-16","valid","Rwanda FDA - Registered Pharmaceutical Products July 2026","https://rwandafda.gov.rw/register/monitoring_preview_register"
"928","Rwanda FDA-HMP-MA-1646","TRIBEES FORTE","Thiamine Nitrate (Vit B1), Pyridoxine (Vit B6), Cyanocobalamin (Vit B12)","200MG+50MG+ 1000MCG","TABLETS","20 tablets","24 Months","COSMOS LIMITED","KENYA","COSMOS LIMITED/KENYA","SUN ENTERPRISES LTD","2024-08-17","2029-08-16","valid","Rwanda FDA - Registered Pharmaceutical Products July 2026","https://rwandafda.gov.rw/register/monitoring_preview_register"
"929","Rwanda FDA-HMP-MA-1613","TRIMOXOL SUSPENSION","Each 5 ml of oral suspension contains Sulfamethoxazole BP 200mg and Trimethoprim BP 40mg","200mg/40mg/5ml","Oral suspension","100ml Botlle","36 Months","Dawa Limited","KENYA","DAWA LIMITED","SUN ENTEPRISES LTD","2024-08-17","2029-08-16","valid","Rwanda FDA - Registered Pharmaceutical Products July 2026","https://rwandafda.gov.rw/register/monitoring_preview_register"
"930","Rwanda FDA-HMP-MA-1943","TRISPORIN SP","CEFDINIR","125MG/5ML","SUSPENSION","100ml Bottle","36 Months","","Turkey","DEFRA PHARMA GmbH","UBIPHARM RWANDA LTD","2024-08-17","2029-08-16","valid","Rwanda FDA - Registered Pharmaceutical Products July 2026","https://rwandafda.gov.rw/register/monitoring_preview_register"
"931","Rwanda FDA-HMP-MA-1866","TROGYL SUSPENSION","METRONIDAZOLE BENZOATE","60ML & 100ML","ORAL SUSPENSION","100mls/60mls in PET bottles","36 months.","BIODEAL LABORATORIES LTD","Kenya","BIODEAL LABORATORIES LTD/KENYAAddress: PLOT NO. 123, LUNGA LUNGA ROAD, P.O. BOX 32040- 00600, NAIROBI.Country: KENYA.Telephone: +254 720 333 829.Telefax: N/AE-Mail: regulatoryaffairs@biodealkenya.com","CAPITAL PHARMACEUTICAL SUPPLIES LTD","2024-08-17","2029-08-16","valid","Rwanda FDA - Registered Pharmaceutical Products July 2026","https://rwandafda.gov.rw/register/monitoring_preview_register"
"932","Rwanda FDA-HMP-MA-1826","ULPAN-40 ER","Pantoprazole","40 mg","Capsules","3 x 10 Capsules","24 Months","CORONA REMEDIES PVT LTD","INDIA","SUN ENTERPRISE LTD","SUN ENTERPRISES LTD","2024-08-17","2029-08-16","valid","Rwanda FDA - Registered Pharmaceutical Products July 2026","https://rwandafda.gov.rw/register/monitoring_preview_register"
"933","Rwanda FDA-HMP-MA-1904","ULTRA-LEVULE 250 MG SACHETS","SACCHAROMYCES BOULARDII CNCM I-745","250MG","Powder for oral suspension","10 sachets","36 months","BIOCODEX","FRANCE","BIOCODEX","FORTILAB RWANDA","2024-08-17","2029-08-16","valid","Rwanda FDA - Registered Pharmaceutical Products July 2026","https://rwandafda.gov.rw/register/monitoring_preview_register"
"934","Rwanda FDA-HMP-MA-1650","UNSIATEM","FEBUXOSTAT","80MG","Film Coated Tablets","10x10 Tablets","24 Months","Liptis for Pharmaceuticals and Medical Products (S.A.E)","Egypt","Liptis for Pharmaceuticals & Medical Products (S.A.E).Plot No. B/2, 6th Industrial zone, 6th of October City, Egypt.mahmoud.elaila@liptispharma.com","Goodman International LTD (R)","2024-08-17","2029-08-16","valid","Rwanda FDA - Registered Pharmaceutical Products July 2026","https://rwandafda.gov.rw/register/monitoring_preview_register"
"935","Rwanda FDA-HMP-MA-1700","UPRONE-40","OMEPRAZOLE","40MG","STERILE POWDER FOR INJECTION","1x10 ml","24 month","Indasi Lifescience Pvt. Ltd","India","Bliss GVS Pharma Ltd. Address: 102, Hyde Park, Saki-Vihar Road, Andheri (East). Mumbai-400072 Country: India Telephone: +91-22-42160000 Telefax: +91-22-28563930 E-Mail: info@blissgvs.com","SURYA DEPOT PHARMACY LTD","2024-08-17","2029-08-16","valid","Rwanda FDA - Registered Pharmaceutical Products July 2026","https://rwandafda.gov.rw/register/monitoring_preview_register"
"936","Rwanda FDA-HMP-MA-1729","URSOLIV 250.","Ursodeoxycholic Acid","Each Capsule Contains Ursodeoxycholic Acid 250mg","Capsules","5x10 Capsules","36 Months","MEGA LIFESCIENCES PUBLIC COMPANY LIMITED","THAILAND","MEGA LIFESCIENCES PUBLIC COMPANY LIMITED","ABACUS PHARMA (A) LTD","2024-08-17","2029-08-16","valid","Rwanda FDA - Registered Pharmaceutical Products July 2026","https://rwandafda.gov.rw/register/monitoring_preview_register"
"937","Rwanda FDA-HMP-MA-1748","VALEPSY-200","Gastro-Resistant Sodium Valproate","200 mg","Tablets","10x10 Tablets","36 Months","MAXTAR BIO-GENICS","INDIA","MAXTAR BIO-GENICS","SUN ENTERPRISES LTD","2024-08-17","2029-08-16","valid","Rwanda FDA - Registered Pharmaceutical Products July 2026","https://rwandafda.gov.rw/register/monitoring_preview_register"
"938","Rwanda FDA-HMP-MA-1747","VALEPSY-300","Gastro-Resistant Sodium Valproate","300 mg","Tablets","10x10 Tablets","36 Months","MAXTAR BIO-GENICS","INDIA","MAXTAR BIO-GENICS","SUN ENTERPRISES LTD","2024-08-17","2029-08-16","valid","Rwanda FDA - Registered Pharmaceutical Products July 2026","https://rwandafda.gov.rw/register/monitoring_preview_register"
"939","Rwanda FDA-HMP-MA-1749","VALEPSY-500","Gastro-Resistant Sodium Valproate","500 mg","Tablets","10x10 Tablets","36 Months","MAXTAR BIO-GENICS","INDIA","MAXTAR BIO-GENICS","SUN ENTERPRISES LTD","2024-08-17","2029-08-16","valid","Rwanda FDA - Registered Pharmaceutical Products July 2026","https://rwandafda.gov.rw/register/monitoring_preview_register"
"940","Rwanda FDA-HMP-MA-2010","VALPAGEN-200","SODIUM VALPROATE","200MG","TABLET","10 x 10 Tablets","36 months","ANGEL BIOGENICS PVT LTD","India","ANGEL BIOGENICS PVT LTD","FRAGEM LIMITED","2024-08-17","2029-08-16","valid","Rwanda FDA - Registered Pharmaceutical Products July 2026","https://rwandafda.gov.rw/register/monitoring_preview_register"
"941","Rwanda-FDA-HM-1854","VALSAR HT 160/25","VALSARTAN AND HYDROCHLOROTHIAZIDE","160MG/25MG","TABLETS","","24 Months","Hetero Labs Limited (Unit-V)","India","HETERO LAB LTD","BION PHARMA GROUP LTD","2024-08-17","2029-08-16","valid","Rwanda FDA - Registered Pharmaceutical Products July 2026","https://rwandafda.gov.rw/register/monitoring_preview_register"
"942","Rwanda-FDA-HM-1855","VALSAR HT 80/12.5","VALSARTAN AND HYDROCHLOROTHIAZIDE","80MG/12.5MG","TABLETS","","24 Months","Hetero Labs Limited (Unit-V)","India","HETERO LAB LTD","BION PHARMA GROUP LTD","2024-08-17","2029-08-16","valid","Rwanda FDA - Registered Pharmaceutical Products July 2026","https://rwandafda.gov.rw/register/monitoring_preview_register"
"943","Rwanda FDA-HMP-MA-1990","VASTAREL OD 40MG PRL","TRIMETAZIDINE HYDROCHLORIDE","40MG","HARD CAPSULE","30 hard capsules","36 months","Egis Pharmaceuticals Private Limited","Hungary","LES LABORATOIRES SERVIERH-1165 Budapest, Bokenyfoldi ut 118-120","KIPHARMA Ltd","2024-08-17","2029-08-16","valid","Rwanda FDA - Registered Pharmaceutical Products July 2026","https://rwandafda.gov.rw/register/monitoring_preview_register"
"944","Rwanda FDA-HMP-MA-1989","VASTAREL OD 80MG PRL","TRIMETAZIDINE HYDROCHLORIDE","80MG","HARD CAPSULE","30 hard capsules","36 months","Egis Pharmaceuticals Private Limited","Hungary","LES LABORATOIRES SERVIERH-1165 Budapest, Bokenyfoldi ut 118-120","KIPHARMA Ltd","2024-08-17","2029-08-16","valid","Rwanda FDA - Registered Pharmaceutical Products July 2026","https://rwandafda.gov.rw/register/monitoring_preview_register"
"945","Rwanda FDA-HMP-MA-1954","VERMOUT SUSPENSION","MEBENDAZOLE","100MG/5ML","SUSPENSION","30ml Bottle","36 Months","DAWA LIMITED","KENYA","DAWA LIMITED","SUN ENTEPRISES LTD","2024-08-17","2029-08-16","valid","Rwanda FDA - Registered Pharmaceutical Products July 2026","https://rwandafda.gov.rw/register/monitoring_preview_register"
"946","Rwanda FDA-HMP-MA-1764","VERZOL","Albendazole USP","200 mg","Suspension","10 ml Brown-glass bottle or 20 sticks made of polyethylene terephthalate-aluminium-polyethylene terephthalate polyethylene of 10 ml","36 Months","GRACURE PHARMACEUTICALS LIMITED","INDIA","EXPHAR S.A","H&H PHARMA LIMITED","2024-08-17","2029-08-16","valid","Rwanda FDA - Registered Pharmaceutical Products July 2026","https://rwandafda.gov.rw/register/monitoring_preview_register"
"947","Rwanda FDA-HMP-MA-1624","","Albendazole 400 mg","400 mg/10ml","Oral suspension","10ml Bottle","36 Months","Gracure Pharmaceuticals Limited,","INDIA","Exphar s.a, Belgium","H & H PHARMA LTD","2024-08-17","2029-08-16","valid","Rwanda FDA - Registered Pharmaceutical Products July 2026","https://rwandafda.gov.rw/register/monitoring_preview_register"
"948","Rwanda FDA-HMP-MA-1702","VILDA DENK 50 MG","VILDAGLIPTIN","50MG","TABLETS","28 tablets","30 month","Denk Pharma GmbH & Co.KG","Germany","","ETS CONTINENTAL Depot","2024-08-17","2029-08-16","valid","Rwanda FDA - Registered Pharmaceutical Products July 2026","https://rwandafda.gov.rw/register/monitoring_preview_register"
"949","Rwanda FDA-HMP-MA-1727","VINGRAF 1","Tacrolimus","1mg","capsules","6x10 Capsules","24 Months","M/s RIVPRA FORMULATIONS PVT","INDIA","M/s RIVPRA FORMULATIONS PVT","ABACUS PHARMA (A) LTD","2024-08-17","2029-08-16","valid","Rwanda FDA - Registered Pharmaceutical Products July 2026","https://rwandafda.gov.rw/register/monitoring_preview_register"
"950","Rwanda FDA-HMP-MA-2019","VIRALEX","INOSINE PRANOBEX","500MG","TABLETS","6x10 Tablets, 10 Tablets","24 Months","THEMIS MEDICARE LIMITED","INDIA","THEMIS MEDICARE LIMITED","WESSEX PHARMACEUTICALS (RWANDA) LTD","2024-08-17","2029-08-16","valid","Rwanda FDA - Registered Pharmaceutical Products July 2026","https://rwandafda.gov.rw/register/monitoring_preview_register"
"951","Rwanda FDA-HMP-MA-1891","VITALIPID NOVUM ADULT","RETINOL PALMITATE, PHYTOMENADIONE, ERGOCALCIFEROL, DL-?-TOCOPHEROL","Retinol palmitate, 194.1 ?g, Phytomenadione, 15 ?g, Ergocalciferol, 0.5 ?g dl-?-Tocopherol 0.91 mg","SOLUTION FOR INFUSION","10 ml","24 months.","FRESENIUS KABI SOUTH AFRICA PTY) LTD","Sweden","FRESENIUS KABI SOUTH AFRICA PTY) LTD, Address: Stand 7, Growthpoint Park2 Tonetti Street, Halfway HouseSouth Africa, 1685Tel: +27 11 545 0000Telefax: +27 11 545 0060Email: martie.snyman@fresenius-kabi.com","SURGIPHARM RWANDA LTD","2024-08-17","2029-08-16","valid","Rwanda FDA - Registered Pharmaceutical Products July 2026","https://rwandafda.gov.rw/register/monitoring_preview_register"
"952","Rwanda FDA-HMP-MA-2091","VOLTFAST","DICLOFENAC POTASSIUM","50MG","POWDER FOR SOLUTION","9 sachets","24 Months","Mipharm S.P.A","ITALY","NVS KENYA LIMITED","SURGIPHARM (RWANDA) LTD","2024-08-17","2029-08-16","valid","Rwanda FDA - Registered Pharmaceutical Products July 2026","https://rwandafda.gov.rw/register/monitoring_preview_register"
"953","Rwanda FDA-HMP-MA-1772","Wellness","Paracetamol Pseudoephedrine HCl Dextromethorphan HBr","325 mg/30 mg/4.5 mg","Film Coated Tablets","10x10 Tablets","36 Months","LIPTIS FOR PHARMACEUTICALS & MEDICAL PRODUCTS (S.A.E).","EGYPT","LIPTIS FOR PHARMACEUTICALS & MEDICAL PRODUCTS","GOODMAN INTERNATIONAL LTD (R)","2024-08-17","2029-08-16","valid","Rwanda FDA - Registered Pharmaceutical Products July 2026","https://rwandafda.gov.rw/register/monitoring_preview_register"
"954","Rwanda FDA-HMP-MA-1754","","Benzoic Acid and Salicylic Acid","6.0%w/w / 3.0%w/w","Skin Ointment","20 Grams Tubes","36 Months","DAWA LIMITED","KENYA","DAWA LIMITED","SUN ENTERPRISES LTD","2024-08-17","2029-08-16","valid","Rwanda FDA - Registered Pharmaceutical Products July 2026","https://rwandafda.gov.rw/register/monitoring_preview_register"
"955","Rwanda FDA-HBP-MA-0136","WOSULIN -N-100 IU/ML","Neutral Insulin Injection 100 IU/ml","100 IU/ml","Injection","10ml Vial","24 Months","Wockhardt Limited","INDIA","Wockhardt Limited,","SURGIPHARM RWANDA LIMITED","2024-08-17","2029-08-16","valid","Rwanda FDA - Registered Pharmaceutical Products July 2026","https://rwandafda.gov.rw/register/monitoring_preview_register"
"956","Rwanda FDA-HMP-MA-1572","XAROBAN TABLETS","Rivaroxaban","10mg","Tablets","10 Tablets","24 Months","THE SEARLE COMPANY LIMITED","PAKISTAN","THE SEARLE COMPANY LIMITED","SURGIPHARM RWANDA LTD","2024-08-17","2029-08-16","valid","Rwanda FDA - Registered Pharmaceutical Products July 2026","https://rwandafda.gov.rw/register/monitoring_preview_register"
"957","Rwanda FDA-HMP-MA-2104","XENDA 100","Bendamustine Hydrochloride Monohydrate","100 mg","Injection","","36 Months","HETERO LABS LIMITED","India","HETERO LABS LIMITED","BION PHARMA GROUP LTD","2024-08-17","2029-08-16","valid","Rwanda FDA - Registered Pharmaceutical Products July 2026","https://rwandafda.gov.rw/register/monitoring_preview_register"
"958","Rwanda FDA-HMP-MA-2017","XYLOCAINE GEL 2%","XYLOMETAZOLINE HYDROCHLORIDE","20MG","GEL","30 g Tube","24 Months","RECIPHARM KARLSKOGA AB","Sweden","BETA HEALTHCARE INTERNATIONAL LTD","SURGIPHARM (RWANDA) LTD","2024-08-17","2029-08-16","valid","Rwanda FDA - Registered Pharmaceutical Products July 2026","https://rwandafda.gov.rw/register/monitoring_preview_register"
"959","Rwanda FDA-HMP-MA-2087","XYLOCAINE GEL 2%","XYLOMETAZOLINE HYDROCHLORIDE","20MG","GEL","30 g Tube","24 Months","RECIPHARM KARLSKOGA AB","Sweden","BETA HEALTHCARE INTERNATIONAL LTD","SURGIPHARM (RWANDA) LTD","2024-08-17","2029-08-16","valid","Rwanda FDA - Registered Pharmaceutical Products July 2026","https://rwandafda.gov.rw/register/monitoring_preview_register"
"960","Rwanda FDA-HMP-MA-1742","ZABITERON-250","Abiraterone Acetate USP","250 mg","Tablets","120 Tablets","24 Months","ZUVIUS LIFESCIENCES PVT. LTD.","INDIA","ZUVIUS LIFESCIENCES PVT. LTD.","KIPHARMA LTD","2024-08-17","2029-08-16","valid","Rwanda FDA - Registered Pharmaceutical Products July 2026","https://rwandafda.gov.rw/register/monitoring_preview_register"
"961","Rwanda FDA-HMP-MA-1949","ZIMAGRA -50","SILDENAFIL CITRATE","50MG","TABLETS","1x4 Tablets","36 Months","ZIM LABORATORIES LIMITED","INDIA","ZIM LABORATORIES LIMITED","SUN ENTERPRISES LTD","2024-08-17","2029-08-16","valid","Rwanda FDA - Registered Pharmaceutical Products July 2026","https://rwandafda.gov.rw/register/monitoring_preview_register"
"962","Rwanda FDA-HMP-MA-1842","ZINC SULPHATE DISPERSIBLE TABLETTS","Zinc Sulfate Monohydrate","20mg","Tablets","10x10 Tablets","24 Months","LABORATORY & ALLIED LIMITED","KENYA","LABORATORY & ALLIED LIMITED","DEPOT PHARMACEUTIQUE LE MEDICAL","2024-08-17","2029-08-16","valid","Rwanda FDA - Registered Pharmaceutical Products July 2026","https://rwandafda.gov.rw/register/monitoring_preview_register"
"963","Rwanda FDA-HMP-MA-1706","ZINCOS DISPERSIBLE TABLETS","Zinc Sulfate Monohydrate","20 MG","TABLETS","1X10","36 month","Cosmos Limited","Kenya","COSMOS LIMITED,Address: RANGWE ROAD; OFF LUNGA LUNGA ROAD, INDUSTRIAL AREA, P. O. BOX 41433, GPO 00100 - NAIROBI,Country: KENYA.Telephone: +(254-20) 8042200/2/3/4/5 +254(0) 709864000Telefax: +(254-20)8096280/1E-Mail: registration@cosmos-pharm.com","SUN ENTERPRISES LTD","2024-08-17","2029-08-16","valid","Rwanda FDA - Registered Pharmaceutical Products July 2026","https://rwandafda.gov.rw/register/monitoring_preview_register"
"964","Rwanda FDA-HMP-MA-1818","ZIQUANTA","Praziquantel USP","600mg","Tablets","","24 Months","HETERO LABS LIMITED","INDIA","HETERO LABS LIMITED","BION PHARMA GROUP LTD","2024-08-17","2029-08-16","valid","Rwanda FDA - Registered Pharmaceutical Products July 2026","https://rwandafda.gov.rw/register/monitoring_preview_register"
"965","Rwanda FDA-HMP-MA-1782","ZIROMIN","Azithromycin dehydrate","500mg","Tablets","3 Tablets","36 Months","WORLD MEDICINE ILAC SAN. VE TIC.A.S","TURKEY","WORLD MEDICINE ILAC SAN. VE TIC.A.S","GOODMAN INTERNATIONAL (R) LTD","2024-08-17","2029-08-16","valid","Rwanda FDA - Registered Pharmaceutical Products July 2026","https://rwandafda.gov.rw/register/monitoring_preview_register"
"966","Rwanda FDA-HMP-MA-1850","ZIROMIN POWDER FOR ORAL SUSPENSION","Azithromycin dehydrate","200mg/5ml","Powder for oral suspension","60ml Bottle","36 Months","WORLD MEDICINE ILAC SAN. VE TIC.A.S .","TURKEY","WORLD MEDICINE ILAC SAN. VE TIC.A.S .","GOODMAN INTERNATIONAL (R) LTD","2024-08-17","2029-08-16","valid","Rwanda FDA - Registered Pharmaceutical Products July 2026","https://rwandafda.gov.rw/register/monitoring_preview_register"
"967","20-4363-DGC&PHS-2018-R1","ZOEGAS-20","Esomeprazole","20 mg","Capsules","Box/7, Box/14, Box/28","36 Months","LABORATOIRES COOPER PHARMA","MOROCCO","LABORATOIRES COOPER PHARMA","MD CONSEIL MEDICAL SUPPLY LTD","2024-08-17","2029-08-16","valid","Rwanda FDA - Registered Pharmaceutical Products July 2026","https://rwandafda.gov.rw/register/monitoring_preview_register"
"968","20-4364-DGC&PHS-2018-R1","ZOEGAS-40","Esomeprazole","40 mg","Capsules","Box/7, Box/14, Box/28","24 Months","LABORATOIRES COOPER PHARMA","MOROCCO","LABORATOIRES COOPER PHARMA","MD CONSEIL MEDICAL SUPPLY LTD","2024-08-17","2029-08-16","valid","Rwanda FDA - Registered Pharmaceutical Products July 2026","https://rwandafda.gov.rw/register/monitoring_preview_register"
"969","Rwanda FDA-HMP-MA-1994","ZOLDRO","Zoledronic Acid monohydrate for Injection","4 mg/vial","Injection","","24 months","Aspiro Pharma Limited","INDIA","Aspiro Pharma Limited","BION PHARMA GROUP LTD","2024-08-17","2029-08-16","valid","Rwanda FDA - Registered Pharmaceutical Products July 2026","https://rwandafda.gov.rw/register/monitoring_preview_register"
"970","Rwanda FDA-HMP-MA-1825","ZOSEC CAPSULES","Omeprazole","20mg","Capsules","1X10 & 10X10 Capsules","24 Months","EMCURE PHARMACEUTICAL LIMITED","INDIA","EMCURE PHARMACEUTICAL LIMITED","ABACUS PHARMA (A) LTD","2024-08-17","2029-08-16","valid","Rwanda FDA - Registered Pharmaceutical Products July 2026","https://rwandafda.gov.rw/register/monitoring_preview_register"
"971","Rwanda FDA-HMP-MA-2161","ZYLORIC-200","ALLOPURINOL","200MG","TABLET","28 Tablets","60 Months","Aspen Bad Oldesloe GmbH","Germany","Beta Healthcare International, Plot No. L.R 209/6554 Mogadishu Road, Industrial Area, Nairobi, Kenya","SURGIPHARM (RWANDA) LTD","2024-08-17","2029-08-16","valid","Rwanda FDA - Registered Pharmaceutical Products July 2026","https://rwandafda.gov.rw/register/monitoring_preview_register"
"972","Rwanda FDA-HMP-MA-2164","ULGICID SUSPENSION (MINT)","ALGINIC ACID, MAGNESIUM HYDROXIDE,ALUMINIUM HYDROXIDE,MAGNESIUM TRISILICATE&SIMETICONE SUSPENSION","200mg, 250mg, 250mg, 250mg, 125mg","SUSPENSION","200 ML","30 Months","SAI MIRRA INNOPHARM PVT. LTD.","INDIA","PRISMA PHARMA FZE","PRAFIN RWANDA LTD","2024-08-16","2029-08-17","valid","Rwanda FDA - Registered Pharmaceutical Products July 2026","https://rwandafda.gov.rw/register/monitoring_preview_register"
"973","Rwanda FDA-HMP-MA-1662","ERLOCIP 100","Erlotinib hydrochloride","100MG","TABLETS","10 Tablets","24 Months","CIPLA LTD","India","CIPLA LTD","KIPHARMA LTD","2024-08-15","2029-08-15","valid","Rwanda FDA - Registered Pharmaceutical Products July 2026","https://rwandafda.gov.rw/register/monitoring_preview_register"
"974","Rwanda FDA-HMP-MA-1945","SINAREST PAEDIATRIC NASAL DROPS","OXYMETHAZOLINE HYDROCHLORIDE USP","0.25MG","NASAL DROPS","10ml Bottle","36 Months","CENTAUR PHARMACEUTICALS PVT LTD","INDIA","CENTAUR PHARMACEUTICALS PVT. LTD","WESSEX PHARMACEUTICALS (RWANDA) LTD","2024-08-15","2029-08-15","valid","Rwanda FDA - Registered Pharmaceutical Products July 2026","https://rwandafda.gov.rw/register/monitoring_preview_register"
"975","Rwanda FDA-HMP-MA-1453","ABACAVIR,DOLUTEGRAVIR AND LAMUVIDINE","ABACAVIR,DOLUTEGRAVIR AND LAMUVIDINE","600MG/50MG/300MG","Film Coated Tablets","30 Tablets","24 Months","LAURUS LABS LIMITED","INDIA","LAURUS LABS LIMITED","CAPITAL PHARMACEUTICALS SUPPLIES LTD","2024-07-27","2029-07-26","valid","Rwanda FDA - Registered Pharmaceutical Products July 2026","https://rwandafda.gov.rw/register/monitoring_preview_register"
"976","Rwanda FDA-HMP-MA-1548","ABLOL-5","Timolol maleate","0.5% W/V","EYE DROPS","10ml Bottle","36 Months","ABACUS PARENTERAL DRUGS LTD (APDL)","Uganda","ABACUS PARENTERAL DRUGS LTD (APDL)","ABACUS PHARMA (A) LTD","2024-07-27","2029-07-26","valid","Rwanda FDA - Registered Pharmaceutical Products July 2026","https://rwandafda.gov.rw/register/monitoring_preview_register"
"977","Rwanda FDA-HMP-MA-1526","AGO-C 500 TABLET","ASCORBIC ACID BP","500MG","TABLET","10x10 Tablets and 100 Tablets in jar","36 Months","AGOG PHARMA LTD","INDIA","AGOG PHARMA LTD","SUN ENTERPRISES LTD","2024-07-27","2029-07-26","valid","Rwanda FDA - Registered Pharmaceutical Products July 2026","https://rwandafda.gov.rw/register/monitoring_preview_register"
"978","Rwanda FDA-HMP-MA-1527","AGOMIDE TABLET","Furosemide BP","40MG","TABLETS","28s, 30s, 50s, 56s, 60s, 84s, 90s, 100s and 1000 tablets","36 Months","AGOG PHARMA LTD","INDIA","AGOG PHARMA LTD","SUN ENTERPRISES LTD","2024-07-27","2029-07-26","valid","Rwanda FDA - Registered Pharmaceutical Products July 2026","https://rwandafda.gov.rw/register/monitoring_preview_register"
"979","Rwanda FDA-HMP-MA-1544","AGONOR","NORFLOXACIN BP","400MG","FILM COATED TABLETS","10x10 Tablets","36 Months","AGOG PHARMA LTD","INDIA","AGOG PHARMA LTD","SUN ENTERPRISES LTD","2024-07-27","2029-07-26","valid","Rwanda FDA - Registered Pharmaceutical Products July 2026","https://rwandafda.gov.rw/register/monitoring_preview_register"
"980","Rwanda FDA-HMP-MA-1542","AMVA DENK 10/160MG","AMLODIPINE/ VALSARTAN","10/160MG","FILM COATED TABLET","28 Tablets","36 Months","BALKAN PHARMA DUPNITSA AD","Bulgaria","Denk Pharma Gmbh & CO. KG, Germany","ETS CONTINENTAL DEPOT PHARMACEUTIQUE","2024-07-27","2029-07-26","valid","Rwanda FDA - Registered Pharmaceutical Products July 2026","https://rwandafda.gov.rw/register/monitoring_preview_register"
"981","Rwanda FDA-HMP-MA-1543","AMVA DENK 5/160MG","AMLODIPINE/ VALSARTAN","5/160MG","Film Coated Tablets","28 Tablets","36 Months","BALKAN PHARMA DUPNITSA AD","Bulgaria","Denk Pharma Gmbh & CO. KG, Germany","ETS CONTINENTAL","2024-07-27","2029-07-26","valid","Rwanda FDA - Registered Pharmaceutical Products July 2026","https://rwandafda.gov.rw/register/monitoring_preview_register"
"982","Rwanda FDA-HMP-MA-1467","ANOMEX","Hydrocortisone Acetate BP, Lidocaine USP, Zinc Oxide USP and Allantoin BP","0.25 % w/w, 3.0 % w/w, 5.0 % w/w and 0.5 % w/w","SUPPOSITORIES","2 Strips of 5 Suppositories","24 Months","BLISS GVS PHARMA LIMITED","INDIA","BLISS GVS PHARMA LIMITED","SURYA DEPOT PHARMACY LTD","2024-07-27","2029-07-26","valid","Rwanda FDA - Registered Pharmaceutical Products July 2026","https://rwandafda.gov.rw/register/monitoring_preview_register"
"983","Rwanda FDA-HMP-MA-1504","APRETUDE PROLONGED RELEASE SUSPENSION FOR INJECTION","Cabotegravir Sodium","600MG/3ML","Prolonged release suspension for injection","3ml Vial","36 Months","GLAXO OPERATIONS UK LIMITED","United Kingdom","ViiV Healthcare Pty Ltd","KIPHARMA LTD","2024-07-27","2029-07-26","valid","Rwanda FDA - Registered Pharmaceutical Products July 2026","https://rwandafda.gov.rw/register/monitoring_preview_register"
"984","Rwanda FDA-HMP-MA-1534","ASOMEX-D","S (-) Amlodipine 2.5mg and Hydrochlorothiazide 12.5mg","2.5mg/12.5 mg","TABLETS","3x10 Tablets","36 Months","EMCURE PHARMACEUTICALS LIMITED","INDIA","EMCURE PHARMACEUTICALS LIMITED","BION PHARMA GROUP LTD","2024-07-27","2029-07-26","valid","Rwanda FDA - Registered Pharmaceutical Products July 2026","https://rwandafda.gov.rw/register/monitoring_preview_register"
"985","Rwanda FDA-HMP-MA-1512","ATOSAR-H","Losartan Potassium BP & Hydrochlorothiazide BP","50MG/12.5MG","TABLET","3x10 Tablets","24 Months","CORONA REMEDIES PRIVATE LIMITED","INDIA","CORONA REMEDIES PRIVATE LIMITED","SUN ENTERPRIESES LTD","2024-07-27","2029-07-26","valid","Rwanda FDA - Registered Pharmaceutical Products July 2026","https://rwandafda.gov.rw/register/monitoring_preview_register"
"986","Rwanda FDA-HMP-MA-1531","AZAL- 500MG","Azithromycin Dihydrate USP","500MG","Film Coated Tablets","3x10 Tablets","36 Months","STALLION LABORATORIES PVT. LTD","INDIA","STALLION LABORATORIES PVT. LTD","SUN ENTERPRISES LTD","2024-07-27","2029-07-26","valid","Rwanda FDA - Registered Pharmaceutical Products July 2026","https://rwandafda.gov.rw/register/monitoring_preview_register"
"987","Rwanda FDA-HMP-MA-1464","Biodox capsules","DOXYCYCLINE Hyclate","100mg per capsule","Capsules","10 x 10 Capsules","36 months","BIODEAL LABORATORIES LIMITED","KENYA","BIODEAL LABORATORIES LIMITED","CAPITAL PHARMACEUTICALS SUPPLIES LTD","2024-07-27","2029-07-26","valid","Rwanda FDA - Registered Pharmaceutical Products July 2026","https://rwandafda.gov.rw/register/monitoring_preview_register"
"988","Rwanda FDA-HMP-MA-1508","BIOFULVIN 125MG TABLETS","GRISEOFULVIN","125mg","TABLETS","10x10 Tablets","36 Months","BIODEAL LABORATORIES LTD","KENYA","BIODEAL LABORATORIES LTD","CAPITAL PHARMACEUTICALS SUPPLIES LTD","2024-07-27","2029-07-26","valid","Rwanda FDA - Registered Pharmaceutical Products July 2026","https://rwandafda.gov.rw/register/monitoring_preview_register"
"989","Rwanda FDA-HMP-MA-1509","BIOFULVIN 250MG TABLETS","GRISEOFULVINE","250MG","TABLETS","10x10 Tablets","36 Months","BIODEAL LABORATORIES LTD","KENYA","BIODEAL LABORATORIES LTD","CAPITAL PHARMACEUTICALS SUPPLIES LTD","2024-07-27","2029-07-26","valid","Rwanda FDA - Registered Pharmaceutical Products July 2026","https://rwandafda.gov.rw/register/monitoring_preview_register"
"990","Rwanda FDA-HMP-MA-1514","CALPOL SUSPENSION","PARACETAMOL","120MG/5ML","SUSPENSION","60ml and 100ml Bottles","36 Months","GLAXOSMITHKLINE LTD","KENYA","GLAXOSMITHKLINE LTD","KIPHARMA LTD","2024-07-27","2029-07-26","valid","Rwanda FDA - Registered Pharmaceutical Products July 2026","https://rwandafda.gov.rw/register/monitoring_preview_register"
"991","Rwanda FDA-HMP-MA-1454","CEFAZIM TABLETS","Cefixime Trihydrate","200MG","Film Coated Tablets","","24 Months","ZIM LABORATORIES LIMITED","INDIA","ZIM LABORATORIES LIMITED","SUN ENTERPRISES LTD","2024-07-27","2029-07-26","valid","Rwanda FDA - Registered Pharmaceutical Products July 2026","https://rwandafda.gov.rw/register/monitoring_preview_register"
"992","Rwanda FDA-HMP-MA-1549","CETRIZ SYRUP","Cetirizine Dihydrochloride BP","5.0mg/5ml","SYRUP","60ml Bottle","36 Months","LABORATORY & ALLIED LIMITED","KENYA","LABORATORY & ALLIED LIMITED","Depot Pharmaceutique Le Medical","2024-07-27","2029-07-26","valid","Rwanda FDA - Registered Pharmaceutical Products July 2026","https://rwandafda.gov.rw/register/monitoring_preview_register"
"993","Rwanda FDA-HMP-MA-1468","CIPROFLOXACIN","CIPROFLOXACIN Injection U.S.P.","200mg","INJECTION","1 bottle of 100 ml","36 months","AMANTA HEALTHCARE LIMITED","INDIA","AMANTA HEALTHCARE LIMITED","SUN ENTERPRISES LTD","2024-07-27","2029-07-26","valid","Rwanda FDA - Registered Pharmaceutical Products July 2026","https://rwandafda.gov.rw/register/monitoring_preview_register"
"994","Rwanda FDA-HMP-MA-1497","CLOXAREN CAPSULES","Cloxacillin","250 mg","Capsules","10x10 Capsules","24 Months","RENE INDUSTRIES LTD","Uganda","RENE INDUSTRIES LTD, UGANDA","RENE PHARMACY (R) LTD","2024-07-27","2029-07-26","valid","Rwanda FDA - Registered Pharmaceutical Products July 2026","https://rwandafda.gov.rw/register/monitoring_preview_register"
"995","Rwanda FDA-HMP-MA-0155","COARTEM 80/480MG","ARTEMETER & LUMEFANTRINE","40MG& 480MG","TABLET","6,180, 216, 360, 540 Tablets","24 Months","NOVARTIS SAGLIK,","Turkey","NVS Kenya Limited","SURGIPHARM (RWANDA) LTD","2024-07-27","2029-07-26","valid","Rwanda FDA - Registered Pharmaceutical Products July 2026","https://rwandafda.gov.rw/register/monitoring_preview_register"
"996","Rwanda FDA-HMP-MA-1452","COLDAMOL-P","Chlorpheniramine maleate 2.0 mg, Paracetamol 120 mg, Pseudoephedrine HCl 10 mg","2.0 mg, 120 mg, 10 mg","SYRUP","100ml Bottle","36 Months","BIODEAL LABORATORIES LTD","KENYA","BIODEAL LABORATORIES LTD","CAPITAL PHARMACEUTICALS SUPPLIES LTD","2024-07-27","2029-07-26","valid","Rwanda FDA - Registered Pharmaceutical Products July 2026","https://rwandafda.gov.rw/register/monitoring_preview_register"
"997","Rwanda FDA-HMP-MA-1539","D5","Glucose Intravenous Infusion B.P","50G/LITRE","Solution for Infusion","500ml Bottle","60 Months","AMANTA HEALTHCARE LIMITED","INDIA","AMANTA HEALTHCARE LIMITED","SUN ENTERPRISES LTD","2024-07-27","2029-07-26","valid","Rwanda FDA - Registered Pharmaceutical Products July 2026","https://rwandafda.gov.rw/register/monitoring_preview_register"
"998","Rwanda FDA-HMP-MA-1501","DISLEP 25MG","LEVOSULPIRIDE","25MG","TABLET","20 Tablets","60 Months","DOPPEL FARMACEUTICI S.R.L.,","ITALY","Ferrer Internacional, S.A.","GOMHS Ltd","2024-07-27","2029-07-26","valid","Rwanda FDA - Registered Pharmaceutical Products July 2026","https://rwandafda.gov.rw/register/monitoring_preview_register"
"999","Rwanda FDA-HMP-MA-1517","DYNAMOGEN ORAL SOLUTION","ARGININE ASPARTATE","2.50%","ORAL SOLUTION","20 drinkable ampoules of 10ml","12 Months","FAES PHARMA SA","Spain","FAES PHARMA SA,","GOMHS Ltd","2024-07-27","2029-07-26","valid","Rwanda FDA - Registered Pharmaceutical Products July 2026","https://rwandafda.gov.rw/register/monitoring_preview_register"
"1000","Rwanda FDA-HMP-MA-1451","EFFERALGAN-600","Acetaminophen (Paracetamol)","600MG","SUPPOSITOR","10 Suppositories","36 months","UPSA SAS","France","UPSA SAS","Ubipharma Rwanda Ltd","2024-07-27","2029-07-26","valid","Rwanda FDA - Registered Pharmaceutical Products July 2026","https://rwandafda.gov.rw/register/monitoring_preview_register"
"1001","Rwanda FDA-HMP-MA-1475","ELMOX 250","Amoxicillin trihydrate BP","250MG","hHard Gelatin Capsules","10x10 Capsules","36 Months","YELURI FORMULATIONS PVT LTD","INDIA","YELURI FORMULATIONS PVT LTD","SURGIPHARM (RWANDA) LTD","2024-07-27","2029-07-26","valid","Rwanda FDA - Registered Pharmaceutical Products July 2026","https://rwandafda.gov.rw/register/monitoring_preview_register"
"1002","Rwanda FDA-HMP-MA-1515","ERYTHROX TABLETS","Erythromycin Stearate 250mg","250MG","TABLET","10x10 Tablets and 1000 Tablets","36 Months","DAWA LIMITED","KENYA","DAWA LIMITED","SUN ENTERPRISES LTD","2024-07-27","2029-07-26","valid","Rwanda FDA - Registered Pharmaceutical Products July 2026","https://rwandafda.gov.rw/register/monitoring_preview_register"
"1003","Rwanda FDA-HMP-MA-1518","ETROBAX 90","Etoricoxib Tablets","90 mg","Film Coated Tablets","3x10 Tablets","36 Months","HETERO LABS LIMITED","INDIA","HETERO LABS LIMITED","BION PHARMA GROUP LTD","2024-07-27","2029-07-26","valid","Rwanda FDA - Registered Pharmaceutical Products July 2026","https://rwandafda.gov.rw/register/monitoring_preview_register"
"1004","Rwanda FDA-HMP-MA-1545","FLAGENTYL","SECNIDAZOLE","500MG","TABLET","4 Tablets","36 Months","DOPPEL FARMACEUTICI S.R.L.","ITALY","Sanofi Aventis, France","KIPHARMA LTD","2024-07-27","2029-07-26","valid","Rwanda FDA - Registered Pharmaceutical Products July 2026","https://rwandafda.gov.rw/register/monitoring_preview_register"
"1005","Rwanda FDA-HMP-MA-1472","FLOEZY","TAMSULOSIN HYDROCHLORIDE","0.4MG","TABLETS","3x10 Tablets","36 Months","SYNTHON HISPANIA S.L","Spain","MEGA LIFESCIENCES PUBLIC COMPANY LIMITED","ABACUS PHARMA (A) LTD","2024-07-27","2029-07-26","valid","Rwanda FDA - Registered Pharmaceutical Products July 2026","https://rwandafda.gov.rw/register/monitoring_preview_register"
"1006","Rwanda FDA-HMP-MA-1491","FLOXSAFE 400","Moxifloxacin Tablets 400 mg","400 mg","IMMEDIATE RELEASE TABLETS","—","48 Months","MSN LABORATORIES PVT LTD","India","MSN Laboratories Private Limited","ABACUS PHARMA (A) Ltd","2024-07-27","2029-07-26","valid","Rwanda FDA - Registered Pharmaceutical Products July 2026","https://rwandafda.gov.rw/register/monitoring_preview_register"
"1007","Rwanda FDA-HMP-MA-1522","GACET -250","ACETAMINOPHEN USP","250MG","SUPPOSITORIES","2X5 Suppositories","36 Months","BLISS GVS PHARMA LIMITED","INDIA","BLISS GVS PHARMA LIMITED","SURYA DEPOT PHARMACY LTD","2024-07-27","2029-07-26","valid","Rwanda FDA - Registered Pharmaceutical Products July 2026","https://rwandafda.gov.rw/register/monitoring_preview_register"
"1008","Rwanda FDA-HMP-MA-1525","HYOSPAN SYRUP","HYOSCINE BUTYL BROMIDE BP","5MG","SYRUP","60ml Bottle","36 Months","BIODEAL LABORATORIES LTD","KENYA","BIODEAL LABORATORIES LTD","BIODEAL LABORATORIES LTD","2024-07-27","2029-07-26","valid","Rwanda FDA - Registered Pharmaceutical Products July 2026","https://rwandafda.gov.rw/register/monitoring_preview_register"
"1009","Rwanda FDA-HMP-MA-1493","IBUFLAM 100MG/5ML ORAL SUSPENSION","IBUPROFEN BP","100mg/5ml","SUSPENSION","60ml and 100ml Bottles","36 Months","BIODEAL LABORATORIES LTD","KENYA","BIODEAL LABORATORIES LTD","CAPITAL PHARMACEUTICALS SUPPLIES LTD","2024-07-27","2029-07-26","valid","Rwanda FDA - Registered Pharmaceutical Products July 2026","https://rwandafda.gov.rw/register/monitoring_preview_register"
"1010","Rwanda FDA-HMP-MA-1535","INDOREN CAPSULES","INDOMETHACIN BP","25 mg","Capsules","10x10 Capsules","24 Months","RENE INDUSTRIES LTD","Uganda","RENE INDUSTRIES LTD, UGANDA","RENE PHARMACY (R) LTD","2024-07-27","2029-07-26","valid","Rwanda FDA - Registered Pharmaceutical Products July 2026","https://rwandafda.gov.rw/register/monitoring_preview_register"
"1011","Rwanda FDA-HMP-MA-1523","JUNIOR ZINC TABLETS","Zinc Sulfate Monohydrate USP equivalent to Zinc 20mg","20MG","TABLETS","10x10 Tablets","36 Months","DAWA LIMITED","KENYA","DAWA LIMITED","SUN ENTEPRISES LTD","2024-07-27","2029-07-26","valid","Rwanda FDA - Registered Pharmaceutical Products July 2026","https://rwandafda.gov.rw/register/monitoring_preview_register"
"1012","Rwanda FDA-HMP-MA-1494","KEMOXYL 250 CAPSULES.","Amoxicillin Trihydrate BP","250mg","Hard Gelatin Capsules","10x10 Tablets and 1000 Tablets","36 Months","LABORATORY & ALLIED LIMITED","KENYA","LABORATORY & ALLIED LIMITED","Depot Pharmaceutique Le Medical","2024-07-27","2029-07-26","valid","Rwanda FDA - Registered Pharmaceutical Products July 2026","https://rwandafda.gov.rw/register/monitoring_preview_register"
"1013","Rwanda FDA-HMP-MA-1510","KETAMAX 50","Ketamine Hydrochloride USP","50 mg/ml","Solution for injection","10ml Vial","36 Months","TROIKAA PHARMACEUTICALS LTD","INDIA","TROIKAA PHARMACEUTICALS LTD","ABACUS PHARMA (A) LTD","2024-07-27","2029-07-26","valid","Rwanda FDA - Registered Pharmaceutical Products July 2026","https://rwandafda.gov.rw/register/monitoring_preview_register"
"1014","Rwanda FDA-HMP-MA-1477","LABESTEN CREAM","Clotrimazole BP","1% w/w","CREAM","1 Tube","36 Months","LABORATORY & ALLIED LIMITED","Kenya","LABORATORY & ALLIED LIMITED","Depot Pharmaceutique Le Medical","2024-07-27","2029-07-26","valid","Rwanda FDA - Registered Pharmaceutical Products July 2026","https://rwandafda.gov.rw/register/monitoring_preview_register"
"1015","Rwanda FDA-HMP-MA-1506","LABTOL-200 TABLETS","Carbamazepine BP","200mg","TABLETS","10x10 Tablets and 1000 Tablets","36 Months","LABORATORY & ALLIED LIMITED","KENYA","LABORATORY & ALLIED LIMITED","Depot Pharmaceutique Le Medical","2024-07-27","2029-07-26","valid","Rwanda FDA - Registered Pharmaceutical Products July 2026","https://rwandafda.gov.rw/register/monitoring_preview_register"
"1016","Rwanda FDA-HMP-MA-1511","LAMIVUDINE 150 MG, NEVIRAPINE 200 MG, AND ZIDOVUDINE 300 MG TABLETS","LAMIVUDINE, NEVIRAPINE AND ZIDOVUDINE","150MG+200MG+300MG","FILM COATED TABLETS","60 Tablets","60 Months","MYLAN LABORATORIES LIMITED","INDIA","MYLAN LABORATORIES LIMITED","PYRAMID PHARMA LTD","2024-07-27","2029-07-26","valid","Rwanda FDA - Registered Pharmaceutical Products July 2026","https://rwandafda.gov.rw/register/monitoring_preview_register"
"1017","Rwanda FDA-HMP-MA-1471","LANTUS 10ML","Insulin Glargine","100 Units/ml","Solution for injection","1 vial of 10ml","36 Months","SANOFI-AVENTIS DEUTSCHLAND GmbH","Germany","SANOFI-AVENTIS DEUTSCHLAND GmbH","KIPHARMA LTD","2024-07-27","2029-07-26","valid","Rwanda FDA - Registered Pharmaceutical Products July 2026","https://rwandafda.gov.rw/register/monitoring_preview_register"
"1018","Rwanda FDA-HMP-MA-1495","LARINATE-60","Artesunate for Injection Ph. Int","60MG","Powder for Injection","Vial of 5 ml","36 Months","IPCA LABORATORIES LIMITED","INDIA","IPCA LABORATORIES LIMITED","SUN ENTREPRISE LTD","2024-07-27","2029-07-26","valid","Rwanda FDA - Registered Pharmaceutical Products July 2026","https://rwandafda.gov.rw/register/monitoring_preview_register"
"1019","Rwanda FDA-HMP-MA-1496","LEFRUSID TABLETS","Furosemide BP 40mg","40mg","TABLETS","10x10 Tablets and 1000 Tablets","36 Months","LABORATORY & ALLIED LIMITED","KENYA","LABORATORY & ALLIED LIMITED","Depot Pharmaceutique Le Medical","2024-07-27","2029-07-26","valid","Rwanda FDA - Registered Pharmaceutical Products July 2026","https://rwandafda.gov.rw/register/monitoring_preview_register"
"1020","Rwanda FDA-HMP-MA-1536","LORHISTINA SYRUP","LORATADINE","5MG/5ML","SYRUP","60ml Bottle","36 Months","COSMOS LIMITED","KENYA","COSMOS LIMITED","SUN ENTERPRISES LTD","2024-07-27","2029-07-26","valid","Rwanda FDA - Registered Pharmaceutical Products July 2026","https://rwandafda.gov.rw/register/monitoring_preview_register"
"1021","Rwanda FDA-HMP-MA-1519","LUTENYL","NOMEGESTROL ACETATE","5MG","TABLET","1x10 Tablets","60 Months","LABORATOIRES MACORS","France","Laboratoire B&O Pharm, France","KIPHARMA LTD","2024-07-27","2029-07-26","valid","Rwanda FDA - Registered Pharmaceutical Products July 2026","https://rwandafda.gov.rw/register/monitoring_preview_register"
"1022","Rwanda FDA-HMP-MA-1520","MAXI-500","Amoxicillin Trihydrate BP","500MG","CAPSULE","10x10 Capsules","24 Months","MAXTAR BIO-GENICS","INDIA","MAXTAR BIO-GENICS, India","SUN ENTERPRISES LTD","2024-07-27","2029-07-26","valid","Rwanda FDA - Registered Pharmaceutical Products July 2026","https://rwandafda.gov.rw/register/monitoring_preview_register"
"1023","Rwanda FDA-HMP-MA-1474","","Cetylpyridinium chloride and Benzocaine","1.5MG/12MG","LOZENGES","2X8 Lozenges","24 Months","UNIQUE PHARMACEUTICALS LABORATORIES","India","ADCOCK INGRAM LIMITED, REPUBLIC OF SOUTH AFRICA","SURGIPHARM (RWANDA) LTD","2024-07-27","2029-07-26","valid","Rwanda FDA - Registered Pharmaceutical Products July 2026","https://rwandafda.gov.rw/register/monitoring_preview_register"
"1024","Rwanda FDA-HMP-MA-1538","MELANEZ 500","MESALAZINE","500MG","SUPPOSITORIES","2X5 Suppositories","24 Months","BLISS GVS PHARMA LIMITED","INDIA","BLISS GVS PHARMA LIMITED","SURYA DEPOT PHARMACY LTD","2024-07-27","2029-07-26","valid","Rwanda FDA - Registered Pharmaceutical Products July 2026","https://rwandafda.gov.rw/register/monitoring_preview_register"
"1025","Rwanda FDA-HMP-MA-1516","","Levonorgestrel","52mg","Intrauterine delivery system","1 Piece","36 Months","BAYER OY","Finland","Bayer East Africa Limited","Surgipharm (Rwanda) Ltd","2024-07-27","2029-07-26","valid","Rwanda FDA - Registered Pharmaceutical Products July 2026","https://rwandafda.gov.rw/register/monitoring_preview_register"
"1026","Rwanda FDA-HMP-MA-1466","MONTIKAST 10","MONTELUKAST","10MG","TABLET","1x10 Tablets","36 Months","M/S SKYBIOTECH LIFESCIENCES PVT. LTD","INDIA","PHARMA LIFE SCIENCE LTD, INDIA","STAR BIOTECH LIMITED","2024-07-27","2029-07-26","valid","Rwanda FDA - Registered Pharmaceutical Products July 2026","https://rwandafda.gov.rw/register/monitoring_preview_register"
"1027","Rwanda FDA-HMP-MA-1492","MULTIREN TABLETS","Vitamin A (as acetate) BP, Vitamin D3, Thiamine HCl BP, Riboflavin BP, Ascorbic acid BP, Nicotinamide BP","2500 IU, 300 IU,1 mg, 500 mcg, 15 mg, 7.5 mg","TABLETS","10x10 Tablets","24 Months","RENE INDUSTRIES LTD","Uganda","RENE INDUSTRIES LTD, UGANDA","RENE PHARMACY (R) LTD","2024-07-27","2029-07-26","valid","Rwanda FDA - Registered Pharmaceutical Products July 2026","https://rwandafda.gov.rw/register/monitoring_preview_register"
"1028","Rwanda FDA-HMP-MA-1476","MYCOREN SUSPENSION","NYSTATIN BP","100000UI","SUSPENSION","30ml Bottle","24 Months","RENE INDUSTRIES LTD","UGANDA","RENE INDUSTRIES LTD, UGANDA","RENE PHARMACY (R) LTD","2024-07-27","2029-07-26","valid","Rwanda FDA - Registered Pharmaceutical Products July 2026","https://rwandafda.gov.rw/register/monitoring_preview_register"
"1029","Rwanda FDA-HMP-MA-1470","NIPINE-10","NIFEDIPINE BP","10MG","TABLETS","10x10 Tablets","36 Months","AMBALAL SARABHAI ENTERPRISES LIMITED","INDIA","ASENCE PHARMA PVT. LTD, INDIA","SUN ENTERPRISES LTD","2024-07-27","2029-07-26","valid","Rwanda FDA - Registered Pharmaceutical Products July 2026","https://rwandafda.gov.rw/register/monitoring_preview_register"
"1030","Rwanda FDA-HMP-MA-1498","NOZINAN 100 MG","Levomepromazine maleate acid","100MG","Film Coated Tablets","20 Tablets","24 Months","SANOFI S.P.A.","Italy","Sanofi Aventis Kenya Limited","KIPHARMA LTD","2024-07-27","2029-07-26","valid","Rwanda FDA - Registered Pharmaceutical Products July 2026","https://rwandafda.gov.rw/register/monitoring_preview_register"
"1031","Rwanda FDA-HMP-MA-1455","OMIREN CAPSULES","OMEPRAZOLE BP","20MG","Capsules","10x10 Capsules","24 Months","RENE INDUSTRIES LTD","Uganda","RENE INDUSTRIES LTD, UGANDA","RENE PHARMACY (R) LTD","2024-07-27","2029-07-26","valid","Rwanda FDA - Registered Pharmaceutical Products July 2026","https://rwandafda.gov.rw/register/monitoring_preview_register"
"1032","Rwanda FDA-HMP-MA-1502","OXCIN OPHTHALMIC SOLUTION","MOXIFLOXACIN HYDROCHLORIDE BP","5MG","EYE DROPS","5ml Bottle","24 Months","ATCO Laboratories Limited,","Pakistan","ATCO Laboratories Limited","AFRI HEALTH CARE LIMITED","2024-07-27","2029-07-26","valid","Rwanda FDA - Registered Pharmaceutical Products July 2026","https://rwandafda.gov.rw/register/monitoring_preview_register"
"1033","Rwanda FDA-HMP-MA-1503","OXCIN-D OPHTHALMIC SOLUTION","MOXIFLOXACIN HYDROCHLORIDE BP /DEXAMETHASONE PHOSPHATE","0.5%W/V+0.1%W/V","EYE DROPS","5ml Bottle","24 Months","ATCO Laboratories Limited,","Pakistan","ATCO Laboratories Limited","AFRI HEALTH CARE LIMITED","2024-07-27","2029-07-26","valid","Rwanda FDA - Registered Pharmaceutical Products July 2026","https://rwandafda.gov.rw/register/monitoring_preview_register"
"1034","Rwanda FDA-HMP-MA-1507","PARATAL TABLETS","Paracetamol BP","500 mg","TABLETS","10x10 Tablets and 1000 Tablets","36 Months","LABORATORY & ALLIED LIMITED","KENYA","LABORATORY & ALLIED LIMITED","Depot Pharmaceutique Le Medical","2024-07-27","2029-07-26","valid","Rwanda FDA - Registered Pharmaceutical Products July 2026","https://rwandafda.gov.rw/register/monitoring_preview_register"
"1035","Rwanda FDA-HMP-MA-1465","PERFALGAN","PARACETAMOL","10MG/ML","Solution for Infusion","12 Vials of 100ML& 50ML","24 Months","BRISTOL-MYERS SQUIBB, S.R.L.","ITALY","BRISTOL-MYERS SQUIBB, S.R.L.","KIPHARMA LTD","2024-07-27","2029-07-26","valid","Rwanda FDA - Registered Pharmaceutical Products July 2026","https://rwandafda.gov.rw/register/monitoring_preview_register"
"1036","Rwanda FDA-HMP-MA-1521","PYLOOCAIN OINTMENT (ANTI HAEMORRHOIDAL OINTMENT),","Betamethasone Valerate BP, Phenylephrine Hydrochloride BP, Lidocaine Hydrochloride BP","0.5 mg, 1 mg, 25 mg","OINTMENT","30g Tubes","36 Months","GALENTIC PHARMA (INDIA) PVT LTD","INDIA","GALENTIC PHARMA (INDIA) PVT LTD","DOLIPHARM LTD","2024-07-27","2029-07-26","valid","Rwanda FDA - Registered Pharmaceutical Products July 2026","https://rwandafda.gov.rw/register/monitoring_preview_register"
"1037","Rwanda FDA-HMP-MA-1456","RACYCLINE EYE OINTMENT.","Tetracycline Hydrochloride BP","Each gram contains: Tetracycline Hydrochloride BP 10mg in sterilized paraffin base.","EYE OINTMENT","1 Tube of 3.5gm","36 Months","LABORATORY & ALLIED LIMITED","KENYA","LABORATORY & ALLIED LIMITED","Depot Pharmaceutique Le Medical","2024-07-27","2029-07-26","valid","Rwanda FDA - Registered Pharmaceutical Products July 2026","https://rwandafda.gov.rw/register/monitoring_preview_register"
"1038","Rwanda FDA-HMP-MA-1505","RHEUMAC GEL","Diclofenac Diethylamine equivalent to 1%w/w Diclofenac Sodium BP","1%w/w","Topical Gel","20g Tube","36 Months","LABORATORY & ALLIED LIMITED","KENYA","LABORATORY & ALLIED LIMITED","Depot Pharmaceutique Le Medical","2024-07-27","2029-07-26","valid","Rwanda FDA - Registered Pharmaceutical Products July 2026","https://rwandafda.gov.rw/register/monitoring_preview_register"
"1039","Rwanda FDA-HMP-MA-1529","SANDIMMUM NEORAL 100MG","CICLOSPORIN","100MG","SOFT GELATIN CAPSULES","","24 Months","CATALENT GERMANY EBERBACH GmbH,","Germany","NVS Kenya Limited","SURGIPHARM (RWANDA) LTD","2024-07-27","2029-07-26","valid","Rwanda FDA - Registered Pharmaceutical Products July 2026","https://rwandafda.gov.rw/register/monitoring_preview_register"
"1040","Rwanda FDA-HMP-MA-1473","SANDIMMUM NEORAL 25MG","CICLOSPORIN","25MG","SOFT GELATIN CAPSULES","30 Capsules","24 Months","CATALENT GERMANY EBERBACH GmbH,","Germany","NVS Kenya Limited","SURGIPHARM (RWANDA) LTD","2024-07-27","2029-07-26","valid","Rwanda FDA - Registered Pharmaceutical Products July 2026","https://rwandafda.gov.rw/register/monitoring_preview_register"
"1041","Rwanda FDA-HMP-MA-1546","SOLIVO 10","LEFLUNOMIDE Ph.Eur","10 MG","TABLETS","3x10 Tablets","24 Months","EMCURE PHARMACEUTICALS LIMITED","INDIA","EMCURE PHARMACEUTICALS LIMITED","ABACUS PHARMA (A) LTD","2024-07-27","2029-07-26","valid","Rwanda FDA - Registered Pharmaceutical Products July 2026","https://rwandafda.gov.rw/register/monitoring_preview_register"
"1042","Rwanda FDA-HMP-MA-1547","SOLIVO-20","LEFLUNOMIDE","20 MG","TABLETS","3x10 Tablets","24 Months","EMCURE PHARMACEUTICALS LIMITED","INDIA","EMCURE PHARMACEUTICALS LIMITED","ABACUS PHARMA (A) LTD","2024-07-27","2029-07-26","valid","Rwanda FDA - Registered Pharmaceutical Products July 2026","https://rwandafda.gov.rw/register/monitoring_preview_register"
"1043","Rwanda FDA-HMP-MA-1528","SPAMOX CAPSULES 500","Amoxicillin Capsules B.P","500MG","Hard Gelatin Capsules","10x10 Capsules","24 Months","SPARSH BIO-TECH PVT.LTD","INDIA","SPARSH BIO-TECH PVT.LTD","ABACUS PHARMA (A) LTD","2024-07-27","2029-07-26","valid","Rwanda FDA - Registered Pharmaceutical Products July 2026","https://rwandafda.gov.rw/register/monitoring_preview_register"
"1044","Rwanda FDA-HMP-MA-1469","STOPKOF- P","DIPHENHYDRAMINE HCL","7.0mg","SYRUP","100ml Bottle","36 months","NATIONAL PHARMACEUTICAL INDUSTRIES CO.(SAOC)","Sultanate of Oman","NATIONAL PHARMACEUTICAL INDUSTRIES CO.(SAOC)","SUN ENTERPRISES LTD","2024-07-27","2029-07-26","valid","Rwanda FDA - Registered Pharmaceutical Products July 2026","https://rwandafda.gov.rw/register/monitoring_preview_register"
"1045","Rwanda FDA-HMP-MA-1499","TROYPOFOL 20 ML","Propofol Injection BP","1% w/v","Emulsion for Injection or infusion","20ml Vial","36 Months","TROIKAA PHARMACEUTICALS LTD","INDIA","TROIKAA PHARMACEUTICALS LTD","ABACUS PHARMA (A) LTD","2024-07-27","2029-07-26","valid","Rwanda FDA - Registered Pharmaceutical Products July 2026","https://rwandafda.gov.rw/register/monitoring_preview_register"
"1046","Rwanda FDA-HMP-MA-1540","ULTRAFLOX-500","CIPROFLOXACIN USP","500 mg","Film Coated Tablets","10x10 Tablets and 500 Tablets","36 Months","BAL PHARMA LIMITED","INDIA","BAL PHARMA LIMITED","SUN ENTERPRISES LTD","2024-07-27","2029-07-26","valid","Rwanda FDA - Registered Pharmaceutical Products July 2026","https://rwandafda.gov.rw/register/monitoring_preview_register"
"1047","Rwanda FDA-HMP-MA-1500","UROKA PLUS","Dutasteride and Tamsulosin","0.5mg & 0.4 mg","Hard Gelatin Capsules","5x6 Capsules","36 Months","SAG MANUFACTURING, S.L.U,","Spain","MEGA LIFESCIENCES PUBLIC COMPANY LIMITED","ABACUS PHARMA (A) LTD","2024-07-27","2029-07-26","valid","Rwanda FDA - Registered Pharmaceutical Products July 2026","https://rwandafda.gov.rw/register/monitoring_preview_register"
"1048","Rwanda FDA-HMP-MA-1537","WOMNIL SUSPENSION","ALBENDAZOLE BP","200MG/5ML","SUSPENSION","10ml Bottle","36 Months","DAWA LIMITED","KENYA","DAWA LIMITED","SUN ENTEPRISES LTD","2024-07-27","2029-07-26","valid","Rwanda FDA - Registered Pharmaceutical Products July 2026","https://rwandafda.gov.rw/register/monitoring_preview_register"
"1049","Rwanda FDA-HMP-MA-1513","ZEE-1","LEVONORGESTREL BP","1.5MG","TABLET","1X1 TABLET","36 Months","CORONA REMEDIES PRIVATE LIMITED","INDIA","CORONA REMEDIES PRIVATE LIMITED","SUN ENTERPRISES LTD","2024-07-27","2029-07-26","valid","Rwanda FDA - Registered Pharmaceutical Products July 2026","https://rwandafda.gov.rw/register/monitoring_preview_register"
"1050","Rwanda FDA-HMP-MA-1524","ZENSALBU NEBULES 2.5","SALBUTAMOL SULFATE 2.5MG/2.5ML","2.5MG/2.5ML","Solution for inhalation via a nebulizer","10, 20, 50 plastic ampoules of 2.5ml","36 Months","HA NOI CPC1 PHARMACEUTICAL JOINT STOCK COMPANY","Vietnam","AFRIPHARMA LTD","AFRIPHARM LTD","2024-07-27","2029-07-26","valid","Rwanda FDA - Registered Pharmaceutical Products July 2026","https://rwandafda.gov.rw/register/monitoring_preview_register"
"1051","Rwanda FDA-HMP-MA-1530","ASPIRIN CARDIO 100MG","ACETYLSALICYLIC ACID","10MG","Film Coated Tablets","3x10 Tablets","36 Months","BAYER AG","Germany","Bayer (Switzerland) AG","SURGIPHARM (RWANDA) LTD","2024-07-24","2029-07-26","valid","Rwanda FDA - Registered Pharmaceutical Products July 2026","https://rwandafda.gov.rw/register/monitoring_preview_register"
"1052","Rwanda FDA-HMP-MA-1462","AMOLAB-5 TABLETS","Amlodipine Besilate PB equivalent to Amlodipine 5mg","5mg","Tablets","3x10 and 10x10 Tablets","36 Months","LABORATORY & ALLIED LIMITED.","KENYA","LABORATORY & ALLIED LIMITED","DEPOT PHARMACEUTIQUE LE MEDICAL","2024-07-20","2029-07-19","valid","Rwanda FDA - Registered Pharmaceutical Products July 2026","https://rwandafda.gov.rw/register/monitoring_preview_register"
"1053","Rwanda FDA-HMP-MA-1459","ASPIRIN 300MG TABLETS","Aspirin BP 300mg","300g","Tablets","20x10 tablets and 1000 tablets","36 Months","LABORATORY & ALLIED LIMITED.","KENYA","LABORATORY & ALLIED LIMITED","DEPOT PHARMACEUTIQUE LE MEDICAL","2024-07-20","2029-07-19","valid","Rwanda FDA - Registered Pharmaceutical Products July 2026","https://rwandafda.gov.rw/register/monitoring_preview_register"
"1054","Rwanda FDA-HMP-MA-1488","BENZOSED, 5ML","Midazolam BP 1mg/ml","1mg/ml","Solution for injection","1 Vial of 5ml","24 Months","TROIKAA PHARMACEUTICALS LTD,","INDIA","TROIKAA PHARMACEUTICALS LTD, INDIA","ABACUS PHARMA (A) LTD","2024-07-20","2029-07-19","valid","Rwanda FDA - Registered Pharmaceutical Products July 2026","https://rwandafda.gov.rw/register/monitoring_preview_register"
"1055","Rwanda FDA-HMP-MA-1480","BOSUTINIB PFIZER 500 MG","Bosutinib monohydrate 516.98 mg equivalent to Bosutinib 500 mg","500 mg","Film Coated Tablets","27 Tablets","48 Months","PFIZER MANUFACTURING DEUTSCHLAND GmbH,","GERMANY","PFIZER LIMITED, UNITED KINGDOM","WESSEX PHARMACEUTICALS (RWANDA) LTD","2024-07-20","2029-07-19","valid","Rwanda FDA - Registered Pharmaceutical Products July 2026","https://rwandafda.gov.rw/register/monitoring_preview_register"
"1056","Rwanda FDA-HMP-MA-1487","CETRIREN TABLETS","Cetirizine Hydrochloride BP 10mg","10mg","Film Coated Tablets","10 x10 tablets","24 Months","RENE INDUSTRIES LTD,","UGANDA","RENE INDUSTRIES LTD, UGANDA","RENE PHARMACY (R) LTD","2024-07-20","2029-07-19","valid","Rwanda FDA - Registered Pharmaceutical Products July 2026","https://rwandafda.gov.rw/register/monitoring_preview_register"
"1057","Rwanda FDA-HMP-MA-1461","CHLORPROMAZINE 100MG TABLETS","Chlorpromazine Hydrochloride 100mg","100mg","Film Coated Tablets","10x10 Tablets","24 Months","LABORATORY & ALLIED LIMITED.","KENYA","LABORATORY & ALLIED LIMITED","DEPOT PHARMACEUTIQUE LE MEDICAL","2024-07-20","2029-07-19","valid","Rwanda FDA - Registered Pharmaceutical Products July 2026","https://rwandafda.gov.rw/register/monitoring_preview_register"
"1058","Rwanda FDA-HMP-MA-1440","COTRIZIM-480","Trimethoprim 80mg & Sulfamethoxazole 400mg tablet","80mg & 400mg","Uncoated Tablets","1000 Tablets","36 Months","ZIM LABORATORIES LIMITED,","INDIA","ZIM LABORATORIES LIMITED, INDIA","SUN ENTERPRISES LTD","2024-07-20","2029-07-19","valid","Rwanda FDA - Registered Pharmaceutical Products July 2026","https://rwandafda.gov.rw/register/monitoring_preview_register"
"1059","Rwanda FDA-HMP-MA-1481","CRISABOROLE PFIZER 2%","Crisaborole 20mg/g","20mg/g","Ointment","30g, 60g or 100g tubes","24 Months","PHARMACIA & UPJOHN COMPANY LLC,","UNITED STATES (USA)","PFIZER LABORATORIES LIMITED, KENYA","WESSEX PHARMACEUTICALS (RWANDA) LTD","2024-07-20","2029-07-19","valid","Rwanda FDA - Registered Pharmaceutical Products July 2026","https://rwandafda.gov.rw/register/monitoring_preview_register"
"1060","Rwanda FDA-HMP-MA-1479","DAPAVELDACTIN 5MG","Dapagliflozin 5mg","5mg","Film Coated Tablets","4x7 Tablets","24 Months","LIPTIS FOR PHARMACEUTICALS,","EGYPT","LIPTIS FOR PHARMACEUTICAL AND MEDICAL PRODUCTS (S.A.E)","GOODMAN INTERNATIONAL LTD (R)","2024-07-20","2029-07-19","valid","Rwanda FDA - Registered Pharmaceutical Products July 2026","https://rwandafda.gov.rw/register/monitoring_preview_register"
"1061","Rwanda FDA-HMP-MA-1441","DAWACLOX-250","Cloxacillin (as sodium) BP 250mg","250mg","Hard gelatin capsules","","36 Months","DAWA LIMITED,","KENYA","DAWA LIMITED","SUN ENTERPRISES LTD","2024-07-20","2029-07-19","valid","Rwanda FDA - Registered Pharmaceutical Products July 2026","https://rwandafda.gov.rw/register/monitoring_preview_register"
"1062","Rwanda FDA-HMP-MA-1435","DEEP HEAT SPRAY","Methyl salicylate 1% w/w, Ethyl salicylate 5% w/w, 2-hydroxyethylsalicylate 5% w/w and methyl nicotinate 1.6% w/w","1% w/w, 5% w/w, 5% w/w and 1.6% w/w","Aerosol topical spray","150 ml (100g) x1 Container","36 Months","COLEP LAUPHEIM Gmbh & Co. KG","GERMANY","THE MENTHOLATUM COMPANY LIMITED","SUN ENTERPRISES LTD","2024-07-20","2029-07-19","valid","Rwanda FDA - Registered Pharmaceutical Products July 2026","https://rwandafda.gov.rw/register/monitoring_preview_register"
"1063","Rwanda FDA-HMP-MA-1432","DIGOXIN INJECTION BP","Digoxin BP 0.25 mg/ml","0.25 mg/ml","Solution for injection","5 Ampouls of 2 ml","36 Months","CIRON DRUGS AND PHARMACEUTICALS PVT. LTD,","INDIA","CIRON DRUGS & PHARMACEUTICALS PVT. LTD","RENE PHARMACY (R) LTD","2024-07-20","2029-07-19","valid","Rwanda FDA - Registered Pharmaceutical Products July 2026","https://rwandafda.gov.rw/register/monitoring_preview_register"
"1064","Rwanda FDA-HMP-MA-1458","DNS","Sodium Chloride 0.9% w/v and Anhydrous Glucose 5.0% w/v","0.9% w/v and 5.0% w/v","Solution for Intravenous (IV) Infusion","250mL and 500 mL Bottles","36 Months","ABACUS PARENTERAL DRUGS LTD (APDL),","UGANDA","ABACUS PARENTERAL DRUGS LTD (APDL)","ABACUS PHARMA (A) LTD","2024-07-20","2029-07-19","valid","Rwanda FDA - Registered Pharmaceutical Products July 2026","https://rwandafda.gov.rw/register/monitoring_preview_register"
"1065","Rwanda FDA-HMP-MA-1437","EMPAGLIFLOZIN AND METFORMIN HYDROCHLORIDE","Empagliflozin 5mg/ Metformin Hydrochloride 1000mg","5mg/ 1000mg","Film Coated Tablets","60 Tablets","24 Months","CIPLA LIMITED,","INDIA","CIPLA LTD, INDIA","KIPHARMA LTD","2024-07-20","2029-07-19","valid","Rwanda FDA - Registered Pharmaceutical Products July 2026","https://rwandafda.gov.rw/register/monitoring_preview_register"
"1066","Rwanda FDA-HMP-MA-1438","EMPAGLIFLOZIN AND METFORMIN HYDROCHLORIDE","Empagliflozin 25mg/ Metformin Hydrochloride 1000mg","25mg/ 1000mg","Film Coated Tablets","30 Tablets","24 Months","CIPLA LIMITED,","INDIA","CIPLA LTD, INDIA","KIPHARMA LTD","2024-07-20","2029-07-19","valid","Rwanda FDA - Registered Pharmaceutical Products July 2026","https://rwandafda.gov.rw/register/monitoring_preview_register"
"1067","Rwanda FDA-HMP-MA-1483","EROSTINE SUSPENSION","Ebastine 5mg/5ml","5mg/5ml","Suspension","60ml Bottle","24 Months","MICRO LABS LIMITED,","INDIA","MICRO LABS LIMITED, INDIA","WESSEX PHARMACEUTICALS (RWANDA) LTD","2024-07-20","2029-07-19","valid","Rwanda FDA - Registered Pharmaceutical Products July 2026","https://rwandafda.gov.rw/register/monitoring_preview_register"
"1068","Rwanda FDA-HMP-MA-1482","ESLOTIN 2.5MG/ML SYRUP","Desloratidine 2.5mg/ml","2.5mg/ml","Syrup","100ml Bottle","36 Months","","TURKEY","","GOODMAN INTERNATIONAL LTD (R)","2024-07-20","2029-07-19","valid","Rwanda FDA - Registered Pharmaceutical Products July 2026","https://rwandafda.gov.rw/register/monitoring_preview_register"
"1069","Rwanda FDA-HMP-MA-1445","FLUTROX-150","Fluconazole 150mg","150mg","Hard Gelatin Capsules","1 Capsule","36 Months","UNIVERSAL CORPORATION LIMITED.","KENYA","UNIVERSAL CORPORATION LIMITED, KENYA","SUN ENTERPRISES LTD","2024-07-20","2029-07-19","valid","Rwanda FDA - Registered Pharmaceutical Products July 2026","https://rwandafda.gov.rw/register/monitoring_preview_register"
"1070","Rwanda FDA-HMP-MA-1444","FLUTROX-200","Fluconazole 200mg","200mg","Hard Gelatin Capsules","10 Capsules","36 Months","UNIVERSAL CORPORATION LIMITED.","KENYA","UNIVERSAL CORPORATION LIMITED, KENYA","SUN ENTERPRISES LTD","2024-07-20","2029-07-19","valid","Rwanda FDA - Registered Pharmaceutical Products July 2026","https://rwandafda.gov.rw/register/monitoring_preview_register"
"1071","Rwanda FDA-HMP-MA-1448","FUNBACT-A CREAM","Clotrimazole USP 1.0% w/w, Betamethasone dipropionate USP equivalent to betamethasone 0.05% w/w, Neomycin sulphate USP 0.5%w/w","1.0% w/w, 0.05% w/w, 0.5%w/w","Aqueous cream","30gm Tubes","36 Months","BLISS GVS PHARMA LTD.,","INDIA","BLISS GVS PHARMA LTD, INDIA","SURYA DEPOT PHARMACY LTD","2024-07-20","2029-07-19","valid","Rwanda FDA - Registered Pharmaceutical Products July 2026","https://rwandafda.gov.rw/register/monitoring_preview_register"
"1072","Rwanda FDA-HMP-MA-1486","IBUFLAM 400MG TABLETS","Ibuprofen 400mg","400mg","Film Coated Tablets","10 x10 tablets","36 Months","BIODEAL LABORATORIES LTD,","KENYA","BIODEAL LABORATORIES LTD","CAPITAL PHARMACEUTICALS SUPPLIES LTD","2024-07-20","2029-07-19","valid","Rwanda FDA - Registered Pharmaceutical Products July 2026","https://rwandafda.gov.rw/register/monitoring_preview_register"
"1073","Rwanda FDA-HMP-MA-1489","IRBESARTAN IMPACT 150 MG","Irbesartan 150mg","150mg","Film Coated Tablets","28 Tablets","36 Months","SANOFI WINTHROP INDUSTRIE,","FRANCE","SANOFI-AVENTIS SOUTH AFRICA (PTY) LTD","KIPHARMA LTD","2024-07-20","2029-07-19","valid","Rwanda FDA - Registered Pharmaceutical Products July 2026","https://rwandafda.gov.rw/register/monitoring_preview_register"
"1074","Rwanda FDA-HMP-MA-1463","IRBESARTAN/HYDROCHLOROTHIAZIDE IMPACT 300 MG/12.5 MG FILM-COATED TABLETS","Irbesartan 300 mg and Hydrochlorothiazide 12,5 mg","300 mg and 12,5 mg","Film Coated Tablets","28 Tablets","36 Months","TROIKAA PHARMACEUTICALS LTD,","INDIA","TROIKAA PHARMACEUTICALS LTD, INDIA","ABACUS PHARMA (A) LTD","2024-07-20","2029-07-19","valid","Rwanda FDA - Registered Pharmaceutical Products July 2026","https://rwandafda.gov.rw/register/monitoring_preview_register"
"1075","Rwanda FDA-HMP-MA-1460","LAEOTARIN CREAM","Miconazole Nitrate IP/BP 2% w/w","2% w/w","Cream","15g","36 Months","LABORATORY & ALLIED LIMITED.","KENYA","LABORATORY & ALLIED LIMITED","DEPOT PHARMACEUTIQUE LE MEDICAL","2024-07-20","2029-07-19","valid","Rwanda FDA - Registered Pharmaceutical Products July 2026","https://rwandafda.gov.rw/register/monitoring_preview_register"
"1076","Rwanda FDA-HMP-MA-1446","LEQVIOTM SOLUTION FOR INJECTION","Each pre-filled syringe contains 1.5 mL of solution containing 284 mg inclisiran (equivalent to 300 mg inclisiran sodium)","300mg/1.5ml","Solution for injection","1 pre-filled syringe contains 1.5 mL","24 Months","SANDOZ GmbH,","AUSTRIA","NOVARTIS OVERSEES INVESTMENT","SURGIPHARM (RWANDA) LIMITED","2024-07-20","2029-07-19","valid","Rwanda FDA - Registered Pharmaceutical Products July 2026","https://rwandafda.gov.rw/register/monitoring_preview_register"
"1077","Rwanda FDA-HMP-MA-1423","LIDOCAINE HYDROCHLORIDE INJECTION","Lidocaine Hydrochloride USP 20mg/ml","20mg/ml","Solution for injection","1 vial of 20 ml","36 Months","CIRON DRUGS AND PHARMACEUTICALS PVT. LTD,","INDIA","CIRON DRUGS & PHARMACEUTICALS PVT. LTD","RENE PHARMACY (R) LTD","2024-07-20","2029-07-19","valid","Rwanda FDA - Registered Pharmaceutical Products July 2026","https://rwandafda.gov.rw/register/monitoring_preview_register"
"1078","Rwanda FDA-HMP-MA-1434","MOXVID-500","Amoxicillin Trihydrate USP 500mg","500mg","Hard gelatin capsules","l0 x l0 Capsules","36 Months","SCOTT-EDIL ADVANCE RESEARCH LABORATORIES & EDUCATION LTD,","INDIA","SCOTT- EDIT ADVANCE RESEARCH LABORATORIES & EDUCATION LTD","ESCORTS PHARMACEUTICALS (RWANDA) LIMITED","2024-07-20","2029-07-19","valid","Rwanda FDA - Registered Pharmaceutical Products July 2026","https://rwandafda.gov.rw/register/monitoring_preview_register"
"1079","Rwanda FDA-HMP-MA-1436","NERVILIN-NT","Pregabalin 75 mg and Nortriptyline 10 mg","75 mg and 10 mg","Film Coated Tablets","3 X 10 Tablets","24 Months","DAWA LIMITED,","KENYA","DAWA LIMITED","SUN ENTERPRISES LTD","2024-07-20","2029-07-19","valid","Rwanda FDA - Registered Pharmaceutical Products July 2026","https://rwandafda.gov.rw/register/monitoring_preview_register"
"1080","Rwanda FDA-HMP-MA-1484","NOVAMENTIN-625","Amoxicillin Trihydrate USP 500 mg & Diluted Clavulanate Potassium BP 125mg","500 mg & 125mg","Film Coated Tablets","2x10 Tablets","24 Months","SCOTT-EDIL ADVANCE RESEARCH LABORATORIES & EDUCATION LIMITED,","INDIA","SCOTT-EDIL ADVANCE RESEARCH LABORATORIES & EDUCATION LIMITED, INDIA","SUN ENTERPRISES LTD","2024-07-20","2029-07-19","valid","Rwanda FDA - Registered Pharmaceutical Products July 2026","https://rwandafda.gov.rw/register/monitoring_preview_register"
"1081","Rwanda FDA-HMP-MA-1433","ORCHAZID OPHTHALMIC SOLUTION","Ketotifen 0.25mg/ml","0.25mg/ml","Ophthalmic Solution","5 ml Bottle","24 Months","ORCHIDIA PHARMACEUTICAL INDUSTRIES,","EGYPT","ORCHIDIA PHARMACEUTICALS","ETS CONTINENTAL DEPOT","2024-07-20","2029-07-19","valid","Rwanda FDA - Registered Pharmaceutical Products July 2026","https://rwandafda.gov.rw/register/monitoring_preview_register"
"1082","Rwanda FDA-HMP-MA-1485","OSMOWIN","Each 15 ml contains Lactulose concentrate USP equivalent to lactulose 10 g","10 g/15ml","Syrup","100ml and 200ml Bottles","24 Months","G.S. PHARMBUTOR PVT. LTD.,","INDIA","WIN-MEDICARE PVT. LTD, INDIA","SURGIPHARM (RWANDA) LIMITED","2024-07-20","2029-07-19","valid","Rwanda FDA - Registered Pharmaceutical Products July 2026","https://rwandafda.gov.rw/register/monitoring_preview_register"
"1083","Rwanda FDA-HMP-MA-1443","PARACETAMOL-500","Paracetamol BP 500mg","500mg","Uncoated Tablets","10x10 Tablets","36 Months","MERIT ORGANICS LTD,","INDIA","MERIT ORGANICS LTD, INDIA","SUN ENTERPRISES LTD","2024-07-20","2029-07-19","valid","Rwanda FDA - Registered Pharmaceutical Products July 2026","https://rwandafda.gov.rw/register/monitoring_preview_register"
"1084","Rwanda FDA-HMP-MA-1450","PIRITON EXPECTORANT SYRUP","Each 5ml of syrup conatins Chlorpheniramine Maleate 4mg &Ammonium Chloride 200mg","4mg & 200mg/5ml","Syrup","100ml Bottle","36 Months","GlaxoSmithKline Ltd,","KENYA","GLAXOSMITHKLINE LIMITED","KIPHARMA LTD","2024-07-20","2029-07-19","valid","Rwanda FDA - Registered Pharmaceutical Products July 2026","https://rwandafda.gov.rw/register/monitoring_preview_register"
"1085","Rwanda FDA-HMP-MA-1449","POSITON CREAM","Triamcinolone acetonide 1 mg/g, Neomycin sulphate 2.5 mg/g, Nystatin 100,000 I.U./g","1 mg/g, 2.5 mg/g, 100,000 I.U./g","Cream","30gm Tubes","36 Months","","PORTUGAL","FAES FARMA, S.A, SPAIN","GOMHS LTD","2024-07-20","2029-07-19","valid","Rwanda FDA - Registered Pharmaceutical Products July 2026","https://rwandafda.gov.rw/register/monitoring_preview_register"
"1086","Rwanda FDA-HMP-MA-1442","RAYZIUM-20","Esomeprazole Magnesium Trihydrate USP 20mg","20mg","Enteric coated tablets","3x10 Tablets","36 Months","BIODEAL LABORATORIES LTD,","KENYA","BIODEAL LABORATORIES LTD","CAPITAL PHARMACEUTICALS SUPPLIES LTD","2024-07-20","2029-07-19","valid","Rwanda FDA - Registered Pharmaceutical Products July 2026","https://rwandafda.gov.rw/register/monitoring_preview_register"
"1087","Rwanda FDA-HMP-MA-1447","RIFAPENTINE TABLETS 300 MG","Rifapentine 300mg","300mg","Film coated Tablets","3x10 Tablets","24 Months","MACLEODS PHARMACEUTICALS LIMITED,","INDIA","MACLEODS PHARMACEUTICALS LIMITED","AIVEEN RWANDA LTD","2024-07-20","2029-07-19","valid","Rwanda FDA - Registered Pharmaceutical Products July 2026","https://rwandafda.gov.rw/register/monitoring_preview_register"
"1088","Rwanda FDA-HMP-MA-1490","SEKALGIC TABLET","Ibuprofen 400 mg, Paracetamol 500 mg and Caffeine (Anhydrous) 30 mg","400 mg, 500 mg and 30 mg","Uncoated Tablets","1x12 tablets","36 Months","BAROQUE PHARMACEUTICALS PVT, LTD,","INDIA","BEKRA PHARMA UK LTD","UBIPHARM-RWANDA LTD","2024-07-20","2029-07-19","valid","Rwanda FDA - Registered Pharmaceutical Products July 2026","https://rwandafda.gov.rw/register/monitoring_preview_register"
"1089","Rwanda FDA-HMP-MA-1478","SIMBRINZA EYE DROPS, SUSPENSION","1 mL of suspension contains 10 mg of brinzolamide and 2 mg of brimonidine tartrate equivalent to 1.3 mg of brimonidine","10mg and 2mg/ml","Eye drops","1 or 3 bottles of 5 mL","24 Months","ALCON-COUVREUR NV,","BELGIUM","NVS KENYA LIMITED","SURGIPHARM (RWANDA) LIMITED","2024-07-20","2029-07-19","valid","Rwanda FDA - Registered Pharmaceutical Products July 2026","https://rwandafda.gov.rw/register/monitoring_preview_register"
"1090","Rwanda FDA-HMP-MA-1439","SKDERM CREAM","Betamethasone Dipropionate USP 0.05% w/w Clotrimazole BP 1.0% w/w and Gentamicin Sulfate BP 0.1% w/w","0.05% w/w 1.0% w/w and 0.1% w/w","Cream","15 g Tubes","36 Months","S.KANT HEALTHCARE LIMITED.","INDIA","S KANT HEALTHCARE LTD, INDIA","ABACUS PHARMA(A) LTD","2024-07-20","2029-07-19","valid","Rwanda FDA - Registered Pharmaceutical Products July 2026","https://rwandafda.gov.rw/register/monitoring_preview_register"
"1091","Rwanda FDA-HMP-MA-1457","XALME SPAS","Mephenamic Acid BP 250mg and Dicyclomino Hydrochloride USP 10mg","250mg and 10mg","Tablets","10 tablets","36 Months","BLISS GVS PHARMA LTD.","INDIA","BLISS GVS PHARMA LTD","SUN ENTERPRISES LTD","2024-07-20","2029-07-19","valid","Rwanda FDA - Registered Pharmaceutical Products July 2026","https://rwandafda.gov.rw/register/monitoring_preview_register"
"1092","Rwanda FDA-HMP-MA-1399","AGO-CPM","Chlorphenamine Maleate BP 2mg/5ml","2mg/5ml","Syrup","60ml Bottle","36 Months","AGOG PHARMA LTD,","INDIA","AGOG PHARMA LTD","SUN ENTERPRISES LTD","2024-07-18","2029-07-17","valid","Rwanda FDA - Registered Pharmaceutical Products July 2026","https://rwandafda.gov.rw/register/monitoring_preview_register"
"1093","Rwanda FDA-HBP-MA-0134","ALVEOFACT-108","","108 mg/ml","Powder and solvent for suspension","1 glass vial","36 Months","BAG HEALTH CARE GmbH,","GERMANY","BAG HEALTH CARE GmbH, India","PHILLIPS PHARMACEUTICALS (RWANDA) LTD","2024-07-18","2029-07-17","valid","Rwanda FDA - Registered Pharmaceutical Products July 2026","https://rwandafda.gov.rw/register/monitoring_preview_register"
"1094","Rwanda FDA-HBP-MA-0133","ALVEOFACT-54","","54 mg/ml","Powder and solvent for suspension","1 glass vial","36 Months","BAG HEALTH CARE GmbH,","GERMANY","BHARAT SERUMS & VACCINES LTD, INDIA","PHILLIPS PHARMACEUTICALS (RWANDA) LTD","2024-07-18","2029-07-17","valid","Rwanda FDA - Registered Pharmaceutical Products July 2026","https://rwandafda.gov.rw/register/monitoring_preview_register"
"1095","Rwanda FDA-HMP-MA- 1427","AMLOZAAR-H","Amlodipine 50 mg, Losartan Potassium 50 mg, Hydrochlorothiazide 12.5 mg","50 mg, 50 mg, 12.5 mg","Film-coated tablets","3x10 Tablets","24 Months","MICRO LABS LIMITED,","INDIA","MICRO LABS LIMITED","WESSEX PHARMACEUTICALS (RWANDA) LTD","2024-07-18","2029-07-17","valid","Rwanda FDA - Registered Pharmaceutical Products July 2026","https://rwandafda.gov.rw/register/monitoring_preview_register"
"1096","Rwanda FDA-HMP-MA-1419","AMOXIMED","Amoxicillin 250 mg capsules","250 mg","Hard capsules","10x10 capsules","36 Months","CSPC ZHONGNUO PHARMACEUTICAL (SHIJIAZHUANG) CO., LTD.","CHINA","MEDISEL (K) LTD","SUN ENTERPRISES LTD","2024-07-18","2029-07-17","valid","Rwanda FDA - Registered Pharmaceutical Products July 2026","https://rwandafda.gov.rw/register/monitoring_preview_register"
"1097","Rwanda FDA-HMP-MA-1420","BETADINE ANTISEPTIC CREAM 5%","Povidone Iodine 5%","0.05","Topical Cream","10 g and 20 g","24 Months","G.S. PHARMBUTOR PVT. LTD,","INDIA","MODI-MUNDIPHARMA PRIVATE LIMITED","SURGIPHARM (RWANDA) LIMITED","2024-07-18","2029-07-17","valid","Rwanda FDA - Registered Pharmaceutical Products July 2026","https://rwandafda.gov.rw/register/monitoring_preview_register"
"1098","Rwanda FDA-HMP-MA-1421","BETADINE STANDARDISED MICROBICIDAL SOLUTION 5%","Povidone-Iodine USP 5% w/v","5% w/v","Aqueous Topical Solution","50 ml & 100 ml and 500 ml bottles","24 Months","G.S. PHARMBUTOR PVT. LTD,","INDIA","MODI-MUNDIPHARMA PRIVATE LIMITED","SURGIPHARM (RWANDA) LIMITED","2024-07-18","2029-07-17","valid","Rwanda FDA - Registered Pharmaceutical Products July 2026","https://rwandafda.gov.rw/register/monitoring_preview_register"
"1099","Rwanda FDA-HMP-MA-1400","CALOSHELL-500 COATED TABLETS","Calcium Carbonate from an organic source (Oyster shell)1250mg equivalent to Elemental Calcium 500mg & Colecalciferol BP (Vitamin D 250 IU/mg)","500mg","Tablets","10x10 Tablets","24 Months","EMCURE PHARMACEUTICALS LIMITED,","INDIA","EMCURE PHARMACEUTICALS LIMITED","BION PHARMA GROUP LIMITED","2024-07-18","2029-07-17","valid","Rwanda FDA - Registered Pharmaceutical Products July 2026","https://rwandafda.gov.rw/register/monitoring_preview_register"
"1100","Rwanda FDA-HMP-MA-1410","CANDIVOR","Voriconazole Ph, Eur. 200 mg/vial","200 mg/vial","Injection","1 x 30 ml single Vail","24 Months","ASPIRO PHARMA LIMITED,","INDIA","ASPIRO PHARMA LIMITED","SUN ENTERPRISES LTD","2024-07-18","2029-07-17","valid","Rwanda FDA - Registered Pharmaceutical Products July 2026","https://rwandafda.gov.rw/register/monitoring_preview_register"
"1101","Rwanda FDA-HMP-MA-1401","CO-MICARDIS 80/12.5MG TABLETS","Telmisartan 80 mg + Hydrochlorothiazide 12.5mg","80 mg + 12.5mg","Tablets","7 or 10 tablets","36 Months","BOEHRINGER INGELHEIM,","GREECE","BOEHRINGER INGELHEIM INTERNATIONAL GMBH, GERMANY","SURGIPHARM (RWANDA) LIMITED","2024-07-18","2029-07-17","valid","Rwanda FDA - Registered Pharmaceutical Products July 2026","https://rwandafda.gov.rw/register/monitoring_preview_register"
"1102","Rwanda FDA-HMP-MA-1406","DAPAVELDACTIN 10MG","Dapagliflozin 10 mg","10 mg","Film Coated Tablets","4 X 10 Tablets","24 Months","LIPTIS FOR PHARMACEUTICALS AND MEDICAL PRODUCTS,","EGYPT","LIPTIS FOR PHARMACEUTICAL AND MEDICAL PRODUCTS (S.A.E)","GOODMAN INTERNATIONAL LTD (R)","2024-07-18","2029-07-17","valid","Rwanda FDA - Registered Pharmaceutical Products July 2026","https://rwandafda.gov.rw/register/monitoring_preview_register"
"1103","Rwanda FDA-HMP-MA-1408","EMPAGLIFLOZIN AND METFORMIN HYDROCHLORIDE 10MG/1000MG","Empagliflozin and Metformin Hydrochloride, 10 mg/1000","10mg/1000mg","Film coated extendedrelease tablet","30 Tablets","24 Months","CIPLA LTD,","INDIA","CIPLA LTD","PHILLIPS PHARMACEUTICALS (RWANDA) LTD","2024-07-18","2029-07-17","valid","Rwanda FDA - Registered Pharmaceutical Products July 2026","https://rwandafda.gov.rw/register/monitoring_preview_register"
"1104","Rwanda FDA-HMP-MA-1656","ERLOCIP 25","Erlotinib Hydrochloride, 25 mg","25 mg","Film coated tablets","10 Tablets","24 Months","CIPLA LIMITED,","INDIA","CIPLA LIMITED","PHILLIPS PHARMACEUTICALS (RWANDA) LTD","2024-07-18","2029-07-17","valid","Rwanda FDA - Registered Pharmaceutical Products July 2026","https://rwandafda.gov.rw/register/monitoring_preview_register"
"1105","Rwanda FDA-HMP-MA-1405","FRESENIUS PROPOVEN 1 % (20ML)","Each ml emulsion contains 10 mg propofol","10mg/ml","Emulsion for injection or infusion","10 glass ampoules with 20 ml emulsion","36 Months","FRESENIUS KABI AB,","SWEDEN","FRESENIUS KABI SOUTH AFRICA (PTY) LIMITED, SOUTH AFRICA","SURGIPHARM (RWANDA) LIMITED","2024-07-18","2029-07-17","valid","Rwanda FDA - Registered Pharmaceutical Products July 2026","https://rwandafda.gov.rw/register/monitoring_preview_register"
"1106","Rwanda FDA-HMP-MA-1415","KLOVINAL","Metronidazole, Clotrimazole and Lactobacillus spores 500 mg/100 mg/150 million spores","500 mg/100 mg/150 million spores","Pessaries","6 Pessaries","24 Months","BLISS GVS PHARMA LIMITED,","INDIA","BLISS GVS PHARMA LTD","SURYA DEPOT PHARMACY LTD","2024-07-18","2029-07-17","valid","Rwanda FDA - Registered Pharmaceutical Products July 2026","https://rwandafda.gov.rw/register/monitoring_preview_register"
"1107","Rwanda FDA-HMP-MA-1402","LASTAVIN AM 10/160","Amlodipine 10 mg, Valsartan 160 mg","10 mg, 160 mg","Film Coated Tablets","3x10 Tablets","30 Months","AJANTA PHARMA LIMITED,","INDIA","AJANTA PHARMA LIMITED, INDIA","ABACUS PHARMA (A) LTD","2024-07-18","2029-07-17","valid","Rwanda FDA - Registered Pharmaceutical Products July 2026","https://rwandafda.gov.rw/register/monitoring_preview_register"
"1108","Rwanda FDA-HMP-MA-1431","LORI","Diazepam BP 5mg/ml","5mg/ml","Liquid injection","2ml ampoules","36 Months","M/S. NEON LABORATORIES LIMITED,","INDIA","M/S NEOM LABORATORIES LIMITED, INDIA","SUN ENTERPRISES LTD","2024-07-18","2029-07-17","valid","Rwanda FDA - Registered Pharmaceutical Products July 2026","https://rwandafda.gov.rw/register/monitoring_preview_register"
"1109","Rwanda FDA-HMP-MA-1403","LOTEM SUSPENSION","Ibuprofen 200mg and Paracetamol 250mg per 10 ml","200mg and 250mg per 10ml","Suspension","100ml and 200ml Bottles","24 Months","ADCOCK INGRAM HEALTHCARE (PTY) LIMITED,","SOUTH AFRICA","ADCOCK INGRAM LIMITED (MIDRAND)","SURGIPHARM (RWANDA) LIMITED","2024-07-18","2029-07-17","valid","Rwanda FDA - Registered Pharmaceutical Products July 2026","https://rwandafda.gov.rw/register/monitoring_preview_register"
"1110","Rwanda FDA-HMP-MA-1404","MARCAINE SPINAL 0.5% HEAVY AMPS","Bupivacaine Hydrochloride 5mg/ml","5mg/ml","Solution for Injection","4 ml solution filled into 5 ml ampoules","36 Months","BETA HEALTHCARE INTERNATIONAL LTD,","KENYA","BETA HEALTHCARE INTERNATIONAL LTD","SURGIPHARM (RWANDA) LIMITED","2024-07-18","2029-07-17","valid","Rwanda FDA - Registered Pharmaceutical Products July 2026","https://rwandafda.gov.rw/register/monitoring_preview_register"
"1111","Rwanda FDA-HMP-MA-1413","","Mefenamic Acid BP 500 mg","500 mg","Tablets","10, 20 Tablets per strip","48 Months","BLUE CROSS LABORATORIES PVT LTD,","INDIA","BLUE CROSS LABORATORIES PVT. LTD.","WESSEX PHARMACEUTICALS (RWANDA) LTD","2024-07-18","2029-07-17","valid","Rwanda FDA - Registered Pharmaceutical Products July 2026","https://rwandafda.gov.rw/register/monitoring_preview_register"
"1112","Rwanda FDA-HMP-MA-1418","MICROGYNON 0.03 MG/ 0.15 MG COATED TABLETS","Ethinylestradiol 0.03mg, Levonorgestrel 0.15mg","0.03mg, 0.15mg","Film Coated tablets","3 x 28 tablets","36 Months","BAYER WEIMAR GmbH UND CO.KG","GERMANY","BAYER EAST AFRICA LTD","SURGIPHARM (RWANDA) LIMITED","2024-07-18","2029-07-17","valid","Rwanda FDA - Registered Pharmaceutical Products July 2026","https://rwandafda.gov.rw/register/monitoring_preview_register"
"1113","Rwanda FDA-HMP-MA-1417","MOXACIL DS-250 POWDER FOR ORAL SUSPENSION","Amoxicillin Trihydrate 250mg/5ml","250mg/5ml","Powder for oral Suspension","100ml Bottle","36 Months","DAWA LIMITED,","KENYA","DAWA LIMITED","SUN ENTERPRISES LTD","2024-07-18","2029-07-17","valid","Rwanda FDA - Registered Pharmaceutical Products July 2026","https://rwandafda.gov.rw/register/monitoring_preview_register"
"1114","Rwanda FDA-HMP-MA-1430","NEURO-STONE","Pregabalin BP 75 mg, MecobalaminJP 1500 mcg, Folic acid BP 5mg, Pyridoxine Hydrochloride BP 20mg","75 mg, 1500 mcg, 5mg, 20mg","Film-coated tablets","3x10 Tablets","24 Months","THE MADRAS PHARMACEUTICALS,","INDIA","THE MADRAS PHARMACEUTICALS","DOLIPHARM LTD","2024-07-18","2029-07-17","valid","Rwanda FDA - Registered Pharmaceutical Products July 2026","https://rwandafda.gov.rw/register/monitoring_preview_register"
"1115","Rwanda FDA-HMP-MA-1416","NIPINE-SR 20","Nifedipine USP, 20 mg","20 mg","Sustained Release Tablets","","36 Months","CENTURION LABORATORIES PVT. LTD,","INDIA","ASENCE PHARMA PVT. LTD","SUN ENTERPRISES LTD","2024-07-18","2029-07-17","valid","Rwanda FDA - Registered Pharmaceutical Products July 2026","https://rwandafda.gov.rw/register/monitoring_preview_register"
"1116","Rwanda FDA-HMP-MA- 1426","OXYTOCIN 5 I.U HEXAL","Oxytocin, 5IU/1ml","5 IU/1ml","Solution for Injection","10 ampoules of 1 ml solution","36 Months","SALUTAS PHARMA GmbH,","GERMANY","SANDOZ GmbH, Kundl, Germany","SURGIPHARM (RWANDA) LIMITED","2024-07-18","2029-07-17","valid","Rwanda FDA - Registered Pharmaceutical Products July 2026","https://rwandafda.gov.rw/register/monitoring_preview_register"
"1117","Rwanda FDA-HMP-MA-1394","OZITAS-10","Olanzapine 10 mg tablets","10 mg","Film Coated Tablets","3 X 10 Tablets","24 Months","INTAS PHARMACEUTICALS LIMITED,","INDIA","INTAS PHARMACEUTICALS LIMITED, INDIA","ABACUS PHARMA (A) LTD","2024-07-18","2029-07-17","valid","Rwanda FDA - Registered Pharmaceutical Products July 2026","https://rwandafda.gov.rw/register/monitoring_preview_register"
"1118","Rwanda FDA-HMP-MA-1395","OZITAS-5","Olanzapine 5 mg tablets","5 mg","Film Coated Tablets","3 X 10 Tablets","24 Months","INTAS PHARMACEUTICALS LIMITED,","INDIA","INTAS PHARMACEUTICALS LIMITED, INDIA","ABACUS PHARMA (A) LTD","2024-07-18","2029-07-17","valid","Rwanda FDA - Registered Pharmaceutical Products July 2026","https://rwandafda.gov.rw/register/monitoring_preview_register"
"1119","Rwanda FDA-HMP-MA-1412","PARACETAMOL KABI 10 MG/ML SOLUTION FOR INFUSION","Paracetamol 10 mg/ml.","10 mg/ml","SOLUTION FOR INFUSION","10, 12 or 20 bottles of 50 ml or 100 ml","24 Months","FRESENIUS KABI GERMANY GmbH,","GERMANY","FRESENIUS KABI SOUTH AFRICA (PTY) LIMITED","SURGIPHARM (RWANDA) LIMITED","2024-07-18","2029-07-17","valid","Rwanda FDA - Registered Pharmaceutical Products July 2026","https://rwandafda.gov.rw/register/monitoring_preview_register"
"1120","Rwanda FDA-HMP-MA-1414","PHARMALGAN 100 ML","Paracetamol BP 10 mg/ml","10 mg/ml","Solution for IV infusion","100 ml bottle","24 Months","AMANTA HEALTHCARE LIMITED.","INDIA","PHARMACO DISTRIBUTION (PTY) LTD","KIPHARMA LTD","2024-07-18","2029-07-17","valid","Rwanda FDA - Registered Pharmaceutical Products July 2026","https://rwandafda.gov.rw/register/monitoring_preview_register"
"1121","Rwanda FDA-HMP-MA-1411","PIRONEM","Meropenem Injection 1.0 gm","1.0 gm","Injection","1000mg/vial","24 Months","DAMAIRA EXPORTS,","INDIA","DAMAIRA EXPORTS","AFRIPHARMA LTD","2024-07-18","2029-07-17","valid","Rwanda FDA - Registered Pharmaceutical Products July 2026","https://rwandafda.gov.rw/register/monitoring_preview_register"
"1122","Rwanda FDA-HMP-MA- 1425","PRAZITEL","Praziquantel 600mg","600mg","Film Coated Tablets","10x10 Tablets","36 Months","COSMOS LIMITED,","KENYA","COSMOS LIMITED, KENYA","SUN ENTERPRISES LTD","2024-07-18","2029-07-17","valid","Rwanda FDA - Registered Pharmaceutical Products July 2026","https://rwandafda.gov.rw/register/monitoring_preview_register"
"1123","Rwanda FDA-HMP-MA-1429","PRELYNCA-50","Pregabalin capsules 50 mg","50 mg","Hard Gelatin Capsules","3x7 Capsules","36 Months","PHARMATHEN INTERNATIONAL S.A.","GREECE","MEGA LIFE SCIENCES (AUSTRALIA) PTY. LTD AUSTRALIA","ABACUS PHARMA (A) LTD","2024-07-18","2029-07-17","valid","Rwanda FDA - Registered Pharmaceutical Products July 2026","https://rwandafda.gov.rw/register/monitoring_preview_register"
"1124","Rwanda FDA-HMP-MA- 1428","PRELYNCA-75","Pregabalin capsules 75 mg","75 mg","Hard Gelatin Capsules","2x14 Capsules","36 Months","PHARMATHEN INTERNATIONAL S.A.","GREECE","MEGA LIFE SCIENCES (AUSTRALIA) PTY. LTD AUSTRALIA","ABACUS PHARMA (A) LTD","2024-07-18","2029-07-17","valid","Rwanda FDA - Registered Pharmaceutical Products July 2026","https://rwandafda.gov.rw/register/monitoring_preview_register"
"1125","Rwanda FDA-HMP-MA-1407","RECTONAC-100","Diclofenac Sodium 100 mg","100 mg","Suppositories","2 x 5 Suppositories","36 Months","GALEN PHARMACEUTICALS LTD,","INDIA","GALEN PHARMACEUTICALS LIMITED","SUN ENTERPRISES LTD","2024-07-18","2029-07-17","valid","Rwanda FDA - Registered Pharmaceutical Products July 2026","https://rwandafda.gov.rw/register/monitoring_preview_register"
"1126","Rwanda FDA-HMP-MA-1424","SPIROMIDE-40 MG TABLETS","Spironolactone (BP) 50 mg and furosemide (Ph.Eur.) 40 mg","50 mg and 40 mg","Film Coated Tablets","3x10 Tablets","24 Months","THE SEARLE COMPANY LIMITED,","PAKISTAN","THE SEARLE COMPANY LIMITED","SURGIPHARM (RWANDA) LIMITED","2024-07-18","2029-07-17","valid","Rwanda FDA - Registered Pharmaceutical Products July 2026","https://rwandafda.gov.rw/register/monitoring_preview_register"
"1127","Rwanda FDA-HMP-MA-1422","TROGYL PLUS SUSPENSION","Metronidazole Benzoate 200mg and Diloxanide Furoate 250mg","200mg and 250mg","Suspension","60ml, 100ml Bottles","36 Months","BIODEAL LABORATORIES LTD,","KENYA","BIODEAL LABORATORIES LTD","CAPITAL PHARMACEUTICALS SUPPLIES LTD","2024-07-18","2029-07-17","valid","Rwanda FDA - Registered Pharmaceutical Products July 2026","https://rwandafda.gov.rw/register/monitoring_preview_register"
"1128","Rwanda FDA-HMP-MA-1409","VANTOX-CP","Vancomycin Hydrochloride 1gr","1gr","Powder for Injection","1x20ml vial","24 Months","SAMARTH LIFE SCIENCES PVT. LTD.,","INDIA","SAMARTH LIFE SCIENCES PVT. LTD","SUN ENTERPRISES LTD","2024-07-18","2029-07-17","valid","Rwanda FDA - Registered Pharmaceutical Products July 2026","https://rwandafda.gov.rw/register/monitoring_preview_register"
"1129","Rwanda FDA-HMP-MA-1398","VAXATO 10 MG","Rivaroxaban 10 mg","10 mg","Film Coated Tablets","1 X 10 Tablets","24 Months","LIPTIS FOR PHARMACEUTICALS AND MEDICAL PRODUCTS,","EGYPT","LIPTIS FOR PHARMACEUTICAL AND MEDICAL PRODUCTS (S.A.E)","GOODMAN INTERNATIONAL LTD (R)","2024-07-18","2029-07-17","valid","Rwanda FDA - Registered Pharmaceutical Products July 2026","https://rwandafda.gov.rw/register/monitoring_preview_register"
"1130","Rwanda FDA-HMP-MA-1396","VAXATO 15MG","Rivaroxaban 15 mg","15 mg","Film Coated Tablets","3 X 10 Tablets","24 Months","LIPTIS FOR PHARMACEUTICALS AND MEDICAL PRODUCTS,","EGYPT","LIPTIS FOR PHARMACEUTICAL AND MEDICAL PRODUCTS (S.A.E)","GOODMAN INTERNATIONAL LTD (R)","2024-07-18","2029-07-17","valid","Rwanda FDA - Registered Pharmaceutical Products July 2026","https://rwandafda.gov.rw/register/monitoring_preview_register"
"1131","Rwanda FDA-HMP-MA-1397","VAXATO 20 MG","Rivaroxaban 20 mg","20 mg","Film Coated Tablets","3 X 10 Tablets","24 Months","LIPTIS FOR PHARMACEUTICALS AND MEDICAL PRODUCTS,","EGYPT","LIPTIS FOR PHARMACEUTICAL AND MEDICAL PRODUCTS (S.A.E)","GOODMAN INTERNATIONAL LTD (R)","2024-07-18","2029-07-17","valid","Rwanda FDA - Registered Pharmaceutical Products July 2026","https://rwandafda.gov.rw/register/monitoring_preview_register"
"1132","Rwanda FDA-HMP-MA- 1393","AGOBATE CREAM","Clobetasol Propionate BP 0.05 % w/w","0.05 % w/w","Cream","30gm Tube","36 months","AGOG PHARMA LTD,","INDIA","AGOG PHARMA LTD","SUN ENTERPRISES LTD","2024-05-18","2029-05-17","valid","Rwanda FDA - Registered Pharmaceutical Products July 2026","https://rwandafda.gov.rw/register/monitoring_preview_register"
"1133","Rwanda FDA-HMP-MA-1379","AGOBIS TABLETS","Bisacodyl BP 5 mg","5 mg","Enteric coated tablets","10x 10 tablets","36 months","AGOG PHARMA LTD.","INDIA","AGOG PHARMA LTD","SUN ENTERPRISES LTD","2024-05-18","2029-05-17","valid","Rwanda FDA - Registered Pharmaceutical Products July 2026","https://rwandafda.gov.rw/register/monitoring_preview_register"
"1134","Rwanda FDA-HMP-MA-1358","AGODIC-50 TABLETS","Diclofenac BP 50mg","50 mg","Enteric Coated Tablets","10 tablets","36 Months","AGOG PHARMA LTD.","INDIA","AGOG PHARMA LTD, INDIA","SUN ENTERPRISES LTD","2024-05-18","2029-05-17","valid","Rwanda FDA - Registered Pharmaceutical Products July 2026","https://rwandafda.gov.rw/register/monitoring_preview_register"
"1135","Rwanda FDA-HMP-MA-1359","AGOTOIN TABLETS","Nitrofurantoin tablets BP 100mg","100 mg","Uncoated Tablets","10 tablets","36 Months","AGOG PHARMA LTD.","INDIA","AGOG PHARMA LTD, INDIA","SUN ENTERPRISES LTD","2024-05-18","2029-05-17","valid","Rwanda FDA - Registered Pharmaceutical Products July 2026","https://rwandafda.gov.rw/register/monitoring_preview_register"
"1136","Rwanda FDA-HMP-MA-1388","AGOVIT-6 TABLETS","Pyridoxine Hydrochloride BP 25mg","25mg","Uncoated Tablets","1000 Tablets","36 months","AGOG PHARMA LTD,","INDIA","AGOG PHARMA LTD","SUN ENTERPRISES LTD","2024-05-18","2029-05-17","valid","Rwanda FDA - Registered Pharmaceutical Products July 2026","https://rwandafda.gov.rw/register/monitoring_preview_register"
"1137","Rwanda FDA-HMP-MA-1341","AMAREL - 1","Glimepiride 1mg","1 mg","Tablets","3 x 10 tablets","36 Months","","ITALY","SANOFI AVENTIS KENYA LIMITED","KIPHARMA LTD","2024-05-18","2029-05-17","valid","Rwanda FDA - Registered Pharmaceutical Products July 2026","https://rwandafda.gov.rw/register/monitoring_preview_register"
"1138","Rwanda FDA-HMP-MA-1342","AMAREL - 2","Glimepiride 2mg","2 mg","Tablets","3 x 10 tablets","36 Months","","ITALY","SANOFI AVENTIS KENYA LIMITED","KIPHARMA LTD","2024-05-18","2029-05-17","valid","Rwanda FDA - Registered Pharmaceutical Products July 2026","https://rwandafda.gov.rw/register/monitoring_preview_register"
"1139","Rwanda FDA-HMP-MA-1343","AMAREL - 3","Glimepiride 3mg","3 mg","Tablets","3 x 10 tablets","36 Months","","ITALY","SANOFI AVENTIS KENYA LIMITED","KIPHARMA LTD","2024-05-18","2029-05-17","valid","Rwanda FDA - Registered Pharmaceutical Products July 2026","https://rwandafda.gov.rw/register/monitoring_preview_register"
"1140","Rwanda FDA-HMP-MA-1344","AMAREL - 4","Glimepiride 4mg","4 mg","Tablets","3 x 10 tablets","36 Months","","ITALY","SANOFI AVENTIS KENYA LIMITED","KIPHARMA LTD","2024-05-18","2029-05-17","valid","Rwanda FDA - Registered Pharmaceutical Products July 2026","https://rwandafda.gov.rw/register/monitoring_preview_register"
"1141","Rwanda FDA-HMP-MA- 1373","AMARYL M SR","Glimepiride 2mg and Metformin Hydrochloride 500mg","2mg, 500 mg","Film Coated Tablets","3x10 Tablets","36 Months","HANDOK INC.,","KOREA","SANOFI AVENTIS KENYA LIMITED","KIPHARMA LTD","2024-05-18","2029-05-17","valid","Rwanda FDA - Registered Pharmaceutical Products July 2026","https://rwandafda.gov.rw/register/monitoring_preview_register"
"1142","Rwanda FDA-HMP-MA-1322","AMIFER SYRUP","Ferric ammonium citrate 172.41 mg equivalent to iron 30mg,folic acid (hydrate) 2.5mg and cyanocobalamin 0.02mg per 5ml","172.41 mg equivalent to 30 mg, 2.5mg, 0.02 mg per 5ml","Syrup","200ml bottle","24 Months","","PORTUGAL","DAFRA PHARMA GMBH","SUN ENTERPRISES LTD","2024-05-18","2029-05-17","valid","Rwanda FDA - Registered Pharmaceutical Products July 2026","https://rwandafda.gov.rw/register/monitoring_preview_register"
"1143","Rwanda FDA-HMP-MA-1327","AMYN-250","Amoxicillin Trihydrate BP 250mg","250mg","Capsules","10x10 Capsules","36 Months","KOPRAN LIMITED,","INDIA","KOPRAN LIMITED, INDIA","PHILIPS PHARMACEUTICALS LTD","2024-05-18","2029-05-17","valid","Rwanda FDA - Registered Pharmaceutical Products July 2026","https://rwandafda.gov.rw/register/monitoring_preview_register"
"1144","Rwanda FDA-HMP-MA-1366","ANASICA 2%","Lidocaine Hydrochloride BP 21.330mg/ml","21.330mg/ml","Solution for Injection","10 x 30 ml glass vials","36 Months","BHARAT PARENTERALS LIMITED,","INDIA","ASENCE PHARMA PRIVATE LIMITED, INDIA","SUN ENTERPRISES LTD","2024-05-18","2029-05-17","valid","Rwanda FDA - Registered Pharmaceutical Products July 2026","https://rwandafda.gov.rw/register/monitoring_preview_register"
"1145","Rwanda FDA-HMP-MA-1370","ANTI-COUGH SYRUP","Ambroxol HCL 50mg, Guaiphenesin 15mg, Terbutaline Sulphate1.5mg, Chlorpheniramine Maleate 2mg, Menthol 1mg","50mg/15mg/1.5mg/2mg/1mg","syrup","100 ml Glass bottle","36 Months","SANGEETA PHARMA,","INDIA","SANGEETA PHARMA, INDIA","SUN ENTERPRISES LTD","2024-05-18","2029-05-17","valid","Rwanda FDA - Registered Pharmaceutical Products July 2026","https://rwandafda.gov.rw/register/monitoring_preview_register"
"1146","Rwanda FDA-HMP-MA-1374","APFLU","Paracetamol 500mg, Pheniramine Maleate 25mg, Ascorbic Acid 200mg","500 mg, 25 mg, 200 mg","Granular powder","10 sachets of 13.0g","24 Months","AJANTA PHARMA LIMITED.","INDIA","AJANTA PHARMA LIMITED, INDIA","ABACUS PHARMA (A) LTD","2024-05-18","2029-05-17","valid","Rwanda FDA - Registered Pharmaceutical Products July 2026","https://rwandafda.gov.rw/register/monitoring_preview_register"
"1147","Rwanda FDA-HMP-MA- 1375","ASCORIL EXPECTORANT","Bromohexine Hydrochloride BP 4mg, Salbutamol sulphate 2mg, Guaifenesin USP 100mg","4mg, 2mg, 100mg","Syrup","100mL bottle","24 Months","GLENMARK PHARMACEUTICALS LTD.,","INDIA","GLENMARK PHARMACEUTICALS LTD., INDIA","PHILLIPS PHARMACEUTICALS (RWANDA) LTD","2024-05-18","2029-05-17","valid","Rwanda FDA - Registered Pharmaceutical Products July 2026","https://rwandafda.gov.rw/register/monitoring_preview_register"
"1148","Rwanda FDA-HMP-MA- 1372","B-TONE","Ferric Ammonium Citrate BP 43mg, Cyanocobalamin (Vit. B12) 50mcg, Pyridoxine Hydrochloride BP 1.5 mg, Folic Acid BP 1.5 mg, Zinc Sulphate BP 2.33 mg","(Eq. to 43 mg of Elemental Iron), 50mcg , 1.5 mg, 1.5 mg, 2.33 mg","Syrup","200 ml Glass bottle","24 Months","SANGEETA PHARMA,","INDIA","SANGEETA PHARMA, INDIA","SUN ENTERPRISES LTD","2024-05-18","2029-05-17","valid","Rwanda FDA - Registered Pharmaceutical Products July 2026","https://rwandafda.gov.rw/register/monitoring_preview_register"
"1149","Rwanda FDA-HMP-MA-1321","BALTRIM FORTE","Trimethoprim 160mg and Sulfamethoxazole 800mg","160mg 800mg","Uncoated Tablets","","48 Months","BAL PHARMA LIMITED,","INDIA","BAL PHARMA LIMITED, INDIA","SUN ENTERPRISES LTD","2024-05-18","2029-05-17","valid","Rwanda FDA - Registered Pharmaceutical Products July 2026","https://rwandafda.gov.rw/register/monitoring_preview_register"
"1150","Rwanda FDA-HMP-MA-1364","BAROLE 20","Rabeprazole Sodium Capsules 20mg","20mg","Enteric Coated Capsules","3x10 and 10x10 Capsules","24 Months","INVENTIA HEALTHCARE LIMITED,","INDIA","MEGA LIFESCIENCES (AUSTRALIA) PTY LTD","ABACUS PHARMA (A) LTD","2024-05-18","2029-05-17","valid","Rwanda FDA - Registered Pharmaceutical Products July 2026","https://rwandafda.gov.rw/register/monitoring_preview_register"
"1151","Rwanda FDA-HMP-MA-1382","BETADINE GERMICIDE GARGLE 2%-MIN","Povidone Iodine 2%","0.02","Solution","50 ml and 100 ml Bottles","18 months","G.S. PHARMBUTOR PVT. LTD,","INDIA","MODI-MUNDIPHARMA PRIVATE LIMITED","SURGIPHARM (RWANDA) LTD","2024-05-18","2029-05-17","valid","Rwanda FDA - Registered Pharmaceutical Products July 2026","https://rwandafda.gov.rw/register/monitoring_preview_register"
"1152","Rwanda FDA-HMP-MA-1365","BETADINE OINTMENT 5% W/W","Povidone-Iodine USP 5% w/w","5% w/w","Ointment","15 g &125 g Tubes","24 Months","G.S. PHARMBUTOR PVT. LTD,","INDIA","MODI-MUNDIPHARMA PRIVATE LIMITED","SURGIPHARM (RWANDA) LTD","2024-05-18","2029-05-17","valid","Rwanda FDA - Registered Pharmaceutical Products July 2026","https://rwandafda.gov.rw/register/monitoring_preview_register"
"1153","Rwanda FDA-HMP-MA-1381","BETADINE STANDARDISED MICROBICIDAL SOLUTION 10%","Povidone-Iodine USP 10% w/v","10% w/v","Aqueous Topical Solution.","50 ml & 100 ml Bottles","24 months","G.S. PHARMBUTOR PVT. LTD,","INDIA","MODI-MUNDIPHARMA PRIVATE LIMITED","SURGIPHARM (RWANDA) LTD","2024-05-18","2029-05-17","valid","Rwanda FDA - Registered Pharmaceutical Products July 2026","https://rwandafda.gov.rw/register/monitoring_preview_register"
"1154","Rwanda FDA-HMP-MA-1349","CARDIOTEM 10","Amlodipine Besylate tablets USP 10mg","10 mg","Uncoated Tablets","3 X 10 Tablets","36 Months","BAROQUE PHARMACEUTICALS PVT. LTD,","INDIA","BEKRA PHARMA UK LTD","UBIPHARMA-RWANDA LTD","2024-05-18","2029-05-17","valid","Rwanda FDA - Registered Pharmaceutical Products July 2026","https://rwandafda.gov.rw/register/monitoring_preview_register"
"1155","Rwanda FDA-HMP-MA-1333","CLARICOS 125","Clarithromycin USP 125mg/5ml","125mg/5ml","Graules for Oral suspension","100ml bottle","36 Months","COSMOS LIMITED,","KENYA","COSMOS LIMITED, KENYA","SUN ENTERPRISES LTD","2024-05-18","2029-05-17","valid","Rwanda FDA - Registered Pharmaceutical Products July 2026","https://rwandafda.gov.rw/register/monitoring_preview_register"
"1156","Rwanda FDA-HMP-MA-1323","COLDCAP ORIGINAL CAPSULES","Paracetamol BP 400mg, Caffeine Anhydrous BP 30mg, Pseudoephedrine HCl BP 30mg, Chlorpheniramine Maleate BP 4mg","400mg, 30mg, 30mg, 4mg","Hard Gelatin Capsules","1x12, 8x12, 10x10 Capsules","36 Months","REGAL PHARMACEUTICALS LIMITED,","KENYA","REGAL PHARMACEUTICALS LIMITED","ABACUS PHARMA(A) LTD","2024-05-18","2029-05-17","valid","Rwanda FDA - Registered Pharmaceutical Products July 2026","https://rwandafda.gov.rw/register/monitoring_preview_register"
"1157","Rwanda FDA-HBP-MA-0132","CORIOSURGE XP 5000","Chorionic Gonadotrophin for injection BP 5000IU/Vial","5000IU/Vial","Lyophilized powder for reconstitution for injection","1 Vial containing H.C.G & 1 ampoule Sodium Chloride Injection (0.9% w/v) BP as solvent","24 Months","INTAS PHARMACEUTICALS LIMITED,","INDIA","INTAS PHARMACEUTICALS LIMITED","VINE PHARMA LTD","2024-05-18","2029-05-17","valid","Rwanda FDA - Registered Pharmaceutical Products July 2026","https://rwandafda.gov.rw/register/monitoring_preview_register"
"1158","Rwanda FDA-HMP-MA-1355","CRIZOTINIB PFIZER 200","Crizotinib 200mg","200 mg","Hard capsules","60 capsules and 10 capsules","48 Months","PFIZER MANUFACTURING DEUTSCHLAND GmbH,","GERMANY","PFIZER LIMITED UNITED KINGDOM","WESSEX PHARMACEUTICALS (RWANDA) LIMITED","2024-05-18","2029-05-17","valid","Rwanda FDA - Registered Pharmaceutical Products July 2026","https://rwandafda.gov.rw/register/monitoring_preview_register"
"1159","Rwanda FDA-HBP-MA-1356","CRIZOTINIB PFIZER-250","Crizotinib 250mg","250 mg","Hard capsule","60 capsules and 10 capsules","48 Months","PFIZER MANUFACTURING DEUTSCHLAND GmbH,","GERMANY","PFIZER LABORATORIES LIMITED","WESSEX PHARMACEUTICAL (RWANDA) LTD","2024-05-18","2029-05-17","valid","Rwanda FDA - Registered Pharmaceutical Products July 2026","https://rwandafda.gov.rw/register/monitoring_preview_register"
"1160","Rwanda FDA-HMP-MA- 1371","DICYNONE","Etamsylate 500mg","500 mg","Hard Gelatin Capsules","20 Capsules","36 Months","OM PHARMA SA","SWITZERLAND","OM PHARMA SA, SWITZERLAND","KIPHARMA LTD","2024-05-18","2029-05-17","valid","Rwanda FDA - Registered Pharmaceutical Products July 2026","https://rwandafda.gov.rw/register/monitoring_preview_register"
"1161","Rwanda FDA-HMP-MA-1330","DIOCLAV 1G","Amoxicillin Trihydrate 875mg + Potassium Clavulanate 125mg","875mg, 125mg","Film Coated Tablets","","24 Months","NATIONAL PHARMACEUTICAL INDUSTRIES CO.(SAOC),","SULTANATE OF OMAN","NATIONAL PHARMACEUTICAL INDUSTRIES CO.(SAOG)","SUN ENTERPRISES LTD","2024-05-18","2029-05-17","valid","Rwanda FDA - Registered Pharmaceutical Products July 2026","https://rwandafda.gov.rw/register/monitoring_preview_register"
"1162","Rwanda FDA-HMP-MA-1350","ESOMAC 40 MUPS","Esomeprazole Magnesium Dehydrate 40mg","40 mg","Film Coated Tablets","3x 10 tablets & 2x7 tablets","24 Months","CIPLA LIMITED,","INDIA","CIPLA LIMITED, INDIA","KIPHARMA LTD","2024-05-18","2029-05-17","valid","Rwanda FDA - Registered Pharmaceutical Products July 2026","https://rwandafda.gov.rw/register/monitoring_preview_register"
"1163","Rwanda FDA-HMP-MA-1362","FUCIDINE 2% CREAM","Fusidic acid 2,000g for 100g of Cream","0.02","Cream","15 g or 30 g tube","36 Months","LEO LABORATORIES,","IRELAND","LABORATOIRES LEO, FRANCE","KIPHARMA LTD","2024-05-18","2029-05-17","valid","Rwanda FDA - Registered Pharmaceutical Products July 2026","https://rwandafda.gov.rw/register/monitoring_preview_register"
"1164","Rwanda FDA-HMP-MA-1363","FUCIDINE 250 MG","Sodium fusidate 250mg","250mg","Film-Coated Tablets","10 or 100 tablets","36 Months","LABORATOIRES LEO,","FRANCE","LABORATOIRES LEO, FRANCE","KIPHARMA LTD","2024-05-18","2029-05-17","valid","Rwanda FDA - Registered Pharmaceutical Products July 2026","https://rwandafda.gov.rw/register/monitoring_preview_register"
"1165","Rwanda FDA-HMP-MA-1390","","Vildagliptin 50mg","50mg","Tablets","56 Tablets","36 months","","SPAIN","NVS KENYA LIMITED, KENYA","SURGIPHARM (RWANDA) LIMITED","2024-05-18","2029-05-17","valid","Rwanda FDA - Registered Pharmaceutical Products July 2026","https://rwandafda.gov.rw/register/monitoring_preview_register"
"1166","Rwanda FDA-HMP-MA-1331","GEN-LEVO 500","Levofloxacin Hemihydrate USP 500mg","500mg","Film Coated Tablets","1x10 tablets","36 Months","BROOKES PHARMA (PRIVATE) LIMITED,","PAKISTAN","BROOKES PHARMA (PRIVATE) LIMITED, PAKISTAN","AFRI HEALTH CARE LTD","2024-05-18","2029-05-17","valid","Rwanda FDA - Registered Pharmaceutical Products July 2026","https://rwandafda.gov.rw/register/monitoring_preview_register"
"1167","Rwanda FDA-HBP-MA-0130","","Human immunoglobulin 2.5g and 5g per 100 ml","5% intravenous infusion in packs contain human immunoglobulin 2.5g and 5g per 100 ml","Intravenous infusion","100ml bottles","36 Months","RELIANCE LIFE SCIENCES PVT. LTD.","INDIA","RELIANCE LIFE SCIENCES PVT. LTD.","STAR BIOTECH LIMITED","2024-05-18","2029-05-17","valid","Rwanda FDA - Registered Pharmaceutical Products July 2026","https://rwandafda.gov.rw/register/monitoring_preview_register"
"1168","Rwanda FDA-HMP-MA-1345","JITRIT-5","Tofacitinib citrate 8mg equivalent to Tofacitinib 5 mg","5 mg","Film Coated Tablets","4 x 15 tablets","36 Months","MICRO LABS LIMITED,","INDIA","MICRO LABS LIMITED, INDIA","WESSEX PHARMACEUTICALS (RWANDA) LTD","2024-05-18","2029-05-17","valid","Rwanda FDA - Registered Pharmaceutical Products July 2026","https://rwandafda.gov.rw/register/monitoring_preview_register"
"1169","Rwanda FDA-HMP-MA-1348","LACTIV (VAGINAL WASH)","Lactic Acid BP 1.2 % w/v, Liquid Sorbitol (NonCrystallising) BP1.0 % w/v, Tea Tree Oil (Melaleuca Alternifolia)0.05 % w/v, Hippophae Rhamnoides (Sea Buckthorn) fruit oil 0.25 % w/v, Cocamidopropyl Betaine 7.0 % w/v, Polyquaternium-7 0.5 % w/v, D-Panthenol USP 0.5 % w/v","1.2 % w/v, 1.0 % w/v, 0.05% w/v, 0.25% w/v, 7.0 % w/v, 70.5% w/v, 0.5 % w/v","Solution","200 ml bottle","36 Months","AUROCHEM LABORATORIES (INDIA) PVT. LTD.,","INDIA","AUROCHEM LABORATORIES (INDIA) PVT. LTD.","UBIPHARM-RWANDA LTD","2024-05-18","2029-05-17","valid","Rwanda FDA - Registered Pharmaceutical Products July 2026","https://rwandafda.gov.rw/register/monitoring_preview_register"
"1170","Rwanda FDA-HMP-MA-1347","LAMIVUDINE 300MG&TENOFOVIR DISOPROXIL FUMARATE 300MG TABLETS","Lamivudine 300mg and Tenofovir disoproxil fumarate 300mg","300mg and 300mg","Film Coated Tablets","30 tablets and 10 x 10 tablets","24 Months","MACLEODS PHARMACEUTICALS LIMITED.","INDIA","MACLEODS PHARMACEUTICALS LIMITED, INDIA","WESSEX PHARMACEUTICALS (RWANDA) LTD","2024-05-18","2029-05-17","valid","Rwanda FDA - Registered Pharmaceutical Products July 2026","https://rwandafda.gov.rw/register/monitoring_preview_register"
"1171","Rwanda FDA-HMP-MA-1334","MACROMAX","Azithromycin 500mg","500mg","Film Coated Tablet","1x3 tablets","36 Months","NATIONAL PHARMACEUTICAL INDUSTRIES CO. (SAOC),","SULTANATE OF OMAN","NATIONAL PHARMACEUTICAL INDUSTRIES CO.","SUN ENTERPRISES LTD","2024-05-18","2029-05-17","valid","Rwanda FDA - Registered Pharmaceutical Products July 2026","https://rwandafda.gov.rw/register/monitoring_preview_register"
"1172","Rwanda FDA-HBP-MA-0131","MENOTAS HP 75","Menotrophin for Injection BP 75 IU/vial","75 IU/vial","Powder for injection; and solvent for parenteral use","1 Vial of 75IU & 1 ampoule Sodium Chloride Injection (0.9% w/v) BP as solvent","36 Months","INTAS PHARMACEUTICALS LIMITED,","INDIA","INTAS PHARMACEUTICALS LIMITED","VINE PHARMA LTD","2024-05-18","2029-05-17","valid","Rwanda FDA - Registered Pharmaceutical Products July 2026","https://rwandafda.gov.rw/register/monitoring_preview_register"
"1173","Rwanda FDA-HMP-MA-1378","","Meropenem Trihydrate equivalent to 500 mg Meropenem","500 mg","Powder for solution for injection or infusion","20 ml, clear glass vial","48 months","ANFARM HELLAS S.A,","GREECE","DAFRA PHARMA GMBH","SUN ENTERPRISES LTD","2024-05-18","2029-05-17","valid","Rwanda FDA - Registered Pharmaceutical Products July 2026","https://rwandafda.gov.rw/register/monitoring_preview_register"
"1174","Rwanda FDA-HMP-MA-1339","METALYSE 10,000 IU","Tenecteplase 1,000units (5mg) per ml","1,000units (5mg) per ml","Powder for injection","Vial Pre-filled syringe","24 Months","BOEHRINGER INGELHEIM PHARMA GmbH & Co. KG.","GERMANY","BOEHRINGER INGELHEIM INTERNATIONAL GMBH, GERMANY","SURGIPHARM (RWANDA) LIMITED","2024-05-18","2029-05-17","valid","Rwanda FDA - Registered Pharmaceutical Products July 2026","https://rwandafda.gov.rw/register/monitoring_preview_register"
"1175","Rwanda FDA-HMP-MA-1360","METRONIDAZOLE INTRAVENOUS INFUSION BP 5G/100ML","Metranidazole BP 5g/100ml","5g/100ml","Solution for infusion","100 ml bottle","60 Months","AMANTA HEALTHCARE LIMITED,","INDIA","AMANTA HEALTHCARE LIMITED, INDIA","SUN ENTERPRISES LTD","2024-05-18","2029-05-17","valid","Rwanda FDA - Registered Pharmaceutical Products July 2026","https://rwandafda.gov.rw/register/monitoring_preview_register"
"1176","Rwanda FDA-HMP-MA- 1392","MICLOGEN CREAM","Miconazole Nitrate BP 2 %w/w, Clobetasol BP 0.05 % w/w and Gentamicin Sulphate BP Eq. to Gentamicin 0.1 % w/w","2 %w/w, 0.05 % w/w, 0.1 % w/w","Cream","30 gm tube","36 months","AGOG PHARMA LTD,","INDIA","AGOG PHARMA LTD","SUN ENTERPRISES LTD","2024-05-18","2029-05-17","valid","Rwanda FDA - Registered Pharmaceutical Products July 2026","https://rwandafda.gov.rw/register/monitoring_preview_register"
"1177","Rwanda FDA-HMP-MA-1377","MICROPRIDE-SR","Levosulpiride 75 mg","75 mg","Film coated tablets","","24 months","MICRO LABS LIMITED,","INDIA","MICRO LABS LIMITED","WESSEX PHARMACEUTICALS (RWANDA) LTD","2024-05-18","2029-05-17","valid","Rwanda FDA - Registered Pharmaceutical Products July 2026","https://rwandafda.gov.rw/register/monitoring_preview_register"
"1178","Rwanda FDA-HMP-MA-1090","","Riboflavin (Vitamin B2) 50.00 Mg, Pyridoxine Hydrochloride (Vitamin B6) 50.00 Mg, Cyanocobalamin (Vitamin B12) 50.00 Mcg, Nicotinamide 50.00 Mg, Calcium Pantothenate 50.00 Mg, Folic Acid 100.00 Mcg, Choline Bitartrate 50.00 Mg, Biotin 50.00 Mcg, Inositol 50.00 Mg","50.00 Mg, 50.00 Mg, 50.00 Mcg, 50.00 Mg, 50.00 Mg, 100.00Mcg 50.00 Mg, 50.00 Mcg, 50.00 Mg","Soft Gelatin Capsules","","24 Months","MEGA LIFESCIENCES PUBLIC COMPANY LIMITED,","THAILAND","MEGA LIFESCIENCES PUBLIC COMPANY LIMITED, THAILAND","ABACUS PHARMA (A) LTD","2024-05-18","2029-05-17","valid","Rwanda FDA - Registered Pharmaceutical Products July 2026","https://rwandafda.gov.rw/register/monitoring_preview_register"
"1179","Rwanda FDA-HMP-MA-1335","NAT-D","","","Soft Gelatin Capsules","30 & 60 Capsules","24 Months","MEGA LIFESCIENCES PUBLIC COMPANY LIMITED.","THAILAND","MEGA LIFESCIENCES PUBLIC COMPANY LIMITED","ABACUS PHARMA (A) LTD","2024-05-18","2029-05-17","valid","Rwanda FDA - Registered Pharmaceutical Products July 2026","https://rwandafda.gov.rw/register/monitoring_preview_register"
"1180","Rwanda FDA-HMP-MA-1357","NUGREL 75MG","Clopidogrel Tablets USP 75 mg","75 mg","Film-Coated Tablets","","36 Months","MICRO LABS LIMITED,","INDIA","MICRO LABS LIMITED, INDIA","WESSEX PHARMACEUTICALS (RWANDA) LTD","2024-05-18","2029-05-17","valid","Rwanda FDA - Registered Pharmaceutical Products July 2026","https://rwandafda.gov.rw/register/monitoring_preview_register"
"1181","Rwanda FDA-HMP-MA-1383","OTRIVIN NASAL DROPS SOLUTION 0.05%","Xylometazoline Hydrochloride 0.05%","0.0005","Nasal drops","10ml Bottle","36 months","GSK CONSUMER HEALTHCARE S.A.,","SWITZERLAND","GLAXO SMITH KLINE LIMITED","KIPHARMA LIMITED","2024-05-18","2029-05-17","valid","Rwanda FDA - Registered Pharmaceutical Products July 2026","https://rwandafda.gov.rw/register/monitoring_preview_register"
"1182","Rwanda FDA-HMP-MA-1384","OTRIVIN NASAL DROPS SOLUTION 0.1%","Xylometazoline Hydrochloride 0.1%","0.001","Nasal drops","10ml Bottle","36 months","GSK CONSUMER HEALTHCARE S.A.,","SWITZERLAND","GLAXO SMITH KLINE LIMITED","KIPHARMA LIMITED","2024-05-18","2029-05-17","valid","Rwanda FDA - Registered Pharmaceutical Products July 2026","https://rwandafda.gov.rw/register/monitoring_preview_register"
"1183","Rwanda FDA-HMP-MA-1329","PARACETAMOL INFUSION","Paracetamol B.P 10mg/ml","10mg/ml","Solution for intravenous infusion","100 ml bottle","24 Months","AMANTA HEALTHCARE LIMITED,","INDIA","AMANTA HEALTHCARE LIMITED, INDIA","SUN ENTERPRISE LTD","2024-05-18","2029-05-17","valid","Rwanda FDA - Registered Pharmaceutical Products July 2026","https://rwandafda.gov.rw/register/monitoring_preview_register"
"1184","Rwanda FDA-HMP-MA-1324","PENOFF","Tramadol hydrochloride 50mg","50mg","Film coated tablets","2x10 tablets","36 Months","DAWA LIMITED,","KENYA","DAWA LIMITED, KENYA","SUN ENTERPRISES LTD","2024-05-18","2029-05-17","valid","Rwanda FDA - Registered Pharmaceutical Products July 2026","https://rwandafda.gov.rw/register/monitoring_preview_register"
"1185","Rwanda FDA-HMP-MA-1340","PIP OFF","Clindamycin Phosphate 1 % w/w","1 % w/w","topical gel","25 gm Tube","24 Months","BLISS GVS PHARMA LIMITED,","INDIA","BLISS GVS PHARMA LIMITED, INDIA","SURYA DEPOT PHARMACY LTD","2024-05-18","2029-05-17","valid","Rwanda FDA - Registered Pharmaceutical Products July 2026","https://rwandafda.gov.rw/register/monitoring_preview_register"
"1186","Rwanda FDA-HMP-MA-1283","PYODINE GEL","Povidone Iodine USP 5.00g","5.00g","Gel","20gm tube","36 Month","BROOKES PHARMA (PRIVATE) LIMITED,","PAKISTAN","BROOKES PHARMA PRIVATE LIMITED, PAKISTAN","AFRI HEALTH CARE LTD","2024-05-18","2029-05-17","valid","Rwanda FDA - Registered Pharmaceutical Products July 2026","https://rwandafda.gov.rw/register/monitoring_preview_register"
"1187","Rwanda FDA-HMP-MA- 1332","REGAMOL TABLETS","Paracetamol BP 500mg","500mg","Uncoated Tablets","10x10 tablets","48 Months","BAL PHARMA LIMITED,","INDIA","BAL PHARMA LIMITED, INDIA","SUN ENTERPRISES LTD","2024-05-18","2029-05-17","valid","Rwanda FDA - Registered Pharmaceutical Products July 2026","https://rwandafda.gov.rw/register/monitoring_preview_register"
"1188","Rwanda FDA-HMP-MA-1325","RINACET","Cetirizine hydrochloride 10mg","10mg","Film coated tablets","2x5x10 tablets","36 Months","DAWA LIMITED,","KENYA","DAWA LIMITED, KENYA","SUN ENTERPRISES LTD","2024-05-18","2029-05-17","valid","Rwanda FDA - Registered Pharmaceutical Products July 2026","https://rwandafda.gov.rw/register/monitoring_preview_register"
"1189","Rwanda FDA-HMP-MA-1386","RIVAMAC 10","Rivaroxaban 10 mg","10 mg","Film Coated Tablets","4x7 Tablets","24 months","MACLEODS PHARMACEUTICALS LIMITED,","INDIA","MACLEODS PHARMACEUTICALS LIMITED","AIVEEN RWANDA LIMITED","2024-05-18","2029-05-17","valid","Rwanda FDA - Registered Pharmaceutical Products July 2026","https://rwandafda.gov.rw/register/monitoring_preview_register"
"1190","Rwanda FDA-HMP-MA-1387","RIVAMAC 20","Rivaroxaban 20 mg","20 mg","Film Coated Tablets","4x7 Tablets","24 months","MACLEODS PHARMACEUTICALS LIMITED,","INDIA","MACLEODS PHARMACEUTICALS LIMITED","AIVEEN RWANDA LIMITED","2024-05-18","2029-05-17","valid","Rwanda FDA - Registered Pharmaceutical Products July 2026","https://rwandafda.gov.rw/register/monitoring_preview_register"
"1191","Rwanda FDA-HMP-MA- 1337","RL-500ML","Sodium lactate 0.320% w/v, Sodium chloride 0.600 % w/v, Potassium chloride 0.040 % w/v, Calcium chloride 0.027 % w/v","0.320% w/v, 0.600 % w/v, 0.040 % w/v, 0.027 % w/v","Solution for Intravenous Infusion","500 ml bottle","60 Months","AMANTA HEALTHCARE LIMITED","INDIA","AMANTA HEALTHCARE LIMITED, INDIA","SUN ENTERPRISES LTD","2024-05-18","2029-05-17","valid","Rwanda FDA - Registered Pharmaceutical Products July 2026","https://rwandafda.gov.rw/register/monitoring_preview_register"
"1192","Rwanda FDA-HBP-MA-0129","ROTARIX","Human rotavirus, live attenuated vaccine, 1 dose (1.5 ml) contains: Human rotavirus RIX4414 strain (live, attenuated) not less than 106.0 CCID50","1 dose (1.5 ml) contains: Human rotavirus RIX4414 strain (live, attenuated) not less than 106.0 CCID50","Oral suspension","3 ml tube","36 Months","GLAXOSMITHKLINE BIOLOGICALS,","BELGIUM","GLAXOSMITHKLINE PHARMACEUTICAL KENYA LIMITED","KIPHARMA LTD","2024-05-18","2029-05-17","valid","Rwanda FDA - Registered Pharmaceutical Products July 2026","https://rwandafda.gov.rw/register/monitoring_preview_register"
"1193","Rwanda FDA-HMP-MA-1328","SCOFIX","Cefixime 200mg","200mg","Film coated tablets","10x1x10 Tablets","36 Months","SCOTT-EDIL ADVANCE RESEARCH LABORATORY EDUCATION LTD,","INDIA","SCOTT-EDIL ADVANCE RESEARCH LABORATORY EDUCATION LTD.","SUN ENTERPRISE LTD","2024-05-18","2029-05-17","valid","Rwanda FDA - Registered Pharmaceutical Products July 2026","https://rwandafda.gov.rw/register/monitoring_preview_register"
"1194","Rwanda FDA-HMP-MA-1389","SUPIXA-2.5","Apixaban 2.5mg","2.5mg","Film Coated Tablets","1x10 Tablets","24 months","MICRO LABS LIMITED,","INDIA","MICRO LABS LIMITED","WESSEX PHARMACEUTICALS (RWANDA) LTD","2024-05-18","2029-05-17","valid","Rwanda FDA - Registered Pharmaceutical Products July 2026","https://rwandafda.gov.rw/register/monitoring_preview_register"
"1195","Rwanda FDA-HMP-MA-1385","SUPIXA-5","Apixaban 5mg","5 mg","Film Coated Tablet","3x10 tablets","24 months","MICRO LABS LIMITED,","INDIA","MICRO LABS LIMITED","WESSEX PHARMACEUTICALS (RWANDA) LTD","2024-05-18","2029-05-17","valid","Rwanda FDA - Registered Pharmaceutical Products July 2026","https://rwandafda.gov.rw/register/monitoring_preview_register"
"1196","Rwanda FDA-HMP-MA-1351","TAMBALGIC","Tramadol 37.5mg and Paracetamol 325mg","37.5 mg, 325mg","Film Coated Tablets","2 x 10 Tablets","48 Months","WEST-COAST PHARMACEUTICAL WORKS LTD,","INDIA","WEST-COAST PHARMACEUTICAL WORKS LTD","DOLI PHARMA","2024-05-18","2029-05-17","valid","Rwanda FDA - Registered Pharmaceutical Products July 2026","https://rwandafda.gov.rw/register/monitoring_preview_register"
"1197","Rwanda FDA-HMP-MA-1367","","Cefdinir 300mg Film Coated Tablets","300mg","Film Coated Tablets","10 tablets","36 Months","PHARMAVISION SANAYI VE TICARET A. ?.,","TURKEY","DAFRA PHARMA GMBH, SWITZERLAND","SUN ENTERPRISES LTD","2024-05-18","2029-05-17","valid","Rwanda FDA - Registered Pharmaceutical Products July 2026","https://rwandafda.gov.rw/register/monitoring_preview_register"
"1198","Rwanda FDA-HMP-MA-1361","UTROGESTAN 200MG SOFT CAPSULE","Progesterone (micronized) 200mg","200 mg","Soft capsules","10, 30, 90x100mg and 15 or 45 x 200 mg capsules","36 Months","CYNDEA PHARMA S.L.,","SPAIN","BESINS MANUFACTURING BENELUX, BELGIUM","SURGIPHARM (RWANDA) LTD","2024-05-18","2029-05-17","valid","Rwanda FDA - Registered Pharmaceutical Products July 2026","https://rwandafda.gov.rw/register/monitoring_preview_register"
"1199","Rwanda FDA-HMP-MA-1369","VANTOX- CP 500MG","Vancomycin Hydrochloride 500 mg","500 mg","Powder for Injection","10 mL vial","24 Months","SAMARTH LIFE SCIENCES PVT. LTD. Unit-II, Plot No.2.","INDIA","SAMARTH LIFE SCIENCES PVT. LTD, INDIA","SUN ENTERPRISES LTD","2024-05-18","2029-05-17","valid","Rwanda FDA - Registered Pharmaceutical Products July 2026","https://rwandafda.gov.rw/register/monitoring_preview_register"
"1200","Rwanda FDA-HMP-MA-1368","","Salbutamol Sulfate (micronized) 100 mcg","100 mcg","Pressurized Inhalation, Suspension","200 actuations per inhaler.","24 Months","GLAXO WELLCOME PRODUCTION,","FRANCE","GLAXOSMITHKLINE PHARMACEUTICAL KENYA LIMITED","KIPHARMA LTD","2024-05-18","2029-05-17","valid","Rwanda FDA - Registered Pharmaceutical Products July 2026","https://rwandafda.gov.rw/register/monitoring_preview_register"
"1201","Rwanda FDA-HMP-MA- 1336","VERBITAL","Phenobarbital Sodium 100mg","100 mg","Solution for Injection","10x2 ml","24 Months","VERVE HUMAN CARE LABORATORIES,","INDIA","VERVE HUMAN CARE LABORATORIES","ABACUS PHARMA (A) LTD","2024-05-18","2029-05-17","valid","Rwanda FDA - Registered Pharmaceutical Products July 2026","https://rwandafda.gov.rw/register/monitoring_preview_register"
"1202","Rwanda FDA-HMP-MA- 1338","VERBITAL-50","Phenobarbital BP 50mg","50 mg","Uncoated tablet","","36 Months","VERVE HUMAN CARE LABORATORIES,","INDIA","VERVE HUMAN CARE LABORATORIES","ABACUS PHARMA (A) LTD","2024-05-18","2029-05-17","valid","Rwanda FDA - Registered Pharmaceutical Products July 2026","https://rwandafda.gov.rw/register/monitoring_preview_register"
"1203","Rwanda FDA-HMP-MA-1352","VERFEN","Fentanyl citrate Injection USP 50mcg/ml","50mcg/ml","Solution for Injection","10x10x2ml ampoules","24 Months","VERVE HUMAN CARE LABORATORIES,","INDIA","VERVE HUMAN CARE LABORATORIES","ABACUS PHARMA (A) LIMITED","2024-05-18","2029-05-17","valid","Rwanda FDA - Registered Pharmaceutical Products July 2026","https://rwandafda.gov.rw/register/monitoring_preview_register"
"1204","Rwanda FDA-HMP-MA-1353","VERMOR-10","Morphine sulphate Injection BP 10mg/ml","10mg/ml","Solution for Injection","10x1 ml ampoule","24 Months","VERVE HUMAN CARE LABORATORIES,","INDIA","VERVE HUMAN CARE LABORATORIES","ABACUS PHARMA (A) LIMITED","2024-05-18","2029-05-17","valid","Rwanda FDA - Registered Pharmaceutical Products July 2026","https://rwandafda.gov.rw/register/monitoring_preview_register"
"1205","Rwanda FDA-HMP-MA-1354","VERPAT","Pethidine hydrochloride 100mg/2ml","100mg/2ml","Solution for Injection","10x10x2ml ampoules","24 Months","VERVE HUMAN CARE LABORATORIES,","INDIA","VERVE HUMAN CARE LABORATORIES","ABACUS PHARMA (A) LIMITED","2024-05-18","2029-05-17","valid","Rwanda FDA - Registered Pharmaceutical Products July 2026","https://rwandafda.gov.rw/register/monitoring_preview_register"
"1206","Rwanda FDA-HMP-MA- 1326","VERZEPAM","Diazepam injection BP 5mg/ml","5mg/ml","Solution for injection","10 x 2 ml","24 Months","VERVE HUMAN CARE LABORATORIES,","INDIA","VERVE HUMAN CARE LABORATORIES, INDIA","ABACUS PHARMA (A) LIMITED","2024-05-18","2029-05-17","valid","Rwanda FDA - Registered Pharmaceutical Products July 2026","https://rwandafda.gov.rw/register/monitoring_preview_register"
"1207","Rwanda FDA-HMP-MA-1346","VIVIAN-SR-100","Diclofenac Sodium BP 100mg","100mg","Prolonged release film coated tablets","10 x 10 tablets","24 Months","LINCOLN PHARMACEUTICALS LIMITED,","INDIA","LINCOLN PHARMACEUTICALS LIMITED, INDIA","ABACUS PHARMA (A) LTD","2024-05-18","2029-05-17","valid","Rwanda FDA - Registered Pharmaceutical Products July 2026","https://rwandafda.gov.rw/register/monitoring_preview_register"
"1208","Rwanda FDA-HMP-MA-1391","ZINC OXIDE OINTMENT","Zinc Oxide USP 20% w/w","20% w/w","Topical ointment","500gm jar","36 months","AGOG PHARMA LTD,","INDIA","AGOG PHARMA LTD, INDIA","SUN ENTERPRISES LTD","2024-05-18","2029-05-17","valid","Rwanda FDA - Registered Pharmaceutical Products July 2026","https://rwandafda.gov.rw/register/monitoring_preview_register"
"1209","Rwanda FDA-HMP-MA-1318","","Atracurium Besylate 25mg","25mg","Solution for injection","","24 Months","","TUNISIA","","KIPHARMA LTD","2024-05-16","2029-05-15","valid","Rwanda FDA - Registered Pharmaceutical Products July 2026","https://rwandafda.gov.rw/register/monitoring_preview_register"
"1210","Rwanda FDA-HMP-MA-1319","","Atracurium Besylate 50mg","50mg","Solution for injection","","24 Months","","TUNISIA","","KIPHARMA LTD","2024-05-16","2029-05-15","valid","Rwanda FDA - Registered Pharmaceutical Products July 2026","https://rwandafda.gov.rw/register/monitoring_preview_register"
"1211","Rwanda FDA-HMP-MA-1282","AZITHROMIL -500","Azithromycin 500mg","500 mg","Film coated tablet","1 X 3 tablets","36 Months","BAROQUE PHARMACEUTICALS PRIVATE LIMITED,","INDIA","BEKRA PHARMA UK LTD","UBIPHARM-RWANDA LTD","2024-05-16","2029-05-15","valid","Rwanda FDA - Registered Pharmaceutical Products July 2026","https://rwandafda.gov.rw/register/monitoring_preview_register"
"1212","Rwanda FDA-HMP-MA-1307","CARBEN 100","Mebendazole B.P 100mg","100mg","Uncoated chewable tablet","6 Tablets","36 Months","BLISS GVS PHARMA LTD.","INDIA","IMEX PHARMA, MAURITIUS","MEDIASOL PHARMACEUTICAL DEPOT LTD","2024-05-16","2029-05-15","valid","Rwanda FDA - Registered Pharmaceutical Products July 2026","https://rwandafda.gov.rw/register/monitoring_preview_register"
"1213","Rwanda FDA-HMP-MA-1306","CARBEN 500","Mebendazole B.P 500mg","500mg","Uncoated chewable tablet","1 Tablet","36 Months","BLISS GVS PHARMA LTD,","INDIA","IMEX PHARMA, MAURITIUS","MEDIASOL PHARMACEUTICAL DEPOT LTD","2024-05-16","2029-05-15","valid","Rwanda FDA - Registered Pharmaceutical Products July 2026","https://rwandafda.gov.rw/register/monitoring_preview_register"
"1214","Rwanda FDA-HMP-MA- 1281","CLOXVID-500","Cloxacillin Sodium USP 500mg","500mg","Hard gelatin capsules","10x10 Capsules","36 Months","SCOTT- EDIL ADVANCE RESEARCH LABORATORIES & EDUCATION LTD.","INDIA","SCOTT- EDIL ADVANCE RESEARCH LABORATORIES & EDUCATION LTD, INDIA","SUN ENTERPRISES LTD","2024-05-16","2029-05-15","valid","Rwanda FDA - Registered Pharmaceutical Products July 2026","https://rwandafda.gov.rw/register/monitoring_preview_register"
"1215","Rwanda FDA-HMP-MA-1311","DILINCT DRY COUGH SYRUP","Dextromethorphan hydrobromide 15 mg / 5 ml","15 mg / 5 ml","Syrup","50ml, 100 ml and 200 ml bottles","24 Months","ADCOCK INGRAM HEALTHCARE (PTY) LIMITED,","SOUTH AFRICA","ADCOCK INGRAM HEALTHCARE (PTY) LIMITED, SOUTH AFRICA","SURGIPHARM (RWANDA) LIMITED","2024-05-16","2029-05-15","valid","Rwanda FDA - Registered Pharmaceutical Products July 2026","https://rwandafda.gov.rw/register/monitoring_preview_register"
"1216","Rwanda FDA-HMP-MA-1305","DOLIMEX SUPPOSITORIES 250 MG","Paracetamol BP 250mg","250 mg","Suppositories","2 Strip of 5 Suppositories","36 Months","BLISS GVS PHARMA LTD,","INDIA","IMEX PHARMA, MAURITIUS","MEDIASOL PHARMACEUTICAL DEPOT LTD","2024-05-16","2029-05-15","valid","Rwanda FDA - Registered Pharmaceutical Products July 2026","https://rwandafda.gov.rw/register/monitoring_preview_register"
"1217","Rwanda FDA-HMP-MA-1317","EMPAGLIFLOZIN AND METFORMIN HYDROCHLORIDE EXTENDED RELEASE TABLETS 12.5 MG/1000 MG","Empagliflozin 12.5mg and Metformin Hydrochloride 1000mg","12.5mg, 1000 mg","Extended Release Tablets","60 tablets","24 Months","CIPLA LIMITED,","INDIA","CIPLA LIMITED, INDIA","KIPHARMA LTD","2024-05-16","2029-05-15","valid","Rwanda FDA - Registered Pharmaceutical Products July 2026","https://rwandafda.gov.rw/register/monitoring_preview_register"
"1218","Rwanda FDA-HMP-MA-1312","ESOCOR 20","Esomeprazole Magnesium Trihydrate BP 20mg","20mg","Enteric coated tablet","","24 Months","CORONA REMEDIES PRIVATE LIMITED,","INDIA","CORONA REMEDIES PRIVATE LIMITED, INDIA","SUN ENTERPRISES LTD","2024-05-16","2029-05-15","valid","Rwanda FDA - Registered Pharmaceutical Products July 2026","https://rwandafda.gov.rw/register/monitoring_preview_register"
"1219","Rwanda FDA-HMP-MA-1316","EZPAIN TABLETS","Paracetamol 450mg, Codeine Phosphate 10mg, Doxylamine Succinate 5mg & Caffeine 50mg","450mg, 10mg, 5mg 50mg","Uncoated tablet","2 x 9 tablets","36 Months","KWALITY PHARMACEUTICALS LTD.","INDIA","SUN ENTERPRISES LTD","SUN ENTERPRISES LTD","2024-05-16","2029-05-15","valid","Rwanda FDA - Registered Pharmaceutical Products July 2026","https://rwandafda.gov.rw/register/monitoring_preview_register"
"1220","Rwanda FDA-HMP-MA-1320","FOLON TABLETS","Folic Acid BP 5mg","5 mg","Uncoated tablets","","36 Months","AGOG PHARMA LTD,","INDIA","AGOG PHARMA LTD, INDIA","SUN ENTERPRISES LTD","2024-05-16","2029-05-15","valid","Rwanda FDA - Registered Pharmaceutical Products July 2026","https://rwandafda.gov.rw/register/monitoring_preview_register"
"1221","Rwanda FDA-HMP-MA-1284","GANVIR GEL OPHTHALMIC","Ganciclovir 0.15% w/w","0.15% w/w","Eye gel","10 gm bottle","24 Months","ORCHIDIA PHARMACEUTICAL INDUSTRIES.","EGYPT","ORCHIDIA PHARMACEUTICAL IND, EGYPT","M/S ETS CONTINENTAL","2024-05-16","2029-05-15","valid","Rwanda FDA - Registered Pharmaceutical Products July 2026","https://rwandafda.gov.rw/register/monitoring_preview_register"
"1222","Rwanda FDA-HMP-MA-1314","LOPINE-5","Amlodipine Besylate USP 5mg","5mg","Tablets","3 x 10 tablets","36 Months","BLISS GVS PHARMA LTD,","INDIA","IMEX PHARMA, MAURITIUS","MEDIASOL PHARMACEUTICAL DEPOT LTD","2024-05-16","2029-05-15","valid","Rwanda FDA - Registered Pharmaceutical Products July 2026","https://rwandafda.gov.rw/register/monitoring_preview_register"
"1223","Rwanda FDA-HMP-MA-1308","SPAMOX ORAL SUSPENSION","Amoxicillin Trihydrate 125 mg per 5ml","125 mg per 5ml","Powder for reconstitution","100 ml Bottle","24 Months","SPARSH BIO-TECH PVT. LTD.","INDIA","SPARSH BIO-TECH PVT. LTD. INDIA","ABACUS PHARMA (A) LTD","2024-05-16","2029-05-15","valid","Rwanda FDA - Registered Pharmaceutical Products July 2026","https://rwandafda.gov.rw/register/monitoring_preview_register"
"1224","Rwanda FDA-HMP-MA-1309","SPOTCLAV 625","Amoxycillin Trihydrate USP 500mg and Clavulanate Potassium USP 125mg","500mg 125mg","Film Coated Tablet","","24 Months","SPARSH BIO-TECH PRIVATE LIMITED,","INDIA","SPARSH BIO-TECH PRIVATE LIMITED, INDIA","ABACUS PHARMA (A) LTD","2024-05-16","2029-05-15","valid","Rwanda FDA - Registered Pharmaceutical Products July 2026","https://rwandafda.gov.rw/register/monitoring_preview_register"
"1225","Rwanda FDA-HMP-MA-1315","SURDEX SYRUP","Phenylephrine Hydrochloride BP 2.5 mg, Paracetamol BP 125 mg and Chlorphenamine Maleate BP 1 mg","2.5 mg, 125 mg and 1 mg","Syrup","60 ml bottle","36 Months","BLISS GVS PHARMA LTD,","INDIA","IMEX PHARMA, MAURITIUS","MEDIASOL PHARMACEUTICAL DEPOT LTD","2024-05-16","2029-05-15","valid","Rwanda FDA - Registered Pharmaceutical Products July 2026","https://rwandafda.gov.rw/register/monitoring_preview_register"
"1226","Rwanda FDA-HMP-MA-1313","TEMOL 10MG/ML SOLUTION FOR INTRAVENOUS INFUSION","Paracetamol 10mg/ml","10mg/ml","Solution for intravenous infusion","100 ml vial","24 Months","S.M. FARMACEUTICI SRL,","ITALY","SANDOZ GMBH, KUNDL, AUSTRIA","SUN ENTERPRISES LTD","2024-05-16","2029-05-15","valid","Rwanda FDA - Registered Pharmaceutical Products July 2026","https://rwandafda.gov.rw/register/monitoring_preview_register"
"1227","Rwanda FDA-HMP-MA-1280","UNOSURE-72","Levonorgestrel 1.5mg","1.5mg","Film Coated Tablets","1 tablet","36 Months","AKUMS DRUGS AND PHARMACEUTICALS LTD,","INDIA","UNOSOURCE PHARMA LTD, INDIA","ABACUS PHARMA (A) LTD","2024-05-16","2029-05-15","valid","Rwanda FDA - Registered Pharmaceutical Products July 2026","https://rwandafda.gov.rw/register/monitoring_preview_register"
"1228","Rwanda FDA-HMP-MA-1310","VERBITAL-100","Phenobarbital BP 100 mg","100 mg","Uncoated tablets","","36 Months","VERVE HUMAN CARE LABORATORIES,","INDIA","VERVE HUMAN CARE LABORATORIES","ABACUS PHARMA (A) LTD","2024-05-16","2029-05-15","valid","Rwanda FDA - Registered Pharmaceutical Products July 2026","https://rwandafda.gov.rw/register/monitoring_preview_register"
"1229","Rwanda FDA-HMP-MA-1286","ABLEVOX","Levofloxacin Hemihydrate 0.5 %w/v","0.5 %w/v","Solution for infusion","100ml bottles","24 Months","ABACUS PARENTERAL DRUGS LTD (APDL),","UGANDA","ABACUS PARENTERAL DRUGS LTD (APDL), UGANDA","ABACUS PHARMA (A) LTD","2024-05-07","2029-05-06","valid","Rwanda FDA - Registered Pharmaceutical Products July 2026","https://rwandafda.gov.rw/register/monitoring_preview_register"
"1230","Rwanda FDA-HMP-MA-1273","AGODOX CAPSULES","Doxycycline hydrochloride 100 mg","100 mg","Hard Gelatin Capsules","10 x 10 capsules 1000 Capsules","36 Months","AGOG PHARMA LTD.","INDIA","AGOG PHARMA LTD","SUN ENTERPRISES LTD","2024-05-07","2029-05-06","valid","Rwanda FDA - Registered Pharmaceutical Products July 2026","https://rwandafda.gov.rw/register/monitoring_preview_register"
"1231","Rwanda FDA-HMP-MA-1302","AGOFORMIN TABLETS","Metformin Tablets BP 500mg","500 mg","Film coated tablet","10X10 tablets","36 Months","AGOG PHARMA LTD,","INDIA","AGOG PHARMA LTD","SUN ENTERPRISES LTD","2024-05-07","2029-05-06","valid","Rwanda FDA - Registered Pharmaceutical Products July 2026","https://rwandafda.gov.rw/register/monitoring_preview_register"
"1232","Rwanda FDA-HMP-MA-1275","AGONAL TABLETS","Nalidixic Acid BP 500 mg","500 mg","Uncoated tablets","1000 Tablets and 10x10 tablets","36 Months","AGOG PHARMA LTD.","INDIA","AGOG PHARMA LTD","SUN ENTERPRISES LTD","2024-05-07","2029-05-06","valid","Rwanda FDA - Registered Pharmaceutical Products July 2026","https://rwandafda.gov.rw/register/monitoring_preview_register"
"1233","Rwanda FDA-HMP-MA-1274","AGOPRED-10 TABLETS","Prednisolone BP 10mg","10mg","Uncoated tablets","1000 Tablets and 10x10 tablets","36 Months","AGOG PHARMA LTD.","INDIA","AGOG PHARMA LTD","SUN ENTERPRISES LTD","2024-05-07","2029-05-06","valid","Rwanda FDA - Registered Pharmaceutical Products July 2026","https://rwandafda.gov.rw/register/monitoring_preview_register"
"1234","Rwanda FDA-HMP-MA-1289","AGOPRIL TABLETS","Captopril Tablets BP 25 mg","25 mg","Un coated Tablets","10x10 tablets and 1000 tablets","36 Months","AGOG PHARMA LTD,","INDIA","AGOG PHARMA LTD","SUN ENTERPRISES LTD","2024-05-07","2029-05-06","valid","Rwanda FDA - Registered Pharmaceutical Products July 2026","https://rwandafda.gov.rw/register/monitoring_preview_register"
"1235","Rwanda FDA-HMP-MA-1290","AGOSPIRIN-100 TABLETS","Aspirin BP 100 mg","100 mg","Un coated Tablets","1000 Tablets","36 Months","AGOG PHARMA LTD,","INDIA","AGOG PHARMA LTD","SUN ENTERPRISES LTD","2024-05-07","2029-05-06","valid","Rwanda FDA - Registered Pharmaceutical Products July 2026","https://rwandafda.gov.rw/register/monitoring_preview_register"
"1236","Rwanda FDA-HMP-MA-1291","AGOSPIRIN-500 TABLETS","Aspirin BP 500 mg","500 mg","Un coated Tablets","1000 Tablets","36 Months","AGOG PHARMA LTD,","INDIA","AGOG PHARMA LTD","SUN ENTERPRISES LTD","2024-05-07","2029-05-06","valid","Rwanda FDA - Registered Pharmaceutical Products July 2026","https://rwandafda.gov.rw/register/monitoring_preview_register"
"1237","Rwanda FDA-HMP-MA-1292","AGOTHIAZIDE TABLETS","Hydrochlorothiazide BP 50 mg","50 mg","Un coated Tablets","10x10 tablets and 1000 tablets","36 Months","AGOG PHARMA LTD,","INDIA","AGOG PHARMA LTD","SUN ENTERPRISES LTD","2024-05-07","2029-05-06","valid","Rwanda FDA - Registered Pharmaceutical Products July 2026","https://rwandafda.gov.rw/register/monitoring_preview_register"
"1238","Rwanda FDA-HMP-MA-1267","AMYN DT 250","Amoxicillin Trihydrate USP 250 mg","250 mg","Dispersible tablets","3x 15 tablets, 2x 10 tablets","24 Months","KOPRAN LIMITED,","INDIA","KOPRAN LIMITED","PHILLIPS PHARMACEUTICALS (RWANDA) LTD","2024-05-07","2029-05-06","valid","Rwanda FDA - Registered Pharmaceutical Products July 2026","https://rwandafda.gov.rw/register/monitoring_preview_register"
"1239","Rwanda FDA-HMP-MA-1293","BRAMOL INFUSION","Paracetamol, 1000 mg/100ml","1000mg/100 ml","Solution for infusion","100ml amber glass USP type II vial","24 Months","BROOKES PHARMA (PRIVATE) LIMITED,","PAKISTAN","BROOKES PHARMA (PRIVATE) LIMITED","SUN ENTERPRISES LTD","2024-05-07","2029-05-06","valid","Rwanda FDA - Registered Pharmaceutical Products July 2026","https://rwandafda.gov.rw/register/monitoring_preview_register"
"1240","Rwanda FDA-HMP-MA-1264","BREN-200","Ibuprofen BP 200 mg","200 mg","Film Coated Tablets","10 x 10 tablets & 1000 tablets","36 Months","KOPRAN LIMITED,","INDIA","KOPRAN LIMITED","PHILLIPS PHARMACEUTICALS (RWANDA) LTD","2024-05-07","2029-05-06","valid","Rwanda FDA - Registered Pharmaceutical Products July 2026","https://rwandafda.gov.rw/register/monitoring_preview_register"
"1241","Rwanda FDA-HMP-MA-1299","CINOD 10","Cilnidipine 10 mg","10 mg","Film coated tablets","3x10 tablets","24 Months","AJANTA PHARMA LIMITED,","INDIA","AJANTA PHARMA LIMITED","ABACUS PHARMA (A) LTD","2024-05-07","2029-05-06","valid","Rwanda FDA - Registered Pharmaceutical Products July 2026","https://rwandafda.gov.rw/register/monitoring_preview_register"
"1242","Rwanda FDA-HMP-MA-1298","CINOD 5","Cilnidipine 5mg","5 mg","Film coated tablets","3x10 tablets","24 Months","AJANTA PHARMA LIMITED,","INDIA","AJANTA PHARMA LIMITED","ABACUS PHARMA (A) LTD","2024-05-07","2029-05-06","valid","Rwanda FDA - Registered Pharmaceutical Products July 2026","https://rwandafda.gov.rw/register/monitoring_preview_register"
"1243","Rwanda FDA-HMP-MA-1297","DELASED DRY COUGHS (NON-DROWSY) SYRUP","Dextromethorphan HBr 7.5mg/5ml","7.5mg/5ml","Syrup","100ml bottles","36 Months","REGAL PHARMACEUTICALS LTD,","KENYA","REGAL PHARMACEUTICALS LTD","ABACUS PHARMA (A) LTD","2024-05-07","2029-05-06","valid","Rwanda FDA - Registered Pharmaceutical Products July 2026","https://rwandafda.gov.rw/register/monitoring_preview_register"
"1244","Rwanda FDA-HMP-MA-1276","DOPAMET TABLETS","Methyldopa BP 250 mg","250 mg","Film Coated Tablets","1000 Tablets and 10x10 tablets","36 Months","AGOG PHARMA LTD.","INDIA","AGOG PHARMA LTD","SUN ENTERPRISES LTD","2024-05-07","2029-05-06","valid","Rwanda FDA - Registered Pharmaceutical Products July 2026","https://rwandafda.gov.rw/register/monitoring_preview_register"
"1245","Rwanda FDA-HMP-MA-1294","EPHEVER","Ephedrine hydrochloride injection BP, 50mg/ml","50mg/ml","Solution for Injection","10 ml ampoule","24 Months","VERVE HUMAN CARE LABORATORIES,","INDIA","VERVE HUMAN CARE LABORATORIES","ABACUS PHARMA (A) LTD","2024-05-07","2029-05-06","valid","Rwanda FDA - Registered Pharmaceutical Products July 2026","https://rwandafda.gov.rw/register/monitoring_preview_register"
"1246","Rwanda FDA-HMP-MA-1265","ERYTHROX 500MG","Erythromycin Stearate 500mg","500mg","Film-coated tablets","10 x 10 tablets & 1000 tablets","36 Months","DAWA LIMITED,","KENYA","DAWA LIMITED","SUN ENTERPRISES LTD","2024-05-07","2029-05-06","valid","Rwanda FDA - Registered Pharmaceutical Products July 2026","https://rwandafda.gov.rw/register/monitoring_preview_register"
"1247","Rwanda FDA-HMP-MA-1268","ESOCOR 40","Esomeprazole Magnesium Trihydrate 40mg","40mg","Tablets","3 x10 Tablets","24 Months","CORONA REMEDIES PRIVATE LIMITED,","INDIA","CORONA REMEDIES PRIVATE LIMITED","SUN ENTERPRISES LTD","2024-05-07","2029-05-06","valid","Rwanda FDA - Registered Pharmaceutical Products July 2026","https://rwandafda.gov.rw/register/monitoring_preview_register"
"1248","Rwanda FDA-HMP-MA-1269","","Methylcobalamin 750mcg, Pregabalin 25mg, Folic acid 1.5mg, Pyridoxine hydrochloride 3mg, Alpha Lipoic acid 100mg","750mcg, 25mg, 1.5mg, 3mg, 100mg","Soft gelatin capsules","3x10 Capsules","24 Months","SOFTGEL HEALTHCARE PVT LTD,","INDIA","GALAXY PHARMACEUTICALS, INDIA","STAR BIOTECH RWANDA","2024-05-07","2029-05-06","valid","Rwanda FDA - Registered Pharmaceutical Products July 2026","https://rwandafda.gov.rw/register/monitoring_preview_register"
"1249","Rwanda FDA-HMP-MA-1270","GLYKA MR TABLETS 60 MG","Gliclazide 60 mg","60 mg","Modified Release Tablets","","36 Months","NEOPHARMA,","UAE","NEOPHARMA","PHILLIPS PHARMACEUTICALS (RWANDA) LTD","2024-05-07","2029-05-06","valid","Rwanda FDA - Registered Pharmaceutical Products July 2026","https://rwandafda.gov.rw/register/monitoring_preview_register"
"1250","Rwanda FDA-HMP-MA-1295","IBICAR-250","Beclometasone Pressurized anhydrous, Inhalation, 250 mcg","250 mcg","Pressurized solution filled inhalation","19 ml canister with 200 metered doses","24 Months","GLENMARK PHARMACEUTICALS LIMITED,","INDIA","GLENMARK PHARMACEUTICALS LIMITED","WESSEX PHARMACEUTICALS (RWANDA) LTD","2024-05-07","2029-05-06","valid","Rwanda FDA - Registered Pharmaceutical Products July 2026","https://rwandafda.gov.rw/register/monitoring_preview_register"
"1251","Rwanda FDA-HMP-MA-1100","KAMAGRA 50","Sildenafil Citrate USP equivalent to Sildenafil 50mg","50mg","Film Coated Tablets","4 Tablets","36 Months","AJANTA PHARMA LIMITED,","INDIA","AJANTA PHARMA LIMITED","ABACUS PHARMA (A) LTD","2024-05-07","2029-05-06","valid","Rwanda FDA - Registered Pharmaceutical Products July 2026","https://rwandafda.gov.rw/register/monitoring_preview_register"
"1252","Rwanda FDA-HMP-MA-1271","KETAMINE HYDROCHLORIDE INJECTION USP 50 MG/ML, 10 ML","Ketamine Hydrochloride Injection USP 50 mg/ml","50 mg/ml","Solution for injection","10 ml vial","36 Months","SWISS PARENTERALS LTD,","INDIA","SWISS PARENTERALS LTD","SUN ENTERPRISES LTD","2024-05-07","2029-05-06","valid","Rwanda FDA - Registered Pharmaceutical Products July 2026","https://rwandafda.gov.rw/register/monitoring_preview_register"
"1253","Rwanda FDA-HMP-MA-1272","LUMITER 20/120","Artemether 20mg, Lumefantrine 120 mg","20mg, 120 mg","Uncoated tablets","17 or 30x6 tablets, 30x12 tablets","36 Months","MACLEODS PHARMACEUTICALS LIMITED,","INDIA","MACLEODS PHARMACEUTICALS LIMITED","AIVEEN RWANDA LIMITED","2024-05-07","2029-05-06","valid","Rwanda FDA - Registered Pharmaceutical Products July 2026","https://rwandafda.gov.rw/register/monitoring_preview_register"
"1254","Rwanda FDA-HMP-MA-1300","","Meropenem Trihydrate, 1000 mg","1000 mg","Powder for solution for injection or infusion","20 ml vial","48 Months","ANFARM HELLAS S.A,","GREECE","DAFRA PHARMA GMBH, SWITZERLAND","SUN ENTERPRISES LTD","2024-05-07","2029-05-06","valid","Rwanda FDA - Registered Pharmaceutical Products July 2026","https://rwandafda.gov.rw/register/monitoring_preview_register"
"1255","Rwanda FDA-HMP-MA-1263","","Phenazone 4g Lidocaine Hydrochloride 1g for 100g of solution","4g & 1g for 100g of solution","Solution for ear drops","15 ml Bottle containing 16 g of solution","36 Months","BIOCODEX,","FRANCE","BIOCODEX","FORTILAB RWANDA","2024-05-07","2029-05-06","valid","Rwanda FDA - Registered Pharmaceutical Products July 2026","https://rwandafda.gov.rw/register/monitoring_preview_register"
"1256","Rwanda FDA-HMP-MA-1288","PACLITAXEL NEAPOLIS 6 MG/ML (100 MG)","Each vial of 16.7ml contains 100mg of Paclitaxel","6 mg/ml (100 mg)","Solution for infusion","16.7ml Vial","24 Months","NEAPOLIS PHARMA,","TUNISIA","NEAPOLIS PHARMA","KIPHARMA LTD","2024-05-07","2029-05-06","valid","Rwanda FDA - Registered Pharmaceutical Products July 2026","https://rwandafda.gov.rw/register/monitoring_preview_register"
"1257","Rwanda FDA-HMP-MA-1287","PACLITAXEL NEAPOLIS 6 MG/ML (30 MG)","5ml contains 30mg of Paclitaxel","6 mg/ml (30 mg)","Solution for infusion","5ml Vial","24 Months","NEAPOLIS PHARMA,","TUNISIA","NEAPOLIS PHARMA","KIPHARMA LTD","2024-05-07","2029-05-06","valid","Rwanda FDA - Registered Pharmaceutical Products July 2026","https://rwandafda.gov.rw/register/monitoring_preview_register"
"1258","Rwanda FDA-HMP-MA-1296","PIRETIKOL 250 MG/5 ML SUSPENSION","Paracetamol 250 mg/5 ml","250 mg/5 ml","Suspension","125 ml bottles","36 Months","","TURKEY","","GOODMAN INTERNATIONAL (R) LIMITED","2024-05-07","2029-05-06","valid","Rwanda FDA - Registered Pharmaceutical Products July 2026","https://rwandafda.gov.rw/register/monitoring_preview_register"
"1259","Rwanda FDA-HMP-MA-1266","QUININE SULFATE","Quinine Sulfate film-coated tablets 300 mg","300 mg","Film-coated tablets","10 x 10 tablets","60 Months","REMEDICA LIMITED,","CYPRUS","REMEDICA LIMITED","GOODMAN INTERNATIONAL (R) LTD","2024-05-07","2029-05-06","valid","Rwanda FDA - Registered Pharmaceutical Products July 2026","https://rwandafda.gov.rw/register/monitoring_preview_register"
"1260","Rwanda FDA-HMP-MA-1285","RIFAPENTINE AND ISONIAZID 300MG/300MG TABLETS","Rifapentine 300mg and Isoniazid 300mg","300 mg/300 mg","Film coated tablets","","24 Months","LUPIN LIMITED,","INDIA","LUPIN LIMITED","AIVEEN RWANDA LIMITED","2024-05-07","2029-05-06","valid","Rwanda FDA - Registered Pharmaceutical Products July 2026","https://rwandafda.gov.rw/register/monitoring_preview_register"
"1261","Rwanda FDA-HMP-MA-1303","SEKALGIC SUSPENSION","Paracetamol 125mg & Ibuprofen 100mg/5ml","125 mg,100 mg/5 ml","Suspension","Bottle of 100 ml","36 Months","BAROQUE PHARMACEUTICALS PVT, LTD,","INDIA","BEKRA PHARMA UK LTD","UBIPHARM-RWANDA LTD","2024-05-07","2029-05-06","valid","Rwanda FDA - Registered Pharmaceutical Products July 2026","https://rwandafda.gov.rw/register/monitoring_preview_register"
"1262","Rwanda FDA-HMP-MA-1304","TRIMAGO ORAL SUSPENSION","Sulfamethoxazole 200 mg and Trimethoprim 40 mg/ 5ml","200 mg/40 mg/5ml","Oral liquid Suspension","Bottle pack of 60 ml & 100 ml","36 Months","AGOG PHARMA LTD,","INDIA","AGOG PHARMA LTD","SUN ENTERPRISES LTD","2024-05-07","2029-05-06","valid","Rwanda FDA - Registered Pharmaceutical Products July 2026","https://rwandafda.gov.rw/register/monitoring_preview_register"
"1263","Rwanda FDA-HMP-MA-1262","","Saccharomyces boulardii CNCM 1-745, 50mg","50mg","Capsules","20 Capsules","36 Months","BIOCODEX,","FRANCE","BIOCODEX","FORTILAB RWANDA","2024-05-07","2029-05-06","valid","Rwanda FDA - Registered Pharmaceutical Products July 2026","https://rwandafda.gov.rw/register/monitoring_preview_register"
"1264","Rwanda FDA-HMP-MA-1301","VERBITAL 30","Phenobarbital BP 30mg","30 mg","Un coated Tablets","10x10 tablets","36 Months","VERVE HUMAN CARE LABORATORIES,","INDIA","VERVE HUMAN CARE LABORATORIES","ABACUS PHARMA (A) LTD","2024-05-07","2029-05-06","valid","Rwanda FDA - Registered Pharmaceutical Products July 2026","https://rwandafda.gov.rw/register/monitoring_preview_register"
"1265","Rwanda FDA-HBP-MA-0127","VINTOR 4000","Erythropoietin Concentrated Solution Ph. Eur, 4000 IU/ml","4000 IU/ml","Solution for injection","1 Pre-filled syringe","24 months","GENNOVA BIOPHARMACEUTICALS LIMITED,","INDIA","GENNOVA BIOPHARMACEUTICALS LIMITED","ABACUS PHARMA (A) LTD","2024-05-07","2029-05-06","valid","Rwanda FDA - Registered Pharmaceutical Products July 2026","https://rwandafda.gov.rw/register/monitoring_preview_register"
"1266","Rwanda FDA-HMP-MA-1277","VITALIPID NOVUM INFANT","","","Concentrate for solution for infusion","10 x 10 ml ampoules","24 Months","FRESENIUS KABI AB,","SWEDEN","FRESENIUS KABI SOUTH AFRICA (PTY) LTD","SURGIPHARM (RWANDA) LTD","2024-05-07","2029-05-06","valid","Rwanda FDA - Registered Pharmaceutical Products July 2026","https://rwandafda.gov.rw/register/monitoring_preview_register"
"1267","Rwanda FDA-HMP-MA-1278","XPEL SYRUP 15 MG/5 ML","Ambroxol Hydrochloride 15mg/5 ml","15mg/5 ml","Syrup","100 ml Bottle","36 Months","NEOPHARMA,","UAE","NEOPHARMA","PHILLIPS PHARMACEUTICALS (RWANDA) LTD","2024-05-07","2029-05-06","valid","Rwanda FDA - Registered Pharmaceutical Products July 2026","https://rwandafda.gov.rw/register/monitoring_preview_register"
"1268","Rwanda FDA-HMP-MA-1279","XPEL SYRUP 30MG/5 ML","Ambroxol Hydrochloride 30mg/5 ml","30mg/5 ml","Syrup","100 ml Bottle","36 Months","NEOPHARMA,","UAE","NEOPHARMA","PHILLIPS PHARMACEUTICALS (RWANDA) LTD","2024-05-07","2029-05-06","valid","Rwanda FDA - Registered Pharmaceutical Products July 2026","https://rwandafda.gov.rw/register/monitoring_preview_register"
"1269","Rwanda FDA-HMP-MA-1186","ABBORI EAR DROPS","Boric acid B.P equivalent to Boric acid","1.83%w/v","Otic Solution","5ml & 10ml ampoules","—","ABACUS PARENTERAL DRUGS LTD (APDL),","UGANDA","ABACUS PARENTERAL DRUGS LTD (APDL)","ABACUS PHARMA (A) LTD","2024-05-06","2029-05-05","valid","Rwanda FDA - Registered Pharmaceutical Products July 2026","https://rwandafda.gov.rw/register/monitoring_preview_register"
"1270","Rwanda FDA-HMP-MA-1227","ACINET DRY SYRUP 156.25 MG/ML","Amoxicillin 125 mg and Clavulanate Potassium","156.25 mg/ml","Powder for Oral Suspension","100 ml Bottle","24 Months","INDCHEMIE HEALTH SPECIALITIES PVT. LTD.","INDIA","CACHET PHARMACEUTICALS PVT. LTD, INDIA","WESSEX PHARMACEUTICALS (RWANDA) LIMITED","2024-05-06","2029-05-05","valid","Rwanda FDA - Registered Pharmaceutical Products July 2026","https://rwandafda.gov.rw/register/monitoring_preview_register"
"1271","Rwanda FDA-HMP-MA-1244","AGOPHENOL SUSPENSION","Chloramphenicol Palmitate BP eq. to 125 mg of Chloramphenicol/5ml","125 mg/5ml","Oral suspension","100 ml Bottle","36 Months","AGOG PHARMA LTD,","INDIA","AGOG PHARMA LTD","SUN ENTERPRISES LTD","2024-05-06","2029-05-05","valid","Rwanda FDA - Registered Pharmaceutical Products July 2026","https://rwandafda.gov.rw/register/monitoring_preview_register"
"1272","Rwanda FDA-HMP-MA-1179","ALVITE SYRUP","Ferrous Sulphate 166.70mg, Thiamine Hydrochloride 0.67mg, Riboflavin 0.67mg, Pyridoxine Hydrochloride 0.50mg, Nicotinamide 7.50mg, Cyanocobalamin 0.5mcg, Dexpanthenol 1.33mg, Flavoured syrup base q.s.","166.70mg, 0.67mg, 0.67mg, 0.50mg, 7.50mg, 0.5mcg, 1.33mg","Syrup","200ml Bottle","24 Months","BLISS GVS PHARMA LIMITED,","INDIA","BLISS GVS PHARMA LIMITED","SURYA DEPOT PHARMACY LTD","2024-05-06","2029-05-05","valid","Rwanda FDA - Registered Pharmaceutical Products July 2026","https://rwandafda.gov.rw/register/monitoring_preview_register"
"1273","Rwanda FDA-HMP-MA-1214","ARTHRIX CAPSULE 100 MG","Colecoxib 100mg","100 mg","Hard gelatin capsules","","36 Months","NEOPHARMA.","UNITED ARAB EMIRATES","NEOPHARMA","PHILLIPS PHARMACEUTICALS (RWANDA) LTD","2024-05-06","2029-05-05","valid","Rwanda FDA - Registered Pharmaceutical Products July 2026","https://rwandafda.gov.rw/register/monitoring_preview_register"
"1274","Rwanda FDA-HMP-MA-1211","ARTHRIX CAPSULE 200 MG","Celecoxib 200mg","200 mg","Hard gelatin capsules","","36 Months","NEOPHARMA.","UNITED ARAB EMIRATES","NEOPHARMA","PHILLIPS PHARMACEUTICALS (RWANDA) LTD","2024-05-06","2029-05-05","valid","Rwanda FDA - Registered Pharmaceutical Products July 2026","https://rwandafda.gov.rw/register/monitoring_preview_register"
"1275","Rwanda FDA-HMP-MA-1222","ASCIPRAM 10","Escitalopram Oxalate, 10mg","10mg","Film Coated Tablets","3x10 Tablets","36 Months","MICRO LABS LIMITED,","INDIA","MICRO LABS LIMITED","WESSEX PHARMACEUTICAL (RWANDA) LIMITED","2024-05-06","2029-05-05","valid","Rwanda FDA - Registered Pharmaceutical Products July 2026","https://rwandafda.gov.rw/register/monitoring_preview_register"
"1276","Rwanda FDA-HMP-MA-1223","ASCIPRAM 20","Escitalopram Oxalate, 20mg","20mg","Film Coated Tablets","3x10 Tablets","36 Months","MICRO LABS LIMITED,","INDIA","MICRO LABS LIMITED","WESSEX PHARMACEUTICAL (RWANDA) LIMITED","2024-05-06","2029-05-05","valid","Rwanda FDA - Registered Pharmaceutical Products July 2026","https://rwandafda.gov.rw/register/monitoring_preview_register"
"1277","Rwanda FDA-HMP-MA-1187","AVASTIN","Bevacizumab 400mg/16ml","400mg/16ml","Concentrate for solution for infusion","16 ml vial","36 Months","ROCHE PHARMA AG,","GERMANY","F. HOFFMANN-LA ROCHE LTD.","KIPHARMA LTD","2024-05-06","2029-05-05","valid","Rwanda FDA - Registered Pharmaceutical Products July 2026","https://rwandafda.gov.rw/register/monitoring_preview_register"
"1278","Rwanda FDA-HMP-MA-1188","AVAZIR","Tobramycin 0.3% (3mg/ml)","0.3% (3mg/ml)","Ophthalmic Solution","10 ml bottle","24 Months","ORCHIDIA PHARMACEUTICAL INDUSTRIES,","EGYPT","ORCHIDIA PHARMACEUTICAL INDUSTRIES","ETS CONTINENTAL","2024-05-06","2029-05-05","valid","Rwanda FDA - Registered Pharmaceutical Products July 2026","https://rwandafda.gov.rw/register/monitoring_preview_register"
"1279","Rwanda FDA-HMP-MA-1226","AZITHROSAFE SUSPENSION","Azithromycin Suspension 200 mg/5 ml","200 mg/5 ml","Suspension","15 ml Bottle","24 Months","ENICAR PHARMACEUTICALS PVT. LTD.","INDIA","PHARMA LIFE SCIENCE LTD, KENYA","STAR BIOTECH LIMITED","2024-05-06","2029-05-05","valid","Rwanda FDA - Registered Pharmaceutical Products July 2026","https://rwandafda.gov.rw/register/monitoring_preview_register"
"1280","Rwanda FDA-HMP-MA-1253","AZIWIN 500","Azithromycin USP 500mg","500mg","Film Coated Tablets","3 Tablets","36 Months","BAL PHARMA LIMITED,","INDIA","BAL PHARMA LIMITED, INDIA","SUN ENTERPRISES LTD","2024-05-06","2029-05-05","valid","Rwanda FDA - Registered Pharmaceutical Products July 2026","https://rwandafda.gov.rw/register/monitoring_preview_register"
"1281","Rwanda FDA-HMP-MA-1251","BALFEN","Ibuprofen 200 mg","200 mg","Film Coated Tablets","10 Tablets","36 Months","BAL PHARMA LIMITED,","INDIA","BAL PHARMA LIMITED, INDIA","SUN ENTERPRISES LIMITED","2024-05-06","2029-05-05","valid","Rwanda FDA - Registered Pharmaceutical Products July 2026","https://rwandafda.gov.rw/register/monitoring_preview_register"
"1282","Rwanda FDA-HMP-MA-1231","BALFEN.","Ibuprofen BP 400 mg","400 mg","Film Coated Tablets","10x10 Tablets","36 Months","BAL PHARMA LIMITED,","INDIA","BAL PHARMA LIMITED.","SUN ENTERPRISES LIMITED","2024-05-06","2029-05-05","valid","Rwanda FDA - Registered Pharmaceutical Products July 2026","https://rwandafda.gov.rw/register/monitoring_preview_register"
"1283","Rwanda FDA-HMP-MA-1252","BALTRIM","Sulfamethoxazole 400mg and Trimethoprim 80mg","400mg and 80mg","Uncoated Tablets","10 Tablets","48 Months","BAL PHARMA LIMITED,","INDIA","BAL PHARMA LIMITED, INDIA","SUN ENTERPRISES LIMITED","2024-05-06","2029-05-05","valid","Rwanda FDA - Registered Pharmaceutical Products July 2026","https://rwandafda.gov.rw/register/monitoring_preview_register"
"1284","Rwanda FDA-HMP-MA-1225","BAROLE INJECTION","Rabeprazole sodium 20mg","20 mg","Lyophilized Powder for Injection","1 Vial","24 Months","NAPROD LIFE SCIENCES PVT. LTD.","INDIA","MEGA LIFESCIENCES PUBLIC COMPANY LIMITED, THAILAND","ABACUS PHARMA (A) LTD","2024-05-06","2029-05-05","valid","Rwanda FDA - Registered Pharmaceutical Products July 2026","https://rwandafda.gov.rw/register/monitoring_preview_register"
"1285","Rwanda FDA-HMP-MA-1258","BEDAQUILINE TABLETS 100MG","Bedaquiline Fumarate, 100mg","100mg","Tablet","4x14 Tablets","24 Months","LUPIN LTD,","INDIA","LUPIN LTD","AIVEEN (R) LTD","2024-05-06","2029-05-05","valid","Rwanda FDA - Registered Pharmaceutical Products July 2026","https://rwandafda.gov.rw/register/monitoring_preview_register"
"1286","Rwanda FDA-HMP-MA-1224","BETASALIC OINTMENT","Betamethasone dipropionate eq. to betamethasone 0.5mg/gm and Salicylic acid 30 mg/gm","0.5mg/gm and 30 mg/gm","Ointment","15 g tube","24 Months","ATCO LABORATORIES LIMITED,","PAKISTAN","ATCO LABORATORIES LIMITED, PAKISTAN","M/S AFRI HEALTH CARE LTD","2024-05-06","2029-05-05","valid","Rwanda FDA - Registered Pharmaceutical Products July 2026","https://rwandafda.gov.rw/register/monitoring_preview_register"
"1287","Rwanda FDA-HMP-MA-1205","BIOTRIM SUSPENSION","Trimethoprim 40 mg, and Sulphamethoxazole 200 mg","40 mg, 200 mg","suspension","100 ml and 50 ml","36 Months","BIODEAL LABORATORIES LTD,","KENYA","BIODEAL LABORATORIES LTD","CAPITAL PHARMACEUTICAL SUPPLIES LTD","2024-05-06","2029-05-05","valid","Rwanda FDA - Registered Pharmaceutical Products July 2026","https://rwandafda.gov.rw/register/monitoring_preview_register"
"1288","Rwanda FDA-HMP-MA-1255","BOSUTINIB PFIZER 100 FILM COATED TABLETS","Bosutinib monohydrate 100 mg","100 mg","Film Coated Tablets","14 or 15 Tablets","48 Months","PFIZER MANUFACTURING DEUTSCHLAND GmbH","GERMAY","PFIZER LABORATORIES LIMITED","GILMED LIMITED","2024-05-06","2029-05-05","valid","Rwanda FDA - Registered Pharmaceutical Products July 2026","https://rwandafda.gov.rw/register/monitoring_preview_register"
"1289","Rwanda FDA-HMP-MA-1188","BREN-400","Ibuprofen BP 400 mg","400 mg","Film Coated Tablets","10x10 Tablets & 1000 tablets","36 Months","KOPRAN LIMITED,","INDIA","KOPRAN LIMITED","PHILLIPS PHARMACEUTICALS (RWANDA) LTD","2024-05-06","2029-05-05","valid","Rwanda FDA - Registered Pharmaceutical Products July 2026","https://rwandafda.gov.rw/register/monitoring_preview_register"
"1290","Rwanda FDA-HBP-MA-0121","CAPRIN","Heparin Sodium Injection BP 25000IU/5ml","25000IU/5ml","Injection","5ml x 10 vials","24 months","SAMARTH LIFE SCIENCES PVT. LTD,","INDIA","SAMARTH LIFE SCIENCES PVT. LTD","SUN ENTERPRISES LTD","2024-05-06","2029-05-05","valid","Rwanda FDA - Registered Pharmaceutical Products July 2026","https://rwandafda.gov.rw/register/monitoring_preview_register"
"1291","Rwanda FDA-HMP-MA-1233","CEFTRIMED","Ceftriaxone sodium 1.0g/vial","1.0g/vial","Powder for injection","10x100 Vials of 10 ml","36 Months","CSPC ZHONGNUO PHARMACEUTICAL (SHIJIAZHUANG) CO., LTD;","CHINA","MEDISEL (K) LTD","SUN ENTERPRISES LTD","2024-05-06","2029-05-05","valid","Rwanda FDA - Registered Pharmaceutical Products July 2026","https://rwandafda.gov.rw/register/monitoring_preview_register"
"1292","Rwanda FDA-HMP-MA-1177","CHONDROGEN FILM COATED TABLET","Sodium chondroitin sulphate 400mg, and Sodium glucosamine sulphate 500mg","400mg and 500mg","Film Coated Tablet","","36 Months","THE ARAB CO. FOR PHARMACEUTICALS & MEDICAL PLANTS (MEPACO-MEDIFOOD),","EGYPT","THE ARAB CO. FOR PHARMACEUTICALS & MEDICAL PLANTS (MEPACO-MEDIFOOD)","ETS CONTINENTAL DEPOT","2024-05-06","2029-05-05","valid","Rwanda FDA - Registered Pharmaceutical Products July 2026","https://rwandafda.gov.rw/register/monitoring_preview_register"
"1293","Rwanda FDA-HMP-MA-1236","","Ciprofloxacin hydrochloride 500 mg","500 mg","Film coated tablets","14 tablets","36 Months","ATABAY ILAC FABRIKASI A.S.,","TURKEY","DAFRA PHARMA GMBH","SUN ENTREPRISES LTD","2024-05-06","2029-05-05","valid","Rwanda FDA - Registered Pharmaceutical Products July 2026","https://rwandafda.gov.rw/register/monitoring_preview_register"
"1294","Rwanda FDA-HMP-MA-1237","","Ciprofloxacin hydrochloride 750 mg","750 mg","Film coated tablets","14 tablets","36 Months","ATABAY ILAC FABRIKASI A.S.,","TURKEY","DAFRA PHARMA GMBH","SUN ENTREPRISES LTD","2024-05-06","2029-05-05","valid","Rwanda FDA - Registered Pharmaceutical Products July 2026","https://rwandafda.gov.rw/register/monitoring_preview_register"
"1295","Rwanda FDA-HMP-MA-1249","CIPROREN TABLETS","Ciprofloxacin Hydrochloride 500mg","500mg","Film Coated Tablets","10 Tablets","24 Months","RENE INDUSTRIES LTD,","UGANDA","RENE INDUSTRIES LTD, UGANDA","RENE PHARMACY (R) LTD","2024-05-06","2029-05-05","valid","Rwanda FDA - Registered Pharmaceutical Products July 2026","https://rwandafda.gov.rw/register/monitoring_preview_register"
"1296","Rwanda FDA-HMP-MA-1189","CO-AVAZIR","Tobramycine, 0.3% (3mg/ml), Dexamethasone 0.1% (1mg/ml)","0.3% (3mg/ml), 0.1% (1mg/ml)","Ophthalmic Solution","10 ml bottle","24 Months","ORCHIDIA PHARMACEUTICAL INDUSTRIES,","EGYPT","ORCHIDIA PHARMACEUTICAL INDUSTRIES","ETS CONTINENTAL","2024-05-06","2029-05-05","valid","Rwanda FDA - Registered Pharmaceutical Products July 2026","https://rwandafda.gov.rw/register/monitoring_preview_register"
"1297","Rwanda FDA-HMP-MA-1193","COLDCAP SYRUP","Paracetamol BP 120 mg, Pseudoephedrine Hydrochloride BP 10 mg, Chlorpheniramine Maleate BP 2 mg","120 mg, 10 mg, 2 mg","Syrup","100ml bottle","36 Months","REGAL PHARMACEUTICALS LTD,","KENYA","REGAL PHARMACEUTICALS LTD","ABACUS PHARMA (A) LTD","2024-05-06","2029-05-05","valid","Rwanda FDA - Registered Pharmaceutical Products July 2026","https://rwandafda.gov.rw/register/monitoring_preview_register"
"1298","Rwanda FDA-HMP-MA-1240","DAFLON 1000MG","Micronised purified flavonoid fraction 1000 mg","1000 mg","Film-coated tablet","30 tablets","48 Months","SERVIER (IRELAND) INDUSTRIES LTD,","IRELAND","LES LABORATOIRES SERVIER","KIPHARMA LTD","2024-05-06","2029-05-05","valid","Rwanda FDA - Registered Pharmaceutical Products July 2026","https://rwandafda.gov.rw/register/monitoring_preview_register"
"1299","Rwanda FDA-HMP-MA-1190","DAPROFEN SUSPENSION","Ibuprofen BP 100mg/5ml","100mg/5ml","Oral suspension","60ml/ 100ml bottles","36 Months","DAWA LIMITED","KENYA","DAWA LIMITED","SUN ENTERPRISES LTD","2024-05-06","2029-05-05","valid","Rwanda FDA - Registered Pharmaceutical Products July 2026","https://rwandafda.gov.rw/register/monitoring_preview_register"
"1300","Rwanda FDA-HMP-MA-1176","","Promethazine Hydrochloride BP 25 mg","25 mg","Film coated tablets","10x10 Tablets","36 Months","DAWA LIMITED.","KENYA","DAWA LIMITED","SUN ENTERPRISES","2024-05-06","2029-05-05","valid","Rwanda FDA - Registered Pharmaceutical Products July 2026","https://rwandafda.gov.rw/register/monitoring_preview_register"
"1301","Rwanda FDA-HMP-MA-1256","DEFAL 30MG","Deflazacort 30mg","30mg","Tablets","10 Tablets","60 Months","FAES FARMA, S.A,","SPAIN","FAES FARMA, S.A","GOMHS LTD","2024-05-06","2029-05-05","valid","Rwanda FDA - Registered Pharmaceutical Products July 2026","https://rwandafda.gov.rw/register/monitoring_preview_register"
"1302","Rwanda FDA-HMP-MA-1220","DEFAL 6MG TABLETS","Deflazacort 6 mg","6 mg","Tablets","20 Tablets","60 Months","FAES FARMA, S.A","SPAIN","FAES FARMA, S.A.","GOMHS LTD","2024-05-06","2029-05-05","valid","Rwanda FDA - Registered Pharmaceutical Products July 2026","https://rwandafda.gov.rw/register/monitoring_preview_register"
"1303","Rwanda FDA-HMP-MA-1217","DEFAL DROPS","Deflazacort 22.75mg/ml","22.75mg/ml","Oral drops suspension","13 ml Bottle","36 Months","FAES FARMA, S.A","SPAIN","FAES FARMA, S.A., SPAIN","GOMHS LTD","2024-05-06","2029-05-05","valid","Rwanda FDA - Registered Pharmaceutical Products July 2026","https://rwandafda.gov.rw/register/monitoring_preview_register"
"1304","Rwanda FDA-HMP-MA-1216","DISTEM TABLETS","Methocarbamol 380mg & Paracetamol 300mg","380mg /300mg","Tablet","50 tablets","60 Months","FAES FARMA, S.A","SPAIN","FAES FARMA, S.A., SPAIN","GOMHS LTD","2024-05-06","2029-05-05","valid","Rwanda FDA - Registered Pharmaceutical Products July 2026","https://rwandafda.gov.rw/register/monitoring_preview_register"
"1305","Rwanda FDA-HMP-MA-1178","DNS 500 ML","Sodium Chloride (0.9%w/v) & Glucose (5%w/v)","(0.9%w/v) & (5%w/v)","Intravenous solution","500 ml Bottle","36 Months","ACULIFE HEALTHCARE PRIVATE LIMITED,","INDIA","ACULIFE HEALTHCARE PRIVATE LIMITED","SUN ENTERPRISES LTD","2024-05-06","2029-05-05","valid","Rwanda FDA - Registered Pharmaceutical Products July 2026","https://rwandafda.gov.rw/register/monitoring_preview_register"
"1306","Rwanda FDA-HMP-MA-1232","DOCETAXEL IMPACT 80MG/4ML","Docetaxel 80mg/4ml","80mg/4ml","solution for infusion","7 ml Vial","36 Months","SANOFI-AVENTIS DEUTSCHLAND GmbH,","GERMANY","SANOFI-AVENTIS SOUTH AFRICA (PVT) LTD.","KIPHARMA LTD.","2024-05-06","2029-05-05","valid","Rwanda FDA - Registered Pharmaceutical Products July 2026","https://rwandafda.gov.rw/register/monitoring_preview_register"
"1307","Rwanda FDA-HMP-MA-1257","DOM R CAPSULES","Rabeprazole Sodium 20 mg & Domperidone 30 mg","20 mg & 30 mg","Hard Gelatin Capsules","10 Capsules","24 Months","CORONA REMEDIES PRIVATE LIMITED,","INDIA","I-CARE PHARMA LIMITED","AIVEEN (R) LTD","2024-05-06","2029-05-05","valid","Rwanda FDA - Registered Pharmaceutical Products July 2026","https://rwandafda.gov.rw/register/monitoring_preview_register"
"1308","Rwanda FDA-HMP-MA-1173","EFAVIRENZ, LAMIVUDINE AND TENOFOVIR DISOPROXIL FUMARATE","Efavirenz 600 mg, Lamivudine 300 mg, and Tenofovir Disoproxil Fumarate 600 mg","600 mg, 300 mg, 600 mg","Film coated tablets","30 tablets and 90 tablets","24 Months","LAURUS LABS LIMITED,","INDIA","LAURUS LABS LIMITED","CAPITAL PHARMACEUTICAL SUPPLIES LTD","2024-05-06","2029-05-05","valid","Rwanda FDA - Registered Pharmaceutical Products July 2026","https://rwandafda.gov.rw/register/monitoring_preview_register"
"1309","Rwanda FDA-HMP-MA-1200","ERYKO -250","Erythromycin Stearate BP 250mg","250mg","Film Coated Tablet","10 x 10 tablets and 1000 Tablets","36 Months","KOPRAN LIMITED,","INDIA","KOPRAN LIMITED","PHILLIPS PHARMACEUTICALS (RWANDA) LTD","2024-05-06","2029-05-05","valid","Rwanda FDA - Registered Pharmaceutical Products July 2026","https://rwandafda.gov.rw/register/monitoring_preview_register"
"1310","Rwanda FDA-HMP-MA-1260","ESLOTIN 5MG FILM COATED TABLETS","Desloratidine 5mg","5mg","Film Coated Tablets","10, 20 & 30 Tablets","36 Months","","TURKEY","","GOODMAN INTERNATIONAL LTD (R)","2024-05-06","2029-05-05","valid","Rwanda FDA - Registered Pharmaceutical Products July 2026","https://rwandafda.gov.rw/register/monitoring_preview_register"
"1311","Rwanda FDA-HMP-MA-1241","ETROBAX 60","Etoricoxib Tablets 60mg","60mg","Film Coated Tablets","3x 10 Tablets","36 Months","HETERO LABS LIMITED,","INDIA","HETERO LABS LIMITED","BION PHARMA GROUP LTD","2024-05-06","2029-05-05","valid","Rwanda FDA - Registered Pharmaceutical Products July 2026","https://rwandafda.gov.rw/register/monitoring_preview_register"
"1312","Rwanda FDA-HMP-MA-1180","EXTRACEF 200 DT TABLETS","Cefixime trihydrate USP 200mg","200mg","Dispersible tablets","","30 Months","BLUE CROSS LABORATORIES PVT. LTD.","INDIA","BLUE CROSS LABORATORIES PVT. LTD.","WESSEX PHARMACEUTICALS (RWANDA) LTD","2024-05-06","2029-05-05","valid","Rwanda FDA - Registered Pharmaceutical Products July 2026","https://rwandafda.gov.rw/register/monitoring_preview_register"
"1313","Rwanda FDA-HMP-MA-1191","FEROBSV","Ferric Hydroxide in Complex with Sucrose equivalent to Elemental Iron (Iron-Sucrose Complex) 100mg/5ml","100mg/5ml","solution for injection or concentrate for solution for infusion","5mL vial","24 Months","MAIVA PHARMA PVT LTD,","INDIA","BHARAT SERUMS & VACCINES LTD","WESSEX PHARMACEUTICALS (RWANDA) LTD","2024-05-06","2029-05-05","valid","Rwanda FDA - Registered Pharmaceutical Products July 2026","https://rwandafda.gov.rw/register/monitoring_preview_register"
"1314","Rwanda FDA-HMP-MA-1242","","Vitamin A Palmitate BP 1000IU/g, Vitamin D3 BP 30IU/g, Urea BP 5.0% w/w, Aloe vera Extract 5.0% w/w, Magnesium Lactate Dihydrate BP 2.0% w/w and Zinc Oxide BP 2.0% w/w","1000IU/g, 30IU/g, 5.0% w/w, 5.0% w/w, 2.0% w/w and 2.0% w/w","Cream","30 gm Tube","36 Months","CURETECH SKINCARE,","INDIA","GALAXY PHARMACEUTICALS","STAR BIOTECH LIMITED","2024-05-06","2029-05-05","valid","Rwanda FDA - Registered Pharmaceutical Products July 2026","https://rwandafda.gov.rw/register/monitoring_preview_register"
"1315","Rwanda FDA-HMP-MA-1181","GRAMOCEF-O-400","Cefixime 400mg","400mg","Capsules","","36 Months","MICRO LABS LTD,","INDIA","MICRO LABS LTD","WESSEX PHARMACEUTICALS RWANDA LTD","2024-05-06","2029-05-05","valid","Rwanda FDA - Registered Pharmaceutical Products July 2026","https://rwandafda.gov.rw/register/monitoring_preview_register"
"1316","Rwanda FDA-HMP-MA-1183","HYOCE","Hyoscine Butylbromide 20mg/ml","20mg/ml","Solution for injection","","24 Months","KILITCH DRUGS (INDIA) LIMITED.","INDIA","KILITCH DRUGS (INDIA) LIMITED","SUN ENTERPRISES LTD","2024-05-06","2029-05-05","valid","Rwanda FDA - Registered Pharmaceutical Products July 2026","https://rwandafda.gov.rw/register/monitoring_preview_register"
"1317","Rwanda FDA-HMP-MA-1192","IMMU-C EFFERVESCENT SACHET","Echinacea Dry Extract 200mg, Vitamin C 500mg, Zinc Sulphate Monohydrate 38.4 mg","200mg, 500mg, 38.4 mg","Deep yellowish free flowing granules","1x 10 sachets","36 Months","ARAB COMPANY FOR PHARMACEUTICALS & MEDICAL PLANTS (MEPACO-MEDIFOOD),","EGYPT","ARAB CO. FOR PHARMACEUTICALS & MEDICAL PLANTS (MEPACO-MEDIFOOD)","ETS CONTINENTAL","2024-05-06","2029-05-05","valid","Rwanda FDA - Registered Pharmaceutical Products July 2026","https://rwandafda.gov.rw/register/monitoring_preview_register"
"1318","Rwanda FDA-HBP-MA-0122","INSULIN GLARGINE,","Insulin Glargine Impact 100 Units/ml","100 Units/ml","Solution for injection","3 mL cartridge","36 Months","SANOFI-AVENTIS DEUTSCHLAND GmbH,","GERMANY","SANOFI-AVENTIS SOUTH AFRICA (PTY) LTD","KIPHARMA LTD","2024-05-06","2029-05-05","valid","Rwanda FDA - Registered Pharmaceutical Products July 2026","https://rwandafda.gov.rw/register/monitoring_preview_register"
"1319","Rwanda FDA-HMP-MA-1210","","Amoxicillin Trihydrate USP Eq. to Anhydrous Amoxicillin 500mg and diluted potassium clavulanate BP Eq. to Clavulanic acid 62.5mg","500mg/62.5 mg","Film coated tablets","2x8 tablets","24 Months.","BAROQUE PHARMACEUTICALS PVT.LTD.,","INDIA","BEKRA PHARMA UK LTD","UBIPHARMA-RWANDA LTD","2024-05-06","2029-05-05","valid","Rwanda FDA - Registered Pharmaceutical Products July 2026","https://rwandafda.gov.rw/register/monitoring_preview_register"
"1320","Rwanda FDA-HMP-MA-1194","L-CARNITINE PLUS FILM COATED TABLET","Levo Carnitine L-Tartrate 1000mg, Zinc gluconate 50mg","1000mg, 50mg","Film coated tablets","2x10 blisters","36 Months","ARAB COMPANY FOR PHARMACEUTICALS & MEDICAL PLANTS (MEPACO-MEDIFOOD),","EGYPT","ARAB CO. FOR PHARMACEUTICALS & MEDICAL PLANTS (MEPACO-MEDIFOOD)","ETS CONTINENTAL","2024-05-06","2029-05-05","valid","Rwanda FDA - Registered Pharmaceutical Products July 2026","https://rwandafda.gov.rw/register/monitoring_preview_register"
"1321","Rwanda FDA-HMP-MA-1243","LISOF","Ledipasvir and Sofosbuvir 90mg/400mg","90mg/400mg","Film Coated Tablets","28 Tablets","24 Months","HETERO LABS LIMITED,","INDIA","HETERO LABS LIMITED","VINE PHARMA LIMITED","2024-05-06","2029-05-05","valid","Rwanda FDA - Registered Pharmaceutical Products July 2026","https://rwandafda.gov.rw/register/monitoring_preview_register"
"1322","Rwanda FDA-HMP-MA-1261","METAPIR-100","Topiramate USP, 100mg","100mg","Film Coated Tablets","10 Tablets","36 Months","MICRO LABS LIMITED,","INDIA","MICRO LABS LIMITED","WESSEX PHARMACEUTICALS (RWANDA) LTD","2024-05-06","2029-05-05","valid","Rwanda FDA - Registered Pharmaceutical Products July 2026","https://rwandafda.gov.rw/register/monitoring_preview_register"
"1323","Rwanda FDA-HMP-MA-1228","MOXVID - 250","Amoxicillin Trihydrate USP 250 mg","250 mg","Hard Gelatin Capsule","10x10 Capsules","36 Months","SCOTT - EDIL ADVANCE RESEARCH LABORATORIES & EDUCATION LIMITED,","INDIA","SCOTT - EDIL ADVANCE RESEARCH LABORATORIES & EDUCATION LIMITED","ESCORTS PHARMACEUTICALS LIMITED","2024-05-06","2029-05-05","valid","Rwanda FDA - Registered Pharmaceutical Products July 2026","https://rwandafda.gov.rw/register/monitoring_preview_register"
"1324","Rwanda FDA-HMP-MA-1250","MYCOREN TABLET","Nystatin 500,000 IU","500,000 IU","Tablets","10 Tablets","24 Months","RENE INDUSTRIES LTD,","UGANDA","RENE INDUSTRIES LTD, UGANDA","RENE PHARMACY (R) LTD","2024-05-06","2029-05-05","valid","Rwanda FDA - Registered Pharmaceutical Products July 2026","https://rwandafda.gov.rw/register/monitoring_preview_register"
"1325","Rwanda FDA-HMP-MA-1212","NEOCLAV POWDER FOR ORAL SUSPENSION 228.5 MG/ 5 ML","Amoxicillin 200 mg and Clavulanic Acid 28.5 mg","228.5 Mg/ 5 ml","Powder for Oral Suspension","70ml Bottle","24 Months","NEOPHARMA,","UNITED ARAB EMIRATES","NEOPHARMA","PHILLIPS PHARMACEUTICALS (RWANDA) LTD","2024-05-06","2029-05-05","valid","Rwanda FDA - Registered Pharmaceutical Products July 2026","https://rwandafda.gov.rw/register/monitoring_preview_register"
"1326","Rwanda FDA-HMP-MA-1234","NEWCOX-60","Etoricoxib Tablets 60 mg","60 mg","Film coated tablets","3x10 Tablets","36 Months","M/S SKYBIOTECH LIFESCIENCES PVT. LTD,","INDIA","PHARMA LIFE SCIENCE LTD","STAR BIOTECH LIMITED","2024-05-06","2029-05-05","valid","Rwanda FDA - Registered Pharmaceutical Products July 2026","https://rwandafda.gov.rw/register/monitoring_preview_register"
"1327","Rwanda FDA-HMP-MA-1235","NEWCOX-90","Etoricoxib Tablets 90 mg","90 mg","film coated tablets","3x10 Tablets","36 Months","M/S SKYBIOTECH LIFESCIENCES PVT. LTD,","INDIA","PHARMA LIFE SCIENCE LTD","STAR BIOTECH LIMITED","2024-05-06","2029-05-05","valid","Rwanda FDA - Registered Pharmaceutical Products July 2026","https://rwandafda.gov.rw/register/monitoring_preview_register"
"1328","Rwanda FDA-HMP-MA-1213","NOVAMENTIN-228.5","Amoxicillin 200mg and Clavulanic Acid 28.5 mg.","228.5 mg/5ml","Powder for Oral Suspension","100 ml Amber glass bottle","24 Months","SCOTT- EDIL ADVANCE RESEARCH LABORATORIES & EDUCATION LTD,","INDIA","SCOTT-EDIL ADVANCE RESEARCH LABORATORIES &","ESCORTS PHARMACEUTICALS LIMITED","2024-05-06","2029-05-05","valid","Rwanda FDA - Registered Pharmaceutical Products July 2026","https://rwandafda.gov.rw/register/monitoring_preview_register"
"1329","Rwanda FDA-HMP-MA-1174","NUSAR 50","Losartan Potassium BP/USP 50 mg","50 mg","Film-coated tablet","","36 Months","EMCURE PHARMACEUTICALS LIMITED,","INDIA","EMCURE PHARMACEUTICALS LIMITED","ABACUS PHARMA(A) LTD","2024-05-06","2029-05-05","valid","Rwanda FDA - Registered Pharmaceutical Products July 2026","https://rwandafda.gov.rw/register/monitoring_preview_register"
"1330","Rwanda FDA-HMP-MA-1184","OMACILLIN 500","Amoxicillin trihydrate equivalent to Amoxicillin 500 mg","500 mg","Capsules","2x10 Capsules","36 Months","NATIONAL PHARMACEUTICAL INDUSTRIES CO. (SAOC),","SULTANATE OF OMAN","NATIONAL PHARMACEUTICAL INDUSTRIES CO. (SAOC)","SUN ENTERPRISES LTD","2024-05-06","2029-05-05","valid","Rwanda FDA - Registered Pharmaceutical Products July 2026","https://rwandafda.gov.rw/register/monitoring_preview_register"
"1331","Rwanda FDA-HMP-MA-1229","OMEP","Omeprazole BP 20mg","20mg","Capsules","10x10 Capsules","24 Months","BAL PHARMA LIMITED,","INDIA","BAL PHARMA LIMITED","SUN ENTERPRISES LIMITED","2024-05-06","2029-05-05","valid","Rwanda FDA - Registered Pharmaceutical Products July 2026","https://rwandafda.gov.rw/register/monitoring_preview_register"
"1332","Rwanda FDA-HMP-MA-1195","OMICAP-20","Omeprazole 20mg","20mg","Capsules","3x10 capsules","24 Months","MICRO LABS LIMITED,","INDIA","MICRO LABS LIMITED, INDIA","WESSEX PHARMACEUTICALS (RWANDA) LTD","2024-05-06","2029-05-05","valid","Rwanda FDA - Registered Pharmaceutical Products July 2026","https://rwandafda.gov.rw/register/monitoring_preview_register"
"1333","Rwanda FDA-HBP-MA-0124","PALBOCICLIB PFIZER 100 FILM COATED TABLETS","Palbociclib 100mg","100mg","Film Coated Tablets","3 x 7 tablets","36 Months","","GERMANY","PFIZER LIMITED","GILMED LIMITED","2024-05-06","2029-05-05","valid","Rwanda FDA - Registered Pharmaceutical Products July 2026","https://rwandafda.gov.rw/register/monitoring_preview_register"
"1334","Rwanda FDA-HBP-MA-0125","PALBOCICLIB PFIZER 125 FILM COATED TABLETS","Palbociclib 125mg","125mg","Film Coated Tablets","3 x 7 tablets","36 Months","","GERMANY","PFIZER LIMITED","GILMED LIMITED","2024-05-06","2029-05-05","valid","Rwanda FDA - Registered Pharmaceutical Products July 2026","https://rwandafda.gov.rw/register/monitoring_preview_register"
"1335","Rwanda FDA-HBP-MA-0123","PALBOCICLIB PFIZER 75 FILM COATED TABLETS","Palbociclib 75mg","75mg","Film Coated Tablets","3 x 7 tablets","36 Months","Pfizer Manufacturing Deutschland GmbH,","GERMANY","PFIZER LIMITED","GILMED LIMITED","2024-05-06","2029-05-05","valid","Rwanda FDA - Registered Pharmaceutical Products July 2026","https://rwandafda.gov.rw/register/monitoring_preview_register"
"1336","Rwanda FDA-HMP-MA-1208","","Paracetamol 500 mg","500 mg","Tablets","3x10 tablets","60 Months","","TURKEY","DAFRA PHARMA GMBH","SUN ENTREPRISES LTD","2024-05-06","2029-05-05","valid","Rwanda FDA - Registered Pharmaceutical Products July 2026","https://rwandafda.gov.rw/register/monitoring_preview_register"
"1337","Rwanda FDA-HMP-MA-0589","PAUSE","Tranexamic acid BP 500 mg/5 ml","500 mg/5 ml","Solution for injection","5 ml ampoule","24 Months","EMCURE PHARMACEUTICALS LTD.","INDIA","EMCURE PHARMACEUTICALS LTD","ABACUS PHARMA (A) LTD","2024-05-06","2029-05-05","valid","Rwanda FDA - Registered Pharmaceutical Products July 2026","https://rwandafda.gov.rw/register/monitoring_preview_register"
"1338","Rwanda FDA-HMP-MA-1207","","Ibuprofen 400 mg","400 mg","Film coated Tablets","3x10 tablets","60 Months","","TURKEY","DAFRA PHARMA GMBH","SUN ENTREPRISES LTD","2024-05-06","2029-05-05","valid","Rwanda FDA - Registered Pharmaceutical Products July 2026","https://rwandafda.gov.rw/register/monitoring_preview_register"
"1339","Rwanda FDA-HMP-MA-1206","","Ibuprofen 100 mg/ml","100 mg/ml (20 mg/ml)","Suspension","100 ml Bottle","36 Months.","ATABAY K?MYA SAN. Ve T?C. A.?.","TURKEY","DAFRA PHARMA GMBH","SUN ENTREPRISES LTD","2024-05-06","2029-05-05","valid","Rwanda FDA - Registered Pharmaceutical Products July 2026","https://rwandafda.gov.rw/register/monitoring_preview_register"
"1340","Rwanda FDA-HMP-MA-1238","PHARMADEX","Paracetamol 325 mg, Aspirin 400 mg and Caffeine 30 mg","325mg/400mg/30mg","Tablets","10x10 Tablets","36 Months","M/S SKYBIOTECH LIFESCIENCES PVT. LTD,","INDIA","PHARMA LIFE SCIENCE LTD","STAR BIOTECH LIMITED","2024-05-06","2029-05-05","valid","Rwanda FDA - Registered Pharmaceutical Products July 2026","https://rwandafda.gov.rw/register/monitoring_preview_register"
"1341","Rwanda FDA-HMP-MA-1197","PHARMATEX","Benzalkonium chloride 50% w/v (37.8 mg)","50% w/v (37.8 mg)","Pessary","10 or 20 pessaries","36 Months","INNOTHERA CHOUZY,","FRANCE","LABORATOIRE INNOTECH INTERNATIONAL","MEDIASOL PHARMACEUTICAL DEPOT LTD","2024-05-06","2029-05-05","valid","Rwanda FDA - Registered Pharmaceutical Products July 2026","https://rwandafda.gov.rw/register/monitoring_preview_register"
"1342","Rwanda FDA-HMP-MA-1239","PIRICLOR SYRUP","Chlorpheniramine Maleate BP 2.0mg/5ml","2.0mg/5ml","Syrup","100 ml and 60 ml Bottles","36 Months","BIODEAL LABORATORIES LTD,","KENYA","BIODEAL LABORATORIES LTD","CAPITAL PHARMACEUTICALS SUPPLIES LTD","2024-05-06","2029-05-05","valid","Rwanda FDA - Registered Pharmaceutical Products July 2026","https://rwandafda.gov.rw/register/monitoring_preview_register"
"1343","Rwanda FDA-HMP-MA-1202","PROFEN SUSPENSION","Ibuprofen BP 100mg/5ml","100mg/5ml","Suspension","60mL/100mL bottle","36 Months","LABORATORY & ALLIED LIMITED.","KENYA","LABORATORY & ALLIED LIMITED","DEPOT PHARMACEUTIQUE LE MEDICAL","2024-05-06","2029-05-05","valid","Rwanda FDA - Registered Pharmaceutical Products July 2026","https://rwandafda.gov.rw/register/monitoring_preview_register"
"1344","Rwanda FDA-HMP-MA-1201","","Cefuroxime Axetil USP equivalent to Cefuroxime 500 mg","500 mg","Film coated tablets","1x10 Tablets","36 Months","MICRO LABS LTD.","INDIA","MICRO LABS LTD.","WESSEX PHARMACEUTICALS (RWANDA) LTD","2024-05-06","2029-05-05","valid","Rwanda FDA - Registered Pharmaceutical Products July 2026","https://rwandafda.gov.rw/register/monitoring_preview_register"
"1345","Rwanda FDA-HMP-MA-1198","RABEMAC 20","Rabeprazole Sodium 20 mg","20 mg","Delayed Release Tablets","2 x 7 & 4 x 7 tablets","36 Months","MACLEODS PHARMACEUTICALS LTD.","INDIA","MACLEODS PHARMACEUTICALS LTD","AIVEEN RWANDA LTD","2024-05-06","2029-05-05","valid","Rwanda FDA - Registered Pharmaceutical Products July 2026","https://rwandafda.gov.rw/register/monitoring_preview_register"
"1346","Rwanda FDA-HMP-MA-1199","RALTEGRAVIR TABLETS","Raltegravir Potassium (Amorphous) 400mg","400mg","Film coated tablets","60 tablets","24 Months","HETERO LABS LIMITED,","INDIA","HETERO LABS LIMITED","SUN ENTERPRISES LIMITED","2024-05-06","2029-05-05","valid","Rwanda FDA - Registered Pharmaceutical Products July 2026","https://rwandafda.gov.rw/register/monitoring_preview_register"
"1347","Rwanda FDA-HMP-MA-1248","RENE-CPM TABLETS","Chlorpheniramine Maleate 4 mg","4 mg","Tablets","10 Tablets","24 Months","RENE INDUSTRIES LTD,","UGANDA","RENE INDUSTRIES LTD, UGANDA","RENE PHARMACY (R) LTD","2024-05-06","2029-05-05","valid","Rwanda FDA - Registered Pharmaceutical Products July 2026","https://rwandafda.gov.rw/register/monitoring_preview_register"
"1348","Rwanda FDA-HMP-MA-1247","RENETRIM DS TABLETS","Sulfamethoxazole 800mg and Trimethoprim 160mg","800mg and 160mg","Tablets","10 Tablets","24 Months","RENE INDUSTRIES LTD.","UGANDA","RENE INDUSTRIES LTD, UGANDA","RENE PHARMACY (R) LTD","2024-05-06","2029-05-05","valid","Rwanda FDA - Registered Pharmaceutical Products July 2026","https://rwandafda.gov.rw/register/monitoring_preview_register"
"1349","Rwanda FDA-HMP-MA-1246","REVIVE","Glucose anhydrous 13.5g, sodium chloride 2.6g, trisodium citrate dihydrate BP 2.9g, Potassium chloride 1.5g","13.5g, 2.6g, 2.9g + 1.5g","Crystalline Powder","20.5 g Sachet","24 Months","RENE INDUSTRIES LTD,","UGANDA","RENE INDUSTRIES LTD, UGANDA","RENE PHARMACY (R) LTD","2024-05-06","2029-05-05","valid","Rwanda FDA - Registered Pharmaceutical Products July 2026","https://rwandafda.gov.rw/register/monitoring_preview_register"
"1350","Rwanda FDA-HMP-MA-1185","RUBEM CREAM","Methyl Nicotinate 1%w/w, Capsicum Oleoresin0.1%w/w, Methyl Salicylate 5% w/w","1%w/w, 0.1%w/w, 5% w/w","Cream","25g tube","36 Months","REGAL PHARMACEUTICALS LTD,","KENYA","REGAL PHARMACEUTICALS LTD","ABACUS PHARMA (A) LTD","2024-05-06","2029-05-05","valid","Rwanda FDA - Registered Pharmaceutical Products July 2026","https://rwandafda.gov.rw/register/monitoring_preview_register"
"1351","Rwanda FDA-HMP-MA-1254","SCOFIX SUSPENSION","Cefixime USP as trihydrate 50 mg/5ml","50 mg/5ml","Powder for oral suspension","60 ml Bottle","36 Months","SCOTT-EDIL ADVANCE RESEARCH LABORATORY EDUCATION LTD,","INDIA","SCOTT-EDIL ADVANCE RESEARCH LABORATORY EDUCATION LTD.","ESCORTS PHARMACEUTICALS (RWANDA) LTD.","2024-05-06","2029-05-05","valid","Rwanda FDA - Registered Pharmaceutical Products July 2026","https://rwandafda.gov.rw/register/monitoring_preview_register"
"1352","Rwanda FDA-HMP-MA-1182","SONADERM CREAM","Clobetasol Propionate BP 0.05% w/w, Miconazole Nitrate BP 2.0% w/w, & Gentamicin Sulphate BP equivalent to Gentamicin 0.1% w/w","0.05% w/w, 2.0% w/w, 0.1% w/w","Cream","10g Tube","24 Months","BLUE CROSS LABORATORIES PVT. LTD,","INDIA","BLUE CROSS LABORATORIES PVT. LTD.","WESSEX PHARMACEUTICALS (RWANDA) LTD","2024-05-06","2029-05-05","valid","Rwanda FDA - Registered Pharmaceutical Products July 2026","https://rwandafda.gov.rw/register/monitoring_preview_register"
"1353","Rwanda FDA-HMP-MA-1230","SPASMODEX-10","Hyoscine Butylbromide 10 mg","10 mg","Film Coated Tablets","","36 Months","SKYBIOTECH LIFE SCIENCES PVT. LTD,","INDIA","PHARMA LIFE SCIENCE LTD","STAR BIOTECH LIMITED","2024-05-06","2029-05-05","valid","Rwanda FDA - Registered Pharmaceutical Products July 2026","https://rwandafda.gov.rw/register/monitoring_preview_register"
"1354","Rwanda FDA-HMP-MA-1221","SUVITRA-500","Levetiracetam USP 500mg","500mg","Film Coated Tablets","3x10 Tablets","36 Months","MICRO LABS LIMITED,","INDIA","MICRO LABS LIMITED","WESSEX PHARMACEUTICALS (RWANDA) LTD","2024-05-06","2029-05-05","valid","Rwanda FDA - Registered Pharmaceutical Products July 2026","https://rwandafda.gov.rw/register/monitoring_preview_register"
"1355","Rwanda FDA-HMP-MA-1245","TENOFOVIR ALAFENAMIDE 25MG","Tenofovir alafenamide hemifumarate 25mg","25mg","Film Coated Tablets","30 Tablets & 100 Tablets","24 Months","HETERO LABS LIMITED,","INDIA","HETERO LABS LIMITED","VINE PHARMA LIMITED","2024-05-06","2029-05-05","valid","Rwanda FDA - Registered Pharmaceutical Products July 2026","https://rwandafda.gov.rw/register/monitoring_preview_register"
"1356","Rwanda FDA-HMP-MA-1209","TRAJENTA 5 MG","Linagliptin 5mg","5 mg","Film coated Tablets","","36 Months","WEST-WARD COLUMBUS INC.","UNITED STATES OF AMERICA","BOEHRINGER INGELHEIM INTERNATIONAL GMBH","SURGIPHARM (RWANDA) LIMITED","2024-05-06","2029-05-05","valid","Rwanda FDA - Registered Pharmaceutical Products July 2026","https://rwandafda.gov.rw/register/monitoring_preview_register"
"1357","Rwanda FDA-HMP-MA-1215","TRAMAREN CAPSULES","Tramadol Hydrochloride 50mg","50 mg","Capsules","10x10 capsules","36 Months","RENE INDUSTRIES LIMITED.","UGANDA","RENE INDUSTRIES LTD, UGANDA","RENE PHARMACY (R) LTD","2024-05-06","2029-05-05","valid","Rwanda FDA - Registered Pharmaceutical Products July 2026","https://rwandafda.gov.rw/register/monitoring_preview_register"
"1358","Rwanda FDA-HMP-MA-1175","","Terbutaline Sulphate 1.25mg, Bromhexine Hydrochloride 4mg, and Guaifenesin50mg/5ml syrup","1.25mg, 4mg, 50mg/5ml","Syrup","100 ml bottle","24 Months","BLUE CROSS LABORATORIES PVT. LTD.","INDIA","BLUE CROSS LABORATORIES PVT. LTD.","PHILIPS PHARMACEUTICALS (RWANDA) LTD","2024-05-06","2029-05-05","valid","Rwanda FDA - Registered Pharmaceutical Products July 2026","https://rwandafda.gov.rw/register/monitoring_preview_register"
"1359","Rwanda FDA-HMP-MA-1259","UTROGESTAN VAGINAL 200MG SOFT CAPSULES","Progesterone Ph Eur. (Micronized),200mg","200mg","Soft Capsules","15 Capsules","36 Months","CYNDEA PHARMA,","SPAIN","BESINS HEALTHCARE BENELUX SA.","SURGIPHARM RWANDA LTD","2024-05-06","2029-05-05","valid","Rwanda FDA - Registered Pharmaceutical Products July 2026","https://rwandafda.gov.rw/register/monitoring_preview_register"
"1360","Rwanda FDA-HMP-MA-1218","VENOSMIL CAPSULES","Hidrosmin 200mg","200 mg","Gelatin Capsules","60 or 90 capsules","60 Months","FAES FARMA, S.A","SPAIN","FAES FARMA, S.A","GOMHS LTD","2024-05-06","2029-05-05","valid","Rwanda FDA - Registered Pharmaceutical Products July 2026","https://rwandafda.gov.rw/register/monitoring_preview_register"
"1361","Rwanda FDA-HMP-MA-1219","VENOSMIL GEL","Hidrosmin 20mg per 100 g of gel","20mg per 100 g of gel","Gel","60g of 2% tube","60 Months","FAES FARMA, S.A","SPAIN","FAES FARMA, S.A.","GOMHS LTD","2024-05-06","2029-05-05","valid","Rwanda FDA - Registered Pharmaceutical Products July 2026","https://rwandafda.gov.rw/register/monitoring_preview_register"
"1362","Rwanda FDA-HMP-MA-1203","VITA-1 TABLETS","Thiamine Hydrochloride Tablets BP 50 mg","50 mg","Uncoated Tablets","1000 tablets","36 Months","AGOG PHARMA LTD,","INDIA","AGOG PHARMA LTD","SUN ENTERPRISES LTD","2024-05-06","2029-05-05","valid","Rwanda FDA - Registered Pharmaceutical Products July 2026","https://rwandafda.gov.rw/register/monitoring_preview_register"
"1363","Rwanda FDA-HMP-MA-1204","VITAMIN E FORTE SOFT GELATIN CAPSULE","dl-Alpha Tocopherol Acetate 400mg (Equivalent to 400 I.U Natural Vitamin E)","400 UI","Capsules","","36 Months","ARAB COMPANY FOR PHARMACEUTICALS & MEDICAL PLANTS (MEPACO-MEDIFOOD),","EGYPT","ARAB COMPANY FOR PHARMACEUTICALS & MEDICAL PLANTS (MEPACO-MEDIFOOD)","ETS CONTINENTAL","2024-05-06","2029-05-05","valid","Rwanda FDA - Registered Pharmaceutical Products July 2026","https://rwandafda.gov.rw/register/monitoring_preview_register"
"1364","Rwanda FDA-HBP-MA-0126","WOSULIN 30/70 100 IU/ML","Biphasic Isophane Insulin Injection BP-100IU/ml","100IU/ml","Suspension for Injection","3ml and 10ml Vials","36 Months","WOCKHARDT LIMITED,","INDIA","WOCKHARDT LIMITED","SURGIPHARM (RWANDA) LIMITED","2024-05-06","2029-05-05","valid","Rwanda FDA - Registered Pharmaceutical Products July 2026","https://rwandafda.gov.rw/register/monitoring_preview_register"
"1365","Rwanda FDA-HMP-MA-1152","AGOBEN SUSPENSION","Mebendazole Oral Suspension 100 mg/5 ml","100 mg/5 ml","Suspension","30 ml Bottle","36 Months","AGOG PHARMA LTD.","INDIA","AGOG PHARMA LTD, INDIA","SUN ENTERPRISES LTD","2024-04-27","2029-04-26","valid","Rwanda FDA - Registered Pharmaceutical Products July 2026","https://rwandafda.gov.rw/register/monitoring_preview_register"
"1366","Rwanda FDA-HMP-MA-1151","AGOBURN CREAM","Silver Sulfadiazine USP 1%w/w","1%w/w","Cream","15 gram tube and 100gm","36 Months","AGOG PHARMA LTD.","INDIA","AGOG PHARMA LTD, INDIA","SUN ENTERPRISES LTD","2024-04-27","2029-04-26","valid","Rwanda FDA - Registered Pharmaceutical Products July 2026","https://rwandafda.gov.rw/register/monitoring_preview_register"
"1367","Rwanda FDA-HMP-MA-1150","AGOFULVIN-500 TABLETS","Griseofulvin BP 500 mg","500 mg","Uncoated Tablets","10x10 Tablets","36 Months","AGOG PHARMA LTD.","INDIA","AGOG PHARMA LTD, INDIA","SUN ENTERPRISES LTD","2024-04-27","2029-04-26","valid","Rwanda FDA - Registered Pharmaceutical Products July 2026","https://rwandafda.gov.rw/register/monitoring_preview_register"
"1368","Rwanda FDA-HMP-MA-1143","AGOMYCIN SUSPENSION","Erythromycin Estolate 125mg/5ml","125mg/5ml","Suspension","100 ml Bottle","36 Months","AGOG PHARMA LTD,","INDIAA","AGOG PHARMA LTD","SUN ENTERPRISES LTD","2024-04-27","2029-04-26","valid","Rwanda FDA - Registered Pharmaceutical Products July 2026","https://rwandafda.gov.rw/register/monitoring_preview_register"
"1369","Rwanda FDA-HMP-MA-1154","AMADAY PL 10/4","Amlodipine 10 mg and Perindopril Erbumine BP 4 mg","10 mg and 4 mg","Uncoated Tablets","3x 10 Tablets","24 Months","AJANTA PHARMA LIMITED,","INDIA","AJANTA PHARMA LIMITED, INDIA","ABACUS PHARMA (A) LTD","2024-04-27","2029-04-26","valid","Rwanda FDA - Registered Pharmaceutical Products July 2026","https://rwandafda.gov.rw/register/monitoring_preview_register"
"1370","Rwanda FDA-HMP-MA-1155","AMADAY PL 10/8","Amlodipine 10 mg and Perindopril Erbumine BP 8 mg","10 mg and 8 mg","Uncoated Tablets","3x 10 Tablets","24 Months","AJANTA PHARMA LIMITED,","INDIA","AJANTA PHARMA LIMITED, INDIA","ABACUS PHARMA (A) LTD","2024-04-27","2029-04-26","valid","Rwanda FDA - Registered Pharmaceutical Products July 2026","https://rwandafda.gov.rw/register/monitoring_preview_register"
"1371","Rwanda FDA-HMP-MA-1156","AMADAY PL 5/8","Amlodipine 5mg and Perindopril Erbumine BP 8mg","5mg and 8mg","Uncoated Tablets","3x 10 Tablets","24 Months","AJANTA PHARMA LIMITED,","INDIA","AJANTA PHARMA LIMITED, INDIA","ABACUS PHARMA (A) LTD","2024-04-27","2029-04-26","valid","Rwanda FDA - Registered Pharmaceutical Products July 2026","https://rwandafda.gov.rw/register/monitoring_preview_register"
"1372","Rwanda FDA-HMP-MA-1145","ANTI-HIST CREAM","Mepyramine maleate BP 2% w/w","2% w/w","Cream","20 gm Tube","36 Months","DAWA LIMITED,","KENYA","DAWA LIMITED","SUN ENTERPRISES LTD","2024-04-27","2029-04-26","valid","Rwanda FDA - Registered Pharmaceutical Products July 2026","https://rwandafda.gov.rw/register/monitoring_preview_register"
"1373","Rwanda FDA-HMP-MA-1157","BESICOR 5","Bisoprolol Fumarate 5mg","5mg","Film coated Tablets","3x 10 Tablets","24 Months","AJANTA PHARMA LIMITED,","INDIA","AJANTA PHARMA LIMITED, INDIA","ABACUS PHARMA (A) LTD","2024-04-27","2029-04-26","valid","Rwanda FDA - Registered Pharmaceutical Products July 2026","https://rwandafda.gov.rw/register/monitoring_preview_register"
"1374","Rwanda FDA-HMP-MA-1144","BRINZOX","Brinzolamide USP 1.0% w/v","1.0% w/v","Eye drops","5 ml Vial","36 Months","AJANTA PHARMA LIMITED,","INDIA","AJANTA PHARMA LIMITED","ABACUS PHARMA (A) LTD","2024-04-27","2029-04-26","valid","Rwanda FDA - Registered Pharmaceutical Products July 2026","https://rwandafda.gov.rw/register/monitoring_preview_register"
"1375","Rwanda FDA-HMP-MA-1159","CELMAC 400","Celecoxib USP, 400mg","400mg","Hard Gelatin Capsules","3x10 capsules","24 Months","AJANTA PHARMA LIMITED,","INDIA","AJANTA PHARMA LIMITED, INDIA","ABACUS PHARMA (A) LTD","2024-04-27","2029-04-26","valid","Rwanda FDA - Registered Pharmaceutical Products July 2026","https://rwandafda.gov.rw/register/monitoring_preview_register"
"1376","Rwanda FDA-HMP-MA-1149","","Ciprofloxacin hydrochloride 250 mg","250 mg","Film coated Tablets","14 Tablets","36 Months","ATABAY ILAC FABRIKASI A.S.;","TURKEY","DAFRA PHARMA GmBH, SWITZERLAND","SUN ENTERPRISES LTD","2024-04-27","2029-04-26","valid","Rwanda FDA - Registered Pharmaceutical Products July 2026","https://rwandafda.gov.rw/register/monitoring_preview_register"
"1377","Rwanda FDA-HMP-MA-1158","CLOBIT CREAM","Clobetasol Propionate B.P.0.05% w/w","0.05% w/w","Cream","10 gm tube","36 Months","NEM LABORATORIES (PVT) LTD.","INDIA","NEM LABORATORIES PVT. LTD, INDIA","RENE PHARMACY (R) LTD","2024-04-27","2029-04-26","valid","Rwanda FDA - Registered Pharmaceutical Products July 2026","https://rwandafda.gov.rw/register/monitoring_preview_register"
"1378","Rwanda FDA-HMP-MA-1146","DERMAZINE CREAM","Silver Sulfadiazine USP 1.0% w/w","1.0% w/w","Cream","15 gm &","36 Months","DAWA LIMITED,","KENYA","DAWA LIMITED","SUN ENTERPRISES LTD","2024-04-27","2029-04-26","valid","Rwanda FDA - Registered Pharmaceutical Products July 2026","https://rwandafda.gov.rw/register/monitoring_preview_register"
"1379","Rwanda FDA-HMP-MA-1142","DICLOFENAC 100","Diclofenac sodium 100 mg","100 mg","Suppositories","2x 5 suppositories","36 Months","FULTON MEDICINALI S.p.A.,","ITALY","FULTON MEDICINALI S.P.A.","UBIPHARM-RWANDA LTD","2024-04-27","2029-04-26","valid","Rwanda FDA - Registered Pharmaceutical Products July 2026","https://rwandafda.gov.rw/register/monitoring_preview_register"
"1380","Rwanda FDA-HMP-MA-1148","FERCEFOL TABLETS","Ferrous fumarate 308 mg, folic acid 4mg, and ascorbic acid 200mg","308 mg, 4mg, and 200mg","Sugar coated tablets","3x 10 Tablets","36 Months","GRACURE PHARMACEUTICALS LIMITED,","INDIA","EXPHAR S.A, BELGIUM","H & H PHARMA LTD","2024-04-27","2029-04-26","valid","Rwanda FDA - Registered Pharmaceutical Products July 2026","https://rwandafda.gov.rw/register/monitoring_preview_register"
"1381","Rwanda FDA-HMP-MA-1153","OFLOZOLE TABLETS","Ofloxacin BP 200 mg and Ornidazole 500 mg","200 mg and 500 mg","Film coated Tablets","10 Tablets","36 Months","AUROCHEM LABORATORIES (INDIA) PVT. LTD.","INDIA","AUROCHEM LABORATORIES (INDIA) PVT. LTD","UBIPHARM-RWANDA LTD","2024-04-27","2029-04-26","valid","Rwanda FDA - Registered Pharmaceutical Products July 2026","https://rwandafda.gov.rw/register/monitoring_preview_register"
"1382","Rwanda FDA-HMP-MA-1160","RALEF 120","Etoricoxib 120mg","120mg","Film coated Tablet","7 Tablets","24 Months","AJANTA PHARMA LIMITED,","INDIA","AJANTA PHARMA LIMITED, INDIA","ABACUS PHARMA (A) LTD","2024-04-27","2029-04-26","valid","Rwanda FDA - Registered Pharmaceutical Products July 2026","https://rwandafda.gov.rw/register/monitoring_preview_register"
"1383","Rwanda FDA-HMP-MA-1147","TOFF PLUS","Paracetamol BP 500 mg, Dextromethorphan Hydrobromide BP 15 mg, Chlorpheniramine Maleate BP 2 mg, Phenylephrine Hydrochloride BP 10 mg","500 mg, 15 mg, 2 mg, P 10 mg","Hard Gelatin Capsules","","36 Months","PANACEA BIOTEC PHARMA LTD.","INDIA","PANACEA BIOTEC PHARMA LTD, INDIA","AIVEEN RWANDA LTD","2024-04-27","2029-04-26","valid","Rwanda FDA - Registered Pharmaceutical Products July 2026","https://rwandafda.gov.rw/register/monitoring_preview_register"
"1384","Rwanda FDA-HBP-MA-0120","WOSULIN-R 100IU/ML","Human Recombinant (r-DNA) Insulin Regular (Soluble/Neutral) 100IU/ml","100IU/ml","Injectable","10ml Vial","24 Months","WOCKHARDT LIMITED,","INDIA","WOCKHARDT LIMITED","ABACUS PHARMA (A) LTD","2024-04-27","2029-04-26","valid","Rwanda FDA - Registered Pharmaceutical Products July 2026","https://rwandafda.gov.rw/register/monitoring_preview_register"
"1385","Rwanda FDA-HMP-MA-1133","ACTINAC ER 200","Aceclofenac Extended release tablets, 200 mg","200 mg","Film Coated Tablets","2x10 Tablets","24 Months","AJANTA PHARMA LIMITED,","INDIA","AJANTA PHARMA LIMITED","ABACUS PHARMA (A) LTD","2024-04-21","2029-04-20","valid","Rwanda FDA - Registered Pharmaceutical Products July 2026","https://rwandafda.gov.rw/register/monitoring_preview_register"
"1386","Rwanda FDA-HMP-MA-1134","ADACIN","Adapalene 0.1% w/w and Clindamycin Phosphate 1.0% w/w","0.1% w/w and 1.0% w/w","Gel","15 g Tube","24 Months","AJANTA PHARMA LIMITED,","INDIA","AJANTA PHARMA LIMITED","ABACUS PHARMA (A) LTD","2024-04-21","2029-04-20","valid","Rwanda FDA - Registered Pharmaceutical Products July 2026","https://rwandafda.gov.rw/register/monitoring_preview_register"
"1387","Rwanda FDA-HMP-MA-1127","AGOMETHASONE TABLETS","Dexamethasone tablets BP 0.5 mg","0.5 mg","Tablets","10x10 tablets and 1000 tablets","36 Months","AGOG PHARMA LTD,","INDIA","AGOG PHARMA LTD","SUN ENTERPRISES LTD","2024-04-21","2029-04-20","valid","Rwanda FDA - Registered Pharmaceutical Products July 2026","https://rwandafda.gov.rw/register/monitoring_preview_register"
"1388","Rwanda FDA-HMP-MA-1131","AGOPRED TABLETS","Prednisolone BP 5 mg","5 mg","Uncoated Tablets","10x10 tablets & 1000 tablets","36 Months","AGOG PHARMA LTD,","INDIA","AGOG PHARMA LTD","SUN ENTERPRISES LTD","2024-04-21","2029-04-20","valid","Rwanda FDA - Registered Pharmaceutical Products July 2026","https://rwandafda.gov.rw/register/monitoring_preview_register"
"1389","Rwanda FDA-HMP-MA-1135","AMILINE TABLET","Amitriptyline BP 25 mg","25 mg","Film Coated Tablets","10x10 tablets and 1000 tablets","36 Months","AGOG PHARMA LTD,","INDIA","AGOG PHARMA LTD","SUN ENTERPRISES LTD","2024-04-21","2029-04-20","valid","Rwanda FDA - Registered Pharmaceutical Products July 2026","https://rwandafda.gov.rw/register/monitoring_preview_register"
"1390","Rwanda FDA-HMP-MA-1136","AUROTIM","Timolol Maleate BP 0.5% w/v","0.5% w/v","Eye Drops","5ml filled in a 10ml bottle","24 Months","AUROLAB,","INDIA","AUROLAB","DEPOT PHARMACEUTIQUE LE MEDICAL","2024-04-21","2029-04-20","valid","Rwanda FDA - Registered Pharmaceutical Products July 2026","https://rwandafda.gov.rw/register/monitoring_preview_register"
"1391","Rwanda FDA-HMP-MA-1172","BGMET 500","Metformin Hydrochloride BP 500mg","500mg","Film Coated Tablet","10 tablets","36 Months","BLISS GVS PHARMA LIMITED,","INDIA","BLISS GVS PHARMA LIMITED","SURYA DEPOT PHARMACY LTD","2024-04-21","2029-04-20","valid","Rwanda FDA - Registered Pharmaceutical Products July 2026","https://rwandafda.gov.rw/register/monitoring_preview_register"
"1392","Rwanda FDA-HMP-MA-1137","CANDIZOL","Clotrimazole Cream BP 1% w/w","1% w/w","Topical cream","20 gram Tube","36 Months","AGOG PHARMA LTD,","INDIA","AGOG PHARMA LTD","SUN ENTERPRISES LTD","2024-04-21","2029-04-20","valid","Rwanda FDA - Registered Pharmaceutical Products July 2026","https://rwandafda.gov.rw/register/monitoring_preview_register"
"1393","Rwanda FDA-HMP-MA-1141","DAWACLOX POWDER FOR ORAL SOLUTION","Cloxacillin (as sodium) BP 25mg/5ml","125mg/5ml","Powder for oral solution","100 ml Bottle","24 Months","DAWA LIMITED,","KENYA","DAWA LIMITED","SUN ENTERPRISES LTD","2024-04-21","2029-04-20","valid","Rwanda FDA - Registered Pharmaceutical Products July 2026","https://rwandafda.gov.rw/register/monitoring_preview_register"
"1394","Rwanda FDA-HMP-MA-1138","EFLARON 250MG TABLETS","Metronidazole 250mg","250mg","Tablets","1000 tablets","36 Months","DAWA LIMITED,","KENYA","DAWA LIMITED","SUN ENTERPRISES LTD","2024-04-21","2029-04-20","valid","Rwanda FDA - Registered Pharmaceutical Products July 2026","https://rwandafda.gov.rw/register/monitoring_preview_register"
"1395","Rwanda FDA-HMP-MA-1124","EVA VIT 400","Vitamin E USP 400 IU","400 IU","Soft Gelatin Capsules","","24 Months","SOFTGEL HEALTHCARE PVT LIMITED,","INDIA","SOFTGEL HEALTHCARE PVT LIMITED","DOLIPHARM LTD","2024-04-21","2029-04-20","valid","Rwanda FDA - Registered Pharmaceutical Products July 2026","https://rwandafda.gov.rw/register/monitoring_preview_register"
"1396","Rwanda FDA-HMP-MA-1139","INSTGRA","Dolutegravir Tablets 50 mg","50 mg","Film Coated Tablets","30, 90 & 180 Tablets","36 Months","EMCURE PHARMACEUTICALS LIMITED,","INDIA","EMCURE PHARMACEUTICALS LIMITED","ABACUS PHARMA (A) LIMITED","2024-04-21","2029-04-20","valid","Rwanda FDA - Registered Pharmaceutical Products July 2026","https://rwandafda.gov.rw/register/monitoring_preview_register"
"1397","Rwanda FDA-HMP-MA-1130","LOPINAVIR AND RITONAVIR TABLETS USP 200 MG/50 MG","Lopinavir 200mg and Ritonavir 50mg","200 mg/50 mg","Film Coated Tablets","120 tablets","24 Months","LAURUS LABS LIMITED,","INDIA","LAURUS LABS LIMITED","CAPITAL PHARMACEUTICAL SUPPLIES LTD","2024-04-21","2029-04-20","valid","Rwanda FDA - Registered Pharmaceutical Products July 2026","https://rwandafda.gov.rw/register/monitoring_preview_register"
"1398","Rwanda FDA-HMP-MA-1129","MOMADERM","Mometasone Furoate Cream USP 0.1% w/w","0.1% w/w","Cream","15gr Tube","36 Months","AJANTA PHARMA LIMITED,","INDIA","AJANTA PHARMA LIMITED","ABACUS PHARMA (A) LTD","2024-04-21","2029-04-20","valid","Rwanda FDA - Registered Pharmaceutical Products July 2026","https://rwandafda.gov.rw/register/monitoring_preview_register"
"1399","Rwanda FDA-HBP-MA-0118","POLIOMYELITIS VACCINE (ORAL) BIVALENT TYPE 1 AND 3 - 20 DOSE","Monovalent Bulk of Poliomyelitis Type 1 and 3,","Type 1 and 3 - 20 Dose","Solution for Oral administration","50 vials of 2ml","24 Months","SERUM INSTITUTE OF INDIA PVT. LTD.","INDIA","SERUM INSTITUTE OF INDIA PVT. LTD","SUN ENTERPRISES LTD","2024-04-21","2029-04-20","valid","Rwanda FDA - Registered Pharmaceutical Products July 2026","https://rwandafda.gov.rw/register/monitoring_preview_register"
"1400","Rwanda FDA-HMP-MA-1128","RANEXA 375","Ranolazine 375 mg prolonged","375 mg","Prolonged-release tablet","2x20 Tablets","24 Months","MENARINI-VON HEYDEN GmbH,","GERMANY","MENARINI -VON HEYDEN GmbH","PRAFIN RWANDA LTD","2024-04-21","2029-04-20","valid","Rwanda FDA - Registered Pharmaceutical Products July 2026","https://rwandafda.gov.rw/register/monitoring_preview_register"
"1401","Rwanda FDA-HBP-MA-0119","RHOCLONE 300MCG","Anti Rho-D Immunoglobulin Injection (Monoclonal)","300mcg","Liquid for Injection","2ml Vial","24 Months","BHARAT SERUMS AND VACCINES LIMITED,","INDIA","BHARAT SERUMS & VACCINES LTD, INDIA","WESSEX PHARMACEUTICALS (RWANDA) LIMITED","2024-04-21","2029-04-20","valid","Rwanda FDA - Registered Pharmaceutical Products July 2026","https://rwandafda.gov.rw/register/monitoring_preview_register"
"1402","Rwanda FDA-HMP-MA-1140","SOFTDROPS","Carboxymethylcellulose Sodium 0.5 % w/v and Glycerin 0.5 % w/v","0.5 % w/v and 0.5 % w/v","Eye drops","10 ml Vial","36 Months","AJANTA PHARMA LIMITED,","INDIA","AJANTA PHARMA LIMITED","ABACUS PHARMA (A) LTD","2024-04-21","2029-04-20","valid","Rwanda FDA - Registered Pharmaceutical Products July 2026","https://rwandafda.gov.rw/register/monitoring_preview_register"
"1403","Rwanda FDA-HMP-MA-1125","SOMAZINA 1000MG SOLUTION FOR INJECTION","Citicoline Sodium 1000mg","1000mg","Solution for injection","5 ampoules","36 Months","FERRER INTERNACIONAL, S.A.","SPAIN","FERRER INTERNATIONAL, S.A.","GOMHS LTD","2024-04-21","2029-04-20","valid","Rwanda FDA - Registered Pharmaceutical Products July 2026","https://rwandafda.gov.rw/register/monitoring_preview_register"
"1404","Rwanda FDA-HMP-MA-1132","X SONE N","Neomycin Sulphate 0.35% w/v, Dexamethasone Sodium Phosphate 0.1% w/v and and Benzalkonium chloride 0.01% w/v as preservative","0.35% w/v, 0.1%w/v & 0.01% w/v","Eye/Ear drops","5ml filled in a 10ml bottle","30 Months","ABACUS PARENTERAL DRUGS LTD,","UGANDA","ABACUS PARENTERAL DRUGS LTD","ABACUS PHARMA (A) LTD","2024-04-21","2029-04-20","valid","Rwanda FDA - Registered Pharmaceutical Products July 2026","https://rwandafda.gov.rw/register/monitoring_preview_register"
"1405","Rwanda FDA-HMP-MA-1105","ABACAVIR 600 MG AND LAMIVUDINE 300 MG TABLETS","Abacavir Sulfate USP 600mg, Lamivudine USP 300mg","600 mg and 300 mg","Film-coated tablets","30 tablets","24 Months","MACLEODS PHARMACEUTICALS LTD.","INDIA","MACLEODS PHARMACEUTICALS LTD","AIVEEN RWANDA LIMITED","2024-04-20","2029-04-19","valid","Rwanda FDA - Registered Pharmaceutical Products July 2026","https://rwandafda.gov.rw/register/monitoring_preview_register"
"1406","Rwanda FDA-HMP-MA-1104","AGODAPS-100 TABLETS","Dapsone tablets BP 100mg","100mg","Uncoated Tablets","10x10 Tablets","36 Months","AGOG PHARMA LTD,","INDIA","AGOG PHARMA LTD, INDIA","SUN ENTERPRISES LTD","2024-04-20","2029-04-19","valid","Rwanda FDA - Registered Pharmaceutical Products July 2026","https://rwandafda.gov.rw/register/monitoring_preview_register"
"1407","Rwanda FDA-HMP-MA-1107","AMADAY PL 5/4","Amlodipine 5mg and Perindopril Erbumine BP 4mg","5mg, 4mg","Uncoated tablets","3x 10 tablets","24 Months","AJANTA PHARMA LIMITED,","INDIA","AJANTA PHARMA LIMITED","ABACUS PHARMA (A) LTD","2024-04-20","2029-04-19","valid","Rwanda FDA - Registered Pharmaceutical Products July 2026","https://rwandafda.gov.rw/register/monitoring_preview_register"
"1408","Rwanda FDA-HMP-MA-1075","AMOXICILLIN CAPSULE 250MG","Amoxicillin trihydrate 250mg","250 mg","Hard Gelatin Capsules","","36 Months","REYOUNG PHARMACEUTICAL CO., LTD,","CHINA","REYOUNG PHARMACEUTICAL CO., LTD","SUN ENTREPRISES LTD","2024-04-20","2029-04-19","valid","Rwanda FDA - Registered Pharmaceutical Products July 2026","https://rwandafda.gov.rw/register/monitoring_preview_register"
"1409","Rwanda FDA-HMP-MA-1119","AMPICLO-DAWA","Ampicillin trihydrate BP 125mg/5ml and Cloxacillin Sodium BP 125mg/5mL","125mg/5ml and 125mg/5mL","Powder for suspension","60 ml and 100 ml Bottles","36 Months","DAWA LIMITED.","KENYA","DAWA LIMITED, KENYA","SUN ENTERPRISES LTD","2024-04-20","2029-04-19","valid","Rwanda FDA - Registered Pharmaceutical Products July 2026","https://rwandafda.gov.rw/register/monitoring_preview_register"
"1410","Rwanda FDA-HMP-MA-1089","AMPIKARE 1G INJECTION","Ampicillin Sodium 1g","1g","Solution for injection","","36 Months","REYOUNG PHARMACEUTICAL CO., LTD.","CHINA","KAREMAX INDUSTRIAL LTD, INDIA","SUN ENTERPRISES LTD","2024-04-20","2029-04-19","valid","Rwanda FDA - Registered Pharmaceutical Products July 2026","https://rwandafda.gov.rw/register/monitoring_preview_register"
"1411","Rwanda FDA-HMP-MA-1110","BESICOR 10","Bisoprolol Fumarate Ph.Eur 10mg","10 mg","Film-coated tablets","3x 10 tablets","24 Months","AJANTA PHARMA LIMITED,","INDIA","AJANTA PHARMA LIMITED","ABACUS PHARMA (A) LTD","2024-04-20","2029-04-19","valid","Rwanda FDA - Registered Pharmaceutical Products July 2026","https://rwandafda.gov.rw/register/monitoring_preview_register"
"1412","Rwanda FDA-HMP-MA-1101","BOSUTINIB PFIZER 400 MG FILM-COATED TABLETS","Bosutinib monohydrate 400 mg","400 mg","Film Coated Tablets","28 or 30 Tablets","48 Months","","GERMANY","PFIZER LIMITED, UNITED KINGDOM","GILMED LIMITED","2024-04-20","2029-04-19","valid","Rwanda FDA - Registered Pharmaceutical Products July 2026","https://rwandafda.gov.rw/register/monitoring_preview_register"
"1413","Rwanda FDA-HMP-MA-1115","BURNEM CREAM","Acriflavine BPC 1.32mg","1.32 mg","Cream","20 gm tube","36 Months","NEM LABORATORIES PRIVATE LTD.","INDIA","NEM LABORATORIES PRIVATE LTD.","RENE PHARMACY (R) LTD","2024-04-20","2029-04-19","valid","Rwanda FDA - Registered Pharmaceutical Products July 2026","https://rwandafda.gov.rw/register/monitoring_preview_register"
"1414","Rwanda FDA-HMP-MA-1162","BUTO-ASMA INHALER","Salbutamol 100 micrograms","100 micrograms","Pressurised inhalation","1 Container with 200 inhalations","36 Months","","SPAIN","","GOMHS LTD","2024-04-20","2029-04-19","valid","Rwanda FDA - Registered Pharmaceutical Products July 2026","https://rwandafda.gov.rw/register/monitoring_preview_register"
"1415","Rwanda FDA-HMP-MA-1165","CAPECITABINE-500","Capecitabine 500 mg","500 mg","Film coated Tablets","120 Tablets","24 Months","HETERO LABS LTD,","INDIA","SANDOZ GmbH, KUNDL, AUSTRIA","SURGIPHARM (RWANDA) LIMITED","2024-04-20","2029-04-19","valid","Rwanda FDA - Registered Pharmaceutical Products July 2026","https://rwandafda.gov.rw/register/monitoring_preview_register"
"1416","Rwanda FDA-HMP-MA-1118","CARYLCOUGH EXPECTORANT","Bromhexine HCl 4.0mg, Guaiphenesin 50mg and salbutamol sulphate 1.0mg","4.0mg, 50mg and 1.0mg","Syrup","100 ml Bottle","36 Months","BIODEAL LABORATORIES LTD,","KENYA","BIODEAL LABORATORIES LTD, KENYA","CAPITAL PHARMACEUTICAL SUPPLIES LTD","2024-04-20","2029-04-19","valid","Rwanda FDA - Registered Pharmaceutical Products July 2026","https://rwandafda.gov.rw/register/monitoring_preview_register"
"1417","Rwanda FDA-HMP-MA-1094","","Chlorphenamine Maleate BP 4mg","4 mg","Tablets","10x10 tablets and 1000 tablets","36 Months","LABORATORY AND ALLIED LIMITED,","KENYA","LABORATORY AND ALLIED LIMITED","DEPOT PHARMACEUTIQUE LE MEDICAL","2024-04-20","2029-04-19","valid","Rwanda FDA - Registered Pharmaceutical Products July 2026","https://rwandafda.gov.rw/register/monitoring_preview_register"
"1418","Rwanda FDA-HMP-MA-1091","CLAMOXYL 1G TABLETS","Amoxicillin Trihydrate 1g","1g","Dispersible Tablets","2x6 tablets","24 Months","GLAXO WELLCOME PRODUCTION,","FRANCE","GLAXOSMITHKLINE PHARMACEUTICAL KENYA LIMITED","KIPHARMA LTD","2024-04-20","2029-04-19","valid","Rwanda FDA - Registered Pharmaceutical Products July 2026","https://rwandafda.gov.rw/register/monitoring_preview_register"
"1419","Rwanda FDA-HMP-MA-1114","CLONEM-G CREAM","Clotrimazole USP 1% w/w, Beclomethasone Dipropionate BP 0.025%w/w and Gentamicin Sulphate BP Eq. to Gentamicin 0.1% w/w","1% w/w, 0.025%w/w and 0.1% w/w","Cream","30 gm tube","36 Months","NEM LABORATORIES PVT. LTD,","INDIA","NEM LABORATORIES PVT. LTD, INDIA","RENE PHARMACY (R) LTD","2024-04-20","2029-04-19","valid","Rwanda FDA - Registered Pharmaceutical Products July 2026","https://rwandafda.gov.rw/register/monitoring_preview_register"
"1420","Rwanda FDA-HMP-MA-1066","","Paracetamol 500mg, Diphenhydramine Hydrochloride 12.5mg, Pseudoephedrine Hydrochloride 22.5mg","500mg, 12.5mg, 22.5mg","Tablet","","24 Months","VARICHEM PHARMACEUTICALS (PVT) LTD,","ZIMBABWE","VARICHEM PHARMACEUTICALS (PVT) LTD","ACTIVIS PHARMA.","2024-04-20","2029-04-19","valid","Rwanda FDA - Registered Pharmaceutical Products July 2026","https://rwandafda.gov.rw/register/monitoring_preview_register"
"1421","Rwanda FDA-HMP-MA-1067","","Paracetamol 500mg, Pseudoephedrine Hydrochloride 30mg, Chlorpheniramine Maleate 2mg","500mg, 30mg, 2mg","Tablet","20 tablets","24 Months","VARICHEM PHARMACEUTICALS (PVT) LTD,","ZIMBABWE","VARICHEM PHARMACEUTICALS (PVT) LTD","ACTIVIS PHARMA","2024-04-20","2029-04-19","valid","Rwanda FDA - Registered Pharmaceutical Products July 2026","https://rwandafda.gov.rw/register/monitoring_preview_register"
"1422","Rwanda FDA-HMP-MA-1080","CURAMOL SUSPENSION","Paracetamol 125mg/5ml","120mg/5ml","Suspension","100mL & 60mL bottles","36 Months","DAWA LIMITED,","KENYA","DAWA LIMITED","SUN ENTERPRISES LTD","2024-04-20","2029-04-19","valid","Rwanda FDA - Registered Pharmaceutical Products July 2026","https://rwandafda.gov.rw/register/monitoring_preview_register"
"1423","Rwanda FDA-HMP-MA-1079","DACOF DRY COUGH SYRUP","Diphenhydramine Hydrochloride BP 12.5mg + Dextromethophan Hybromide 6.5mg","12.5mg + 6.5 mg per 5ml","Syrup","100 ml bottle","36 Months","DAWA LIMITED,","KENYA","DAWA LIMITED","SUN ENTERPRISES LTD","2024-04-20","2029-04-19","valid","Rwanda FDA - Registered Pharmaceutical Products July 2026","https://rwandafda.gov.rw/register/monitoring_preview_register"
"1424","Rwanda FDA-HMP-MA-1076","DACOF PAEDIATRIC SYRUP","Diphenhydramine hydrochloride BP 7.0mg and Sodium Citrate BP 28.5mg","7.0mg & 28.5mg per 5ml","Syrup","100 ml Bottle","36 Months","DAWA LIMITED,","KENYA","DAWA LIMITED","SUN ENTREPRISES LTD","2024-04-20","2029-04-19","valid","Rwanda FDA - Registered Pharmaceutical Products July 2026","https://rwandafda.gov.rw/register/monitoring_preview_register"
"1425","Rwanda FDA-HMP-MA-1164","DOLUTEGRAVIR 50MG TABLETS","Dolutegravir Sodium 50 mg","50 mg","Film coated Tablets","30 & 90 tablets","24 Months","LAURUS LABS LIMITED (UNIT II),","INDIA","LAURUS LABS LIMITED","CAPITAL PHARMACEUTICAL SUPPLIES LTD","2024-04-20","2029-04-19","valid","Rwanda FDA - Registered Pharmaceutical Products July 2026","https://rwandafda.gov.rw/register/monitoring_preview_register"
"1426","Rwanda FDA-HMP-MA-1092","ELMOX- CV 625","Amoxicillin and Clavulanate Potassium Tablets USP 625mg","625 mg","Film coated tablets","2x10 tablets","24 Months","YELURI FORMULATIONS PVT LTD,","INDIA","YELURI FORMULATIONS PVT LTD","SUN ENTERPRISES LTD","2024-04-20","2029-04-19","valid","Rwanda FDA - Registered Pharmaceutical Products July 2026","https://rwandafda.gov.rw/register/monitoring_preview_register"
"1427","Rwanda FDA-HMP-MA-1117","FECONTIN-Z","Ferrous GlycineSulphate: 100 mg, Zinc Sulphate Monohydrate USP: 61.8mg, Folic Acid BP: 0.5 mg","100 mg, 61.8 mg, 0.5 mg","Film coated tablet","","24 Months","MODI-MUNDIPHARMA PVT. LTD.","INDIA","MODI-MUNDIPHARMA PVT. LTD.","SURGIPHARM (RWANDA) LTD","2024-04-20","2029-04-19","valid","Rwanda FDA - Registered Pharmaceutical Products July 2026","https://rwandafda.gov.rw/register/monitoring_preview_register"
"1428","Rwanda FDA-HMP-MA-1068","FLUMED SYRUP","Paracetamol 120mg, Chlorpheniramine Maleate 0.5mg, Phenylephrine Hydrochloride 2.5mg and Dextromethorphan Hydrobromide 2mg","120mg, 0.5mg, 2.5mg, 2mg","Syrup","100 ml bottle","24 Months","VARICHEM PHARMACEUTICALS (PVT) LTD,","ZIMBABWE","VARICHEM PHARMACEUTICALS (PVT) LTD","ACTIVIS PHARMA","2024-04-20","2029-04-19","valid","Rwanda FDA - Registered Pharmaceutical Products July 2026","https://rwandafda.gov.rw/register/monitoring_preview_register"
"1429","Rwanda FDA-HMP-MA-1161","GATISTAR","Gatifloxacin 3mg/ml","3 mg/ml","Eye Drops","5 ml Bottle","24 Months","ORCHIDIA PHARMACEUTICAL INDUSTRIES,","EGYPT","ORCHIDIA PHARMACEUTICAL INDUSTRIES","ETS CONTINENTAL","2024-04-20","2029-04-19","valid","Rwanda FDA - Registered Pharmaceutical Products July 2026","https://rwandafda.gov.rw/register/monitoring_preview_register"
"1430","Rwanda FDA-HMP-MA-1069","GIGAPYN TABLETS","Paracetamol 500mg, Codeine Phosphate 8mg","500mg, 8mg","Tablets","","24 Months","VARICHEM PHARMACEUTICALS (PVT) LTD,","ZIMBABWE","VARICHEM PHARMACEUTICALS (PVT) LTD","ACTIVIS PHARMA","2024-04-20","2029-04-19","valid","Rwanda FDA - Registered Pharmaceutical Products July 2026","https://rwandafda.gov.rw/register/monitoring_preview_register"
"1431","Rwanda FDA-HMP-MA-1166","GYNOFER TABLETS","Tinidazole BP 500mg, Miconazole Nitrate BP 100mg, Neomycin Sulphate BP 20mg","500mg, 100mg, and 20mg","Uncoated Tablets","2x4 Tablets","36 Months","CENTAUR PHARMACEUTICALS PVT. LTD,","INDIA","CENTAUR PHARMACEUTICALS PVT. LTD","WESSEX PHARMACEUTICALS (RWANDA) LTD","2024-04-20","2029-04-19","valid","Rwanda FDA - Registered Pharmaceutical Products July 2026","https://rwandafda.gov.rw/register/monitoring_preview_register"
"1432","Rwanda FDA-HMP-MA-1098","INSTACLOP 75","Clopidogrel Bisulfate 75 mg","75 mg","Film coated Tablets","3x10 Tablets","36 Months","AJANTA PHARMA LIMITED,","INDIA","AJANTA PHARMA LIMITED, INDIA","ABACUS PHARMA (A) LTD","2024-04-20","2029-04-19","valid","Rwanda FDA - Registered Pharmaceutical Products July 2026","https://rwandafda.gov.rw/register/monitoring_preview_register"
"1433","Rwanda FDA-HMP-MA-1084","","Paliperidone Palmitate 156mg equivalent to Paliperidone 100mg","100 mg","Suspension for injection","1ml Long pre-filled syringe and two needles.","24 Months","JANSSEN PHARMACEUTICA NV, Tumhoutseweg 30; B2340 Beerse Belgium","BELGIUM","JANSSEN-CILAG INTERNATIONAL NV, BELGIUM","KIPHARMA LTD","2024-04-20","2029-04-19","valid","Rwanda FDA - Registered Pharmaceutical Products July 2026","https://rwandafda.gov.rw/register/monitoring_preview_register"
"1434","Rwanda FDA-HMP-MA-1088","","Paliperidone Palmitate 234 mg equivalent to Paliperidone 150 mg","150 mg","Suspension for injection","2.25ml pre-filled syringe and two needles.","24 Months","JANSSEN PHARMACEUTICA NV, Tumhoutseweg 30; B2340 Beerse, Belgium","BELGIUM","JANSSEN-CILAG INTERNATIONAL NV, BELGIUM","KIPHARMA LTD","2024-04-20","2029-04-19","valid","Rwanda FDA - Registered Pharmaceutical Products July 2026","https://rwandafda.gov.rw/register/monitoring_preview_register"
"1435","Rwanda FDA-HMP-MA-1085","","Paliperidone Palmitate 39mg equivalent to Paliperidone 25mg","25 mg","Suspension for injection","0.5ml pre-filled syringe and two needles.","24 Months","JANSSEN PHARMACEUTICA NV, Tumhoutseweg 30; B2340 Beerse, Belgium","BELGIUM","JANSSEN-CILAG INTERNATIONAL NV, BELGIUM","KIPHARMA LTD","2024-04-20","2029-04-19","valid","Rwanda FDA - Registered Pharmaceutical Products July 2026","https://rwandafda.gov.rw/register/monitoring_preview_register"
"1436","Rwanda FDA-HMP-MA-1086","","Paliperidone Palmitate 78mg equivalent to Paliperidone 50mg","50 mg","Suspension for injection","0.5ml pre-filled syringe and two needles.","24 Months","JANSSEN PHARMACEUTICA NV, Tumhoutseweg 30; B2340 Beerse, Belgium","BELGIUM","JANSSEN-CILAG INTERNATIONAL NV, BELGIUM","KIPHARMA LTD","2024-04-20","2029-04-19","valid","Rwanda FDA - Registered Pharmaceutical Products July 2026","https://rwandafda.gov.rw/register/monitoring_preview_register"
"1437","Rwanda FDA-HMP-MA-1087","","Paliperidone Palmitate 117mg equivalent to Paliperidone 75mg","75mg","Suspension for injection","1ml Long pre-filled syringe and two needles.","24 Months","JANSSEN PHARMACEUTICA NV, Tumhoutseweg 30; B2340 Beerse, Belgium","BELGIUM","JANSSEN-CILAG INTERNATIONAL NV, BELGIUM","KIPHARMA LTD","2024-04-20","2029-04-19","valid","Rwanda FDA - Registered Pharmaceutical Products July 2026","https://rwandafda.gov.rw/register/monitoring_preview_register"
"1438","Rwanda FDA-HMP-MA-1099","KAMAGRA 100","Sildenafil Citrate USP 100 mg","100 mg","Film Coated Tablets","4 Tablets","36 Months","AJANTA PHARMA LIMITED,","INDIA","AJANTA PHARMA LIMITED, INDIA","ABACUS PHARMA (A) LTD","2024-04-20","2029-04-19","valid","Rwanda FDA - Registered Pharmaceutical Products July 2026","https://rwandafda.gov.rw/register/monitoring_preview_register"
"1439","Rwanda FDA-HMP-MA-1096","KAMAGRA CT 100","Sildenafil Citrate USP 100 mg","100 mg","Uncoated chewable Tablets","4 Tablets","24 Months","AJANTA PHARMA LIMITED,","INDIA","AJANTA PHARMA LIMITED, INDIA","ABACUS PHARMA (A) LTD","2024-04-20","2029-04-19","valid","Rwanda FDA - Registered Pharmaceutical Products July 2026","https://rwandafda.gov.rw/register/monitoring_preview_register"
"1440","Rwanda FDA-HMP-MA-1097","KAMAGRA CT 50","Sildenafil Citrate USP 50 mg","50 mg","Uncoated Chewable Tablets","4 Tablets","24 Months","AJANTA PHARMA LIMITED,","INDIA","AJANTA PHARMA LIMITED","ABACUS PHARMA (A) LTD","2024-04-20","2029-04-19","valid","Rwanda FDA - Registered Pharmaceutical Products July 2026","https://rwandafda.gov.rw/register/monitoring_preview_register"
"1441","Rwanda FDA-HMP-MA-1167","KENAZOLE CREAM","Ketoconazole USP 2% w/w","2% w/w","Topical cream","20 gm tube","36 Months","DAWA LIMITED,","KENYA","DAWA LIMITED","SUN ENTERPRISES LIMITED","2024-04-20","2029-04-19","valid","Rwanda FDA - Registered Pharmaceutical Products July 2026","https://rwandafda.gov.rw/register/monitoring_preview_register"
"1442","Rwanda FDA-HMP-MA-1168","KLOXY DRY SYRUP","Cloxacillin sodium BP 125mg/5ml","125mg/5ml","Powder for oral suspension","100 ml bottle","36 Months","LABORATORY & ALLIED LTD,","KENYA","LABORATORY & ALLIED LTD","DEPOT PHARMACEUTIQUE LE MEDICAL","2024-04-20","2029-04-19","valid","Rwanda FDA - Registered Pharmaceutical Products July 2026","https://rwandafda.gov.rw/register/monitoring_preview_register"
"1443","Rwanda FDA-HMP-MA-1071","KOFLYN RASPBERRY FLAVOUR COUGH EXPECTORANT","Chlorpheniramine Maleate 2.2mg, Ammonium Chloride 110mg and Sodium Citrate 40mg per 5ml","2.2mg, 110mg, 40mg per 5ml","Syrup","100 ml bottle","36 Months","BETA HEALTHCARE INTERNATIONAL LTD,","KENYA","BETA HEALTHCARE INTERNATIONAL LTD","SURGIPHARM (RWANDA) LIMITED","2024-04-20","2029-04-19","valid","Rwanda FDA - Registered Pharmaceutical Products July 2026","https://rwandafda.gov.rw/register/monitoring_preview_register"
"1444","Rwanda FDA-HMP-MA-1123","LECOTRIM SUSPENSION","Trimethoprim BP 40mg and sulfamethoxazole BP 200mg","40mg and 200mg","Suspension","50mL/100mL Bottles","24 Months","LABORATORY & ALLIED LIMITED,","KENYA","LABORATORY & ALLIED LIMITED, KENYA","DEPOT PHARMACEUTIQUE LE MEDICAL","2024-04-20","2029-04-19","valid","Rwanda FDA - Registered Pharmaceutical Products July 2026","https://rwandafda.gov.rw/register/monitoring_preview_register"
"1445","Rwanda FDA-HMP-MA-1083","LEVOC 500","Levofloxacin USP 500mg","500 mg","Film Coated Tablets","3 x 10 Film Coated Tablets","36 Months","ZIM LABORATORIES LIMITED,","INDIA","ZIM LABORATORIES LIMITED","SUN ENTERPRISES LTD","2024-04-20","2029-04-19","valid","Rwanda FDA - Registered Pharmaceutical Products July 2026","https://rwandafda.gov.rw/register/monitoring_preview_register"
"1446","Rwanda FDA-HMP-MA-1106","LOKIT HP","Clarithromycin USP 250mg, Omeprazole BP 20mg and Tinidazole BP 500mg","250 mg, 20 mg, 500 mg","Combipack of Tablets & Capsules","7 x 1 x 6 Tablets & Capsules","36 Months","KOPRAN LIMITED,","INDIA","KOPRAN LIMITED","PHILLIPS PHARMACEUTICALS (RWANDA) LTD","2024-04-20","2029-04-19","valid","Rwanda FDA - Registered Pharmaceutical Products July 2026","https://rwandafda.gov.rw/register/monitoring_preview_register"
"1447","Rwanda FDA-HMP-MA-1121","","Meropenem for Injection 0.5g","0.5 mg","Sterile powder for injection","20ml lass vial","24 Months","PT. SANBE FARMA.","INDONESIA","PT. SANBE FARMA, INDONESIA","AFRI HEALTHCARE LTD","2024-04-20","2029-04-19","valid","Rwanda FDA - Registered Pharmaceutical Products July 2026","https://rwandafda.gov.rw/register/monitoring_preview_register"
"1448","Rwanda FDA-HMP-MA-1095","NATOA TABLETS","Mebendazole BP 100mg","100 mg","Tablets","6 tablets, 100 tablets and 1000 Tablets","36 Months","LABORATORY AND ALLIED LIMITED,","KENYA","LABORATORY AND ALLIED LIMITED","DEPOT PHARMACEUTIQUE LE MEDICAL","2024-04-20","2029-04-19","valid","Rwanda FDA - Registered Pharmaceutical Products July 2026","https://rwandafda.gov.rw/register/monitoring_preview_register"
"1449","Rwanda FDA-HMP-MA-1082","NEBTAS 5","Nebivolol Hydrochloride 5mg","5 mg","Uncoated Tablet","1x 10 tablets","36 Months","INTAS PHARMACEUTICALS LIMITED,","INDIA","INTAS PHARMACEUTICALS LIMITED","ABACUS PHARMA (A) LTD","2024-04-20","2029-04-19","valid","Rwanda FDA - Registered Pharmaceutical Products July 2026","https://rwandafda.gov.rw/register/monitoring_preview_register"
"1450","Rwanda FDA-HMP-MA-1109","NEBUNTA 5","Nebivolol Hydrochloride IH 5mg","5 mg","Uncoated tablet","3x 10 tablets","24 Months","AJANTA PHARMA LIMITED,","INDIA","AJANTA PHARMA LIMITED","ABACUS PHARMA (A) LTD","2024-04-20","2029-04-19","valid","Rwanda FDA - Registered Pharmaceutical Products July 2026","https://rwandafda.gov.rw/register/monitoring_preview_register"
"1451","Rwanda FDA-HMP-MA-1073","OMOL TABLETS","Paracetamol 500mg","500 mg","Uncoated Tablet","","36 Months","NATIONAL PHARMACEUTICAL INDUSTRIES CO. (SAOC),","SULTANATE OF OMAN","NATIONAL PHARMACEUTICAL INDUSTRIES CO. (SAOC)","SUN ENTERPRISE LTD","2024-04-20","2029-04-19","valid","Rwanda FDA - Registered Pharmaceutical Products July 2026","https://rwandafda.gov.rw/register/monitoring_preview_register"
"1452","Rwanda FDA-HMP-MA-1074","PAUSE 500","Tranexamic Acid 500mg","500 mg","Film coated tablet","","24 Months","EMCURE PHARMACEUTICALS LTD,","INDIA","EMCURE PHARMACEUTICALS LTD","ABACUS PHARMA (A) LTD","2024-04-20","2029-04-19","valid","Rwanda FDA - Registered Pharmaceutical Products July 2026","https://rwandafda.gov.rw/register/monitoring_preview_register"
"1453","Rwanda FDA-HMP-MA-1120","PEDSOL TABLETS","Prednisolone BP 5mg","5mg","Tablets","","36 Months","LABORATORY & ALLIED LIMITED.","KENYA","LABORATORY & ALLIED LIMITED, KENYA","DEPOT PHARMACEUTIQUE LE MEDICAL","2024-04-20","2029-04-19","valid","Rwanda FDA - Registered Pharmaceutical Products July 2026","https://rwandafda.gov.rw/register/monitoring_preview_register"
"1454","Rwanda FDA-HMP-MA-1081","POLYFRESH","Sodium Hyaluronate 2mg/ml","2mg/ml","Sterile ophthalmic solution","10 ml dropper bottle","36 Months","ORCHIDIA PHARMACEUTICAL INDUSTRIES.","EGYPT","ORCHIDIA PHARMACEUTICAL INDUSTRIES","ETS CONTINENTAL","2024-04-20","2029-04-19","valid","Rwanda FDA - Registered Pharmaceutical Products July 2026","https://rwandafda.gov.rw/register/monitoring_preview_register"
"1455","Rwanda FDA-HMP-MA-1163","PYRIDOXINE TABLETS","Pyridoxine Hydrochloride 100 mg","100 mg","Uncoated Tablets","","36 Months","AGOG PHARMA LTD,","INDIA","AGOG PHARMA LTD","SUN ENTERPRISES LTD","2024-04-20","2029-04-19","valid","Rwanda FDA - Registered Pharmaceutical Products July 2026","https://rwandafda.gov.rw/register/monitoring_preview_register"
"1456","Rwanda FDA-HMP-MA-1103","RALEF 90","Etoricoxib 90mg","90mg","Film Coated Tablets","7 Tablets","24 Months","AJANTA PHARMA LIMITED,","INDIA","AJANTA PHARMA LIMITED","ABACUS PHARMA (A) LTD","2024-04-20","2029-04-19","valid","Rwanda FDA - Registered Pharmaceutical Products July 2026","https://rwandafda.gov.rw/register/monitoring_preview_register"
"1457","Rwanda FDA-HMP-MA-1122","RAYZIUM","Esomeprazole Magnesium Trihydrate USP 40mg","40 mg","Enteric coated tablet","3 x 10 tablets","36 Months","BIODEAL LABORATORIES LTD,","KENYA","BIODEAL LABORATORIES LTD","CAPITAL PHARMACEUTICALS SUPPLIES LTD","2024-04-20","2029-04-19","valid","Rwanda FDA - Registered Pharmaceutical Products July 2026","https://rwandafda.gov.rw/register/monitoring_preview_register"
"1458","Rwanda FDA-HMP-MA-1116","SODIUM CHLORIDE INTRAVENOUS INFUSION BP (0.9% W/V)","Sodium Chloride Intravenous Infusion BP (0.9% w/v)","(0.9% w/v)","Intravenous Infusion","500ml & 1000 ml Bottles","36 Months","ACULIFE HEALTHCARE PVT. LTD.","INDIA","ACULIFE HEALTHCARE PVT. LTD, INDIA","SUN ENTERPRISES LTD","2024-04-20","2029-04-19","valid","Rwanda FDA - Registered Pharmaceutical Products July 2026","https://rwandafda.gov.rw/register/monitoring_preview_register"
"1459","Rwanda FDA-HMP-MA-1112","TALIMUS 0.1%","Tacrolimus Ointment 0.1% w/w","0.1% w/w","Ointment","10 g tube","36 Months","AJANTA PHARMA LIMITED,","INDIA","AJANTA PHARMA LIMITED, INDIA","ABACUS PHARMA (A) LTD","2024-04-20","2029-04-19","valid","Rwanda FDA - Registered Pharmaceutical Products July 2026","https://rwandafda.gov.rw/register/monitoring_preview_register"
"1460","Rwanda FDA-HMP-MA-1108","TELMICLAR 40","Telmisartan USP 40mg","40 mg","Uncoated tablet","3x 10 tablets","24 Months","AJANTA PHARMA LIMITED,","INDIA","AJANTA PHARMA LIMITED","ABACUS PHARMA (A) LTD","2024-04-20","2029-04-19","valid","Rwanda FDA - Registered Pharmaceutical Products July 2026","https://rwandafda.gov.rw/register/monitoring_preview_register"
"1461","Rwanda FDA-HMP-MA-1102","TOFACITINIB PFIZER 5 FILM COATED TABLETS","Tofacitinib Citrate 5 mg","5 mg","Film Coated Tablets","56 Tablets","48 Months","Pfizer Manufacturing Deutschland GmbH","GERMANY","PFIZER LIMITED, UNITED KINGDOM","GILMED LIMITED","2024-04-20","2029-04-19","valid","Rwanda FDA - Registered Pharmaceutical Products July 2026","https://rwandafda.gov.rw/register/monitoring_preview_register"
"1462","Rwanda FDA-HMP-MA-1169","TRAVONORM OPHTALMIC SOLUTION","Travoprost 0.04mg/ml","0.04mg/ml","Ophtalmic solution","5 ml bottle","24 Months","ORCHIDIA PHARMACEUTICAL INDUSTRIES,","EGYPT","ORCHIDIA PHARMACEUTICAL INDUSTRIES","ETS CONTINENTAL","2024-04-20","2029-04-19","valid","Rwanda FDA - Registered Pharmaceutical Products July 2026","https://rwandafda.gov.rw/register/monitoring_preview_register"
"1463","Rwanda FDA-HMP-MA-1171","","Dextromethorphan Hydrobromide BP 15mg,","15mg,","Liquid","100 ml Bottle","24 Months","BLUE CROSS LABORATORIES PVT. LTD","INDIA","BLUE CROSS LABORATORIES PVT. LTD","WESSEX PHARMACEUTICALS (RWANDA) LTD","2024-04-20","2029-04-19","valid","Rwanda FDA - Registered Pharmaceutical Products July 2026","https://rwandafda.gov.rw/register/monitoring_preview_register"
"1464","Rwanda FDA-HMP-MA-1170","TWYNSTA 80MG/5MG","Telmisartan 80mg/Amlodipine 5mg","80mg/5mg","Tablets","28 Tablets","36 Months","CIPLA LIMITED,","INDIA","BOEHRINGER INGELHEIM INTERNATIONAL GmbH","SURGIPHARM (RWANDA) LIMITED","2024-04-20","2029-04-19","valid","Rwanda FDA - Registered Pharmaceutical Products July 2026","https://rwandafda.gov.rw/register/monitoring_preview_register"
"1465","Rwanda FDA-HMP-MA-1093","VALPIN-200MG","Valproate Tablets BP 200mg","200 mg","Enteric coated tablets","","36 Months","LINCOLN PHARMACEUTICALS LIMITED,","INDIA","LINCOLN PHARMACEUTICALS LIMITED","ABACUS PHARMA (A) LTD","2024-04-20","2029-04-19","valid","Rwanda FDA - Registered Pharmaceutical Products July 2026","https://rwandafda.gov.rw/register/monitoring_preview_register"
"1466","Rwanda FDA-HMP-MA-1113","XELTIN","Tofacitinib citrate equivalent to Tofacitinib 5 mg","5 mg","Film Coated Tablets","3x10 Tablets","24 Months","AJANTA PHARMA LIMITED,","INDIA","AJANTA PHARMA LIMITED, INDIA","ABACUS PHARMA (A) LTD","2024-04-20","2029-04-19","valid","Rwanda FDA - Registered Pharmaceutical Products July 2026","https://rwandafda.gov.rw/register/monitoring_preview_register"
"1467","Rwanda FDA-HMP-MA-1077","ZEFONE-1000","Ceftriaxone Sodium 1000mg","1000 mg","Dry powder for injection","10 ml glass vial","24 Months","INJECT CARE PARENTERALS PVT. LTD,","INDIA","CADILA HEALTHCARE LTD","ABACUS PHARMA (A) LTD","2024-04-20","2029-04-19","valid","Rwanda FDA - Registered Pharmaceutical Products July 2026","https://rwandafda.gov.rw/register/monitoring_preview_register"
"1468","Rwanda FDA-HMP-MA-1070","ZINCOL TABLETS","Zinc (as sulphate), 20mg","20 mg","Dispersible Tablets","","24 Months","VARICHEM PHARMACEUTICALS (PVT) LTD,","ZIMBABWE","VARICHEM PHARMACEUTICALS (PVT) LTD","ACTIVIS PHARMA","2024-04-20","2029-04-19","valid","Rwanda FDA - Registered Pharmaceutical Products July 2026","https://rwandafda.gov.rw/register/monitoring_preview_register"
"1469","Rwanda FDA-HMP-MA-1539","D5","GLUCOSE INTRAVENOUS INFUSION BP","—","Solution for Infusion","500ml","60","Amanta Healthcare Limited","India","Amanta Healthcare Limited","SUN ENTERPRISES LTD","2024-02-29","2029-02-26","valid","Rwanda FDA - Registered Pharmaceutical Products July 2026","https://rwandafda.gov.rw/register/monitoring_preview_register"
"1470","Rwanda FDA-HMP-MA-1037","ACEPAR CAPLETS","Paracetamol BP 500mg and Aceclofenac BP 100mg","500mg/100mg","Tablets","1x10s Tablets","36 Months","DAWA LIMITED,","KENYA","DAWA LIMITED, KENYA.","SUN ENTERPRISE LTD","2024-02-28","2029-02-27","valid","Rwanda FDA - Registered Pharmaceutical Products July 2026","https://rwandafda.gov.rw/register/monitoring_preview_register"
"1471","Rwanda FDA-HMP-MA-1036","ACEPAR MR CAPLETS","Paracetamol 500 mg, Aceclofenac 100 mg and Chlorzoxazone 375 mg","500mg/100mg/375mg","Film Coated Caplets","1x10 Caplets","36 Months","DAWA LIMITED,","KENYA","DAWA LIMITED, KENYA","SUN ENTERPRISE LTD","2024-02-28","2029-02-27","valid","Rwanda FDA - Registered Pharmaceutical Products July 2026","https://rwandafda.gov.rw/register/monitoring_preview_register"
"1472","Rwanda FDA-HMP-MA-1017","AKEROL SYRUP 2.5MG/5ML","Desloratadine 2.5mg/5ml","2.5mg/5ml","Syrup","60 ml Bottle","36 Months","WEST-COAST PHARMACEUTICAL WORKS LTD F.P.","INDIA","BEKRA PHARMA UK LTD","UBIPHARM RWANDA LTD","2024-02-28","2029-02-27","valid","Rwanda FDA - Registered Pharmaceutical Products July 2026","https://rwandafda.gov.rw/register/monitoring_preview_register"
"1473","Rwanda FDA-HMP-MA- 1052","ALLERBAN SYRUP","Chlorpheniramine Maleate 2mg/5ml","2mg/5ml","Syrup","100ml Bottle","24 Months","VARICHEM PHARMACEUTICALS (PVT.) LTD,","ZIMBABWE","VARICHEM PHARMACEUTICALS (PVT.) LTD","ACTIVIS PHARMA","2024-02-28","2029-02-27","valid","Rwanda FDA - Registered Pharmaceutical Products July 2026","https://rwandafda.gov.rw/register/monitoring_preview_register"
"1474","Rwanda FDA-HMP-MA-1023","ALUCID TABLETS","Aluminium hydroxide BP 500mg","500mg","Tablets","","36 Months","AGOG PHARMA LIMITED,","INDIA","AGOG PHARMA LIMITED, INDIA","SUN ENTERPRISES LTD","2024-02-28","2029-02-27","valid","Rwanda FDA - Registered Pharmaceutical Products July 2026","https://rwandafda.gov.rw/register/monitoring_preview_register"
"1475","Rwanda FDA-HMP-MA-1047","","Azithromycin 200mg/5ml","200mg/5ml","Suspension","15ml Bottle","24 Months","THE MADRAS PHARMACEUTICALS,","INDIA","CROSS PHARM SA, SUISSE.","GOMHS LTD","2024-02-28","2029-02-27","valid","Rwanda FDA - Registered Pharmaceutical Products July 2026","https://rwandafda.gov.rw/register/monitoring_preview_register"
"1476","Rwanda FDA-HMP-MA-1048","","Azithromycin 500mg","500mg","Film-coated tablet","3 Tablets","36 Months","THE MADRAS PHARMACEUTICALS,","INDIA","CROSS PHARM SA, SUISSE","GOMHS LTD","2024-02-28","2029-02-27","valid","Rwanda FDA - Registered Pharmaceutical Products July 2026","https://rwandafda.gov.rw/register/monitoring_preview_register"
"1477","Rwanda FDA-HMP-MA-1050","","Anastrozole 1mg","1mg","Film Coated Tablet","14*2 (28) Tablets","60 Months","ASTRAZENECA UK LTD,","UNITED KINGDOM","ASTRAZENECA UK LIMITED","SURGIPHARM (RWANDA) LTD","2024-02-28","2029-02-27","valid","Rwanda FDA - Registered Pharmaceutical Products July 2026","https://rwandafda.gov.rw/register/monitoring_preview_register"
"1478","Rwanda FDA-HMP-MA-1030","CIDINE","Cinitapride, 1mg","1mg","Tablets","5x10 Tablets","60 Months","INDUSTRIAS FARMACEUTICAS ALMIRALL, S.A.,","SPAIN","ALMIRALL, S.A.","ETS CONTINENTAL LTD","2024-02-28","2029-02-27","valid","Rwanda FDA - Registered Pharmaceutical Products July 2026","https://rwandafda.gov.rw/register/monitoring_preview_register"
"1479","Rwanda FDA-HMP-MA-1021","CIT-20 TABLETS","Citalopram Hydrobromide BP equivalent to Citalopram 20mg","20mg","Film-coated tablets","100 tablets","36 Months","AGOG PHARMA LIMITED,","INDIA","AGOG PHARMA LIMITED, INDIA","SUN ENTERPRISES LTD","2024-02-28","2029-02-27","valid","Rwanda FDA - Registered Pharmaceutical Products July 2026","https://rwandafda.gov.rw/register/monitoring_preview_register"
"1480","Rwanda FDA-HMP-MA-1032","COMBIART 20&120MG","Artemether 20mg and Lumefantrine 120 mg","20mg/120mg","Tablets","","24 Months","STRIDES SHASUN LIMITED,","INDIA","STRIDES SHASUN LIMITED","SUN ENTERPRISES LTD","2024-02-28","2029-02-27","valid","Rwanda FDA - Registered Pharmaceutical Products July 2026","https://rwandafda.gov.rw/register/monitoring_preview_register"
"1481","Rwanda FDA-HMP-MA-1042","COMIT-100 TABLETS","Sildenafil Citrate 100mg","100mg","Film coated tablet","4 Tablets","36 Months","BLISS GVS PHARMA LIMITED,","INDIA","BLISS GVS PHARMA LTD","SURYA DEPOT PHARMACY LTD","2024-02-28","2029-02-27","valid","Rwanda FDA - Registered Pharmaceutical Products July 2026","https://rwandafda.gov.rw/register/monitoring_preview_register"
"1482","Rwanda FDA-HMP-MA-1053","CORILIEF DRY COUGH SYRUP","Dextromethorphan Hydrobromide 15mg/5ml","15mg/5ml","Syrup","100ml Bottle","24 Months","VARICHEM PHARMACEUTICALS (PVT) LTD,","ZIMBABWE","VARICHEM PHARMACEUTICALS (PVT) LTD","ACTIVIS PHARMA","2024-02-28","2029-02-27","valid","Rwanda FDA - Registered Pharmaceutical Products July 2026","https://rwandafda.gov.rw/register/monitoring_preview_register"
"1483","Rwanda FDA-HMP-MA-1028","DEPAKINE CHRONO 500MG","Sodium Valproate + Valproic Acid 500mg","500mg","Tablets","30 tablets","36 Months","SANOFI WINTHROP INDUSTRIE-AMBARES,","FRANCE","SANOFI AVENTIS KENYA LIMITED","KIPHARMA LTD","2024-02-28","2029-02-27","valid","Rwanda FDA - Registered Pharmaceutical Products July 2026","https://rwandafda.gov.rw/register/monitoring_preview_register"
"1484","Rwanda FDA-HMP-MA-1044","EFFERALGAN 80 MG SUPPOSITORY","Acetaminophen, 80mg","80mg","Suppository","","36 Months","UPSA","FRANCE","UPSA SAS, FRANCE","UBIPHARMA RWANDA LTD","2024-02-28","2029-02-27","valid","Rwanda FDA - Registered Pharmaceutical Products July 2026","https://rwandafda.gov.rw/register/monitoring_preview_register"
"1485","Rwanda FDA-HMP-MA-1025","FERVEX ADULT","Paracetamol 500mg, Ascorbic acid (Vitamin C) 200mg and Pheniramine 25mg","500mg/200mg/25mg","Granulated oral powder","8 sachets","24 Months","UPSA SAS,","FRANCE","UPSA SAS","UBIPHARM-RWANDA LTD","2024-02-28","2029-02-27","valid","Rwanda FDA - Registered Pharmaceutical Products July 2026","https://rwandafda.gov.rw/register/monitoring_preview_register"
"1486","Rwanda FDA-HBP-MA-0116","FOLIGRAF 150 I.U INJECTION","Recombinant-Human Follicle Stimulating Hormone for Injection 150 IU","150 IU","Sterile Solution","0.5 ml in pre-filled syringes","24 Months","BHARAT SERUMS & VACCINES LTD,","INDIA","BHARAT SERUMS & VACCINES LTD","WESSEX PHARMACEUTICALS (RWANDA) LTD","2024-02-28","2029-02-27","valid","Rwanda FDA - Registered Pharmaceutical Products July 2026","https://rwandafda.gov.rw/register/monitoring_preview_register"
"1487","Rwanda FDA-HMP-MA-1057","HYTAN-80 TABLETS","Telmisartan USP 80mg","80mg","Uncoated Tablets","3x10 Tablets","24 Months","BAFNA PHARMACEUTICALS LTD.,","INDIA","PRISMA PHARMA FZE, DUBAI, U.A.E.","PRAFIN RWANDA LTD","2024-02-28","2029-02-27","valid","Rwanda FDA - Registered Pharmaceutical Products July 2026","https://rwandafda.gov.rw/register/monitoring_preview_register"
"1488","Rwanda FDA-HMP-MA-1043","IMPLANON NXT","Etonogestrel 68 mg","68 mg","Implant for subdermal use","One implant","60 Months","NV ORGANON,","THE NETHERLANDS","N.V. ORGANON","UBIPHARM-RWANDA LTD","2024-02-28","2029-02-27","valid","Rwanda FDA - Registered Pharmaceutical Products July 2026","https://rwandafda.gov.rw/register/monitoring_preview_register"
"1489","Rwanda FDA-HMP-MA-1024","INBEC TABLETS","Dolutegravir 50mg, Lamivudine 300mg and Abacavir 600mg","50mg/300mg/600mg","Tablets","30 Tablets","24 Months","EMCURE PHARMACEUTICALS LTD,","INDIA","EMCURE PHARMACEUTICALS LTD; INDIA","ABACUS PHARMA (A) LTD","2024-02-28","2029-02-27","valid","Rwanda FDA - Registered Pharmaceutical Products July 2026","https://rwandafda.gov.rw/register/monitoring_preview_register"
"1490","Rwanda FDA-HMP-MA-1039","LIVOLUK","Lactulose Solution USP 10 g","10 g","Syrup","100 ml Bottle","36 Months","PANACEA BIOTEC PHARMA LIMITED,","INDIA","PANACEA BIOTEC PHARMA LIMITED, INDIA","AIVEEN RWANDA LIMITED","2024-02-28","2029-02-27","valid","Rwanda FDA - Registered Pharmaceutical Products July 2026","https://rwandafda.gov.rw/register/monitoring_preview_register"
"1491","Rwanda FDA-HMP-MA-1051","LOPINAVIR 200 MG & RITONAVIR 50 MG TABLETS","Lopinavir 200 mg & Ritonavir 50 mg","200 mg, 50 mg","Film Coated Tablet","60 Tablets","24 Months","CIPLA LIMITED,","INDIA","CIPLA LTD","PHILLIPS PHARMACEUTICALS RWANDA LTD","2024-02-28","2029-02-27","valid","Rwanda FDA - Registered Pharmaceutical Products July 2026","https://rwandafda.gov.rw/register/monitoring_preview_register"
"1492","Rwanda FDA-HMP-MA-1026","LORHISTINA 10MG TABLETS","Loratadine 10mg tablets","10mg","Tablets","30 tablets","36 Months","COSMOS LIMITED,","KENYA","COSMOS LIMITED","SUN ENTERPRISES LTD","2024-02-28","2029-02-27","valid","Rwanda FDA - Registered Pharmaceutical Products July 2026","https://rwandafda.gov.rw/register/monitoring_preview_register"
"1493","Rwanda FDA-HMP-MA-1056","LYSOFLAM TABLETS","Paracetamol, Diclofenac Potassium and Serratiopeptidase, 500 mg&50 mg&15mg, Tablets","500 mg&50 mg&15mg","Film-Coated Tablets","1x10 Tablets","24 Months","CACHET PHARMACEUTICAL PVT. LTD.","INDIA","CACHET PHARMACEUTICALS PVT. LTD","SURGIPHARM (RWANDA) LIMITED","2024-02-28","2029-02-27","valid","Rwanda FDA - Registered Pharmaceutical Products July 2026","https://rwandafda.gov.rw/register/monitoring_preview_register"
"1494","Rwanda FDA-HMP-MA-0990","MICOVAR ORAL GEL","Miconazole 20 mg","20 mg","Gel","40g Tube","24 Months","VARICHEM PHARMACEUTICALS (PVT) LTD,","ZIMBABWE","VARICHEM PHARMACEUTICALS (PVT) LTD","ACTIVIS PHARMA","2024-02-28","2029-02-27","valid","Rwanda FDA - Registered Pharmaceutical Products July 2026","https://rwandafda.gov.rw/register/monitoring_preview_register"
"1495","Rwanda FDA-HMP-MA-1046","MISO-FEM TABLETS","Misoprostol HPMC 1% Dispersion USP","1% Dispersion","Tablets","4 tablets in One or three aluminium/aluminium blister pack","24 Months","NAARI PHARMA PRIVATE LTD,","INDIA","NAARI PTE LIMITED, SINGAPORE","","2024-02-28","2029-02-27","valid","Rwanda FDA - Registered Pharmaceutical Products July 2026","https://rwandafda.gov.rw/register/monitoring_preview_register"
"1496","Rwanda FDA-HMP-MA-1016","MOXACIL 500 MG","Amoxicillin Trihydrate BP 500mg","500 mg","Hard Gelatin Capsules","","36 Months","DAWA LIMITED,","KENYA","DAWA LIMITED, KENYA","SUN ENTERPRISES LIMITED","2024-02-28","2029-02-27","valid","Rwanda FDA - Registered Pharmaceutical Products July 2026","https://rwandafda.gov.rw/register/monitoring_preview_register"
"1497","Rwanda FDA-HMP-MA-1055","MYLOVASC 5 TABLETS","S-Amlodipine besilate 5mg","5mg","Tablet","3x10 Tablets","36 Months","BAFNA PHARMACEUTICALS LTD","INDIA","PRISMA PHARMA FZE","PHILLIPS PHARMACEUTICALS (RWANDA) LTD","2024-02-28","2029-02-27","valid","Rwanda FDA - Registered Pharmaceutical Products July 2026","https://rwandafda.gov.rw/register/monitoring_preview_register"
"1498","Rwanda FDA-HMP-MA-1054","","S-Amlodipine Besilate 2.5mg","2.5mg","Tablet","3x10 Tablets","36 Months","BAFNA PHARMACEUTICALS LTD","INDIA","PRISMA PHARMA FZE","PRAFIN (RWANDA) LTD","2024-02-28","2029-02-27","valid","Rwanda FDA - Registered Pharmaceutical Products July 2026","https://rwandafda.gov.rw/register/monitoring_preview_register"
"1499","Rwanda FDA-HMP-MA-1018","","Pregabalin 75mg","75mg","Hard gelatin Capsule","2 x 10 capsules","36 Months","WEST-COAST PHARMACEUTICAL WORKS LTD,","INDIA","BEKRA PHARMA UK LTD","UBIPHARM RWANDA LTD","2024-02-28","2029-02-27","valid","Rwanda FDA - Registered Pharmaceutical Products July 2026","https://rwandafda.gov.rw/register/monitoring_preview_register"
"1500","Rwanda FDA-HMP-MA-1033","OMILOK-20 CAPSULES","Omeprazole BP 20 mg","20 mg","Hard gelatin capsules","10x10 Capsules","36 Months","MERIT ORGANICS LTD,","INDIA","MERIT ORGANICS LTD, INDIA","SUN ENTERPRISES LTD","2024-02-28","2029-02-27","valid","Rwanda FDA - Registered Pharmaceutical Products July 2026","https://rwandafda.gov.rw/register/monitoring_preview_register"
"1501","Rwanda FDA-HMP-MA-1015","ORCHAZID SDU","Ketotifen fumarate 0.25mg/ml","0.25mg/ml","Solution","30x0.4ml strips","24 Months","ORCHIDIA PHARMACEUTICAL INDUSTRIES,","EGYPT","ORCHIDIA PHARMACEUTICAL INDUSTRIES, EGYPT","ETS CONTINENTAL LTD","2024-02-28","2029-02-27","valid","Rwanda FDA - Registered Pharmaceutical Products July 2026","https://rwandafda.gov.rw/register/monitoring_preview_register"
"1502","Rwanda FDA-HMP-MA-1027","PROFEN 400MG TABLETS","Ibuprofen BP 400mg","400mg","Film-coated tablets","","36 Months","LABORATORY AND ALLIED LIMITED,","KENYA","LABORATORY AND ALLIED LIMITED","DEPOT PHARMACEUTIQUE LE MEDICAL","2024-02-28","2029-02-27","valid","Rwanda FDA - Registered Pharmaceutical Products July 2026","https://rwandafda.gov.rw/register/monitoring_preview_register"
"1503","Rwanda FDA-HMP-MA-1035","RABEPRIDE CAPSULES","Rabeprazole Sodium 20mg and Itropride Hydrochloride 150mg","20mg/150mg","Hard Gelatin Capsules","","24 Months","DAWA LIMITED,","KENYA","DAWA LIMITED. KENYA","SUN ENTERPRISE LTD","2024-02-28","2029-02-27","valid","Rwanda FDA - Registered Pharmaceutical Products July 2026","https://rwandafda.gov.rw/register/monitoring_preview_register"
"1504","Rwanda FDA-HBP-MA-0114","REPOITIN 4000 IU","Erythropoietin Concentrated Solution B.P. (Epoetin Alfa), 4000 IU/0.4 mL","4000 IU/0.4 mL","Solution for injection","1 Vial","24 Months","SERUM INSTITUTE OF INDIA PVT. LTD.","INDIA","SERUM INSTITUTE OF INDIA PVT. LTD, INDIA","SUN ENTERPRISES LTD","2024-02-28","2029-02-27","valid","Rwanda FDA - Registered Pharmaceutical Products July 2026","https://rwandafda.gov.rw/register/monitoring_preview_register"
"1505","Rwanda FDA-HMP-MA-1034","SAMVEC-4","Vecuronium Bromide 4mg","4mg","Lyophilised Powder for Injection","5 Vials","24 Months","SAMARTH LIFE SCIENCES PVT. LTD,","INDIA","SAMARTH LIFE SCIENCES PVT. LTD, INDIA","SUN ENTERPRISES LTD","2024-02-28","2029-02-27","valid","Rwanda FDA - Registered Pharmaceutical Products July 2026","https://rwandafda.gov.rw/register/monitoring_preview_register"
"1506","Rwanda FDA-HMP-MA-1049","SILDENAFIL-100 TABLETS","Sildenafil Citrate BP 100mg","100mg","Film coated tablet","4 Tablets","36 Months","MERIT ORGANICS LTD,","INDIA","MERIT ORGANICS LTD","SUN ENTERPRISES LTD","2024-02-28","2029-02-27","valid","Rwanda FDA - Registered Pharmaceutical Products July 2026","https://rwandafda.gov.rw/register/monitoring_preview_register"
"1507","Rwanda FDA-HMP-MA-1040","","Drotaverine Hydrochloride 80mg and Paracetamol 500mg","80mg, 500mg","Film coated tablet","10 Tablets","36 Months","WEST-COSAT PHARMACEUTICAL WORK LTD,","INDIA","BEKRA PHARMA UK LTD","UBIPHARMA-RWANDA LTD","2024-02-28","2029-02-27","valid","Rwanda FDA - Registered Pharmaceutical Products July 2026","https://rwandafda.gov.rw/register/monitoring_preview_register"
"1508","Rwanda FDA-HMP-MA-1045","SPASMOMEN TABLETS","Otilonium Bromide 40mg","40mg","Film-coated tablet","10 tablets or 30 tablets","36 Months","BERLIN CHEMIE AG, Glienicker Weg 125, D-12489 Berlin, Germany","GERMANY","A. MENARINI INDUSTRIE FARMACEUTICHE RIUNITE S.R.L. FLORENCE-ITALY","PRAFFIN RWANDA LTD","2024-02-28","2029-02-27","valid","Rwanda FDA - Registered Pharmaceutical Products July 2026","https://rwandafda.gov.rw/register/monitoring_preview_register"
"1509","Rwanda FDA-HMP-MA-1029","SPECTROMAX 500","Clarithromycin 500mg","500mg","Tablets","2x7 Tablets","36 Months","NATIONAL PHARMACEUTICAL INDUSTRIES CO. (SAOC),","SULTANATE OF OMAN","NATIONAL PHARMACEUTICAL INDUSTRIES CO. (SAOC)","SUN ENTERPRISES LTD","2024-02-28","2029-02-27","valid","Rwanda FDA - Registered Pharmaceutical Products July 2026","https://rwandafda.gov.rw/register/monitoring_preview_register"
"1510","Rwanda FDA-HMP-MA-1038","TRANGEL GEL","Diclofenac Diethylammonium Gel Salt B.P. 1.16% w/w","1.16% w/w","Gel for Topical administration","20mg Tube","36 Months","NEM LABORATORIES PVT. LTD,","INDIA","NEM LABORATORIES PVT. LTD, INDIA.","RENE PHARMACY (R) LTD","2024-02-28","2029-02-27","valid","Rwanda FDA - Registered Pharmaceutical Products July 2026","https://rwandafda.gov.rw/register/monitoring_preview_register"
"1511","Rwanda FDA-HMP-MA-1031","TRIMEX DIABETIC COUGH SYRUP","Chlorpheniramine Maleate 2mg, Pseudoephedrine HCl 30mg and Guaifenesin BP 100mg","2mg/30mg/100mg","Syrup","100 ml Bottle","36 Months","REGAL PHARMACEUTICALS LTD,","KENYA","REGAL PHARMACEUTICALS LTD","ABACUS PHARMA (A) LTD","2024-02-28","2029-02-27","valid","Rwanda FDA - Registered Pharmaceutical Products July 2026","https://rwandafda.gov.rw/register/monitoring_preview_register"
"1512","Rwanda FDA-HMP-MA-1014","TWINZOL SDU","Dorzolamide Hydrochloride 20mg/ml and Timolol Maleate 5mg/ml","20mg/ml-5mg/ml","Solution","0.2 ml strips","24 Months","ORCHIDIA PHARMACEUTICAL INDUSTRIES,","EGYPT","ORCHIDIA PHARMACEUTICAL INDUSTRIES, EGYPT","ETS CONTINENTAL LTD","2024-02-28","2029-02-27","valid","Rwanda FDA - Registered Pharmaceutical Products July 2026","https://rwandafda.gov.rw/register/monitoring_preview_register"
"1513","Rwanda FDA-HMP-MA-1041","","Benzoic Acid BP 6% w/w and Salicylic Acid BP 3% w/w","6% w/w- 3% w/w","Ointment","25mg","36 Months","REGAL PHARMACEUTICALS LIMITED,","KENYA","REGAL PHARMACEUTICALS LTD","ABACUS PHARMA (A) LTD","2024-02-28","2029-02-27","valid","Rwanda FDA - Registered Pharmaceutical Products July 2026","https://rwandafda.gov.rw/register/monitoring_preview_register"
"1514","Rwanda FDA-HMP-MA-1022","ZEPIN SYRUP","Carbamazepine BP 100mg","100 mg","Syrup","250 ml Bottle","36 Months","AGOG PHARMA LTD,","INDIA","AGOG PHARMA LIMITED, INDIA","SUN ENTERPRISES LTD","2024-02-28","2029-02-27","valid","Rwanda FDA - Registered Pharmaceutical Products July 2026","https://rwandafda.gov.rw/register/monitoring_preview_register"
"1515","Rwanda FDA-HMP-MA-1020","ZEPIN-400","Carbamazepine BP 400mg","400 mg","Film-coated tablets","100 Tablets","36 Months","AGOG PHARMA LTD,","INDIA","AGOG PHARMA LIMITED, INDIA","SUN ENTERPRISES LTD","2024-02-28","2029-02-27","valid","Rwanda FDA - Registered Pharmaceutical Products July 2026","https://rwandafda.gov.rw/register/monitoring_preview_register"
"1516","Rwanda FDA-HMP-MA-0971","ORCHAPRED","Prednisolone phosphate, 5 mg/1g","5 mg/1g","Sterile Ophthalmic Gel","5 ml Bottle","24 Months","ORCHIDIA PHARMACEUTICAL INDUSTRIES,","EGYPT","ORCHIDIA PHARMACEUTICAL INDUSTRIES, EGYPT","ETS CONTINENTAL LTD","2024-02-26","2029-02-25","valid","Rwanda FDA - Registered Pharmaceutical Products July 2026","https://rwandafda.gov.rw/register/monitoring_preview_register"
"1517","Rwanda FDA-HMP-MA-0936","ABACAVIR AND LAMIVUDINE TABLETS 600MG/300MG","Abacavir Sulphate and Lamivudine USP 600mg/300mg","600mg/300mg","Film-Coated Tablets","30 Tablets, 90 Tablets and 180 Tablets","24 Months","LAURUS LABS LIMITED,","INDIA","LAURUS LABS LIMITED","CAPITAL PHARMACEUTICAL SUPPLIES LIMITED","2024-02-26","2029-02-25","valid","Rwanda FDA - Registered Pharmaceutical Products July 2026","https://rwandafda.gov.rw/register/monitoring_preview_register"
"1518","Rwanda FDA-HBP-MA-0115","ACURIN 5000I.U/ML","Heparin sodium BP 5000I.U/ml","5000I.U/ml","Solution for injection","5 ml vial","24 Months","ACULIFE HEALTHCARE PRIVATE LTD,","INDIA","ACULIFE HEALTHCARE PRIVATE LTD, INDIA","SUN ENTERPRISES LTD","2024-02-26","2029-02-25","valid","Rwanda FDA - Registered Pharmaceutical Products July 2026","https://rwandafda.gov.rw/register/monitoring_preview_register"
"1519","Rwanda FDA-HMP-MA-0975","ARBITEL-40","Telmisartan BP 40 mg","40 mg","Tablets","3x10 Tablets","36 Months","MICRO LABS LIMITED,","INDIA","MICRO LABS LIMITED","WESSEX PHARMACEUTICALS (RWANDA) LTD","2024-02-26","2029-02-25","valid","Rwanda FDA - Registered Pharmaceutical Products July 2026","https://rwandafda.gov.rw/register/monitoring_preview_register"
"1520","Rwanda FDA-HMP-MA-0980","ARTEFAN 20MG/120MG","Artemether/Lumefantrine 20mg/120mg","20mg/120mg","Uncoated Tablets","","24 Months","AJANTA PHARMA LIMITED,","INDIA","AJANTA PHARMA LTD, INDIA","ABACUS PHARMA (A) LTD","2024-02-26","2029-02-25","valid","Rwanda FDA - Registered Pharmaceutical Products July 2026","https://rwandafda.gov.rw/register/monitoring_preview_register"
"1521","Rwanda FDA-HMP-MA-0967","ASOMEX 2.5","S (-) Amlodipine Besilate 2.5 mg","2.5 mg","Uncoated Tablets","3x10 tablets, or 5x10 tablets,","36 Months","EMCURE PHARMACEUTICALS LIMITED,","INDIA","EMCURE PHARMACEUTICALS LTD","ABACUS PHARMA (A) LTD","2024-02-26","2029-02-25","valid","Rwanda FDA - Registered Pharmaceutical Products July 2026","https://rwandafda.gov.rw/register/monitoring_preview_register"
"1522","Rwanda FDA-HMP-MA-0996","AUROCARPINE","Pilocarpine Nitrate USP 0.5%w/v","0.5%w/v","Eye drops solution","1ml Bottle","24 Months","AUROLAB,","INDIA","AUROLAB, INDIA","DEPOT PHARMACEUTIQUE LE MEDICAL","2024-02-26","2029-02-25","valid","Rwanda FDA - Registered Pharmaceutical Products July 2026","https://rwandafda.gov.rw/register/monitoring_preview_register"
"1523","Rwanda FDA-HMP-MA-0944","AUROCORT","Triamcinolone Acetonide 40mg/ml","40mg/ml","Intraocular injection","5 vials of 1 mL of a 40 mg/Ml glass vial, are packed in a carton","24 Months","AUROLAB,","INDIA","AUROLAB","DEPOT PHARMACEUTIQUE LE MEDICAL","2024-02-26","2029-02-25","valid","Rwanda FDA - Registered Pharmaceutical Products July 2026","https://rwandafda.gov.rw/register/monitoring_preview_register"
"1524","Rwanda FDA-HMP-MA-0957","AUROFLOX","Ofloxacin,0.3% w/v","0.3% w/v","Ophthalmic eye drop","10 ml Bottle","24 Months","AUROLAB,","INDIA","AUROLAB","DEPOT PHARMACEUTIQUE LE MEDICAL","2024-02-26","2029-02-25","valid","Rwanda FDA - Registered Pharmaceutical Products July 2026","https://rwandafda.gov.rw/register/monitoring_preview_register"
"1525","Rwanda FDA-HMP-MA-0970","BRAIPORIN SYRUP","Sodium Valproate BP, 200mg/ml","200mg/ml","Syrup Liquid","100 ml Bottle","24 Months","AKUMS DRUGS & PHARMACEUTICALS PLANT II,","INDIA","UNOSOURCE PHARMA LIMITED, INDIA","AIVEEN RWANDA LTD.","2024-02-26","2029-02-25","valid","Rwanda FDA - Registered Pharmaceutical Products July 2026","https://rwandafda.gov.rw/register/monitoring_preview_register"
"1526","Rwanda FDA-HMP-MA-1000","CANAZOL TABLETS","Clotrimazole 100mg","100mg","Tablets","6 Tablets","36 Months","BIODEAL LABORATORIES LTD,","KENYA","BIODEAL LABORATORIES LTD, KENYA","SUN ENTERPRISES LTD","2024-02-26","2029-02-25","valid","Rwanda FDA - Registered Pharmaceutical Products July 2026","https://rwandafda.gov.rw/register/monitoring_preview_register"
"1527","Rwanda FDA-HMP-MA- 0966","CIPROFLOXACIN TABLETS USP 500MG","Ciprofloxacin Hydrochloride 500 mg","500 mg","Film coated tablets","10x10 Tablets","36 Months","REYOUNG PHARMACEUTICAL CO, Ltd,","CHINA","REYOUNG PHARMACEUTICAL CO., LTD","SUN ENTERPRISES LTD","2024-02-26","2029-02-25","valid","Rwanda FDA - Registered Pharmaceutical Products July 2026","https://rwandafda.gov.rw/register/monitoring_preview_register"
"1528","Rwanda FDA-HMP-MA-0993","CLARITAB- 500","Clarithromycin BP 500mg","500 mg","Film coated tablet","4 x 10 tablets","36 Months","MERIT ORGANICS LTD.","INDIA","MERIT ORGANICS LIMITED, INDIA","SUN ENTERPRISES LTD","2024-02-26","2029-02-25","valid","Rwanda FDA - Registered Pharmaceutical Products July 2026","https://rwandafda.gov.rw/register/monitoring_preview_register"
"1529","Rwanda FDA-HMP-MA-0946","CLARITHROMYCIN TABLET 250 MG","Clarithromycin BP 250 mg","250 mg","Film coated tablet","1 x 14 Tablets","36 Months","AGOG PHARMA LTD;","INDIA","AGOG PHARMA LTD","SUN ENTERPRISE LTD","2024-02-26","2029-02-25","valid","Rwanda FDA - Registered Pharmaceutical Products July 2026","https://rwandafda.gov.rw/register/monitoring_preview_register"
"1530","Rwanda FDA-HMP-MA-0934","CLOXACILLIN SODIUM FOR INJECTION","Cloxacillin Sodium 546mg equivalent to Cloxacillin 500mg","500mg","Powder for Injection.","10 ml Vials, 50vials/Box, 20vials/ Box","36 Months","REYOUNG PHARMACEUTICAL CO., LTD.,","CHINA","REYOUNG PHARMACEUTICAL CO., LTD","SUN ENTREPRISES LTD","2024-02-26","2029-02-25","valid","Rwanda FDA - Registered Pharmaceutical Products July 2026","https://rwandafda.gov.rw/register/monitoring_preview_register"
"1531","Rwanda FDA-HMP-MA-0974","","42.6 mg of omeprazole sodium, corresponding to 40 mg of omeprazole","40 mg","Powder for Solution for Injection","12 ml Vial and 10 ml Ampoule","36 Months","ANFARM HELLAS S.A,","GREECE","DAFRA PHARMA GMbH","SUN ENTERPRISES LTD","2024-02-26","2029-02-25","valid","Rwanda FDA - Registered Pharmaceutical Products July 2026","https://rwandafda.gov.rw/register/monitoring_preview_register"
"1532","Rwanda FDA-HMP-MA-0988","DARUNAVIR AND RITONAVIR TABLETS","Darunavir Ethanolate 400mg, Ritonavir 50mg","400mg/50mg","Film coated tablets","","24 Months","HETERO LABS LIMITED,","INDIA","HETERO LABS LIMITED, INDIA","SUN ENTERPRISES LTD","2024-02-26","2029-02-25","valid","Rwanda FDA - Registered Pharmaceutical Products July 2026","https://rwandafda.gov.rw/register/monitoring_preview_register"
"1533","Rwanda FDA-HMP-MA-0945","DARUNAVIR TABLETS 600 MG","Darunavir amorphous 600mg","600mg","Film coated tablets","60 Tablets","24 Months","HETERO LABS LIMITED,","INDIA","HETERO LABS LTD","SUN ENTERPRISES LTD","2024-02-26","2029-02-25","valid","Rwanda FDA - Registered Pharmaceutical Products July 2026","https://rwandafda.gov.rw/register/monitoring_preview_register"
"1534","Rwanda FDA-HMP-MA-0952","DIAZAC 10","Dapagliflozin IH 10mg","10 mg","Film Coated Tablets","3x10 Tablets","24 Months","AJANTA PHARMA LIMITED,","INDIA","AJANTA PHARMA LIMITED","ABACUS PHARMA(A) LTD","2024-02-26","2029-02-25","valid","Rwanda FDA - Registered Pharmaceutical Products July 2026","https://rwandafda.gov.rw/register/monitoring_preview_register"
"1535","Rwanda FDA-HMP-MA-0951","DIAZAC 5","Dapagliflozin 5 mg","5 mg","Film Coated Tablets","3x10 Tablets","24 Months","AJANTA PHARMA LIMITED,","INDIA","AJANTA PHARMA LIMITED","ABACUS PHARMA(A) LTD","2024-02-26","2029-02-25","valid","Rwanda FDA - Registered Pharmaceutical Products July 2026","https://rwandafda.gov.rw/register/monitoring_preview_register"
"1536","Rwanda FDA-HMP-MA-1072-R1","DOLOWIN","Aceclofenac 100mg","100mg","Tablets","3x10 Tablets","36 Months","MICRO LABS LIMITED","INDIA","MICRO LABS LIMITED","WESSEX PHARMACEUTICALS (RWANDA) LTD","2024-02-26","2029-02-25","valid","Rwanda FDA - Registered Pharmaceutical Products July 2026","https://rwandafda.gov.rw/register/monitoring_preview_register"
"1537","Rwanda FDA-HMP-MA- 0968","DOLUTEGRAVIR SODIUM TABLETS 50MG","Dolutegravir Sodium 50 mg","50 mg","Film coated tablets","30 Tablets","24 Months","MACLEODS PHARMACEUTICALS LIMITED,","INDIA","MACLEODS PHARMACEUTICALS LIMITED","WESSEX PHARMACEUTICALS (RWANDA) LTD","2024-02-26","2029-02-25","valid","Rwanda FDA - Registered Pharmaceutical Products July 2026","https://rwandafda.gov.rw/register/monitoring_preview_register"
"1538","Rwanda FDA-HMP-MA-0935","DOLUTEGRAVIR, LAMIVUDINE AND TENOFOVIR ALAFENAMIDE TABLETS","Dolutegravir Sodium, Lamivudine and Tenofovir Alafenamide Fumarate 50 mg/300 mg/25 mg","50 mg/300 mg/25 mg","Film Coated Tablets","30 Tablets, 90 Tablets and 180 Tablets","30 Months","LAURUS LABS LIMITED,","INDIA","LAURUS LABS LIMITED","CAPITAL PHARMACEUTICAL SUPPLIES LIMITED","2024-02-26","2029-02-25","valid","Rwanda FDA - Registered Pharmaceutical Products July 2026","https://rwandafda.gov.rw/register/monitoring_preview_register"
"1539","Rwanda FDA-HMP-MA-0937","DOLUTEGRAVIR, LAMIVUDINE, AND TENOFOVIR DISOPROXIL FUMARATE","Dolutegravir sodium 50 mg, Lamivudine 300 mg and Tenofovir Disoproxil Fumarate 300 mg","50mg/300mg/300mg","Film coated tablets","30 Tablets and 90 Tablets","24 Months","LAURUS LABS LIMITED,","INDIA","LAURUS LABS LIMITED, INDIA","CAPITAL PHARMACEUTICAL SUPPLIES LIMITED","2024-02-26","2029-02-25","valid","Rwanda FDA - Registered Pharmaceutical Products July 2026","https://rwandafda.gov.rw/register/monitoring_preview_register"
"1540","Rwanda FDA-HMP-MA-1001","DYNACORT-6 TABLETS","Deflazacort 6 mg tablets","6mg","Tablets","3 X 10 Tablets","36 Months","SKY BIOTECH LIFE SCIENCES PVT. LTD,","INDIA","GALAXY PHARMACEUTICALS LTD, INDIA","STAR BIOTECH LIMITED","2024-02-26","2029-02-25","valid","Rwanda FDA - Registered Pharmaceutical Products July 2026","https://rwandafda.gov.rw/register/monitoring_preview_register"
"1541","Rwanda FDA-HMP-MA-0961","EMBRACOTRIM 960","Sulphamethoxazole BP 800mg and Trimethoprim BP 160mg","800mg, 160mg","Uncoated Tablets","10x10 Tablets","36 Months","MERIT ORGANICS LTD,","INDIA","MERIT ORGANICS LTD","SUN ENTERPRISES LTD","2024-02-26","2029-02-25","valid","Rwanda FDA - Registered Pharmaceutical Products July 2026","https://rwandafda.gov.rw/register/monitoring_preview_register"
"1542","Rwanda FDA-HMP-MA-0998","ENTEZMA OINTMENT","Betamethasone (as Dipropionate BP) 0.5 mg and salicylic acid BP 30mg","0.5 mg and 30mg","Ointment","1 Tube","36 Months","CENTAUR PHARMACEUTICAL PVT. LTD.,","INDIA","CENTAUR PHARMACEUTICALS PVT. LTD, INDIA","WESSEX PHARMACEUTICALS (RWANDA) LTD","2024-02-26","2029-02-25","valid","Rwanda FDA - Registered Pharmaceutical Products July 2026","https://rwandafda.gov.rw/register/monitoring_preview_register"
"1543","Rwanda FDA-HMP-MA-0977","ERO-250 TABLETS","Erythromycin Stearate Tablets BP 250 mg","250 mg","Film Coated tablets","1000 Tablets and 10x10 tablets","36 Months","AGOG PHARMA LTD,","INDIA","AGOG PHARMA LTD","SUN ENTERPRISES LTD","2024-02-26","2029-02-25","valid","Rwanda FDA - Registered Pharmaceutical Products July 2026","https://rwandafda.gov.rw/register/monitoring_preview_register"
"1544","Rwanda FDA-HMP-MA-0986","FERLIX B12","Each 5 ml syrup contain: Ferric ammonium citrate 200mg equivalent to 41 mg of elemental iron, 500 micrograms of Folic acid BP and 5 micrograms of Vitamin B12 as cyanocobalamin","200mg/500cmg/5cmg","Syrup","200 ml Bottle","36 Months","MADRAS PHARMACEUTICAL LTD,","INDIA","B&O PHARM","KIPHARMA LTD","2024-02-26","2029-02-25","valid","Rwanda FDA - Registered Pharmaceutical Products July 2026","https://rwandafda.gov.rw/register/monitoring_preview_register"
"1545","Rwanda FDA-HBP-MA-0112","FOLISURGE 1200","Follitropin Alpha 1200 IU/1.92 mL","1200 IU/1.92 mL","Solution for Injection.","1 Vial of 2ml","24 Months","INTAS PHARMACEUTICALS LIMITED,","INDIA","INTAS PHARMACEUTICALS LIMITED","VINE PHARMA LTD","2024-02-26","2029-02-25","valid","Rwanda FDA - Registered Pharmaceutical Products July 2026","https://rwandafda.gov.rw/register/monitoring_preview_register"
"1546","Rwanda FDA-HMP-MA-0984","GALAXY NEUROCARE CAPSULES","Methylcobalamin 1500mcg, Gamma Linoleic Acid (From Borage oil BP) 60 mg, Alpha Lipoic Acid USP 100 mg, Folic Acid BP 1.5 mg, Pyridoxine Hydrochloride BP 3 mg, Biotin USP 3mg, Elemental Chromium (as Chromium Picolinate USP) 100 mcg, Elemental Zinc (as Zinc Sulfate USP) 10 mg","1500mcg,60 mg, 100 mg, 1.5 mg,3 mg, 3mg, 100 mcg,10 mg","Soft Gelatin Capsules","3 X 10 Capsules","24 Months","SOFTGEL HEALTHCARE PRIVATE LIMITED,","INDIA","GALAXY PHARMACEUTICALS, INDIA","STAR BIOTECH LIMITED","2024-02-26","2029-02-25","valid","Rwanda FDA - Registered Pharmaceutical Products July 2026","https://rwandafda.gov.rw/register/monitoring_preview_register"
"1547","Rwanda FDA-HMP-MA-0983","GALAXYS NEUROCARE PLUS CAPSULES","Methylcobalamin 750mcg, Pregabalin 75mg, Folic acid BP 1.5mg, Pyridoxine hydrochloride BP 3mg, Alpha Lipoic acid USP 100mg","750mcg, 75mg, 1.5mg, 3mg, 100mg","Soft Gelatin Capsules","3 X 10 Capsules","24 Months","SOFTGEL HEALTHCARE PRIVATE LIMITED,","INDIA","GALAXY PHARMACEUTICALS, INDIA","STAR BIOTECH LIMITED","2024-02-26","2029-02-25","valid","Rwanda FDA - Registered Pharmaceutical Products July 2026","https://rwandafda.gov.rw/register/monitoring_preview_register"
"1548","Rwanda FDA-HBP-MA-0113","GLARITUS 100 IU/ML","Insulin glargine Injection USP, 100 IU/mL (r-DNA origin)","100 IU/mL","Solution for Injection.","10 ml vial, 3ml Cartridge","36 Months","WOCKHARDT LIMITED,","INDIA","WOCKHARDT LIMITED, INDIA","ABACUS PHARMA (A) LTD","2024-02-26","2029-02-25","valid","Rwanda FDA - Registered Pharmaceutical Products July 2026","https://rwandafda.gov.rw/register/monitoring_preview_register"
"1549","Rwanda FDA-HMP-MA-0948","","Pyrantel Embonate 125 mg/2.5 ml","125 mg/2.5 ml","Oral suspension","15ml Bottle","36 Months","INNOTHERA CHOUZY,","FRANCE","LABORATOIRE INNOTECH INTERNATIONAL","DEPOT PHARMACEUTIQUE LE MEDICAL","2024-02-26","2029-02-25","valid","Rwanda FDA - Registered Pharmaceutical Products July 2026","https://rwandafda.gov.rw/register/monitoring_preview_register"
"1550","Rwanda FDA-HMP-MA-0943","HYDROXYCARBAMIDE 500MG CAPSULES, HARD","Hydroxycarbamide 500mg","500mg","Hard capsules","100 Capsules","24 Months","HAUPT PHARMA AMAREG GMBH,","GERMANY","SANDOZ GmbH KUNDL","SURGIPHARM (RWANDA) LTD","2024-02-26","2029-02-25","valid","Rwanda FDA - Registered Pharmaceutical Products July 2026","https://rwandafda.gov.rw/register/monitoring_preview_register"
"1551","Rwanda FDA-HMP-MA-0959","KAREMOL TABLETS","Paracetamol 500mg","500mg","Uncoated Tablets","1x10 Tablets","36 Months","HEBEI JIHENG (GROUP) PHARMACEUTICAL CO., LTD,","CHINA","KAREMAX INDUSTRIAL LIMITED","SUN ENTERPRISES LTD","2024-02-26","2029-02-25","valid","Rwanda FDA - Registered Pharmaceutical Products July 2026","https://rwandafda.gov.rw/register/monitoring_preview_register"
"1552","Rwanda FDA-HMP-MA-0982","KETAM.","Ketamine Hydrochloride Injection BP 50mg/ml","50mg/ml","Solution for Injection","10 ml Bottle","24 Months","KILITCH DRUGS (INDIA) LTD,","INDIA","KILITCH DRUGS (INDIA) LTD, INDIA.","SUN ENTERPRISES LTD","2024-02-26","2029-02-25","valid","Rwanda FDA - Registered Pharmaceutical Products July 2026","https://rwandafda.gov.rw/register/monitoring_preview_register"
"1553","Rwanda FDA-HMP-MA-1002","KLAVMOX LB 1000","Amoxicillin Trihydrate USP 875mg, Clavulanate Potassium USP 125mg, With Lactic Acid Bacillus 60millions Spores","875mg/125mg","Film coated tablets","10 tablets","24months","KILITCH DRUGS (INDIA) LTD,","INDIA","KILITCH DRUGS (INDIA)","SUN ENTERPRISE LTD","2024-02-26","2029-02-25","valid","Rwanda FDA - Registered Pharmaceutical Products July 2026","https://rwandafda.gov.rw/register/monitoring_preview_register"
"1554","Rwanda FDA-HMP-MA-0997","KLAVMOX LB 625","Amoxicillin Trihydrate USP 500MG, Clavulanate potassium USP 125mg and Lactic acid bacillus","500mg/125mg","Tablets","","24 Months","KILITCH DRUGS (INDIA) LTD,","INDIA","KILITCH DRUGS (INDIA) LTD, INDIA","SUN ENTERPRISE LTD","2024-02-26","2029-02-25","valid","Rwanda FDA - Registered Pharmaceutical Products July 2026","https://rwandafda.gov.rw/register/monitoring_preview_register"
"1555","Rwanda FDA-HMP-MA-0960","LEVO-72 TABLETS","Levonorgestrel Tablets BP 0.75 mg","0.75 mg","Film Coated Tablets","2 Tablets","36 Months","WEST-COAST PHARMACEUTICAL WORKS LTD,","INDIA","RAY PHARMACEUTICALS LIMITED","CAPITAL PHARMACEUTICAL SUPPLIES LTD","2024-02-26","2029-02-25","valid","Rwanda FDA - Registered Pharmaceutical Products July 2026","https://rwandafda.gov.rw/register/monitoring_preview_register"
"1556","Rwanda FDA-HMP-MA-0985","METAGO-250 MG","Metronidazole BP 250 mg","250 mg","Uncoated Tablets","1000 Tablets and 10x10 tablets","36 Months","AGOG PHARMA LTD,","INDIA","AGOG PHARMA LTD","SUN ENTERPRISES LTD","2024-02-26","2029-02-25","valid","Rwanda FDA - Registered Pharmaceutical Products July 2026","https://rwandafda.gov.rw/register/monitoring_preview_register"
"1557","Rwanda FDA-HMP-MA-0991","METCARE 500","Metformin Hydrochloride 500mg","500mg","Tablets","10 x 10 Tablets","36 Months","MERIT ORGANICS LTD,","INDIA","MERIT ORGANICS LTD","SUN ENTERPRISES LTD","2024-02-26","2029-02-25","valid","Rwanda FDA - Registered Pharmaceutical Products July 2026","https://rwandafda.gov.rw/register/monitoring_preview_register"
"1558","Rwanda FDA-HMP-MA-0994","METCARE 850","Metformin Hydrochloride 850mg","850mg","Tablet","10 x 10 Tablets","36 Months","MERIT ORGANICS LTD.","INDIA","MERIT ORGANICS LIMITED, INDIA.","—","2024-02-26","2029-02-25","valid","Rwanda FDA - Registered Pharmaceutical Products July 2026","https://rwandafda.gov.rw/register/monitoring_preview_register"
"1559","Rwanda FDA-HMP-MA-0963","NEBILONG-10","Nebivolol Hydrochloride 10mg","10mg","Uncoated Tablets","3x10 Tablets","36 Months","MICRO LABS LIMITED,","INDIA","MICRO LABS LIMITED","WESSEX PHARMACEUTICALS (RWANDA) LTD","2024-02-26","2029-02-25","valid","Rwanda FDA - Registered Pharmaceutical Products July 2026","https://rwandafda.gov.rw/register/monitoring_preview_register"
"1560","Rwanda FDA-HMP-MA-0969","NEVXAL","Nepafenac, 1mg/ml","1mg/ml","Ophthalmic Suspension","5 ml Bottle","24 Months","ORCHIDIA PHARMACEUTICAL INDUSTRIES,","EGYPT","ORCHIDIA PHARMACEUTICAL INDUSTRIES, EGYPT","ETS CONTINENTAL LTD","2024-02-26","2029-02-25","valid","Rwanda FDA - Registered Pharmaceutical Products July 2026","https://rwandafda.gov.rw/register/monitoring_preview_register"
"1561","Rwanda FDA-HMP-MA-0976","NIFLURIL 400MG","Morniflumate 400 mg","400 mg","Suppository","8 Suppositories","36 Months","UPSA,","FRANCE","UPSA","UBIPHARMA RWANDA LTD","2024-02-26","2029-02-25","valid","Rwanda FDA - Registered Pharmaceutical Products July 2026","https://rwandafda.gov.rw/register/monitoring_preview_register"
"1562","Rwanda FDA-HMP-MA-0972","NIRFOL 1%","Propofol BP 10mg/ml","10mg/ml","Emulsion for Intravenous Injection","Vial of 20 ml and 50 ml","24 Months","ACULIFE HEALTHCARE PVT. LTD,","INDIA","ACULIFE HEALTHCARE PVT. LTD, INDIA","SUN ENTERPRISES LTD","2024-02-26","2029-02-25","valid","Rwanda FDA - Registered Pharmaceutical Products July 2026","https://rwandafda.gov.rw/register/monitoring_preview_register"
"1563","Rwanda FDA-HMP-MA-0962","NOOTROPYL 800MG TABLETS","Piracetam 800mg","800mg","Film-coated tablets","45 Tablets","48 Months","UCB PHARMA SA,","BELGIUM","GLAXOSMITHKLINE PHARMACEUTICAL LTD","KIPHARMA LTD","2024-02-26","2029-02-25","valid","Rwanda FDA - Registered Pharmaceutical Products July 2026","https://rwandafda.gov.rw/register/monitoring_preview_register"
"1564","Rwanda FDA-HMP-MA-0958","NOTIUM","Diazepam Injection BP 10mg/2mL","10mg/2mL","Solution for Injection.","10 Ampoules of 2 ml","36 Months","KILITCH DRUGS INDIA LTD,","INDIA","KILITCH DRUGS (I) LTD","SUN ENTERPRISES LTD","2024-02-26","2029-02-25","valid","Rwanda FDA - Registered Pharmaceutical Products July 2026","https://rwandafda.gov.rw/register/monitoring_preview_register"
"1565","Rwanda FDA-HMP-MA-0955","OFUSIDIC","Fusidic acid 10mg/g","10mg/g","Eye Drops","5 ml Bottle","24 Months","ORCHIDIA PHARMACEUTICAL INDUSTRIES,","EGYPT","ORCHIDIA PHARMACEUTICAL INDUSTRIES, EGYPT","ETS CONTINENTAL LTD","2024-02-26","2029-02-25","valid","Rwanda FDA - Registered Pharmaceutical Products July 2026","https://rwandafda.gov.rw/register/monitoring_preview_register"
"1566","Rwanda FDA-HMP-MA-0999","OPELAN ODT 5","Olanzapine Orodispersible 5mg","5mg","Tablets","3 x 10 Tablets","36 Months","MICRO LABS LIMITED,","INDIA","MICRO LABS LIMITED, INDIA","WESSEX PHARMACEUTICALS (RWANDA) LTD","2024-02-26","2029-02-25","valid","Rwanda FDA - Registered Pharmaceutical Products July 2026","https://rwandafda.gov.rw/register/monitoring_preview_register"
"1567","Rwanda FDA-HMP-MA- 0965","POLYFRESH EXTRA SDU OPHTHALMIC SOLUTION","Sodium Hyaluronate 1mg/ml/, Carboxymethylcellulose sodium 5mg/ml","1mg/ml/, 5mg/ml","Eye Drops","30 units Bottles conatining 0.4ml solution","24 Months","ORCHIDIA PHARMACEUTICAL INDUSTRIES,","EGYPT","ORCHIDIA PHARMACEUTICALS INDUSTRIES","ETS CONTINENTAL LTD","2024-02-26","2029-02-25","valid","Rwanda FDA - Registered Pharmaceutical Products July 2026","https://rwandafda.gov.rw/register/monitoring_preview_register"
"1568","Rwanda FDA-HMP-MA-0981","PULMOCEF -250","Cefuroxime Axetil USP 250mg","250mg","Film coated tablets","1x10 Tablets","36 Months","MICRO LABS LIMITED,","INDIA","MICRO LABS LIMITED, INDIA","WESSEX PHARMACEUTICAL (RWANDA) LTD","2024-02-26","2029-02-25","valid","Rwanda FDA - Registered Pharmaceutical Products July 2026","https://rwandafda.gov.rw/register/monitoring_preview_register"
"1569","Rwanda FDA-HMP-MA-0949","SENSOCAIN SPINAL 0.5% INJECTION","Bupivacaine Hydrochloride 5mg, Dextrose Anhydrous 80mg","5mg /80mg","Solution for Injection","5 Ampoules of 4ml","24 Months","BROOKES PHARMA (PRIVATE) LIMITED,","PAKISTAN","BROOKES PHARMA (PRIVATE) LIMITED","AFRI HEALTH CARE LTD","2024-02-26","2029-02-25","valid","Rwanda FDA - Registered Pharmaceutical Products July 2026","https://rwandafda.gov.rw/register/monitoring_preview_register"
"1570","Rwanda FDA-HMP-MA-0964","SODIUM LACTATE RINGER'S INJECTION","","0.320g+0.600g+0.040g +0.027g","Solution for intravenous infusion","30 bottles of 500ml","36 Months","SHIJIAZHUANG NO.4 PHARMACEUTICAL CO., LTD,","CHINA","SHIJIAZHUANG NO.4 PHARMACEUTICAL CO., LTD","DEPOT PHARMACEUTIQUE LE MEDICAL","2024-02-26","2029-02-25","valid","Rwanda FDA - Registered Pharmaceutical Products July 2026","https://rwandafda.gov.rw/register/monitoring_preview_register"
"1571","Rwanda FDA-HMP-MA-0989","SPECTROMAX-250","Clarithromycin 250mg","250 mg","Film coated tablets","7 Tablets","36 Months","NATIONAL PHARMACEUTICAL INDUSTRIES CO. (SAOG),","SULTANATE OF OMAN","NATIONAL PHARMACEUTICAL INDUSTRIES CO. (SAOG)","SUN ENTERPRISES LTD","2024-02-26","2029-02-25","valid","Rwanda FDA - Registered Pharmaceutical Products July 2026","https://rwandafda.gov.rw/register/monitoring_preview_register"
"1572","Rwanda FDA-HMP-MA-0956","SPIRIVA RESPIMAT","Tiotropium bromide monohydrate 2.5 microgram","2.5 microgram","Solution for Inhalation","Cartridge/ 60 puffs and 1 Respimat inhaler","36 Months","BOEHERINGER INGELHEIM PHARMA GmBH & Co.KG.","GERMANY","BOEHERINGER INGELHEIM INTERNATIONAL GMBH","SURGIPHARM (RWANDA) LTD","2024-02-26","2029-02-25","valid","Rwanda FDA - Registered Pharmaceutical Products July 2026","https://rwandafda.gov.rw/register/monitoring_preview_register"
"1573","Rwanda FDA-HMP-MA-0953","TELMICLAR 80","Telmisartan Tablets USP 80 mg","80 mg","Uncoated Tablets","3x10 Tablets","24 Months","AJANTA PHARMA LIMITED,","INDIA","AJANTA PHARMA LIMITED","ABACUS PHARMA(A) LTD","2024-02-26","2029-02-25","valid","Rwanda FDA - Registered Pharmaceutical Products July 2026","https://rwandafda.gov.rw/register/monitoring_preview_register"
"1574","Rwanda FDA-HMP-MA-0979","TINI-500","Tinidazole Tablets 500 mg","500 mg","Film Coated Tablets","10x10 Tablets","36 Months","LINCOLN PHARMACEUTICALS LIMITED,","INDIA","LINCOLN PHARMACEUTICALS LIMITED, INDIA","ABACUS PHARMA (A) LTD","2024-02-26","2029-02-25","valid","Rwanda FDA - Registered Pharmaceutical Products July 2026","https://rwandafda.gov.rw/register/monitoring_preview_register"
"1575","Rwanda FDA-HMP-MA-0947","TRADMIN","Tramadol Hydrochloride 50 mg","50 mg","Capsules","10x10 Capsules","24 Months","AKUMS DRUGS AND PHARMACEUTICALS LTD,","INDIA","UNOSOURCE PHARMA LTD","ABACUS PHARMA (A) LTD.","2024-02-26","2029-02-25","valid","Rwanda FDA - Registered Pharmaceutical Products July 2026","https://rwandafda.gov.rw/register/monitoring_preview_register"
"1576","Rwanda FDA-HMP-MA-0987","TRAVONORM PLUS","Each mL of solution contains Travoprost 0.04 mg/ml, Timolol maleate 6.83 mg equivalent to Timolol 5 mg/ml","0.04 mg/ml, 5 mg/ml","Eye drops","5ml Bottle","24 Months","ORCHIDIA PHARMACEUTICAL INDUSTRIES,","EGYPT","ORCHIDIA PHARMACEUTICAL INDUSTRIES, EGYPT","ETS CONTINENTAL LTD","2024-02-26","2029-02-25","valid","Rwanda FDA - Registered Pharmaceutical Products July 2026","https://rwandafda.gov.rw/register/monitoring_preview_register"
"1577","Rwanda FDA-HMP-MA-0992","TRICOLAM.","Tinidazole BP 500mg","500mg","Film coated tablets","25 x 4 Tablets","36 Months","MERIT ORGANICS LTD,","INDIA","MERIT ORGANICS LIMITED, INDIA.","SUN ENTERPRISES LTD","2024-02-26","2029-02-25","valid","Rwanda FDA - Registered Pharmaceutical Products July 2026","https://rwandafda.gov.rw/register/monitoring_preview_register"
"1578","Rwanda FDA-HMP-MA-1003","TRIMEX ADULT COUGH EXPECTORANT","Chlorpheniramine Maleate PB 2.0 mg, Pseudoephedrine HCl 30.0 mg; Guafenesin BP 100.0 mg","2.0 mg, 30.0 mg, 100.0 mg","Syrup","100 ml Bottle","36 Months","LABORATORY AND ALLIED LIMITED,","KENYA","LABORATORY AND ALLIED LIMITED, KENYA","DEPOT PHARMACEUTIQUE LE MEDICAL","2024-02-26","2029-02-25","valid","Rwanda FDA - Registered Pharmaceutical Products July 2026","https://rwandafda.gov.rw/register/monitoring_preview_register"
"1579","Rwanda FDA-HMP-MA-0950","VOLTAREN 1% EMULGEL","Diclofenac Diethylamine 11.6mg/gm","11.6mg/gm","Cream","20gm and 50gm Tubes","36 Months","GSK CONSUMER HEALTH SA,","SWITZERLAND","GLAXOSMITHKLINE LIMITED","SURGIPHARM (RWANDA) LIMITED","2024-02-26","2029-02-25","valid","Rwanda FDA - Registered Pharmaceutical Products July 2026","https://rwandafda.gov.rw/register/monitoring_preview_register"
"1580","Rwanda FDA-HMP-MA-0995","ZYRTEC TABLETS","Cetirizine dihydrochloride 10 mg","10 mg","Film coated tablet","10 tablets","60 Months","UCB FARCHIM SA,","SWITZERLAND","GLAXOSMITHKLINE PHARMACEUTICAL KENYA LIMITED","KIPHARMA LTD","2024-02-26","2029-02-25","valid","Rwanda FDA - Registered Pharmaceutical Products July 2026","https://rwandafda.gov.rw/register/monitoring_preview_register"
"1581","Rwanda FDA-HMP-MA-1063","0.9% SODIUM CHLORIDE INJECTION","Sodium chloride 500ml: 4.5g.","500ml: 4.5g","Solution for Intravenous Infusion","30 bottles of 500ml in a carton","36 Months","SHIJIAZHUANG NO.4 PHARMACEUTICAL CO., LTD,","CHINA","SHIJIAZHUANG NO.4 PHARMACEUTICAL CO., LTD.","DEPOT PHARMACEUTIQUE LE MEDICAL","2024-02-23","2029-02-22","valid","Rwanda FDA - Registered Pharmaceutical Products July 2026","https://rwandafda.gov.rw/register/monitoring_preview_register"
"1582","Rwanda FDA-HMP-MA-1062","AUGMENTIN PDR 112.5 MG/5 ML","100 mg of Amoxycillin (as trihydrate) and 12.5mg Potassium Clavulanate","100 mg + 12.5mg","Powder for Oral Suspension","30 ml & 60 ml Bottles","24 Months","GLAXO WELLCOME PRODUCTION,","FRANCE","GLAXOSMITHKLINE PHARMACEUTICAL KENYA LIMITED","KIPHARMA LTD","2024-02-23","2029-02-22","valid","Rwanda FDA - Registered Pharmaceutical Products July 2026","https://rwandafda.gov.rw/register/monitoring_preview_register"
"1583","Rwanda FDA-HMP-MA-1013","CALCIVITA FORTE","Calcium Carbonate 1500mg containing Calcium 600mg and Vitamin D3 200 IU","1500mg, 600mg & 200 IU","Soft gelatin Capsules","30 Capsules","24 Months","MEGA LIFESCIENCES PUBLIC COMPANY LIMITED,","THAILAND","MEGA LIFESCIENCES PUBLIC COMPANY LIMITED","ABACUS PHARMA (A) LTD","2024-02-23","2029-02-22","valid","Rwanda FDA - Registered Pharmaceutical Products July 2026","https://rwandafda.gov.rw/register/monitoring_preview_register"
"1584","Rwanda FDA-HMP-MA-1019","","Aspirin 75mg","75mg","Enteric Coated Tablet","14x2 Tablets","24 Months","COSMOS LIMITED,","KENYA","COSMOS LIMITED, KENYA","SUN ENTERPRISES LTD","2024-02-23","2029-02-22","valid","Rwanda FDA - Registered Pharmaceutical Products July 2026","https://rwandafda.gov.rw/register/monitoring_preview_register"
"1585","Rwanda FDA-HMP-MA-1012","CURAMOL 500MG TABLETS","Paracetamol 500mg","500mg","Tablets","10 x10 Tablets and 1000 Tablets","60 Months","DAWA LIMITED,","KENYA","DAWA LIMITED","SUN ENTERPRISES LTD","2024-02-23","2029-02-22","valid","Rwanda FDA - Registered Pharmaceutical Products July 2026","https://rwandafda.gov.rw/register/monitoring_preview_register"
"1586","Rwanda FDA-HMP-MA-1011","DACOF MUCOLYTIC SYRUP","Each 5ml contains: Salbutamol (as sulphate) BP 2.0mg, Guaifenesin BP 100.0mg and Bromhexine HCl BP 4.0mg","2.0mg, 100.0mg & 4.0mg/5ml","Syrup","100 ml Bottle","36 Months","DAWA LIMITED,","KENYA","DAWA LIMITED","SUN ENTERPRISES LTD","2024-02-23","2029-02-22","valid","Rwanda FDA - Registered Pharmaceutical Products July 2026","https://rwandafda.gov.rw/register/monitoring_preview_register"
"1587","Rwanda FDA-HMP-MA-1005","DEPAKINE 200 MG","Sodium Valproate 200mg","200mg","Film Coated Tablets","40 Tablets","36 Months","SANOFI WINTHROP INDUSTRIES,","FRANCE","SANOFI AVENTIS KENYA LIMITED","KIPHARMA LIMITED","2024-02-23","2029-02-22","valid","Rwanda FDA - Registered Pharmaceutical Products July 2026","https://rwandafda.gov.rw/register/monitoring_preview_register"
"1588","Rwanda FDA-HMP-MA-1007","DEPAKINE 200 MG/ML","Sodium Valproate 200 mg/ml","200 mg/ml","Oral Solution Syrup","40 ml Bottle","36 Months","SANOFI WINTHROP INDUSTRIES,","FRANCE","SANOFI AVENTIS KENYA LIMITED","KIPHARMA LIMITED","2024-02-23","2029-02-22","valid","Rwanda FDA - Registered Pharmaceutical Products July 2026","https://rwandafda.gov.rw/register/monitoring_preview_register"
"1589","Rwanda FDA-HMP-MA-1006","DEPAKINE 500 MG","Depakine 500 mg","500 mg","Film Coated Tablets","30 Tablets","36 Months","SANOFI WINTHROP INDUSTRIES,","FRANCE","SANOFI AVENTIS KENYA LIMITED","KIPHARMA LIMITED","2024-02-23","2029-02-22","valid","Rwanda FDA - Registered Pharmaceutical Products July 2026","https://rwandafda.gov.rw/register/monitoring_preview_register"
"1590","Rwanda FDA-HMP-MA-1004","EFFERALGAN CODEINE 500 MG","Paracetamol 500 mg and Codeine phosphate hemihydrate 30 mg","500 mg+30 mg","Effervescent tablets","8 Effervescent tablets","36 Months","UPSA,","FRANCE","UPSA SAS","UBIPHARM RWANDA LIMITED","2024-02-23","2029-02-22","valid","Rwanda FDA - Registered Pharmaceutical Products July 2026","https://rwandafda.gov.rw/register/monitoring_preview_register"
"1591","Rwanda FDA-HMP-MA-1058","ESOFAG- 40","Esomeprazole magnesium trihydrate BP 40 mg","40 mg","Enteric Coated Tablet","3X10 Tablets","36 Months","MICRO LABS LIMITED,","INDIA","MICRO LABS LIMITED","WESSEX PHARMACEUTICALS (RWANDA) LTD","2024-02-23","2029-02-22","valid","Rwanda FDA - Registered Pharmaceutical Products July 2026","https://rwandafda.gov.rw/register/monitoring_preview_register"
"1592","Rwanda FDA-HMP-MA-1061","HYTAN-40","Termisartan USP 40mg","40mg","Uncoated Tablets","3x10 Tablets","24 Months","BAFNA PHARMACEUTICALS LTD.,","INDIA","PRISMA PHARMA FZE","PRAFIN RWANDA LTD","2024-02-23","2029-02-22","valid","Rwanda FDA - Registered Pharmaceutical Products July 2026","https://rwandafda.gov.rw/register/monitoring_preview_register"
"1593","Rwanda FDA-HMP-MA-1060","M-FORLIN-850","Metformin Hydrochloride BP 850 mg","850 mg","Film Coated Tablets","10x10 Tablets","36 Months","LINCOLN PHARMACEUTICALS LIMITED,","INDIA","LINCOLN PHARMACEUTICALS LIMITED","ABACUS PHARMA (A) LTD","2024-02-23","2029-02-22","valid","Rwanda FDA - Registered Pharmaceutical Products July 2026","https://rwandafda.gov.rw/register/monitoring_preview_register"
"1594","Rwanda FDA-HMP-MA-1064","PARACETAMOL","Paracetamol 125 mg","125 mg","Suppositories","10x10 Suppositories","48 Months","FULTON MEDICINALI S.P.A,","ITALY","FULTON MEDICINALI S.P.A, ITALY","UBIPHARM RWANDA LTD","2024-02-23","2029-02-22","valid","Rwanda FDA - Registered Pharmaceutical Products July 2026","https://rwandafda.gov.rw/register/monitoring_preview_register"
"1595","Rwanda FDA-HMP-MA-1010","POVID","Povidone Iodine 200mg","200mg","Pessaries","7 Pessaries","36 Months","BLISS GVS PHARMA LIMITED,","INDIA","BLISS GVS PHARMA LIMITED","SURYA DEPOT PHARMACY LTD","2024-02-23","2029-02-22","valid","Rwanda FDA - Registered Pharmaceutical Products July 2026","https://rwandafda.gov.rw/register/monitoring_preview_register"
"1596","Rwanda FDA-HMP-MA-1008","SINAREST NASAL DROPS","Oxymetazoline Hydrochloride USP 0.5 mg","0.5 mg","Nasal Solution","10 ml solution Botttle","36 Months","CENTAUR PHARMACEUTICAL PVT. LTD.,","INDIA","CENTAUR PHARMACEUTICALS PVT. LTD","WESSEX PHARMACEUTICALS (RWANDA) LTD","2024-02-23","2029-02-22","valid","Rwanda FDA - Registered Pharmaceutical Products July 2026","https://rwandafda.gov.rw/register/monitoring_preview_register"
"1597","Rwanda FDA-HBP-MA-0117","TETANUS ANTITOXIN","Tetanus Antitoxin BP 1500 IU","1500 IU","Liquid for injection","1 ml Ampoule","24 Months","SERUM INSTITUTE OF INDIA PVT. LTD.","INDIA","SERUM INSTITUTE OF INDIA PVT. LTD, INDIA","SUN ENTERPRISES LTD","2024-02-23","2029-02-22","valid","Rwanda FDA - Registered Pharmaceutical Products July 2026","https://rwandafda.gov.rw/register/monitoring_preview_register"
"1598","Rwanda FDA-HMP-MA-1009","WOXHEAL","Diperoxochloric Acid Concentrate 1.16 mg","1.16 mg","Topical Solution","7.5 ml Bottle","24 Months","CENTAUR PHARMACEUTICAL PVT.LTD,","INDIA","CENTAUR PHARMACEUTICAL PVT. LTD","WESSEX PHARMACEUTICALS (RWANDA) LTD","2024-02-23","2029-02-22","valid","Rwanda FDA - Registered Pharmaceutical Products July 2026","https://rwandafda.gov.rw/register/monitoring_preview_register"
"1599","Rwanda FDA-HMP-MA-1059","ZITHROCARE-200 SUSPENSION","Azithromycin USP 200 mg","200 mg","Suspension","15 ml Bottle","36 Months","MEYER ORGANICS PVT. LTD,","INDIA","MEYER ORGANICS PVT. LTD","SUN ENTERPRISES LTD","2024-02-23","2029-02-22","valid","Rwanda FDA - Registered Pharmaceutical Products July 2026","https://rwandafda.gov.rw/register/monitoring_preview_register"
"1600","Rwanda FDA-HMP-MA-1065","ZITHROX 500MG","Azithromycin 500mg","500mg","Film Coated Tablet","3 Tablets","48 Months","COSMOS LIMITED,","KENYA","COSMOS LIMITED, KENYA","SUN ENTERPRISES LTD","2024-02-23","2029-02-22","valid","Rwanda FDA - Registered Pharmaceutical Products July 2026","https://rwandafda.gov.rw/register/monitoring_preview_register"
"1601","Rwanda FDA-HMP-MA-0913","AGYCIN-250","Azithromycin Dihydrate USP 250 mg","250 mg","Film coated tablets","6 tablets","36 Months","BLISS GVS PHARMA LIMITED.","INDIA","BLISS GVS PHARMA LTD","SURYA DEPOT PHARMACY LTD","2024-02-22","2029-02-21","valid","Rwanda FDA - Registered Pharmaceutical Products July 2026","https://rwandafda.gov.rw/register/monitoring_preview_register"
"1602","Rwanda FDA-HMP-MA-0904","","Telmisartan BP 40mg and Amlodipine Besilate 5mg","40mg and 5mg","Film coated tablets","3x10 tablets","36 Months","MICRO LABS LIMITED,","INDIA","MICRO LABS LIMITED","WESSEX PHARMACEUTICALS (RWANDA) LTD","2024-02-22","2029-02-21","valid","Rwanda FDA - Registered Pharmaceutical Products July 2026","https://rwandafda.gov.rw/register/monitoring_preview_register"
"1603","Rwanda FDA-HMP-MA-0900","AUROCROME","Cromolyn sodium ophthalmic solution 2%w/v","2%w/v","Ophthalmic Eye Drop","5ml Bottle","24 Months","AUROLAB,","INDIA","AUROLAB, INDIA","DEPOT PHARMACEUTICAL LE MEDICAL","2024-02-22","2029-02-21","valid","Rwanda FDA - Registered Pharmaceutical Products July 2026","https://rwandafda.gov.rw/register/monitoring_preview_register"
"1604","Rwanda FDA-HMP-MA-0899","AUROMIDE PLUS","Tropicamide 0.8% w/v and Phenylephrine HCl 5% w/v","0.8% w/v and 5% w/v","Ophthalmic Eye Drop","5ml Bottle","24 Months","AUROLAB,","INDIA","AUROLAB, INDIA","DEPOT PHARMACEUTICAL LE MEDICAL","2024-02-22","2029-02-21","valid","Rwanda FDA - Registered Pharmaceutical Products July 2026","https://rwandafda.gov.rw/register/monitoring_preview_register"
"1605","Rwanda FDA-HMP-MA-0912","CLAMOXIN -1000 TABLETS","Amoxicillin Trihydrate 875 mg & Potassium Clavulanate 125 mg","875 mg & 125 mg","Film coated tablets","1x10 Tablets, 2x10 Tablets, 1x6 Tablets","24 Months","MEDOPHARM PRIVATE LIMITED,","INDIA","BLISS GVS PHARMA LTD","SURYA DEPOT PHARMACY LTD","2024-02-22","2029-02-21","valid","Rwanda FDA - Registered Pharmaceutical Products July 2026","https://rwandafda.gov.rw/register/monitoring_preview_register"
"1606","Rwanda FDA-HMP-MA-0901","COMPOUND SODIUM LACTATE INTRAVENOUS INFUSION BP","Sodium lactate as lactate 0.32gms, Sodium chloride 0.6gms, Potassium chloride 0.04gms, Calcium chloride Dihydrate 0.027gms","0.32gms, 0.6gms, 0.04gms, 0.027gms","Solution for infusion","500 ml bottle","24 Months","B. BRAUN PHARMACEUTICALS EPZ LTD,","KENYA","B. BRAUN PHARMACEUTICALS EPZ LTD, KENYA","KIPHARMA LTD","2024-02-22","2029-02-21","valid","Rwanda FDA - Registered Pharmaceutical Products July 2026","https://rwandafda.gov.rw/register/monitoring_preview_register"
"1607","Rwanda FDA-HMP-MA-0914","DIOCLAV 625 MG","Amoxicillin trihydrate 500mg and Clavulante Potassium 125mg","500mg and 125mg","Film coated tablets","7x2 Tablets","36 Months","NATIONAL PHARMACEUTICAL INDUSTRIES CO. (SAOC),","SULTANATE OF OMAN","NATIONAL PHARMACEUTICAL INDUSTRIES CO. (SAOC), SULTANATE OF OMAN","SUN ENTERPRISES LTD","2024-02-22","2029-02-21","valid","Rwanda FDA - Registered Pharmaceutical Products July 2026","https://rwandafda.gov.rw/register/monitoring_preview_register"
"1608","Rwanda FDA-HMP-MA-0910","KAREFENAC INJECTION","Diclofenac Sodium BP injection 75mg/3mL","75mg/3mL","Powder for solution for injection","10x10 Ampoules of 3ml in box","36 Months","REYOUNG PHARMACEUTICAL CO., LTD.","P. R. CHINA","KAREMAX INDUSTRIAL LTD","SUN ENTERPRISES LTD","2024-02-22","2029-02-21","valid","Rwanda FDA - Registered Pharmaceutical Products July 2026","https://rwandafda.gov.rw/register/monitoring_preview_register"
"1609","Rwanda FDA-HMP-MA-0911","KAREMYCIN","Gentamicin Sulfate, 80mg/2ml","80mg/2ml","Solution for injection","10x10 Ampoules of 2ml in box","36 Months","REYOUNG PHARMACEUTICAL CO., LTD.","CHINA","KAREMAX INDUSTRIAL LTD","SUN ENTERPRISES LTD","2024-02-22","2029-02-21","valid","Rwanda FDA - Registered Pharmaceutical Products July 2026","https://rwandafda.gov.rw/register/monitoring_preview_register"
"1610","Rwanda FDA-HMP-MA-0915","LOPINAVIR AND RITONAVIR TABLETS USP 100 MG/ 25 MG","Lopinavir and Ritonavir Tablets USP 100 mg/ 25 mg","100 mg/ 25 mg","Film coated tablets","60 Tablets","24 Months","LAURUS LABS LIMITED,","INDIA","LAURUS LABS LIMITED","CAPITAL PHARMACEUTICAL SUPPLIES LIMITED","2024-02-22","2029-02-21","valid","Rwanda FDA - Registered Pharmaceutical Products July 2026","https://rwandafda.gov.rw/register/monitoring_preview_register"
"1611","Rwanda FDA-HMP-MA-0907","MICROGYNON FE","Ethinylestradiol 0.03 mg, Levonorgestrel 0.15 mg","0.03 mg, 0.15 mg","Tablets","1x28 Tablets","36 Months","BAYER WEIMAR GmbH UND Co. KG,","GERMANY","BAYER EAST AFRICA LIMITED, KENYA","SURGIPHARM (RWANDA) LTD","2024-02-22","2029-02-21","valid","Rwanda FDA - Registered Pharmaceutical Products July 2026","https://rwandafda.gov.rw/register/monitoring_preview_register"
"1612","Rwanda FDA-HMP-MA-0909","MYOSPAZ TABLETS","Chlorzoxazone 250 mg and Paracetamol 500 mg tablets","250 mg and 500 mg","Uncoated Tablets","10x10 tablets","36 Months","WIN-MEDICARE PVT. LTD.","INDIA","WIN-MEDICARE PVT. LTD","SURGIPHARM (RWANDA) LTD","2024-02-22","2029-02-21","valid","Rwanda FDA - Registered Pharmaceutical Products July 2026","https://rwandafda.gov.rw/register/monitoring_preview_register"
"1613","Rwanda FDA-HMP-MA-0905","NEURO-FORTE TABLETS","Vitamin B1 USP 200 mg, Vitamin B6 USP 50 mg, Vitamin B12 USP 1000 mcg, and Color Erythrosine","200 mg, 50 mg, 1000 mcg,","Film coated tablets","2 x 10 Tablets","36 Months","CENTAUR PHARMACEUTICALS PVT. LTD,","INDIA","CENTAUR PHARMACEUTICALS PVT. LTD, INDIA","PHILLIPS PHARMACEUTICALS (RWANDA) LIMITED","2024-02-22","2029-02-21","valid","Rwanda FDA - Registered Pharmaceutical Products July 2026","https://rwandafda.gov.rw/register/monitoring_preview_register"
"1614","Rwanda FDA-HMP-MA-0917","OLEPTISS 180 MG FILM-COATED TABLETS","Deferasirox 180mg","180mg","Film coated tablets","90 Tablets","36 Months","NOVARTIS PHARMA STEIN AG SCHAFFHAUSERSTRASSE,","SWITZERLAND","NVS KENYA LIMITED","SURGIPHARM (RWANDA) LTD","2024-02-22","2029-02-21","valid","Rwanda FDA - Registered Pharmaceutical Products July 2026","https://rwandafda.gov.rw/register/monitoring_preview_register"
"1615","Rwanda FDA-HMP-MA-0916","OLEPTISS 360 MG FILM-COATED TABLETS","Deferasirox 360mg","360mg","Film coated tablets","90 Tablets","36 Months","NOVARTIS PHARMA STEIN AG SCHAFFHAUSERSTRASSE,","SWITZERLAND","NVS KENYA LIMITED","SURGIPHARM (RWANDA) LTD","2024-02-22","2029-02-21","valid","Rwanda FDA - Registered Pharmaceutical Products July 2026","https://rwandafda.gov.rw/register/monitoring_preview_register"
"1616","Rwanda FDA-HMP-MA-0903","P-ALAXIN DISPERSIBLE 40/320","Dihydroartemisinin Ph.int. 40mg, Piperaquine Phosphate 320 mg","40mg, 320 mg","Tablets","1x3 tablets or 2x3 ablets","24 Months","BLISS GVS PHARMA LIMITED,","INDIA","BLISS GVS PHARMA LTD, INDIA","SURYA DEPOT PHARMACY LTD","2024-02-22","2029-02-21","valid","Rwanda FDA - Registered Pharmaceutical Products July 2026","https://rwandafda.gov.rw/register/monitoring_preview_register"
"1617","Rwanda FDA-HMP-MA-0918","","Bedaquiline fumarate 20mg","20mg","Film coated tablets","60 Tablets","36 Months","RECIPHARM PHARMASERVICES PRIVATE LIMITED,","INDIA","JANSSEN-CILAG INTERNATIONAL NV, BELGIUM","KIPHARMA LTD","2024-02-22","2029-02-21","valid","Rwanda FDA - Registered Pharmaceutical Products July 2026","https://rwandafda.gov.rw/register/monitoring_preview_register"
"1618","Rwanda FDA-HMP-MA-0902","SODIUM CHLORIDE INTRAVENOUS INFUSION BP 0.9% W/V","Sodium Chloride 0.9 gms/100ml","0.9 gms/100ml","Solution for infusion","500 ml bottle","24 Months","B. BRAUN PHARMACEUTICALS EPZ LTD,","KENYA","B. BRAUN PHARMACEUTICALS EPZ LTD, KENYA","KIPHARMA LTD","2024-02-22","2029-02-21","valid","Rwanda FDA - Registered Pharmaceutical Products July 2026","https://rwandafda.gov.rw/register/monitoring_preview_register"
"1619","Rwanda FDA-HMP-MA-0908","STOPKOF SYRUP","Diphenhydramine HCL 13.5mg/5ml, Ammonium Chloride 131.5mg/5ml","13.5mg/5ml,131.5mg/5ml","Syrup","60 ml & 100 ml Bottles","24 Months","NATIONAL PHARMACEUTICAL INDUSTRIES CO. (SAOC),","SULTANATE OF OMAN","NATIONAL PHARMACEUTICAL INDUSTRIES CO. (SAOC), SULTANATE OF OMAN","SUN ENTERPRISES LTD","2024-02-22","2029-02-21","valid","Rwanda FDA - Registered Pharmaceutical Products July 2026","https://rwandafda.gov.rw/register/monitoring_preview_register"
"1620","Rwanda FDA-HMP-MA-0897","TEGRETOL ORAL SUSPENSION","Carbamazepine 100mg/5ml Oral Suspension","100mg/5ml","Oral suspension","100 ml Bottle","36 Months","DELPHARM HUNINGUE S.A.S,","FRANCE","NVS KENYA LIMITED, KENYA","SURGIPHARM (RWANDA) LTD","2024-02-22","2029-02-21","valid","Rwanda FDA - Registered Pharmaceutical Products July 2026","https://rwandafda.gov.rw/register/monitoring_preview_register"
"1621","Rwanda FDA-HMP-MA- 0863","UDIHEP FORTE","Ursodeoxychobic acid 300mg","300mg","Uncoated tablets","5x10 Tablets","36 Months","WIN-MEDICARE PVT. LTD.","INDIA","WIN-MEDICARE PVT. LTD","SURGIPHARM (RWANDA) LTD","2024-02-22","2029-02-21","valid","Rwanda FDA - Registered Pharmaceutical Products July 2026","https://rwandafda.gov.rw/register/monitoring_preview_register"
"1622","Rwanda FDA-HMP-MA-0906","ZIMAGRA 100","Sildenafil Tablet USP 100mg","100mg","Film coated tablets","1 x 4 Tablets","36 Months","ZIM LABORATORIES LIMITED,","INDIA","ZIM LABORATORIES LIMITED, INDIA","SUN ENTERPRISES LTD","2024-02-22","2029-02-21","valid","Rwanda FDA - Registered Pharmaceutical Products July 2026","https://rwandafda.gov.rw/register/monitoring_preview_register"
"1623","Rwanda FDA-HMP-MA-0942","ATROP OPHTHALMIC SOLUTION","Atropine Sulfate 1.0 % w/v","1.0 % w/v","Ophthalmic Solution","10 ml Bottle","24 Months","AUROLAB,","INDIA","AUROLAB, INDIA","DEPOT PHARMACEUTIQUE LE MEDICAL","2024-02-21","2029-02-20","valid","Rwanda FDA - Registered Pharmaceutical Products July 2026","https://rwandafda.gov.rw/register/monitoring_preview_register"
"1624","Rwanda FDA-HMP-MA-0926","AZBACT SUSPENSION","AZITHROMYCIN","200mg/5ml","Oral Suspension","30 ml Bottle","36 Months","GLOBELA PHARMA PVT. LTD.","INDIA","GLOBELA PHARMA PVT. LIMITED","AFRIPHARM LTD","2024-02-21","2029-02-20","valid","Rwanda FDA - Registered Pharmaceutical Products July 2026","https://rwandafda.gov.rw/register/monitoring_preview_register"
"1625","Rwanda FDA-HMP-MA-0924","BENZATHINE BENZYL PENICILLIN","Benzathine Benzyl penicillin 2.4 MIU","2.4 MIU","Powder for solution for injection","Packs of 50 vials of 12ml","36 Months","REYOUNG PHARMACEUTICAL CO., Ltd,","CHINA","REYOUNG PHARMACEUTICAL CO., LTD","SUN ENTERPRISES LTD","2024-02-21","2029-02-20","valid","Rwanda FDA - Registered Pharmaceutical Products July 2026","https://rwandafda.gov.rw/register/monitoring_preview_register"
"1626","Rwanda FDA-HMP-MA-0922","BETADINE SURGICAL SCRUB","Povidone-Iodine USP 7.5% w/v (available Iodine 0.75% w/v)","0.75% w/v","Viscous liquid for Topical","1 Bottle of 50 ml and 500 ml","18 Months","G.S. PHARMBUTOR PVT. LTD.,","INDIA","MODI-MUNDIPHARMA PRIVATE LIMITED","SURGIPHARM (RWANDA) LTD","2024-02-21","2029-02-20","valid","Rwanda FDA - Registered Pharmaceutical Products July 2026","https://rwandafda.gov.rw/register/monitoring_preview_register"
"1627","Rwanda FDA-HMP-MA-0939","","Heparin Injection 5000IU/5ml","5000IU/5ml","Injection solution","10x5ml in a clear vial","24 Months","SAMARTH LIFE SCIENCES PVT. LTD,","INDIA","SAMARTH LIFE SCIENCES PVT. LTD, INDIA","SUN ENTERPRISES LTD","2024-02-21","2029-02-20","valid","Rwanda FDA - Registered Pharmaceutical Products July 2026","https://rwandafda.gov.rw/register/monitoring_preview_register"
"1628","Rwanda FDA-HMP-MA-0938","CEFOTAXIME FOR INJECTION","Cefotaxime Sodium 1.0g","1.0g","Powder for injection","10ml vial, 50vial/tray/box, and 20 boxes/carton.","36 Months","REYOUNG PHARMACEUTICAL CO, LTD,","CHINA","REYOUNG PHARMACEUTICAL CO., LTD, CHINA","SUN ENTERPRISES LTD","2024-02-21","2029-02-20","valid","Rwanda FDA - Registered Pharmaceutical Products July 2026","https://rwandafda.gov.rw/register/monitoring_preview_register"
"1629","Rwanda FDA-HMP-MA-0925","CEFTRIAXONE FOR INJECTION","Ceftriaxone sodium 1g","1g","Powder for injection","10ml Vial","36 Months.","REYOUNG PHARMACEUTICAL CO., LTD,","CHINA","REYOUNG PHARMACEUTICAL CO., LTD","SUN ENTREPRISES LIMITED","2024-02-21","2029-02-20","valid","Rwanda FDA - Registered Pharmaceutical Products July 2026","https://rwandafda.gov.rw/register/monitoring_preview_register"
"1630","Rwanda FDA-HMP-MA-0921","ELMOX CAPSULES","Amoxicillin trihydrate BP 500 mg","500 mg","Hard Gelatin Capsules","10x10 Capsules","36 Months","YELURI FORMULATIONS PVT. LTD,","INDIA","YELURI FORMULATIONS PVT. LTD","SUN ENTERPRISES LTD","2024-02-21","2029-02-20","valid","Rwanda FDA - Registered Pharmaceutical Products July 2026","https://rwandafda.gov.rw/register/monitoring_preview_register"
"1631","Rwanda FDA-HMP-MA-0927","FLURIFEN","Flurbiprofen 100 mg","100 mg","Film coated tablet","15 Tablets","36 Months","","TURKEY","DAFRA PHARMA GmbH","UBIPHARM RWANDA","2024-02-21","2029-02-20","valid","Rwanda FDA - Registered Pharmaceutical Products July 2026","https://rwandafda.gov.rw/register/monitoring_preview_register"
"1632","Rwanda FDA-HMP-MA-0898","FORTIFIED PROCAINE PENICILLIN INJECTION 4MIU","Procaine Penicillin 3000000IU and Benzyl Penicillin sodium 1000000IU","3000000IU/1000000IU","Sterile Powder for Injection","20ml glass vial, Packs of 50 vials/tray/middle box,","36 Months","REYOUNG PHARMACEUTICAL CO., LTD","CHINA","REYOUNG PHARMACEUTICAL CO., LTD.","SUN ENTERPRISES LIMITED","2024-02-21","2029-02-20","valid","Rwanda FDA - Registered Pharmaceutical Products July 2026","https://rwandafda.gov.rw/register/monitoring_preview_register"
"1633","Rwanda FDA-HMP-MA-0923","IBUPROFEN TABLETS","Ibuprofen BP 400mg","400mg","Film Coated Tablets","10x10 Tablets","36 Months","MERIT ORGANICS LTD,","INDIA","MERIT ORGANICS LTD","SUN ENTERPRISES LTD","2024-02-21","2029-02-20","valid","Rwanda FDA - Registered Pharmaceutical Products July 2026","https://rwandafda.gov.rw/register/monitoring_preview_register"
"1634","Rwanda FDA-HMP-MA-0919","KAREFOTAX","Cefotaxime Sodium 1.0 g","1.0 g","Powder for Solution for Injection","50 Vials of 10ml","36 Months","REYOUNG PHARMACEUTICAL CO., LTD,","CHINA","KAREMAX INDUSTRIAL LTD","SUN ENTERPRISES LTD","2024-02-21","2029-02-20","valid","Rwanda FDA - Registered Pharmaceutical Products July 2026","https://rwandafda.gov.rw/register/monitoring_preview_register"
"1635","Rwanda FDA-HMP-MA-0930","LOFNAC-100","Diclofenac Sodium USP 100mg","100mg","Enteric coated tablet","10 Tables","36 Months","BLISS GVS PHARMA LIMITED;","INDIA","BLISS GVS PHARMA LTD","SURYA DEPOT PHARMACY LTD","2024-02-21","2029-02-20","valid","Rwanda FDA - Registered Pharmaceutical Products July 2026","https://rwandafda.gov.rw/register/monitoring_preview_register"
"1636","Rwanda FDA-HMP-MA-0883","LOFNAC-P","Paracetamol 500 mg and Diclofenac 50mg","500mg/50mg","Uncoated tablets","10 Tablets","36 Months","BLISS GVS PHARMA LTD,","INDIA","IMEX PHARMA","MEDIASOL PHARMACEUTICAL DEPOT LTD","2024-02-21","2029-02-20","valid","Rwanda FDA - Registered Pharmaceutical Products July 2026","https://rwandafda.gov.rw/register/monitoring_preview_register"
"1637","Rwanda FDA-HMP-MA-0928","MORPHINE SULPHATE- FRESENIUS PF","Morphine Sulphate 10 mg/1 ml","10 mg/1 ml","Solution For Injection/Infusion","10x1ml Ampoules","36 Months","FRESENIUS KABI MANUFACTURING SA (PTY) LIMITED,","SOUTH AFRICA","FRESENIUS KABI MANUFACTURING SA (PTY) LIMITED.","SURGIPHARM (RWANDA) LIMITED","2024-02-21","2029-02-20","valid","Rwanda FDA - Registered Pharmaceutical Products July 2026","https://rwandafda.gov.rw/register/monitoring_preview_register"
"1638","Rwanda FDA-HMP-MA-0929","MORPHINE SULPHATE- FRESENIUS PF","Morphine Sulphate 15 mg/1 ml","15 mg/1 ml","Solution for injection/infusion","10 x 1 ml Ampoules","36 Months","FRESENIUS KABI MANUFACTURING SA (PTY) LIMITED,","SOUTH AFRICA","FRESENIUS KABI MANUFACTURING SA (PTY) LIMITED","SURGIPHARM (RWANDA) LIMITED","2024-02-21","2029-02-20","valid","Rwanda FDA - Registered Pharmaceutical Products July 2026","https://rwandafda.gov.rw/register/monitoring_preview_register"
"1639","Rwanda FDA-HMP-MA-0931","NEBILET-5","Nebivolol (as Nebivolol hydrochloride) 5 mg","5 mg","Tablets","28 Tablets and 14 Tablets","36 Months","BERLIN CHEMIE AG,","GERMANY","MENARINI INTERNATIONAL OPERATIONS LUXEMBOURG S.A","PRAFIN RWANDA LTD","2024-02-21","2029-02-20","valid","Rwanda FDA - Registered Pharmaceutical Products July 2026","https://rwandafda.gov.rw/register/monitoring_preview_register"
"1640","Rwanda FDA-HMP-MA-0881","PEDIAVIT SYRUP","Vitamin A 3000 IU, Vitamin D3 400 IU, Vitamin B1 1.5 mg, Vitamin B2 1.2 mg, Vitamin C 50 mg, Nicotina 10 mg, Vitamin B6 1mg, Vitamin B12 3 mcg, Dexpanthenol 5 mg, Potassium Iodide: 98 mcg equivalent to elemental iodine 75 mcg, Calcium Lactate Pentahydrate 158 mg, Calcium Hypophosphite 82 mg, Magnesium Gluconate 55 mg, Manganese Gluconate 4.5 mg, Zinc Gluconate 3.9 mg.","3000IU/400IU/1.5mg/1.2mg/50mg/10mg/1mg/3mcg/5mg/98mcg/75mcg/158mg/82mg/82mg/55mg/4.5mg/3.9mg","Syrup","100 ml Bottles","24 Months","MADRAS PHARMACEUTICAL PVT. LTD.","INDIA","B&O PHARM","KIPHARMA LTD","2024-02-21","2029-02-20","valid","Rwanda FDA - Registered Pharmaceutical Products July 2026","https://rwandafda.gov.rw/register/monitoring_preview_register"
"1641","Rwanda FDA-HMP-MA-0920","PHYTOMENADIONE INJECTION","Phytomenadione BP 10 mg/ml","10 mg/ml","Solution for injection","10 Ampules of 1ml","36 Months","MERIT ORGANICS LTD,","INDIA","MERIT ORGANICS LTD.","SUN ENTERPRISES LTD","2024-02-21","2029-02-20","valid","Rwanda FDA - Registered Pharmaceutical Products July 2026","https://rwandafda.gov.rw/register/monitoring_preview_register"
"1642","Rwanda FDA-HMP-MA-0933","SODIUM CHLORIDE INJECTION","Sodium chloride 0.9%, 500mL: 4.5g","0.9%, (500mL: 4.5g)","Solution for infusion","500 ml Bottle","36 Months","SHIJIAZHUANG NO.4 PHARMACEUTICAL CO., LTD.","CHINA","SHIJIAZHUANG NO.4 PHARMACEUTICAL CO., LTD","DEPOT PHARMACEUTIQUE LE MEDICAL","2024-02-21","2029-02-20","valid","Rwanda FDA - Registered Pharmaceutical Products July 2026","https://rwandafda.gov.rw/register/monitoring_preview_register"
"1643","Rwanda FDA-HMP-MA-0941","TADAFORCE","Tadalafil USP 20mg","20mg","Film coated tablets","","36 Months","AKUMS DRUGS AND PHARMACEUTICALS LTD,","INDIA","UNOSOURCE PHARMA LIMITED, INDIA.","AIVEEN RWANDA LTD","2024-02-21","2029-02-20","valid","Rwanda FDA - Registered Pharmaceutical Products July 2026","https://rwandafda.gov.rw/register/monitoring_preview_register"
"1644","Rwanda FDA-HMP-MA-0940","ZITHROX DRY POWDER FOR SUSPENSION","Azithromycin 200mg/5ml","200mg/5ml","Granular powder","60mL Bottle","48 Months","COSMOS LIMITED,","KENYA","COSMOS LIMITED, KENYA","SUN ENTERPRISES LTD","2024-02-21","2029-02-20","valid","Rwanda FDA - Registered Pharmaceutical Products July 2026","https://rwandafda.gov.rw/register/monitoring_preview_register"
"1645","Rwanda FDA-HMP-MA-0932","ZYLORIC TABLETS","Allopurinol 100mg","100 mg","Tablets","28 Tablets","60 Months","ASPEN BAD OLDESLOE GmbH,","GERMANY","BETA HEALTHCARE INTERNATIONAL LTD","SURGIPHARM (RWANDA) LIMITED","2024-02-21","2029-02-20","valid","Rwanda FDA - Registered Pharmaceutical Products July 2026","https://rwandafda.gov.rw/register/monitoring_preview_register"
"1646","Rwanda FDA-HMP-MA-0868","AMATRIX PLUS","Glibenclamide BP 5 mg and Metformin Hydrochloride BP 500mg","5mg and 500mg","Uncoated Tablets","3 x10 Tablets","36 Months","BAROQUE PHARMACEUTICALS PVT. LTD,","INDIA","BEKRA PHARMA UK LTD","UBIPHARM RWANDA LTD","2024-02-17","2029-02-16","valid","Rwanda FDA - Registered Pharmaceutical Products July 2026","https://rwandafda.gov.rw/register/monitoring_preview_register"
"1647","Rwanda FDA-HMP-MA-0873","AUROCAINE","Proparacaine Hydrochloride Ophthalmic solution USP 0.5% w/v","0.5% w/v","Ophthalmic Eye Drops","10 ml Bottle","12 Months","AUROLAB,","INDIA","AUROLAB","DEPOT PHARMACEUTIQUE LE MEDICAL","2024-02-17","2029-02-16","valid","Rwanda FDA - Registered Pharmaceutical Products July 2026","https://rwandafda.gov.rw/register/monitoring_preview_register"
"1648","Rwanda FDA-HMP-MA-0874","BENYLIN DRY COUGH.","Dextromethorphan Hydrobromide 15mg/5ml.","15mg/5ml","Syrup","100ml and 200ml Bottles","24 Months","JOHNSON & JOHNSON (PTY) LTD,","SOUTH AFRICA","JOHNSON & JOHNSON (PTY) LTD, SOUTH AFRICA","WESSEX PHARMACEUTICALS (RWANDA) LTD","2024-02-17","2029-02-16","valid","Rwanda FDA - Registered Pharmaceutical Products July 2026","https://rwandafda.gov.rw/register/monitoring_preview_register"
"1649","Rwanda FDA-HMP-MA-0827","","Paliperidone Palmitate 1000mg","1000mg","Prolonged-release suspension for injection","","24 Months","JANSSEN PHARMACEUTICA NV,","BELGIUM","JANSSEN-CILAG INTERNATIONAL NV","KIPHARMA LIMITED","2024-02-17","2029-02-16","valid","Rwanda FDA - Registered Pharmaceutical Products July 2026","https://rwandafda.gov.rw/register/monitoring_preview_register"
"1650","Rwanda FDA-HMP-MA-0826","","Paliperidone Palmitate 700mg","700mg","Prolonged-release suspension for injection","","24 Months","JANSSEN PHARMACEUTICA NV,","BELGIUM","JANSSEN-CILAG INTERNATIONAL NV","KIPHARMA LIMITED","2024-02-17","2029-02-16","valid","Rwanda FDA - Registered Pharmaceutical Products July 2026","https://rwandafda.gov.rw/register/monitoring_preview_register"
"1651","Rwanda FDA-HMP-MA-0878","CAPECITABINE 150 MG FILM-COATED TABLETS","Capecitabine 150 mg film-coated tablet","150 mg","Film-coated tablet","60 Tablets","24 Months","HETERO LABS LTD,","INDIA","SANDOZ GMBH, KUNDL AUSTRIA","SURGIPHARM (RWANDA) LIMITED","2024-02-17","2029-02-16","valid","Rwanda FDA - Registered Pharmaceutical Products July 2026","https://rwandafda.gov.rw/register/monitoring_preview_register"
"1652","Rwanda FDA-HMP-MA- 0893","CHLOZINE-25 TABLETS","Chlorpromazine BP 25 mg","25 mg","Film coated tablets","1000 tablets","36 Months","AGOG PHARMA LTD,","INDIA","AGOG PHARMA LTD","SUN ENTERPRISE LTD","2024-02-17","2029-02-16","valid","Rwanda FDA - Registered Pharmaceutical Products July 2026","https://rwandafda.gov.rw/register/monitoring_preview_register"
"1653","Rwanda FDA-HMP-MA- 0892","ERO-125 DRY SYRUP","Erythromycin Estolate USP 125 mg / 5ml","125 mg / 5ml","Powder for suspension","100 ml Bottle","36 Months","AGOG PHARMA LTD,","INDIA","AGOG PHARMA LTD","SUN ENTERPRISE LTD","2024-02-17","2029-02-16","valid","Rwanda FDA - Registered Pharmaceutical Products July 2026","https://rwandafda.gov.rw/register/monitoring_preview_register"
"1654","Rwanda FDA-HMP-MA-0875","ERYTHROMYCIN TABLETS BP 250 MG","Erythromycin stearate 250mg","250mg","Film Coated Caplet","10x10 Tablets and 1000 Tablets","36 Months","MILAN LABORATORIES (INDIA) PVT LTD,","INDIA","MILAN LABORATORIES (INDIA) PVT LTD, INDIA.","SIGMA PHARMA RWANDA LIMITED","2024-02-17","2029-02-16","valid","Rwanda FDA - Registered Pharmaceutical Products July 2026","https://rwandafda.gov.rw/register/monitoring_preview_register"
"1655","Rwanda FDA-HBP-MA-0111","HEPATITIS B VACCINE (rDNA) (ADULT) 1 DOSE","Hepatitis B Surface Antigen (Aqueous), 20mcg/1ml","20mcg/1ml","Suspension for injection","Box of 50 vials of 4ml","36 Months","SERUM INSTITUTE OF INDIA PVT. LTD","INDIA","SERUM INSTITUTE OF INDIA PVT. LTD","SUN ENTERPRISES LTD","2024-02-17","2029-02-16","valid","Rwanda FDA - Registered Pharmaceutical Products July 2026","https://rwandafda.gov.rw/register/monitoring_preview_register"
"1656","Rwanda FDA-HMP-MA-0825","IBUGO-400 TABLETS","Ibuprofen 400mg","400mg","Film coated tablets","500 Tablets","36 Months","AGOG PHARMA LTD,","INDIA","AGOG PHARMA LTD, INDIA","SUN ENTERPRISES LTD","2024-02-17","2029-02-16","valid","Rwanda FDA - Registered Pharmaceutical Products July 2026","https://rwandafda.gov.rw/register/monitoring_preview_register"
"1657","Rwanda FDA-HMP-MA-0879","ITACARE","Itraconazole Capsules 100 mg","100 mg","Capsules","3 x 10 capules","24 Months","MICRO LABS LIMITED,","INDIA","MICRO LABS LIMITED, INDIA","WESSEX PHARMACEUTICALS (RWANDA) LIMITED","2024-02-17","2029-02-16","valid","Rwanda FDA - Registered Pharmaceutical Products July 2026","https://rwandafda.gov.rw/register/monitoring_preview_register"
"1658","Rwanda FDA-HMP-MA-0896","KARECIPRO 500 MG","Ciprofloxacin Hydrochloride 500 mg","500 mg","Film coated tablets","10x10 Tablets","36 Months","REYOUNG PHARMACEUTICAL CO., LTD,","CHINA","KAREMAX INDUSTRIAL LTD, CHINA","SUN ENTERPRISES LTD","2024-02-17","2029-02-16","valid","Rwanda FDA - Registered Pharmaceutical Products July 2026","https://rwandafda.gov.rw/register/monitoring_preview_register"
"1659","Rwanda FDA-HMP-MA-0885","KARECLOX 500MG","Cloxacillin Sodium 500mg","500mg","Crystalline Powder for solution for injection","50 Vials of 7ml","36 Months","REYOUNG PHARMACEUTICAL CO., LTD,","CHINA","KAREMAX INDUSTRIAL LTD","SUN ENTERPRISES LTD","2024-02-17","2029-02-16","valid","Rwanda FDA - Registered Pharmaceutical Products July 2026","https://rwandafda.gov.rw/register/monitoring_preview_register"
"1660","Rwanda FDA-HMP-MA-0871","KAREXONE 1G","Ceftriaxone Sodium 1G","1G","Powder for Solution for injection","10 x 10mL and 50 x 10mL","36 Months","REYOUNG PHARMACEUTICAL CO., Ltd.","CHINA","KAREMAX INDUSTRIAL LTD","SUN ENTERPRISES LTD","2024-02-17","2029-02-16","valid","Rwanda FDA - Registered Pharmaceutical Products July 2026","https://rwandafda.gov.rw/register/monitoring_preview_register"
"1661","Rwanda FDA-HMP-MA-0877","KLAMADOL","Tramadol Hydrochloride Injection 50mg/ml","50mg/ml","Liquid Injection","10 Ampoules of 2ml","30 Months","KILITCH DRUGS LTD,","INDIA","KILITCH DRUGS (INDIA) LTD","SUN ENTERPRISES LTD","2024-02-17","2029-02-16","valid","Rwanda FDA - Registered Pharmaceutical Products July 2026","https://rwandafda.gov.rw/register/monitoring_preview_register"
"1662","Rwanda FDA-HMP-MA-0886","MEBUX 40","Febuxostat 40 mg","40 mg","Film Coated Tablets","3x10 Tablets","36 Months","MICRO LABS LIMITED,","INDIA","MICRO LABS LIMITED, INDIA","WESSEX PHARMACEUTICALS (RWANDA) LTD","2024-02-17","2029-02-16","valid","Rwanda FDA - Registered Pharmaceutical Products July 2026","https://rwandafda.gov.rw/register/monitoring_preview_register"
"1663","Rwanda FDA-HMP-MA-0887","MEBUX 80","Febuxostat 80 mg","80 mg","Film Coated Tablets","3x10 Tablets","36 Months","MICRO LABS LIMITED,","INDIA","MICRO LABS LIMITED, INDIA","WESSEX PHARMACEUTICALS (RWANDA) LTD","2024-02-17","2029-02-16","valid","Rwanda FDA - Registered Pharmaceutical Products July 2026","https://rwandafda.gov.rw/register/monitoring_preview_register"
"1664","Rwanda FDA-HMP-MA-0876","MFLOX","Moxifloxacin BP 0.5%w/v","0.5%w/v","Eye drops solution","5ml Bottle","24 Months","AUROLAB,","INDIA","AUROLAB, INDIA","DEPOT PHARMACEUTIQUE LE MEDICAL","2024-02-17","2029-02-16","valid","Rwanda FDA - Registered Pharmaceutical Products July 2026","https://rwandafda.gov.rw/register/monitoring_preview_register"
"1665","Rwanda FDA-HMP-MA-0712","MORPHINE SULFATE KALCEKS","Morphine sulphate 10 mg/mL","10 mg/mL","Solution for injection","10 ampoules of 1mL","36 Months","HBM PHARMA S.R.O.","SLOVAKIA REPUBLIC","AS KALCEKS, LATVIA","ACTIVIS PHARMA","2024-02-17","2029-02-16","valid","Rwanda FDA - Registered Pharmaceutical Products July 2026","https://rwandafda.gov.rw/register/monitoring_preview_register"
"1666","Rwanda FDA-HMP-MA-0870","MOXACIL 250MG CAPSULES","Amoxicillin Trihydrate BP 250mg","250mg","Hard Gelatin Capsules","10x10 Capsules","36 Months","DAWA LIMITED,","KENYA","DAWA LIMITED","SUN ENTERPRISE LTD","2024-02-17","2029-02-16","valid","Rwanda FDA - Registered Pharmaceutical Products July 2026","https://rwandafda.gov.rw/register/monitoring_preview_register"
"1667","Rwanda FDA-HMP-MA-0890","NIRCIP","Ciprofloxacin Intravenous Infusion BP 200mg/100ml (0.2% w/v)","200mg/100ml (0.2% w/v)","Intravenous Infusion","100 ml Bottle","36 Months","ACULIFE HEALTHCARE PVT. LTD,","INDIA","ACULIFE HEALTHCARE PVT. LTD, INDIA","SUN ENTERPRISES LTD","2024-02-17","2029-02-16","valid","Rwanda FDA - Registered Pharmaceutical Products July 2026","https://rwandafda.gov.rw/register/monitoring_preview_register"
"1668","Rwanda FDA-HMP-MA-0888","OLEPTISS 90 MG FILM-COATED TABLETS","Deferasirox 90mg","90mg","Film-Coated Tablets","90 Tablets","36 Months","NOVARTIS PHARMA STEIN AG,","SWITZERLAND","NVS KENYA LIMITED","SURGIPHARM (RWANDA) LIMITED","2024-02-17","2029-02-16","valid","Rwanda FDA - Registered Pharmaceutical Products July 2026","https://rwandafda.gov.rw/register/monitoring_preview_register"
"1669","Rwanda FDA-HMP-MA-0866","PACLITAXEL 6MG PER 1ML","Paclitaxel 100mg per 16.7ml","100mg per 16.7ml","Solution for infusion","20ml Vial","36 Months","FAREVA UNTERACH GMBH,","AUSTRIA","SANDOZ GMBH, KUNDL","SURGIPHARM (RWANDA) LIMITED","2024-02-17","2029-02-16","valid","Rwanda FDA - Registered Pharmaceutical Products July 2026","https://rwandafda.gov.rw/register/monitoring_preview_register"
"1670","Rwanda FDA-HMP-MA-0864","PANTO-DENK 20","Pantoprazole 20mg","20mg","Tablets","28 Tablets","36 Months","ALLPHAMED PHARBIL ARZNEIMITTEL GMBH,","GERMANY","DENK PHARMA GMBH & CO. KG","ETS CONTINENTAL LTD","2024-02-17","2029-02-16","valid","Rwanda FDA - Registered Pharmaceutical Products July 2026","https://rwandafda.gov.rw/register/monitoring_preview_register"
"1671","Rwanda FDA-HMP-MA-0865","PANTO-DENK 40","Pantoprazole 40mg","40mg","Tablets","28 Tablets","36 Months","ALLPHAMED PHARBIL ARZNEIMITTEL GMBH,","GERMANY","DENK PHARMA GMBH & CO. KG","ETS CONTINENTAL LTD","2024-02-17","2029-02-16","valid","Rwanda FDA - Registered Pharmaceutical Products July 2026","https://rwandafda.gov.rw/register/monitoring_preview_register"
"1672","Rwanda FDA-HMP-MA-0882","PARACETAMOL 250MG SUPPOSITORIES","Paracetamol 250 mg","250 mg","Suppositories","100 suppositories","48 Months","FULTON MEDICINALI S.P.A,","ITALY","FULTON MEDICINALI S.P. A","UBIPHARM-RWANDA LTD","2024-02-17","2029-02-16","valid","Rwanda FDA - Registered Pharmaceutical Products July 2026","https://rwandafda.gov.rw/register/monitoring_preview_register"
"1673","Rwanda FDA-HMP-MA-0867","PICAMAR 80","Gliclazide BP 80 mg","80 mg","Uncoated Tablets","3 x10 Tablets","24 Months","BAROQUE PHARMACEUTICALS PRIVATE LIMITED,","INDIA","BEKRA PHARMA UK LTD","UBIPHARM RWANDA LTD","2024-02-17","2029-02-16","valid","Rwanda FDA - Registered Pharmaceutical Products July 2026","https://rwandafda.gov.rw/register/monitoring_preview_register"
"1674","Rwanda FDA-HMP-MA-0891","PIRICET SYRUP","Cetirizine Hydrochloride BP 5.0mg.","5.0mg/60 ml","Syrup","60ml Bottle","36 Months","BIODEAL LABORATORIES LTD,","KENYA","BIODEAL LABORATORIES LIMITED","CAPITAL PHARMACEUTICALS SUPPLIES LTD","2024-02-17","2029-02-16","valid","Rwanda FDA - Registered Pharmaceutical Products July 2026","https://rwandafda.gov.rw/register/monitoring_preview_register"
"1675","Rwanda FDA-HMP-MA-0880","PIRICLOR TABLETS","Chlorpheniramine Maleate BP 4mg","4mg","Tablets","10x10 Tablets","36 Months","BIODEAL LABORATORIES LTD,","KENYA","BIODEAL LABORATORIES LTD","CAPITAL PHARMACEUTICALS SUPPLIES LTD","2024-02-17","2029-02-16","valid","Rwanda FDA - Registered Pharmaceutical Products July 2026","https://rwandafda.gov.rw/register/monitoring_preview_register"
"1676","Rwanda FDA-HMP-MA-0862","RANEXA 500 MG","Ranolazine 500 mg","500 mg","Film coated prolonged-release tablets","3x 20 Tablets","24 Months","MENARINI-VON HEYDEN GMBH,","GERMANY","MENARINI INTERNATIONAL OPERATIONS LUXEMBOURG S.A.","PRAFIN RWANDA LTD","2024-02-17","2029-02-16","valid","Rwanda FDA - Registered Pharmaceutical Products July 2026","https://rwandafda.gov.rw/register/monitoring_preview_register"
"1677","Rwanda FDA-HMP-MA-0889","SANTRIAX 1000","Ceftriaxone Sodium USP 1000 mg","1000 mg","Powder for Injection","10ml Vial","24 Months","INJECT CARE PARENTERAL PVT LTD,","INDIA","BLISS GVS PHARMA LTD, INDIA","SURYA DEPOT PHARMACY LTD","2024-02-17","2029-02-16","valid","Rwanda FDA - Registered Pharmaceutical Products July 2026","https://rwandafda.gov.rw/register/monitoring_preview_register"
"1678","Rwanda FDA-HMP-MA- 0895","SILDENAFIL TABLETS BP 50MG","Sildenafil Citrate 50mg","50mg","Film coated tablets","4 Tablets","36 Months","MERIT ORGANICS LTD,","INDIA","MERIT ORGANICS LTD","SUN ENTERPRISES LTD","2024-02-17","2029-02-16","valid","Rwanda FDA - Registered Pharmaceutical Products July 2026","https://rwandafda.gov.rw/register/monitoring_preview_register"
"1679","Rwanda FDA-HMP-MA-0824","","Ferrous gluconate 50mg, Manganese gluconate 1.33mg and Copper gluconate 0.7mg","50mg, 1.33mg and 0.7mg","Oral solution","20 ampoules of 10ml","24 Months","INNOTHERA CHOUZY,","FRANCE","LABORATOIRE INNOTECH INTERNATIONAL","MEDIASOL PHARMACEUTICAL DEPOT LTD","2024-02-17","2029-02-16","valid","Rwanda FDA - Registered Pharmaceutical Products July 2026","https://rwandafda.gov.rw/register/monitoring_preview_register"
"1680","Rwanda FDA-HMP-MA-0838","TRIMEX PAEDIATRIC COUGH EXPECTORANT","Chlorpheniramine Maleate BP 1mg, Pseudoephedrine Hcl 15mg, Guaifenesin BP 50mg","1mg, 15mg, 50mg","Oral syrup","100 ml Bottle","36 Months","REGAL PHARMACEUTICALS LTD,","KENYA","REGAL PHARMACEUTICALS LTD","ABACUS PHARMA (A) LIMITED","2024-02-17","2029-02-16","valid","Rwanda FDA - Registered Pharmaceutical Products July 2026","https://rwandafda.gov.rw/register/monitoring_preview_register"
"1681","Rwanda FDA-HMP-MA-0884","UDIHEP TABLET","Ursodeoxycholic acid 150mg","150mg","Uncoated tablets","3x10 Tablets","24 Months","WIN-MEDICARE PVT. LTD,","INDIA","WIN-MEDICARE PVT. LTD","SURGIPHARM (RWANDA) LTD","2024-02-17","2029-02-16","valid","Rwanda FDA - Registered Pharmaceutical Products July 2026","https://rwandafda.gov.rw/register/monitoring_preview_register"
"1682","Rwanda FDA-HMP-MA-0872","VINGRAF-0.5","Tacrolimus Capsules USP 0.5 mg","0.5 mg","Hard Gelatin Capsules","6 x 10 Capsules","24 Months","EMCURE PHARMACEUTICALS LIMITED,","INDIA","EMCURE PHARMACEUTICALS LIMITED, INDIA","ABACUS PHARMA (A) LIMITED","2024-02-17","2029-02-16","valid","Rwanda FDA - Registered Pharmaceutical Products July 2026","https://rwandafda.gov.rw/register/monitoring_preview_register"
"1683","Rwanda FDA-HMP-MA-0894","VOLUVEN","Poly (O-2-hydroxyethyl) starch 130/0.4 60g per 1000 ml","130/0.4 60g per 1000 ml","Solution for infusion","1 bag of 500ml","36 Months","FRESENIUS KABI MANUFACTURING SA (PTY) LTD,","SOUTH AFRICA","FRESENIUS KABI SOUTH AFRICA (PTY) LTD","SURGIPHARM (RWANDA) LTD","2024-02-17","2029-02-16","valid","Rwanda FDA - Registered Pharmaceutical Products July 2026","https://rwandafda.gov.rw/register/monitoring_preview_register"
"1684","Rwanda FDA-HMP-MA-0973-R1","PROSTALEN","Alfuzosin Hydrochloride 10mg","10mg","Film Coated Tablets","3x10 Tablets","36 Months","GRACURE PHARMACEUTICALS LIMITED","INDIA","EXPHAR SA, BELGIUM","H&H PHARMA LTD","2024-02-14","2029-02-13","valid","Rwanda FDA - Registered Pharmaceutical Products July 2026","https://rwandafda.gov.rw/register/monitoring_preview_register"
"1685","Rwanda FDA-HMP-MA-0857","5% GLUCOSE INJECTION 500ML PP","Anhydrous Glucose 5%","0.05","Solution for intravenous Injection","500ml bottle, Box/ 30 bottles","36 Months","SHIJIAZHUANG NO.4 PHARMACEUTICAL CO., LTD;","CHINA","SHIJIAZHUANG NO.4 PHARMACEUTICAL CO., LTD.","DEPOT PHARMACEUTIQUE LE MEDICAL","2024-02-09","2029-02-08","valid","Rwanda FDA - Registered Pharmaceutical Products July 2026","https://rwandafda.gov.rw/register/monitoring_preview_register"
"1686","Rwanda FDA-HMP-MA-0736","AMPICILLIN FOR INJECTION","Ampicillin Sodium, 1000mg","1000mg","Powder for injection","50 Vials","36 Months","REYOUNG PHARMACEUTICAL CO., LTD,","CHINA","REYOUNG PHARMACEUTICAL CO, LTD","SUN ENTERPRISES LTD","2024-02-09","2029-02-08","valid","Rwanda FDA - Registered Pharmaceutical Products July 2026","https://rwandafda.gov.rw/register/monitoring_preview_register"
"1687","Rwanda FDA-HMP-MA-0832","AMYN DT 125","Amoxicillin Trihydrate USP 125 mg","125 mg","Tablets","10x10 Tablets","24 Months","KOPRAN LIMITED,","INDIA","KOPRAN LIMITED","PHILLIPS PHARMACEUTICALS (RWANDA) LIMITED","2024-02-09","2029-02-08","valid","Rwanda FDA - Registered Pharmaceutical Products July 2026","https://rwandafda.gov.rw/register/monitoring_preview_register"
"1688","Rwanda FDA-HMP-MA-0861","ASOMEX 5","S (-) Amlodipine besilate equivalent to S (-) Amlodipine 5mg","5mg","Uncoated tablets","3x10 Tablets","36 Months","EMCURE PHARMACEUTICALS LIMITED,","INDIA","EMCURE PHARMACEUTICALS LIMITED","ABACUS PHARMA (A) LTD","2024-02-09","2029-02-08","valid","Rwanda FDA - Registered Pharmaceutical Products July 2026","https://rwandafda.gov.rw/register/monitoring_preview_register"
"1689","Rwanda FDA-HMP-MA-0721","ASOMEX LT","S (-) Amlodipine Besilate 2.5mg & Losartan Potassium 50 mg USP","2.5mg & 50 mg","Uncoated tablets","","24 Months","EMCURE PHARMACEUTICALS LTD,","INDIA","EMCURE PHARMACEUTICALS LTD","ABACUS PHARMA (A) LTD","2024-02-09","2029-02-08","valid","Rwanda FDA - Registered Pharmaceutical Products July 2026","https://rwandafda.gov.rw/register/monitoring_preview_register"
"1690","Rwanda FDA-HMP-MA-0847","AUROFORT","Prednisolone acetate Ophthalmic suspension 1%w/v.","1%w/v","Ophthalmic Eye Drops","5 ml Bottle","24 Months","AUROLAB,","INDIA","AUROLAB","DEPOT PHARMACEUTIQUE LE MEDICAL","2024-02-09","2029-02-08","valid","Rwanda FDA - Registered Pharmaceutical Products July 2026","https://rwandafda.gov.rw/register/monitoring_preview_register"
"1691","Rwanda FDA-HMP-MA-0845","AUROPENT","Cyclopentolate Hydrochloride BP 1% w/v","1% w/v","Ophthalmic Eye Drops","5 ml Bottle","24 Months","AUROLAB,","INDIA","AUROLAB","DEPOT PHARMACEUTIQUE LE MEDICAL","2024-02-09","2029-02-08","valid","Rwanda FDA - Registered Pharmaceutical Products July 2026","https://rwandafda.gov.rw/register/monitoring_preview_register"
"1692","Rwanda FDA-HMP-MA-0846","AUROPRED","Prednisolone sodium Phosphate BP 0.5%w/v.","0.5%w/v","Ophthalmic Eye Drops","5 ml Bottle","24 Months","AUROLAB,","INDIA","AUROLAB","DEPOT PHARMACEUTIQUE LE MEDICAL","2024-02-09","2029-02-08","valid","Rwanda FDA - Registered Pharmaceutical Products July 2026","https://rwandafda.gov.rw/register/monitoring_preview_register"
"1693","Rwanda FDA-HMP-MA-0849","AUROPROST RT","Latanoprost USP 0.005% w/v","0.005% w/v","Ophthalmic Eye Drops","2.5 ml Bottle","24 Months","AUROLAB,","INDIA","AUROLAB","DEPOT PHARMACEUTIQUE LE MEDICAL","2024-02-09","2029-02-08","valid","Rwanda FDA - Registered Pharmaceutical Products July 2026","https://rwandafda.gov.rw/register/monitoring_preview_register"
"1694","Rwanda FDA-HMP-MA-0833","BACTOCLAV-625","Amoxicillin 500mg and Potassium clavulanate tablets 125mg","500mg and 125mg","Capsules","","36 Months","MICRO LABS LIMITED;","INDIA","MICRO LABS LIMITED","WESSEX PHARMACEUTICALS (RWANDA) LTD","2024-02-09","2029-02-08","valid","Rwanda FDA - Registered Pharmaceutical Products July 2026","https://rwandafda.gov.rw/register/monitoring_preview_register"
"1695","Rwanda FDA-HMP-MA-0840","C-ZID INJECTION","Ceftazidime USP, 1.0 g","1.0 g","Powder for Injection","1.0 g glass vial","24 Months","SAMRUDH PHARMACEUTICALS LIMITED,","INDIA","EMCURE PHARMACEUTICALS LIMITED, INDIA","ABACUS PHARMA (A) LIMITED","2024-02-09","2029-02-08","valid","Rwanda FDA - Registered Pharmaceutical Products July 2026","https://rwandafda.gov.rw/register/monitoring_preview_register"
"1696","Rwanda FDA-HMP-MA-0853","CARDINOL 100MG FILM COATED TABLETS","Atenolol 100mg","100mg","Film Coated Tablets","2x14 Tablets","36 Months","COSMOS LIMITED,","KENYA","COSMOS LIMITED","SUN ENTERPRISES LTD","2024-02-09","2029-02-08","valid","Rwanda FDA - Registered Pharmaceutical Products July 2026","https://rwandafda.gov.rw/register/monitoring_preview_register"
"1697","Rwanda FDA-HMP-MA-0852","CARDINOL 50MG FILM COATED TABLETS","Atenolol 50 mg","50 mg","Film Coated Tablet","2x14 Tablets","36 Months","COSMOS LIMITED,","KENYA","COSMOS LIMITED","SUN ENTERPRISES LTD","2024-02-09","2029-02-08","valid","Rwanda FDA - Registered Pharmaceutical Products July 2026","https://rwandafda.gov.rw/register/monitoring_preview_register"
"1698","Rwanda FDA-HMP-MA-0841","CENTACID SUSPENSION","Aluminium Hydroxide Gel USP 250 mg, Magnesium Hydroxide Paste equivalent to Magnesium Hydroxide BP 200 mg, Simethicone USP 40mg","250 mg, 200 mg, 40mg","Suspension","170 ml Amber bottle","36 Months","CENTAUR PHARMACEUTICAL PVT. LTD.,","INDIA","CENTAUR PHARMACEUTICALS PVT. LTD, INDIA","PHILLIPS PHARMACEUTICALS (RWANDA) LIMITED","2024-02-09","2029-02-08","valid","Rwanda FDA - Registered Pharmaceutical Products July 2026","https://rwandafda.gov.rw/register/monitoring_preview_register"
"1699","Rwanda FDA-HMP-MA-0859","CODIOVAN 160/12.5MG FILM-COATED TABLETS","Valsartan 160mg & Hydrochlorothiazide 12.5mg.","160mg and 12.5mg","Film Coated Tablets","Box/ 28","36 Months","NOVARTIS FARMA S.p.A.,","ITALY","NOVARTIS KENYA LIMITED","SURGIPHARM (RWANDA) LTD","2024-02-09","2029-02-08","valid","Rwanda FDA - Registered Pharmaceutical Products July 2026","https://rwandafda.gov.rw/register/monitoring_preview_register"
"1700","Rwanda FDA-HMP-MA-0842","COLDAREST TABLETS","Paracetamol BP 500mg, Phenylephrine Hydrochloride BP 5mg, Chloropheniramine Maleate BP 2 mg, Caffeine (Anydrous) BP 30mg","500mg, 5mg, 2 mg, 30mg","Uncoated tablets","4x10x50 tablets","36 Months","CENTAUR PHARMACEUTICAL PVT. LTD.","INDIA","CENTAUR PHARMACEUTICALS PVT. LTD, INDIA","PHILLIPS PHARMACEUTICALS (RWANDA) LIMITED","2024-02-09","2029-02-08","valid","Rwanda FDA - Registered Pharmaceutical Products July 2026","https://rwandafda.gov.rw/register/monitoring_preview_register"
"1701","Rwanda FDA-HMP-MA-0835","COROLOR-90","Ticagrelor 90mg","90mg","Film coated tablets","3x10 Tablets","36 Months","MICRO LABS LIMITED,","INDIA","MICRO LABS LIMITED","WESSEX PHARMACEUTICALS (RWANDA) LTD","2024-02-09","2029-02-08","valid","Rwanda FDA - Registered Pharmaceutical Products July 2026","https://rwandafda.gov.rw/register/monitoring_preview_register"
"1702","Rwanda FDA-HMP-MA- 0836","DELASED CHESTY COUGHS SYRUP","Diphenidramine HCL BP 14.0 mg, Ammonium chloride BP 135.0 mg, Sodium Citrate BP 57.0 mg, Menthol BP 1.1mg","14.0 mg, 135.0 mg, 57.0 mg, 1.1mg","Syrup","100 ml Bottle","36 Months","REGAL PHARMACEUTICALS LTD,","KENYA","REGAL PHARMACEUTICALS LTD","ABACUS PHARMA (A) LIMITED","2024-02-09","2029-02-08","valid","Rwanda FDA - Registered Pharmaceutical Products July 2026","https://rwandafda.gov.rw/register/monitoring_preview_register"
"1703","Rwanda FDA-HMP-MA-0856","EFLARON 125MG ORAL SUSPENSION","Metronidazole (as Benzoate) BP 125mg/5ml","125mg/5ml","Oral Suspension","60ml and 100ml bottles","36 Months","DAWA LIMITED,","KENYA","DAWA LIMITED","SUN ENTERPRISES LTD","2024-02-09","2029-02-08","valid","Rwanda FDA - Registered Pharmaceutical Products July 2026","https://rwandafda.gov.rw/register/monitoring_preview_register"
"1704","Rwanda FDA-HMP-MA-0830","EMETON SYRUP","Metoclopramide Hydrochloride BP 5.0mg/ml","5.0mg/ml","Syrup","60 ml Bottles","36 Months","BIODEAL LABORATORIES LTD,","KENYA","BIODEAL LABORATORIES LTD","CAPITAL PHARMACEUTICAL SUPPLIES LIMITED","2024-02-09","2029-02-08","valid","Rwanda FDA - Registered Pharmaceutical Products July 2026","https://rwandafda.gov.rw/register/monitoring_preview_register"
"1705","Rwanda FDA-HMP-MA-0860","ENCIFER INJECTION","Iron Sucrose 100mg/5ml (20mg/ml)","100mg/5ml (20mg/ml)","Solution for Injection","5 Ampoules of 5ml","24 Months","EMCURE PHARMACEUTICALS LIMITED,","INDIA","EMCURE PHARMACEUTICALS LIMITED","ABACUS PHARMA (A) LTD","2024-02-09","2029-02-08","valid","Rwanda FDA - Registered Pharmaceutical Products July 2026","https://rwandafda.gov.rw/register/monitoring_preview_register"
"1706","Rwanda FDA-HMP-MA-0843","FENTANYL MEDIS","Fentanyl citrate 0.5mg/10ml","0.5mg/10ml","Liquid Injectable solution","Box of 10 ampoules of 10ml","24 Months","LES LABORATOIRES MEDIS.","TUNISIA","LES LABORATOIRES MEDIS, TUNISIA","KIPHARMA LTD","2024-02-09","2029-02-08","valid","Rwanda FDA - Registered Pharmaceutical Products July 2026","https://rwandafda.gov.rw/register/monitoring_preview_register"
"1707","Rwanda FDA-HMP-MA-0844","GLUCOSE 5% INJECTION","Anhydrous Glucose, 25g/500ml","25g/500ml","Solution for Injection","25 bottles of 500ml per carton","36 Months","SHIJIAZHUANG NO.4 PHARMACEUTICAL CO., LTD.","CHINA","SHIJIAZHUANG NO.4 PHARMACEUTICAL CO., LTD, CHINA","DEPOT PHARMACEUTIQUE LE MEDICAL","2024-02-09","2029-02-08","valid","Rwanda FDA - Registered Pharmaceutical Products July 2026","https://rwandafda.gov.rw/register/monitoring_preview_register"
"1708","Rwanda FDA-HMP-MA-0850","IMAZOLE-V","Clotrimazole 100mg","100mg","Pessaries","Box/ 7 Pessaries","36 Months","BLISS GVS PHARMA LIMITED,","INDIA","BLISS GVS PHARMA LIMITED","SURYA DEPOT PHARMACY LTD","2024-02-09","2029-02-08","valid","Rwanda FDA - Registered Pharmaceutical Products July 2026","https://rwandafda.gov.rw/register/monitoring_preview_register"
"1709","Rwanda FDA-HMP-MA-0837","LACTULIN SOLUTION","Lactulose 10g/15ml","10g/15ml","Viscous liquid","100 ml Bottle","36 Months","MEYER ORGANICS PVT. LTD.,","INDIA","MEYER ORGANICS PVT. LTD","SUN ENTERPRISES LTD","2024-02-09","2029-02-08","valid","Rwanda FDA - Registered Pharmaceutical Products July 2026","https://rwandafda.gov.rw/register/monitoring_preview_register"
"1710","Rwanda FDA-HMP-MA-0839","LAMIVUDINE, NEVIRAPINE AND ZIDOVUDINE TABLETS FOR SUSPENSION 30MG/50MG/60MG","Lamivudine USP 30 mg, Nevirapine USP 50 mg and Zidovudine USP 60 mg","30mg/50mg/60mg","Uncoated tablets","60 Tablets","24 Months","CIPLA LIMITED,","INDIA","CIPLA LTD","PHILLIPS PHARMACEUTICALS (RWANDA) LIMITED","2024-02-09","2029-02-08","valid","Rwanda FDA - Registered Pharmaceutical Products July 2026","https://rwandafda.gov.rw/register/monitoring_preview_register"
"1711","Rwanda FDA-HMP-MA-0858","LEVETIRACETAM UCB 500 MG FILM-COATED TABLETS","Levetiracetam 500 mg","500 mg","Film-Coated Tablets","10x10 Tablets","36 Months","UCB PHARMA SA,","BELGIUM","UCB PHARMA SA.","VINE PHARMA LTD.","2024-02-09","2029-02-08","valid","Rwanda FDA - Registered Pharmaceutical Products July 2026","https://rwandafda.gov.rw/register/monitoring_preview_register"
"1712","Rwanda FDA-HMP-MA-0829","","Cetylpyridinium chloride 1.5 mg and Benzocaine 12.0 mg","1.5 mg and 12.0 mg","Lozenges","","24 Months","UNIQUE PHARMACEUTICALS LABORATORIES,","INDIA","ADCOCK INGRAM LIMITED","SURGIPHARM (RWANDA) LTD","2024-02-09","2029-02-08","valid","Rwanda FDA - Registered Pharmaceutical Products July 2026","https://rwandafda.gov.rw/register/monitoring_preview_register"
"1713","Rwanda FDA-HMP-MA-0851","MEFTAL-SPAS TABLETS","Mefenamic Acid 250 mg and Dicyclomine Hydrochloride 10 mg","250 mg and 10 mg","Uncoated Tablets","3x 10 tablets","36 Months","BLUE CROSS LABORATORIES PVT LTD,","INDIA","BLUE CROSS LABORATORIES PVT LTD, INDIA","WESSEX PHARMACEUTICALS (RWANDA) LTD","2024-02-09","2029-02-08","valid","Rwanda FDA - Registered Pharmaceutical Products July 2026","https://rwandafda.gov.rw/register/monitoring_preview_register"
"1714","Rwanda FDA-HMP-MA-0819","MICORT CREAM","Miconazole nitrate 2% w/w; Hydrocortisone acetate equivalent to hydrocortisone 1% w/w","2% w/w; 1% w/w","Cream","Tube of 15 g","24 Months","VARICHEM PHARMACEUTICALS (PVT) LTD,","ZIMBABWE","VARICHEM PHARMACEUTICALS (PVT) LTD","ACTIVIS PHARMA","2024-02-09","2029-02-08","valid","Rwanda FDA - Registered Pharmaceutical Products July 2026","https://rwandafda.gov.rw/register/monitoring_preview_register"
"1715","Rwanda FDA-HMP-MA-0834","ORNILOX","Ornidazole 500mg/ Ofloxacine 200mg","500mg and 200mg","Film coated tablets","1x10 Tablets","36 Months","MICRO LABS LIMITED,","INDIA","MICRO LABS LIMITED","WESSEX PHARMACEUTICALS (RWANDA) LTD","2024-02-09","2029-02-08","valid","Rwanda FDA - Registered Pharmaceutical Products July 2026","https://rwandafda.gov.rw/register/monitoring_preview_register"
"1716","Rwanda FDA-HMP-MA-0828","PIVAC","Bupivacaine Hydrochloride in Dextrose Injection USP 5mg/ml","5mg/ml","Liquid Injection","10 Ampoules of 4ml","36 Months","KILITCH DRUGS INDIA LTD,","INDIA","KILITCH DRUGS (INDIA) LTD","SUN ENTERPRISES LTD","2024-02-09","2029-02-08","valid","Rwanda FDA - Registered Pharmaceutical Products July 2026","https://rwandafda.gov.rw/register/monitoring_preview_register"
"1717","Rwanda FDA-HMP-MA-0854","SOMECID","Omeprazole Sodium BP, 40mg","40mg","Dry Powder for injection or infusion","10 ml vial","24 Months","STALLION LABORATORIES PVT. LTD,","INDIA","STALLION LABORATORIES PVT. LTD.","SUN ENTERPRISES LTD","2024-02-09","2029-02-08","valid","Rwanda FDA - Registered Pharmaceutical Products July 2026","https://rwandafda.gov.rw/register/monitoring_preview_register"
"1718","Rwanda FDA-HMP-MA-0831","THEOMOX-250","Amoxicillin Trihydrate USP equivalent to Amoxicillin 250 mg","250 mg","Hard gelatin capsules","10 x 10 Capsules","36 Months","THEON PHARMACEUTICALS LIMITED,","INDIA","THEON PHARMACEUTICALS LIMITED","AIVEEN RWANDA LTD","2024-02-09","2029-02-08","valid","Rwanda FDA - Registered Pharmaceutical Products July 2026","https://rwandafda.gov.rw/register/monitoring_preview_register"
"1719","Rwanda FDA-HMP-MA-0848","TOB-DEX","Tobramycin: 0.3%w/v USP and Dexemethasone Sodium phosphate: 0.1%w/v BP","0.3%w/v and 0.1%w/v","Ophthalmic Eye Drops","5 ml Bottle","24 Months","AUROLAB,","INDIA","AUROLAB","DEPOT PHARMACEUTIQUE LE MEDICAL","2024-02-09","2029-02-08","valid","Rwanda FDA - Registered Pharmaceutical Products July 2026","https://rwandafda.gov.rw/register/monitoring_preview_register"
"1720","Rwanda FDA-HMP-MA-0822","UPERIO 100 MG","Sacubitril/Valsartan 100 mg film-coated tablets.","100 mg","Film-coated tablets","28 tablets","36 Months","NOVARTIS PHARMA STEIN AG,","SWITZERLAND","NVS KENYA LIMITED","SURGIPHARM (RWANDA) LTD","2024-02-09","2029-02-08","valid","Rwanda FDA - Registered Pharmaceutical Products July 2026","https://rwandafda.gov.rw/register/monitoring_preview_register"
"1721","Rwanda FDA-HMP-MA-0821","UPERIO 200 MG","Sacubitril/Valsartan 200 mg film-coated tablets","200 mg","Film-coated tablets","28 tablets","36 Months","NOVARTIS PHARMA STEIN AG,","SWITZERLAND","NVS KENYA LIMITED","SURGIPHARM (RWANDA) LTD","2024-02-09","2029-02-08","valid","Rwanda FDA - Registered Pharmaceutical Products July 2026","https://rwandafda.gov.rw/register/monitoring_preview_register"
"1722","Rwanda FDA-HMP-MA-0820","UPERIO 50 MG","Sacubitril/Valsartan 50 mg film-coated tablets","50 mg","Film-coated tablets","28 tablets","36 Months","NOVARTIS PHARMA STEIN AG,","SWITZERLAND","NVS KENYA LIMITED","SURGIPHARM (RWANDA) LTD","2024-02-09","2029-02-08","valid","Rwanda FDA - Registered Pharmaceutical Products July 2026","https://rwandafda.gov.rw/register/monitoring_preview_register"
"1723","Rwanda FDA-HMP-MA-0855","ZAHA ORAL SUSPENSION","Azithromycin Dihydrate USP, 200 mg/5 mL","200 mg/5 mL","Suspension","15 ml Bottle","24 Months","AJANTA PHARMA LIMITED,","INDIA","AJANTA PHARMA LIMITED","ABACUS PHARMA (A) LTD","2024-02-09","2029-02-08","valid","Rwanda FDA - Registered Pharmaceutical Products July 2026","https://rwandafda.gov.rw/register/monitoring_preview_register"
"1724","Rwanda FDA-HMP-MA-0813","AMOXICLAV-DENK 500/62.5","One film-coated tablet contains 574 mg amoxicillin trihydrate, equivalent to 500 mg amoxicillin and 74.45 mg potassium clavulanate, equivalent to 62.5 mg clavulanic acid","500mg/62.5mg","Film coated tablets","16 film-coated tablets","24 Months","PENCEF PHARMA GmbH,","GERMANY","DENK PHARMA GmbH & Co. KG","","2024-01-30","2029-01-29","valid","Rwanda FDA - Registered Pharmaceutical Products July 2026","https://rwandafda.gov.rw/register/monitoring_preview_register"
"1725","Rwanda FDA-HMP-MA-0775","DESLORASTAL","Desloratadine syrup 2.5mg/5ml","2.5mg/5ml","Oral Liquid Syrup","60 ml Bottle","24 Months","STALLION LABORATORIES PRIVATE LIMITED.","INDIA","STALLION LABORATORIES PVT. LTD","SUN ENTERPRISES LTD","2024-01-30","2029-01-29","valid","Rwanda FDA - Registered Pharmaceutical Products July 2026","https://rwandafda.gov.rw/register/monitoring_preview_register"
"1726","Rwanda FDA-HMP-MA-0816","DICLOMOL EC 50","Diclofenac Sodium BP 50 mg","50 mg","Enteric-coated tablets","10x10 Tablets","36 Months","WIN-MEDICARE PVT. LTD.","INDIA","WIN-MEDICARE PVT. LTD","SURGIPHARM (RWANDA) LTD","2024-01-30","2029-01-29","valid","Rwanda FDA - Registered Pharmaceutical Products July 2026","https://rwandafda.gov.rw/register/monitoring_preview_register"
"1727","Rwanda FDA-HMP-MA-0815","DICLOMOL PLUS","Diclofenac Sodium BP 50 mg and Paracetamol BP 500 mg","50 mg and 500 mg","Tablets","10x10 Tablets","36 Months","WIN-MEDICARE PVT. LTD.","INDIA","WIN-MEDICARE PVT. LTD","SURGIPHARM (RWANDA) LTD","2024-01-30","2029-01-29","valid","Rwanda FDA - Registered Pharmaceutical Products July 2026","https://rwandafda.gov.rw/register/monitoring_preview_register"
"1728","Rwanda FDA-HMP-MA-0817","DICLOMOL SR","Sustained release tablets of Diclofenac Sodium 100 mg","100 mg","Film coated tablets","10x10 Tablets","36 Months","WIN-MEDICARE PVT. LTD.","INDIA","WIN-MEDICARE PVT. LTD","SURGIPHARM (RWANDA) LTD","2024-01-30","2029-01-29","valid","Rwanda FDA - Registered Pharmaceutical Products July 2026","https://rwandafda.gov.rw/register/monitoring_preview_register"
"1729","Rwanda FDA-HMP-MA- 0823","HEDEX CAPLETS","Aspirin 400mg, Paracetamol 200mg and Caffeine 50mg","400mg, 200mg and 50mg","Caplets","10x10 Caplets","24 Months","BETA HEALTHCARE INTERNATIONAL LIMITED,","KENYA","BETA HEALTHCARE INTERNATIONAL LIMITED","SURGIPHARM (RWANDA) LTD","2024-01-30","2029-01-29","valid","Rwanda FDA - Registered Pharmaceutical Products July 2026","https://rwandafda.gov.rw/register/monitoring_preview_register"
"1730","Rwanda FDA-HMP-MA-0702","MEBENDAZOLE TABLETS USP 100MG","Mebendazole 100mg","100mg","Uncoated Tablets","1000 Tablets and 10x6 tablets","36 Months","LINCOLN PHARMACEUTICALS LTD,","INDIA","LINCOLN PHARMACEUTICALS LTD, INDIA","ABACUS PHARMA (A) LTD","2024-01-30","2029-01-29","valid","Rwanda FDA - Registered Pharmaceutical Products July 2026","https://rwandafda.gov.rw/register/monitoring_preview_register"
"1731","Rwanda FDA-HMP-MA-0818","NATRILIX SR","Indapamide 1.5 mg","1.5 mg","Film coated tablets","30 Sustained Release Tablets","24 Months","SERVIER EGYPT INDUSTRIES LTD (SEI),","EGYPT AND FRANCE","LES LABORATOIRES SERVIER, FRANCE","KIPHARMA LTD","2024-01-30","2029-01-29","valid","Rwanda FDA - Registered Pharmaceutical Products July 2026","https://rwandafda.gov.rw/register/monitoring_preview_register"
"1732","Rwanda FDA-HMP-MA-0811","SIMVASTATIN 20 MG FILM COATED TABLETS","Simvastatin 20 mg","20 mg","Film coated tablets","7,10,14,20,21,28,30,35,40,42,49,50,56,63,70,77,84,91 and 100 tablets","36 Months","SANDOZ GRUP,","TURKEY","SANDOZ GmbH, KUNDL","SURGIPHARM (RWANDA) LTD","2024-01-30","2029-01-29","valid","Rwanda FDA - Registered Pharmaceutical Products July 2026","https://rwandafda.gov.rw/register/monitoring_preview_register"
"1733","Rwanda FDA-HMP-MA-0812","SIMVASTATIN 40 MG FILM COATED TABLETS","Simvastatin 40 mg","40 mg","Film coated tablets","7,10,14,20,21,28,30,35,40,42,49,50,56,63,70,77,84,91 and 100 tablets","36 Months","SANDOZ GRUP,","TURKEY","SANDOZ GmbH, KUNDL","SURGIPHARM (RWANDA) LTD","2024-01-30","2029-01-29","valid","Rwanda FDA - Registered Pharmaceutical Products July 2026","https://rwandafda.gov.rw/register/monitoring_preview_register"
"1734","Rwanda FDA-HMP-MA-0814","SOLUDOL","Diclofenac Sodium BP 50 mg","50 mg","Dispersible tablets","10x10 Tablets","36 Months","WIN-MEDICARE PVT. LTD.","INDIA","WIN-MEDICARE PVT. LTD","SURGIPHARM (RWANDA) LTD","2024-01-30","2029-01-29","valid","Rwanda FDA - Registered Pharmaceutical Products July 2026","https://rwandafda.gov.rw/register/monitoring_preview_register"
"1735","Rwanda FDA-HMP-MA-0792","AGO SCRUB PLUS","Chlorhexidine Gluconate 1.5% w/v, and Cetrimide 15% w/v","1.5% w/v, and 15% w/v","Topical Liquid","1 Litre Bottle","36 Months","AGOG PHARMA LTD,","INDIA","AGOG PHARMA LTD, INDIA","SUN ENTERPRISES LTD","2024-01-15","2029-01-14","valid","Rwanda FDA - Registered Pharmaceutical Products July 2026","https://rwandafda.gov.rw/register/monitoring_preview_register"
"1736","Rwanda FDA-HMP-MA-0726","AGOCARB-500 TABLETS","Activated Charcoal Tablets 500 mg","500 mg","Uncoated tablets","100 tablets","36 Months","AGOG PHARMA LTD,","INDIA","AGOG PHARMA LTD, INDIA","SUN ENTERPRISES LTD","2024-01-15","2029-01-14","valid","Rwanda FDA - Registered Pharmaceutical Products July 2026","https://rwandafda.gov.rw/register/monitoring_preview_register"
"1737","Rwanda FDA-HMP-MA-0810","AGOLITHO TABLET","Lithium Carbonate Tablets BP 400mg","400mg","Film coated tablets","100 tablets","36 Months","AGOG PHARMA LTD,","INDIA","AGOG PHARMA LTD, INDIA","SUN ENTERPRISES LTD","2024-01-15","2029-01-14","valid","Rwanda FDA - Registered Pharmaceutical Products July 2026","https://rwandafda.gov.rw/register/monitoring_preview_register"
"1738","Rwanda FDA-HMP-MA-0715","AGYCIN-500","Azithromycin Dihydrate USP 500mg","500mg","Film coated tablets","3 Tablets","36 Months","BLISS GVS PHARMA Ltd,","INDIA","BLISS GVS PHARMA LTD, INDIA","SURYA DEPOT PHARMACY LTD","2024-01-15","2029-01-14","valid","Rwanda FDA - Registered Pharmaceutical Products July 2026","https://rwandafda.gov.rw/register/monitoring_preview_register"
"1739","Rwanda FDA-HMP-MA-0807","ANTHEL","Albendazole USP 200mg/5ml","200mg/5ml","Oral suspension","20 ml Amber PET Bottle","36 Months","LINCOLN PHARMACEUTICALS LIMITED,","INDIA","LINCOLN PHARMACEUTICALS LIMITED","ABACUS PHARMA (A) LIMITED","2024-01-15","2029-01-14","valid","Rwanda FDA - Registered Pharmaceutical Products July 2026","https://rwandafda.gov.rw/register/monitoring_preview_register"
"1740","Rwanda FDA-HMP-MA-0722","ARBITEL-H","Telmisartan 40 mg and Hydrochlorothiazide 12.5 mg","40 mg and 12.5 mg","Uncoated tablets","3 x 10's Tablets","24 Months","MICRO LABS LIMITED,","INDIA","MICRO LABS LIMITED, INDIA","WESSEX PHARMACEUTICALS (RWANDA) LTD","2024-01-15","2029-01-14","valid","Rwanda FDA - Registered Pharmaceutical Products July 2026","https://rwandafda.gov.rw/register/monitoring_preview_register"
"1741","Rwanda FDA-HBP-MA-0105","BINOCRIT 10,000 IU/1 ML SOLUTION FOR INJECTION IN A PRE-FILLED SYRINGE","Epoetin alfa where it is 10000 IU per 1ml corresponding to 84.0 micrograms per 1mL","10000 IU per 1ml","Solution for injection","1 or 6 in pre-filled syringes","24 Months","IDT BIOLOGIKA GmbH,","GERMANY","SANDOZ PHARMACEUTICALS D.D., SLOVENIA","SURGIPHARM (RWANDA) LTD","2024-01-15","2029-01-14","valid","Rwanda FDA - Registered Pharmaceutical Products July 2026","https://rwandafda.gov.rw/register/monitoring_preview_register"
"1742","Rwanda FDA-HBP-MA-0109","BINOCRIT 2000IU/1ML","Epoetin alfa 2000IU per 1ml","2000IU/1ml","Sterile solution for injection","f 1 and 6 pre-filled syringes,","24 Months","IDT BIOLOGIKA GmbH,","GERMANY","SANDOZ PHARMACEUTICALS D.D., SLOVENIA","SURGIPHARM (RWANDA) LTD","2024-01-15","2029-01-14","valid","Rwanda FDA - Registered Pharmaceutical Products July 2026","https://rwandafda.gov.rw/register/monitoring_preview_register"
"1743","Rwanda FDA-HMP-MA-0725","CIPRO 0.3%, EYE DROPS SOLUTION","Ciprofloxacin hydrochloride 0.3%","0.003","Eye drops Solution","1 vial of 5ml","24 Months","","TUNISIA","","KIPHARMA LTD","2024-01-15","2029-01-14","valid","Rwanda FDA - Registered Pharmaceutical Products July 2026","https://rwandafda.gov.rw/register/monitoring_preview_register"
"1744","Rwanda FDA-HMP-MA-0806","DESLOR 5 MG","Desloratadine 5mg","5mg","Film coated tablets","15 tablets","36 Months","","TUNISIA","","KIPHARMA LTD","2024-01-15","2029-01-14","valid","Rwanda FDA - Registered Pharmaceutical Products July 2026","https://rwandafda.gov.rw/register/monitoring_preview_register"
"1745","Rwanda FDA-HMP-MA-0717","DOCETAXEL","Docetaxel, 80mg/8ml","80mg/8ml","Solution for infusion","Vial of 8ml","24 Months","FAREVA UNTERACH GmbH,","AUSTRIA","SANDOZ PHARMACEUTICALS D.D., SLOVENIA","SURGIPHARM (RWANDA) LTD","2024-01-15","2029-01-14","valid","Rwanda FDA - Registered Pharmaceutical Products July 2026","https://rwandafda.gov.rw/register/monitoring_preview_register"
"1746","Rwanda FDA-HMP-MA-0718","Docetaxel","Docetaxel, 20mg/2ml","20mg/2ml","Solution for infusion","Vial of 8ml","24 Months","FAREVA UNTERACH GmbH,","AUSTRIA","SANDOZ PHARMACEUTICALS D.D., SLOVENIA","SURGIPHARM (RWANDA) LTD","2024-01-15","2029-01-14","valid","Rwanda FDA - Registered Pharmaceutical Products July 2026","https://rwandafda.gov.rw/register/monitoring_preview_register"
"1747","Rwanda FDA-HMP-MA-0724","EMTRICITABINE/TENOFOVIR DISOPROXIL FUMARATE FILM COATED TABLETS 200 MG/300 MG","Emtricitabine/Tenofovir Disoproxil Fumarate, 200 mg/300 mg","200 mg/300 mg","Film-coated tablets","","36 Months","MYLAN LABORATORIES LIMITED,","INDIA","MYLAN LABORATORIES LIMITED, INDIA","PYRAMID PHARMA LIMITED","2024-01-15","2029-01-14","valid","Rwanda FDA - Registered Pharmaceutical Products July 2026","https://rwandafda.gov.rw/register/monitoring_preview_register"
"1748","Rwanda FDA-HMP-MA-0793","FARIN-1","Warfarin Tablets BP 1 mg","1 mg","Uncoated tablets","","36 Months","AGOG PHARMA LTD,","INDIA","AGOG PHARMA LTD, INDIA","SUN ENTERPRISES LTD","2024-01-15","2029-01-14","valid","Rwanda FDA - Registered Pharmaceutical Products July 2026","https://rwandafda.gov.rw/register/monitoring_preview_register"
"1749","Rwanda FDA-HMP-MA-0805","HEPARIN MEDIS","Heparin Sodium, 25000 UI","25000 UI","Injectable solution","Box of 10 vials of 5ml","36 Months","LES LABORATOIRES MEDIS,","TUNISIA","","KIPHARMA LTD","2024-01-15","2029-01-14","valid","Rwanda FDA - Registered Pharmaceutical Products July 2026","https://rwandafda.gov.rw/register/monitoring_preview_register"
"1750","Rwanda FDA-HMP-MA-0733","INDICONTIN 1.5 MG TABLETS","Indicontin controlled release Tablets 1.5mg","1.5mg","Film coated tablets","10 x 10 Tablets","24 Months","MODI-MUNDIPHARMA PVT. LTD,","INDIA","MODI-MUNDIPHARMA PRIVATE LIMITED","SURGIPHARM (RWANDA) LTD","2024-01-15","2029-01-14","valid","Rwanda FDA - Registered Pharmaceutical Products July 2026","https://rwandafda.gov.rw/register/monitoring_preview_register"
"1751","Rwanda FDA-HMP-MA-0746","KETO PLUS SHAMPOO","Ketoconazole BP 2% w/v and Zinc Pyrithione (ZPTO 1% w/v)","2% w/v and 1% w/v","Viscous shampoo","60ml Bottle","24 Months","GLENMARK PHARMACEUTICALS LTD,","INDIA","GLENMARK PHARMACEUTICALS LTD","WESSEX PHARMACEUTICAL (RWANDA) LTD","2024-01-15","2029-01-14","valid","Rwanda FDA - Registered Pharmaceutical Products July 2026","https://rwandafda.gov.rw/register/monitoring_preview_register"
"1752","Rwanda FDA-HMP-MA-0716","LASTAVIN 160","Valsartan Tablets USP 160 mg","160 mg","Film coated tablets","3x10 Tablets","30 Months","AJANTA PHARMA LIMITED,","INDIA","AJANTA PHARMA LIMITED, INDIA.","ABACUS PHARMA (A) LTD","2024-01-15","2029-01-14","valid","Rwanda FDA - Registered Pharmaceutical Products July 2026","https://rwandafda.gov.rw/register/monitoring_preview_register"
"1753","Rwanda FDA-HMP-MA-0720","LOSAR 50 MG","Losartan potassium, 50mg","50mg","Film-coated tablets","30 film-coated tablets","36 Months","","TUNISIA","","KIPHARMA LTD","2024-01-15","2029-01-14","valid","Rwanda FDA - Registered Pharmaceutical Products July 2026","https://rwandafda.gov.rw/register/monitoring_preview_register"
"1754","Rwanda FDA-HMP-MA-0723","NEBILONG 5","Nebivolol Hydrochloride 5mg","5mg","Uncoated tablets","3 x 10's Tablets","24 Months","MICRO LABS LIMITED,","INDIA","MICRO LABS LIMITED, INDIA","WESSEX PHARMACEUTICALS (RWANDA) LTD","2024-01-15","2029-01-14","valid","Rwanda FDA - Registered Pharmaceutical Products July 2026","https://rwandafda.gov.rw/register/monitoring_preview_register"
"1755","Rwanda FDA-HBP-MA-0106","PAGENAX SOLUTION FOR INJECTION 120MG/ML","Brolucizumab, Solution for injection 120mg/ml","120mg/ml","Solution for injection","1 vial and 1 filter needle","24 Months","NOVARTIS PHARMA STEIN AG,","SWITZERLAND","NVS KENYA LIMITED","SURGIPHARM (RWANDA) LTD","2024-01-15","2029-01-14","valid","Rwanda FDA - Registered Pharmaceutical Products July 2026","https://rwandafda.gov.rw/register/monitoring_preview_register"
"1756","Rwanda FDA-HMP-MA-0808","PIROXEN DISPERSIBLE 20MG TABLETS","Piroxicam, 20mg","20mg","Dispersible tablets","12 Tablets","36 Months","","TUNISIA","","KIPHARMA LTD","2024-01-15","2029-01-14","valid","Rwanda FDA - Registered Pharmaceutical Products July 2026","https://rwandafda.gov.rw/register/monitoring_preview_register"
"1757","Rwanda FDA-HMP-MA-0561","SUPIROCIN OINTMENT","Mupirocin Ointment USP 2% w/w","2% w/w","Ointment","15 g tube","18 Months","GLENMARK PHARMACEUTICALS LTD,","INDIA","GLENMARK PHARMACEUTICALS LTD, INDIA","WESSEX PHARMACEUTICALS (RWANDA) LTD","2024-01-15","2029-01-14","valid","Rwanda FDA - Registered Pharmaceutical Products July 2026","https://rwandafda.gov.rw/register/monitoring_preview_register"
"1758","Rwanda FDA-HMP-MA-0719","TRAMADIS 50 MG","Tramadol hydrochloride, 50mg","50mg","Capsules","10 capsules","36 Months","","TUNISIA","","KIPHARMA LTD","2024-01-15","2029-01-14","valid","Rwanda FDA - Registered Pharmaceutical Products July 2026","https://rwandafda.gov.rw/register/monitoring_preview_register"
"1759","Rwanda FDA-HMP-MA-0744","VIGAMOX 0.5% EYE DROP","1 ml of solution contains 5.45 mg moxifloxacin hydrochloride equivalent to 5 mg moxifloxacin base","0.005","Eye drops, solution","1 Bottle","24 Months","ALCON COUVREUR NV,","BELGIUM","NOVARTIS PHARMA, BASEL, SWITZERLAND","SURGIPHARM (RWANDA) LTD","2024-01-15","2029-01-14","valid","Rwanda FDA - Registered Pharmaceutical Products July 2026","https://rwandafda.gov.rw/register/monitoring_preview_register"
"1760","Rwanda FDA-HMP-MA-0747","XARELTO-20 TABLETS","Rivaroxaban 20mg","20mg","Film Coated tablets","","36 Months","BAYER AG,","GERMANY","BAYER EAST AFRICA LIMITED","WESSEX PHARMACEUTICAL (RWANDA) LTD","2024-01-15","2029-01-14","valid","Rwanda FDA - Registered Pharmaceutical Products July 2026","https://rwandafda.gov.rw/register/monitoring_preview_register"
"1761","Rwanda FDA-HMP-MA-0732","XYLOCAINE SPRAY 10%","Lidocaine 10mg","10mg","Solution spray","1 bottle of 50ml","36 Months","AstraZeneca AB,","SWEDEN","BETA HEALTHCARE INTERNATIONAL LTD","SURGIPHARM (RWANDA) LTD","2024-01-15","2029-01-14","valid","Rwanda FDA - Registered Pharmaceutical Products July 2026","https://rwandafda.gov.rw/register/monitoring_preview_register"
"1762","Rwanda FDA-HMP-MA-0694","AGOBEX TABLETS","Mebendazole USP 100mg","100mg","Uncoated tablets","","36 Months","AGOG PHARMA LTD,","INDIA","AGOG PHARMA LTD, INDIA","SUN ENTERPRISES LTD","2024-01-08","2029-01-07","valid","Rwanda FDA - Registered Pharmaceutical Products July 2026","https://rwandafda.gov.rw/register/monitoring_preview_register"
"1763","Rwanda FDA-HMP-MA- 0760","AGOCAL TABLETS","Calcium Lactate BP 300mg","300mg","Uncoated tablets","1000 Tablets","36 Months","AGOG PHARMA LTD,","INDIA","AGOG PHARMA LTD, INDIA","SUN ENTERPRISES LTD","2024-01-08","2029-01-07","valid","Rwanda FDA - Registered Pharmaceutical Products July 2026","https://rwandafda.gov.rw/register/monitoring_preview_register"
"1764","Rwanda FDA-HMP-MA-0753","AGOCARB TABLET","Activated Charcoal tablets 0.25 g","0.25 g","Uncoated tablets","100 tablets","36 Months","AGOG PHARMA LTD,","INDIA","AGOG PHARMA LTD, INDIA","SUN ENTERPRISES LTD","2024-01-08","2029-01-07","valid","Rwanda FDA - Registered Pharmaceutical Products July 2026","https://rwandafda.gov.rw/register/monitoring_preview_register"
"1765","Rwanda FDA-HMP-MA-0693","AGOFEN-200 TABLET","Ibuprofen 200 mg tablet","200 mg","Film coated tablets","","36 Months","AGOG PHARMA LTD,","INDIA","AGOG PHARMA LTD, INDIA","SUN ENTERPRISES LTD","2024-01-08","2029-01-07","valid","Rwanda FDA - Registered Pharmaceutical Products July 2026","https://rwandafda.gov.rw/register/monitoring_preview_register"
"1766","Rwanda FDA-HMP-MA-0756","AGOHAL-5","Haloperidol BP 5 mg","5 mg","Uncoated tablets","1000 Tablets","36 Months","AGOG PHARMA LTD,","INDIA","AGOG PHARMA LTD, INDIA","SUN ENTERPRISES LTD","2024-01-08","2029-01-07","valid","Rwanda FDA - Registered Pharmaceutical Products July 2026","https://rwandafda.gov.rw/register/monitoring_preview_register"
"1767","Rwanda FDA-HMP-MA-0745","AGOMOL TABLET","Paracetamol BP 500 mg","500 mg","Uncoated tablet","10 x 10 Tablets","36 Months","AGOG PHARMA LTD,","INDIA","AGOG PHARMA LTD, INDIA","SUN ENTERPRISES LTD","2024-01-08","2029-01-07","valid","Rwanda FDA - Registered Pharmaceutical Products July 2026","https://rwandafda.gov.rw/register/monitoring_preview_register"
"1768","Rwanda FDA-HMP-MA-0790","AIRTAL-100","Aceclofenac 100mg","100mg","Film coated tablets","2x10 Tablets or 4x10 Tablets","48 Months","","SPAIN","ALMIRALL, S.A, SPAIN","UBIPHARM-RWANDA LTD","2024-01-08","2029-01-07","valid","Rwanda FDA - Registered Pharmaceutical Products July 2026","https://rwandafda.gov.rw/register/monitoring_preview_register"
"1769","Rwanda FDA-HMP-MA-0740","AMLODIPINE 10MG TABLETS","Amlodipine besylate 10mg","10mg","Tablets","10 x 10 Tablets","36 Months","LEK PHARMACEUTICALS D.D.,","SLOVENIA","SANDOZ GmbH, KUNDL","SURGIPHARM (RWANDA) LTD","2024-01-08","2029-01-07","valid","Rwanda FDA - Registered Pharmaceutical Products July 2026","https://rwandafda.gov.rw/register/monitoring_preview_register"
"1770","Rwanda FDA-HMP-MA-0727","ANAWIN","Bupivacaine Hydrochloride BP 2.5mg/mL","2.5mg/mL","Solution for Injection","20mL Vial","24 Months","NEON LABORATORIES LIMITED;","INDIA","NEON LABORATORIES LIMITED","SUN ENTERPRISE LTD","2024-01-08","2029-01-07","valid","Rwanda FDA - Registered Pharmaceutical Products July 2026","https://rwandafda.gov.rw/register/monitoring_preview_register"
"1771","Rwanda FDA-HMP-MA-0800","ANAWIN HEAVY","Bupivacaine Hydrochloride equivalent to anhydrous Bupivacaine Hydrochloride 20mg/4mL","20mg/4mL","Solution for injection","","18 Months","NEON LABORATORIES LIMITED,","INDIA","NEON LABORATORIES LIMITED","SUN ENTERPRISES LTD","2024-01-08","2029-01-07","valid","Rwanda FDA - Registered Pharmaceutical Products July 2026","https://rwandafda.gov.rw/register/monitoring_preview_register"
"1772","Rwanda FDA-HMP-MA-0784","ARPREL 10","Prasugrel 10mg","10mg","Film coated tablets","","24 Months","MICRO LABS LIMITED,","INDIA","MICRO LABS LIMITED","WESSEX PHARMACEUTICALS (RWANDA) LTD","2024-01-08","2029-01-07","valid","Rwanda FDA - Registered Pharmaceutical Products July 2026","https://rwandafda.gov.rw/register/monitoring_preview_register"
"1773","Rwanda FDA-HMP-MA-0783","ARPREL 5","Prasugrel 5mg","5mg","Film coated tablets","","24 Months","MICRO LABS LIMITED,","INDIA","MICRO LABS LIMITED","WESSEX PHARMACEUTICALS (RWANDA) LTD","2024-01-08","2029-01-07","valid","Rwanda FDA - Registered Pharmaceutical Products July 2026","https://rwandafda.gov.rw/register/monitoring_preview_register"
"1774","Rwanda FDA-HMP-MA-0785","ASPIRINE UPSA- 1000","Acetylsalicylic Acid 1000 mg","1000 mg","Effervescent tablets","","24 Months","UPSA,","FRANCE","UPSA, FRANCE","UBIPHARM RWANDA LTD","2024-01-08","2029-01-07","valid","Rwanda FDA - Registered Pharmaceutical Products July 2026","https://rwandafda.gov.rw/register/monitoring_preview_register"
"1775","Rwanda FDA-HMP-MA-0739","BIOMOL","Paracetamol BP 500mg","500mg","Tablets","10 x 10 Tablets","36 Months","BIODEAL LABORATORIES LTD,","KENYA","BIODEAL LABORATORIES LTD","CAPITAL PHARMACEUTICAL SUPPLIES LTD","2024-01-08","2029-01-07","valid","Rwanda FDA - Registered Pharmaceutical Products July 2026","https://rwandafda.gov.rw/register/monitoring_preview_register"
"1776","Rwanda FDA-HMP-MA-0688","CANDID V3","Clotrimazole USP, 200 mg","200 mg","Uncoated tablet","3 Tablets","48 Months","GLENMARK PHARMACEUTICALS LTD,","INDIA","GLENMARK PHARMACEUTICALS LTD","WESSEX PHARMACEUTICAL (RWANDA) LTD","2024-01-08","2029-01-07","valid","Rwanda FDA - Registered Pharmaceutical Products July 2026","https://rwandafda.gov.rw/register/monitoring_preview_register"
"1777","Rwanda FDA-HMP-MA-0750","CIPRO-500","Ciprofloxacin Tablets BP 500 mg","500 mg","Film coated tablets","10 Tablets","36 Months","AGOG PHARMA LTD,","INDIA","AGOG PHARMA LTD, INDIA","SUN ENTERPRISES LTD","2024-01-08","2029-01-07","valid","Rwanda FDA - Registered Pharmaceutical Products July 2026","https://rwandafda.gov.rw/register/monitoring_preview_register"
"1778","Rwanda FDA-HMP-MA-0701","DOXY 200","Doxycycline monohydrate 200mg","200mg","Tablets","8 Tablets","36 Months","GRACURE PHARMACEUTICALS LIMITED,","INDIA","EXPHAR S.A, BELGIUM","H&H PHARMA LTD","2024-01-08","2029-01-07","valid","Rwanda FDA - Registered Pharmaceutical Products July 2026","https://rwandafda.gov.rw/register/monitoring_preview_register"
"1779","Rwanda FDA-HMP-MA-0786","EFFERALGAN 150 MG POWDER","Paracetamol 150 mg","150 mg","Crystalline Powder","10 Sachets","36 months","UPSA SAS 979,","FRANCE","PROPHARMED INTERNATIONAL","UBIPHARM RWANDA LTD","2024-01-08","2029-01-07","valid","Rwanda FDA - Registered Pharmaceutical Products July 2026","https://rwandafda.gov.rw/register/monitoring_preview_register"
"1780","Rwanda FDA-HMP-MA-0787","EFFERALGAN 250 MG POWDER","Paracetamol 250 mg","250 mg","Crystalline Powder","10 Sachets","36 months","UPSA SAS 979,","FRANCE","UPSA, FRANCE","UBIPHARM RWANDA LTD","2024-01-08","2029-01-07","valid","Rwanda FDA - Registered Pharmaceutical Products July 2026","https://rwandafda.gov.rw/register/monitoring_preview_register"
"1781","Rwanda FDA-HMP-MA-0728","ESOZIM-20","Esomeprazole Magnesium DelayedRelease Capsules USP 20 mg","20 mg","Hard Gelatin Capsule","","30 Months","ZIM LABORATORIES LIMITED,","INDIA","ZIM LABORATORIES LIMITED","SUN ENTERPRISE LTD","2024-01-08","2029-01-07","valid","Rwanda FDA - Registered Pharmaceutical Products July 2026","https://rwandafda.gov.rw/register/monitoring_preview_register"
"1782","Rwanda FDA-HMP-MA-0798","FLUDITEC 750MG/10ML ADULTS, ORAL SOLUTION","Carbocisteine, 750 mg/ 10 ml.","750 mg/ 10 ml","Syrup","10ml packet","24 Months","UNITHER LIQUID MANUFACTURING,","FRANCE","LABORATOIRE INNOTECH INTERNATIONAL","DEPOT PHARMACEUTIQUE LE MEDICAL","2024-01-08","2029-01-07","valid","Rwanda FDA - Registered Pharmaceutical Products July 2026","https://rwandafda.gov.rw/register/monitoring_preview_register"
"1783","Rwanda FDA-HMP-MA-0796","","Carbocisteine 2% Syrup (20mg/ml)","20mg/ml","Syrup","125 ml Bottle","24 Months","UNITHER LIQUID MANUFACTURING,","FRANCE","LABORATOIRE INNOTECH INTERNATIONAL","DEPOT PHARMACEUTIQUE LE MEDICAL","2024-01-08","2029-01-07","valid","Rwanda FDA - Registered Pharmaceutical Products July 2026","https://rwandafda.gov.rw/register/monitoring_preview_register"
"1784","Rwanda FDA-HMP-MA-0797","","Carbocisteine 5% Syrup (50mg/ml)","50mg/ml","Syrup","125 ml and 300ml Bottles","24 Months","UNITHER LIQUID MANUFACTURING,","FRANCE","LABORATOIRE INNOTECH INTERNATIONAL","DEPOT PHARMACEUTIQUE LE MEDICAL","2024-01-08","2029-01-07","valid","Rwanda FDA - Registered Pharmaceutical Products July 2026","https://rwandafda.gov.rw/register/monitoring_preview_register"
"1785","Rwanda FDA-HMP-MA-0755","FLUOXETINE TABLETS USP 20MG","Fluoxetine Hydrochloride equivalent USP to Fluoxetine 20mg","20mg","Film coated tablets","100 Tablets","36 Months","AGOG PHARMA LTD,","INDIA","AGOG PHARMA LTD, INDIA","SUN ENTERPRISES LTD","2024-01-08","2029-01-07","valid","Rwanda FDA - Registered Pharmaceutical Products July 2026","https://rwandafda.gov.rw/register/monitoring_preview_register"
"1786","Rwanda FDA-HMP-MA-0804","GELOFUSINE 40MG/ML SOLUTION FOR INFUSION","Succinylated Gelatin 40mg/ml and Sodium Chloride 7.01mg/ml","40mg/ml","SOLUTION FOR INFUSION","10 x 500ml Bottle","24 Months","B. BRAUN MEDICAL SA,","SWITZERLAND","B. BRAUN MELSUNGEN AG, GERMANY","KIPHARMA LTD","2024-01-08","2029-01-07","valid","Rwanda FDA - Registered Pharmaceutical Products July 2026","https://rwandafda.gov.rw/register/monitoring_preview_register"
"1787","Rwanda FDA-HMP-MA-0734","GLIBENCLAMIDE TABLETS","Glibenclamide BP 5 mg","5 mg","Uncoated tablets","10 x 10 Tablets","36 Months","AGOG PHARMA LTD,","INDIA","AGOG PHARMA LTD, INDIA","SUN ENTERPRISES LTD","2024-01-08","2029-01-07","valid","Rwanda FDA - Registered Pharmaceutical Products July 2026","https://rwandafda.gov.rw/register/monitoring_preview_register"
"1788","Rwanda FDA-HMP-MA-0759","METRONIDAZOLE VAGINAL TABLETS 500 MG","Metronidazole BP 500 mg","500 mg","Uncoated tablets","100 Tablets","36 Months","AGOG PHARMA LTD,","INDIA","AGOG PHARMA LTD, INDIA","SUN ENTERPRISES LTD","2024-01-08","2029-01-07","valid","Rwanda FDA - Registered Pharmaceutical Products July 2026","https://rwandafda.gov.rw/register/monitoring_preview_register"
"1789","Rwanda FDA-HMP-MA-0802","MUCOLEX","Each 5ml contains: Ambroxol Hydrochloride BP 30 mg; Salbutamol Sulfate BP Equivalent to Salbutamol 1 mg; Guaifenesin BP 50 mg; Levomenthol BP 0.5 mg","30 mg, 1 mg, 50 mg, 0.5 mg/5ml","Clear liquid","100 ml Bottle","24 Months","S KANT HEALTHCARE LTD,","INDIA","S KANT HEALTHCARE LTD","ABACUS PHARMA (A) LTD","2024-01-08","2029-01-07","valid","Rwanda FDA - Registered Pharmaceutical Products July 2026","https://rwandafda.gov.rw/register/monitoring_preview_register"
"1790","Rwanda FDA-HMP-MA-0788","NEBIMAC 10","Nebivolol Hydrochloride 10 mg","10 mg","Uncoated tablets","","36 month","MACLEODS PHARMACEUTICALS LIMITED,","INDIA","MACLEODS PHARMACEUTICALS LIMITED, INDIA","WESSEX PHARMACEUTICALS (RWANDA) LTD","2024-01-08","2029-01-07","valid","Rwanda FDA - Registered Pharmaceutical Products July 2026","https://rwandafda.gov.rw/register/monitoring_preview_register"
"1791","Rwanda FDA-HMP-MA-0782","NYSTATIN VAGINAL TABLETS USP 1,00,000 IU","Nystatin 100,000 IU","100,000 IU","Vaginal Tablets","1 x 14 tablets","36 Months","AURA LIFECARE PVT. LTD,","INDIA","AURA LIFECARE PVT. LTD","SUN ENTERPRISES LTD","2024-01-08","2029-01-07","valid","Rwanda FDA - Registered Pharmaceutical Products July 2026","https://rwandafda.gov.rw/register/monitoring_preview_register"
"1792","Rwanda FDA-HMP-MA-0789","OLIGOCARE TABLETS","L-Carnitine Tartrate 50mg, L-Arginine USP 10mg, L- Glutathione BP 2.5mg, Zinc Sulphate Monohydrate USP 7.5mg, Sodium Selenate Anhydrous 100 mcg, Ferrous Fumarate BP 5 mg, Copper Sulphate Pentahydrate USP 3.929 mg, Copper Sulphate (In House Dried) 2.795 mg, Manganese Sulphate Monohydrate USP 2 mg, Folic Acid BP 250 mcg, Thiamine Nitrate BP 5 mg, Pyridoxine Hydrochloride BP 5 mg, Siberian Ginseng Extract 10 mg, Vitamin E Acetate 12.5 mg, Vitamin C, 75 mg eq.78.125 mg, Vitamin A Acetate BP 1250 IU, Methylcobalamin 750 mcg, and Lycopene 6% Beadlets 2 mg","50mg, 10mg, 2.5mg, 7.5mg, 100 mcg, 5 mg, 3.929 mg, 2.795 mg, 2 mg, 250 mcg, 5 mg, 5 mg, 10 mg, 12.5 mg, 75 mg, 1250 IU, 750 mcg, 6% and 2 mg","Film coated tablets","30 Tablets","24 Months","MEYER ORGANICS PVT. LTD.,","INDIA","MEYER ORGANICS PVT. LTD","SUN ENTERPRISES LTD","2024-01-08","2029-01-07","valid","Rwanda FDA - Registered Pharmaceutical Products July 2026","https://rwandafda.gov.rw/register/monitoring_preview_register"
"1793","Rwanda FDA-HMP-MA-0749","PACLITAXEL","Paclitaxel 6mg per 1ml (300mg per 50ml)","300mg/50ml","Solution for infusion","1 glass vial of 50ml","36 Months","FAREVA UNTERACH GmbH,","Austria","SANDOZ GmbH, KUNDL","SURGIPHARM (RWANDA) LTD","2024-01-08","2029-01-07","valid","Rwanda FDA - Registered Pharmaceutical Products July 2026","https://rwandafda.gov.rw/register/monitoring_preview_register"
"1794","Rwanda FDA-HMP-MA-0781","POLYGYNAX","Neomycin sulphate, Polymyxin B sulphate, Nystatin, 35 000/ 35 000/ 100 000 IU","35 000/ 35 000/ 100 000 IU","Vaginal capsules","","24 Months","INNOTHERA CHOUZY,","FRANCE","LABORATOIRE INNOTECH INTERNATIONAL","DEPOT PHARMACEUTIQUE LE MEDICAL","2024-01-08","2029-01-07","valid","Rwanda FDA - Registered Pharmaceutical Products July 2026","https://rwandafda.gov.rw/register/monitoring_preview_register"
"1795","Rwanda FDA-HMP-MA-0799","PROPANE TABLETS","Propranolol Hydrochloride BP 40 mg","40 mg","Film coated tablets","10x10 tablets","36 Months","AGOG PHARMA LTD,","INDIA","AGOG PHARMA LTD, INDIA","SUN ENTERPRISES LTD","2024-01-08","2029-01-07","valid","Rwanda FDA - Registered Pharmaceutical Products July 2026","https://rwandafda.gov.rw/register/monitoring_preview_register"
"1796","Rwanda FDA-HMP-MA-0729","SUPER WELGRA","Sildenafil citrate USP 100 mg and Dapoxetine Hydrochloride 60 mg","100 mg and 60 mg","Film coated tablets","4 Tablets","36 Months","AKUMS DRUGS & PHARMACEUTICALS LTD,","INDIA","UNOSOURCE PHARMA LTD, INDIA","ABACUS PHARMA(A) LTD","2024-01-08","2029-01-07","valid","Rwanda FDA - Registered Pharmaceutical Products July 2026","https://rwandafda.gov.rw/register/monitoring_preview_register"
"1797","Rwanda FDA-HMP-MA-0803","TRAMAPA FORT 75MG/650MG","Tramadol hydrochloride 75mg and Paracetamol 650mg","75mg and 650mg","Tablets","Box of 20 tablets","36 months","FERRER INTERNACIONAL, S.A.","SPAIN","FERRER INTERNATIONAL, S.A.","GOMHS LTD","2024-01-08","2029-01-07","valid","Rwanda FDA - Registered Pharmaceutical Products July 2026","https://rwandafda.gov.rw/register/monitoring_preview_register"
"1798","Rwanda FDA-HMP-MA-0731","XERIN","Levocetirizine Hydrochloride 5mg and Montelukast Sodium USP 10 mg","5mg and 10 mg","Film coated tablets","10 x 10 Tablets","36 Months","AKUMS DRUGS & PHARMACEUTICALS LTD,","INDIA","UNOSOURCE PHARMA LTD, INDIA","ABACUS PHARMA(A) LTD","2024-01-08","2029-01-07","valid","Rwanda FDA - Registered Pharmaceutical Products July 2026","https://rwandafda.gov.rw/register/monitoring_preview_register"
"1799","Rwanda FDA-HMP-MA-0801","YASMIN, FILM-COATED TABLETS, 0.03MG/3MG","Each film-coated tablet contains 0.030 mg ethinylestradiol and 3 mg drospirenone","0.030 mg and 3 mg","Film coated tablets","21 Tablets","36 Months","BAYER AG,","GERMANY","BAYER EAST AFRICA LIMITED","SURGIPHARM (RWANDA) LTD","2024-01-08","2029-01-07","valid","Rwanda FDA - Registered Pharmaceutical Products July 2026","https://rwandafda.gov.rw/register/monitoring_preview_register"
"1800","Rwanda FDA-HMP-MA-0387","Zalain 300 mg ovule","Each ovule contains 300mg of sertaconazole nitrate","300mg","Ovule","One ovule","60 months,","FERRER INTERNACIONAL, S.A.,","SPAIN","FERRER INTERNACIONAL, S.A., SPAIN","GOMHS LIMITED","2024-01-08","2029-01-07","valid","Rwanda FDA - Registered Pharmaceutical Products July 2026","https://rwandafda.gov.rw/register/monitoring_preview_register"
"1801","Rwanda FDA-HMP-MA-0748","ZEPIN-200","Carbamazepine BP 200 mg","200 mg","Uncoated tablets","10 x 10 Tablets","36 Months","AGOG PHARMA LTD,","INDIA","AGOG PHARMA LTD, INDIA","SUN ENTERPRISES LTD","2024-01-08","2029-01-07","valid","Rwanda FDA - Registered Pharmaceutical Products July 2026","https://rwandafda.gov.rw/register/monitoring_preview_register"
"1802","Rwanda FDA-HMP-MA-0743","AMITRYP-25","Amitriptyline HCl 25mg","25mg","Film coated tablets","10x10 Tablets","36 Months","LINCOLN PHARMACEUTICALS LIMITED;","INDIA","LINCOLN PHARMACEUTICALS LIMITED","ABACUS PHARMA (A) LTD","2024-01-05","2029-01-04","valid","Rwanda FDA - Registered Pharmaceutical Products July 2026","https://rwandafda.gov.rw/register/monitoring_preview_register"
"1803","Rwanda FDA-HMP-MA-0737","BECOACTIN TABLET","Cyproheptadine Hydrochloride U.S.P. 4 mg (anhydrous), Vitamin B1 (as Thiamine Nitrate B.P.) 2 mg, Vitamin B2 (as Riboflavin B.P.) 0.5 mg, Vitamin B6 (as Pyridoxine Hydrochloride B.P.) 1 mg, Nicotinamide B.P 10 mg, Vitamin B12 1 mcg, Glycine B.P. 40 mg, Elemental Iron (as Ferrous Fumarate B.P.) 8 mg, Elemental Zinc 6 mg (as Zinc Sulphate Monohydrate U.S.P.)","4 mg, 2 mg, 0.5 mg, 1 mg, 10 mg, 1 mcg, 40 mg, 8 mg, 6 mg","Sugar coated tablets","","24 Months","MEYER ORGANICS PRIVATE LIMITED,","INDIA","MEYER ORGANICS PRIVATE LIMITED, INDIA","SUN ENTERPRISES LTD","2024-01-05","2029-01-04","valid","Rwanda FDA - Registered Pharmaceutical Products July 2026","https://rwandafda.gov.rw/register/monitoring_preview_register"
"1804","Rwanda FDA-HMP-MA-0738","CANDID V6","Clotrimazole 100mg","100mg","Vaginal uncoated tablet","6 Tablets","48 Months","GLENMARK PHARMACEUTICALS LTD,","INDIA","GLENMARK PHARMACEUTICALS LTD","WESSEX PHARMACEUTICAL (RWANDA) LTD","2024-01-05","2029-01-04","valid","Rwanda FDA - Registered Pharmaceutical Products July 2026","https://rwandafda.gov.rw/register/monitoring_preview_register"
"1805","Rwanda FDA-HMP-MA-0809","CLARIWIN 500","Clarithromycin 500mg","500mg","Film coated tablets","10 Tablets","36 Months","MICRO LABS LIMITED,","INDIA","MICRO LABS LIMITED","WESSEX PHARMACEUTICALS (RWANDA) LTD","2024-01-05","2029-01-04","valid","Rwanda FDA - Registered Pharmaceutical Products July 2026","https://rwandafda.gov.rw/register/monitoring_preview_register"
"1806","Rwanda FDA-HMP-MA-0742","DURART 600","Darunavir Ethanolate 600mg","600mg","Film coated tablets","60 Tablets","36 Months","MYLAN LABORATORIES LIMITED,","INDIA","MYLAN LABORATORIES LIMITED, INDIA","PYRAMID PHARMA LIMITED","2024-01-05","2029-01-04","valid","Rwanda FDA - Registered Pharmaceutical Products July 2026","https://rwandafda.gov.rw/register/monitoring_preview_register"
"1807","Rwanda FDA-HMP-MA-0769","FARIN- 5","Warfarin Tablets BP 5 mg","5 mg","Uncoated tablets","","36 Months","AGOG PHARMA LTD,","INDIA","AGOG PHARMA LTD, INDIA","SUN ENTERPRISES LTD","2024-01-05","2029-01-04","valid","Rwanda FDA - Registered Pharmaceutical Products July 2026","https://rwandafda.gov.rw/register/monitoring_preview_register"
"1808","Rwanda FDA-HMP-MA-0768","FECK","Aceclofenac Tablets 100 mg","100 mg","Film coated tablets","","36 Months","ZIM LABORATORIES LIMITED,","INDIA","ZIM LABORATORIES LIMITED, INDIA","SUN ENTERPRISES LTD","2024-01-05","2029-01-04","valid","Rwanda FDA - Registered Pharmaceutical Products July 2026","https://rwandafda.gov.rw/register/monitoring_preview_register"
"1809","Rwanda FDA-HMP-MA-0773","FENTANYL TRANSDERMAL PATCHES","Fentanyl 100mcg","100mcg","Transdermal Patch","5 transdermal patches of fentanyl are","24 Months","HEXAL AG,","GERMANY","SANDOZ GmbH, Kundl","SURGIPHARM (RWANDA) LTD","2024-01-05","2029-01-04","valid","Rwanda FDA - Registered Pharmaceutical Products July 2026","https://rwandafda.gov.rw/register/monitoring_preview_register"
"1810","Rwanda FDA-HMP-MA-0741","FERVEX SUGAR FREE","Paracetamol 500mg, Ascorbic acid (Vitamin C) 200mg and Pheniramine 25mg","500mg, 200mg and 25mg","Granulated oral powder","8 sachets","36 Months","UPSA SAS,","FRANCE","PROPHARMED INTERNATIONAL","KIPHARMA LTD","2024-01-05","2029-01-04","valid","Rwanda FDA - Registered Pharmaceutical Products July 2026","https://rwandafda.gov.rw/register/monitoring_preview_register"
"1811","Rwanda FDA-HMP-MA-0730","FEXOGLOB 120","Fexofenadine Hydrochloride USP 120 mg tablets","120 mg","Film coated tablets","10 Tablets","36 Months","GLOBELA PHARMA PVT. LIMITED,","INDIA","GLOBELA PHARMA PVT. LIMITED, INDIA","AFRIPHARM LTD","2024-01-05","2029-01-04","valid","Rwanda FDA - Registered Pharmaceutical Products July 2026","https://rwandafda.gov.rw/register/monitoring_preview_register"
"1812","Rwanda FDA-HMP-MA-0794","HELMINTOX 250MG","Pyrantel embonate 250mg","250mg","Film-coated tablets","3 tablets","36 Months","INNOTHERA CHOUZY,","FRANCE","LABORATOIRE INNOTECH INTERNATIONAL","DEPOT PHARMACEUTIQUE LE MEDICAL","2024-01-05","2029-01-04","valid","Rwanda FDA - Registered Pharmaceutical Products July 2026","https://rwandafda.gov.rw/register/monitoring_preview_register"
"1813","Rwanda FDA-HMP-MA-0735","HISTALIN COUGH EXPECTORANT","Chlorpheniramine Maleate BP 1.0mg, Promethazine HCl BP 2.5mg, Diphenhydramine HCl BP 5.0mg, Ephedrine HCl BP 7.5mg, Ammonium Chloride BP 90.0mg, Sodium Citrate BP 45.0mg","1.0mg, 2.5mg, 5.0mg, 7.5mg, 90.0mg, 45.0mg","Viscous free flowing liquid","60ml Bottle","36 Months","REGAL PHARMACEUTICALS LTD,","KENYA","REGAL PHARMACEUTICALS LTD, KENYA","ABACUS PHARMA (RWANDA) LTD","2024-01-05","2029-01-04","valid","Rwanda FDA - Registered Pharmaceutical Products July 2026","https://rwandafda.gov.rw/register/monitoring_preview_register"
"1814","Rwanda FDA-HMP-MA-0751","POLYGYNAX VIRGO","Neomycin sulfate 35 000 I.U., Polymyxin B sulfate 35 000 I.U., Nystatin 100 000 I.U.","35 000 I.U., 35 000 I.U., 100 000 I.U.","Vaginal capsules","6 capsules","24 Months","INNOTHERA CHOUZY,","FRANCE","LABORATOIRE INNOTECH INTERNATIONAL","DEPOT PHARMACEUTIQUE LE MEDICAL","2024-01-05","2029-01-04","valid","Rwanda FDA - Registered Pharmaceutical Products July 2026","https://rwandafda.gov.rw/register/monitoring_preview_register"
"1815","Rwanda FDA-HMP-MA-0795","PROFEN 200MG","Ibuprofen BP 200mg","200mg","Film-coated tablets","","36 Months","LABORATORY & ALLIED LTD,","KENYA","LABORATORY & ALLIED LTD","DEPOT PHARMACEUTIQUE LE MEDICAL","2024-01-05","2029-01-04","valid","Rwanda FDA - Registered Pharmaceutical Products July 2026","https://rwandafda.gov.rw/register/monitoring_preview_register"
"1816","Rwanda FDA-HMP-MA-0774","RELCER GEL","Aluminium Hydroxide Gel USP 365 mg Magnesium Hydroxide Paste USP 80 mg; Simethicone USP 100 mg and Deglycyrrhizinated Liquoride 400 mg","365 mg, 80 mg, 100 mg and 400 mg","Oral Suspension","100/180ml Bottles","48 Months","GLENMARK PHARMACEUTICALS LTD,","INDIA","GLENMARK PHARMACEUTICALS LTD","WESSEX PHARMACEUTICAL (RWANDA) LTD","2024-01-05","2029-01-04","valid","Rwanda FDA - Registered Pharmaceutical Products July 2026","https://rwandafda.gov.rw/register/monitoring_preview_register"
"1817","Rwanda FDA-HBP-MA-0108","RILAST 100","Rituximab 100mg/10 mL","100mg/10 mL","Concentrate for solution for injection","10 ml vial","30 Months","HETERO BIOPHARMA LIMITED;","INDIA","M/S Hetero Biopharma Limited, India","Vine Pharma LimiteD","2024-01-05","2029-01-04","valid","Rwanda FDA - Registered Pharmaceutical Products July 2026","https://rwandafda.gov.rw/register/monitoring_preview_register"
"1818","Rwanda FDA-HBP-MA-0107","RILAST 500","Rituximab 500mg/50 mL","500mg/50 mL","Concentrate for solution for injection","50 ml vial","30 Months","HETERO BIOPHARMA LIMITED;","INDIA","M/S Hetero Biopharma Limited, India","Vine Pharma LimiteD","2024-01-05","2029-01-04","valid","Rwanda FDA - Registered Pharmaceutical Products July 2026","https://rwandafda.gov.rw/register/monitoring_preview_register"
"1819","Rwanda FDA-HMP-MA-0771","TRAMADIS 100MG/2ML","Tramadol hydrochloride 100mg/2ml","100mg/2ml","Liquid Injectable Solution","5 Ampoules","48 Months","LES LABORATOIRES MEDIS,","TUNISIA","LES LABORATOIRES MEDIS, TUNISIA","KIPHARMA LTD","2024-01-05","2029-01-04","valid","Rwanda FDA - Registered Pharmaceutical Products July 2026","https://rwandafda.gov.rw/register/monitoring_preview_register"
"1820","Rwanda FDA-HMP-MA-0772","URYDOS-8","Silodosin Capsules 8 mg","8 mg","Hard gelatin capsule","","24 Months","MICRO LABS LIMITED,","INDIA","MICRO LABS LIMITED","WESSEX PHARMACEUTICALS (RWANDA) LTD","2024-01-05","2029-01-04","valid","Rwanda FDA - Registered Pharmaceutical Products July 2026","https://rwandafda.gov.rw/register/monitoring_preview_register"
"1821","Rwanda FDA-HMP-MA-0707","ABTOL","Mannitol 20% w/v","20% w/v","Solution","100ml Bottles","36 Months","ABACUS PARENTERAL DRUGS LTD (APDL),","UGANDA","ABACUS PARENTERAL DRUGS LTD (APDL)","ABACUS PHARMA (A) LTD","2023-12-30","2028-12-29","valid","Rwanda FDA - Registered Pharmaceutical Products July 2026","https://rwandafda.gov.rw/register/monitoring_preview_register"
"1822","Rwanda FDA-HBP-MA-0103","ADSORBED TETANUS VACCINE B.P TETANUS TOXOID 1 DOSE","Tetanus Toxoid, Each single 0.5 ml human dose contains: Tetanus Toxoid ?5 Lf (? 40 IU) Adsorbed onto Aluminium Phosphate, Al3+? 1.25 mg 0.5ml/1 dose","? 40 IU, +? 1.25 mg 0.5ml/1 dose","Suspension for Injection","1 blister containing 10 ampoules","36 Months","SERUM INSTITUTE OF INDIA PRIVATE LIMITED,","INDIA","SERUM INSTITUTE OF INDIA LTD, INDIA","SUN ENTERPRISE LTD","2023-12-30","2028-12-29","valid","Rwanda FDA - Registered Pharmaceutical Products July 2026","https://rwandafda.gov.rw/register/monitoring_preview_register"
"1823","Rwanda FDA-HMP-MA-0761","ALDAZ-400","Albendazole, 400 mg","400 mg","Chewable uncoated tablets","","36 Months","ZIM LABORATORIES LIMITED,","INDIA","ZIM LABORATORIES LIMITED, INDIA","SUN ENTERPRISES LTD","2023-12-30","2028-12-29","valid","Rwanda FDA - Registered Pharmaceutical Products July 2026","https://rwandafda.gov.rw/register/monitoring_preview_register"
"1824","Rwanda FDA-HMP-MA-0758","AMLOZAAR","Amlodipine 50mg and Losartan potassium 50 mg","50mg and 50 mg","Film coated tablets","","36 Months","MICRO LABS LIMITED,","INDIA","MICRO LABS LIMITED","WESSEX PHARMACEUTICALS (RWANDA) LTD","2023-12-30","2028-12-29","valid","Rwanda FDA - Registered Pharmaceutical Products July 2026","https://rwandafda.gov.rw/register/monitoring_preview_register"
"1825","Rwanda FDA-HMP-MA-0697","BACTOX 125MG/5ML","Amoxicillin Trihydrate 125 mg/5ml","125 mg/5ml","Powder for oral suspension","60 ml Bottle","36 Months","SANDOZ GmbH, KUNDL,","AUSTRIA","LABORATOIRE INNOTECH INTERNATIONAL, FRANCE","MEDIASOL PHARMACEUTICAL DEPOT LTD","2023-12-30","2028-12-29","valid","Rwanda FDA - Registered Pharmaceutical Products July 2026","https://rwandafda.gov.rw/register/monitoring_preview_register"
"1826","Rwanda FDA-HMP-MA-0698","BACTOX 500MG/5ML","Amoxicillin Trihydrate 500 mg/5ml","500 mg/5ml","Powder for oral suspension","60 ml Bottle","36 Months","SANDOZ GmbH, KUNDL,","AUSTRIA","LABORATOIRE INNOTECH INTERNATIONAL, FRANCE","MEDIASOL PHARMACEUTICAL DEPOT LTD","2023-12-30","2028-12-29","valid","Rwanda FDA - Registered Pharmaceutical Products July 2026","https://rwandafda.gov.rw/register/monitoring_preview_register"
"1827","Rwanda FDA-HMP-MA-0691","BECOACTIN SYRUP 200ML","Cyproheptadine Hydrochloride USP/ Thiamine Hydrochloride BP/Riboflavin BP/ Pyridoxine Hydrochloride BP/ Niacinamide BP (Nicotinamide)/ Cyanocobalamin BP, (2 mg/1 mg/ 0.5 mg/0.5 mg/10 mg/1 mcg)","2 mg/1 mg/ 0.5 mg/0.5 mg/10 mg/1 mcg","Syrup","200ml Bottle","24 Months","MEYER ORGANICS PVT. LTD,","INDIA","MEYER ORGANICS PVT LTD","SUN ENTERPRISES LTD","2023-12-30","2028-12-29","valid","Rwanda FDA - Registered Pharmaceutical Products July 2026","https://rwandafda.gov.rw/register/monitoring_preview_register"
"1828","Rwanda FDA-HMP-MA-0776","BETAPYN TABLETS","Paracetamol 450mg, caffeine 50mg, Codeine phosphate 10mg and Doxylamine succinate 5mg","450mg, 50mg, 10mg and 5mg","Tablets","18 tablets","24 Months","ADCOCK INGRAM LIMITED (INDIA) 49,","INDIA","ADCOCK INGRAM LIMITED, SOUTH AFRICA","SURGIPHARM (RWANDA) LTD","2023-12-30","2028-12-29","valid","Rwanda FDA - Registered Pharmaceutical Products July 2026","https://rwandafda.gov.rw/register/monitoring_preview_register"
"1829","Rwanda FDA-HBP-MA-0104","BINOCRIT 4000IU/0.4ML","Epoetin alfa 4000IU per 0.4ml","4000IU per 0.4ml","Sterile solution for injection","1 and 6 in pre-filled syringes","24 Months","IDT BIOLOGIKA GmbH,","GERMANY","SANDOZ PHARMACEUTICALS D.D.","SURGIPHARM (RWANDA) LTD","2023-12-30","2028-12-29","valid","Rwanda FDA - Registered Pharmaceutical Products July 2026","https://rwandafda.gov.rw/register/monitoring_preview_register"
"1830","Rwanda FDA-HBP-MA-0110","BINOCRIT 8000IU/0.8ML","Epoetin alfa 8000IU per 0.8ml","8000IU/0.8ML","Solution for injection","6 syringes","24 Months","IDT BIOLOGIKA GmbH,","GERMANY","SANDOZ PHARMACEUTICALS D.D., SLOVENIA","SURGIPHARM (RWANDA) LTD","2023-12-30","2028-12-29","valid","Rwanda FDA - Registered Pharmaceutical Products July 2026","https://rwandafda.gov.rw/register/monitoring_preview_register"
"1831","Rwanda FDA-HMP-MA- 0765","CEFAZIM-DS","Cefixime Trihydrate 100mg/5ml","100mg/5ml","Powder granules when reconstituted it gives light orange coloured suspension","30 mL Bottle","24 Months","ZIM LABORATORIES LIMITED,","INDIA","ZIM LABORATORIES LIMITED, INDIA","SUN ENTERPRISES LTD","2023-12-30","2028-12-29","valid","Rwanda FDA - Registered Pharmaceutical Products July 2026","https://rwandafda.gov.rw/register/monitoring_preview_register"
"1832","Rwanda FDA-HMP-MA-0764","CLARIZIM-500","Clarithromycin Tablets USP 500 mg","500 mg","Film coated tablets","10x1x4 Tablets","36 Months","ZIM LABORATORIES LIMITED,","INDIA","ZIM LABORATORIES LIMITED, INDIA","SUN ENTERPRISES LTD","2023-12-30","2028-12-29","valid","Rwanda FDA - Registered Pharmaceutical Products July 2026","https://rwandafda.gov.rw/register/monitoring_preview_register"
"1833","Rwanda FDA-HMP-MA-0763","DAPZIN 10-M","Dapagliflozin 10mg and Extended-Release Metformin Hydrochloride USP 500mg","10mg and 500mg","Film coated tablets","","24 Months","MICRO LABS LIMITED,","INDIA","MICRO LABS LIMITED","WESSEX PHARMACEUTICALS (RWANDA) LTD","2023-12-30","2028-12-29","valid","Rwanda FDA - Registered Pharmaceutical Products July 2026","https://rwandafda.gov.rw/register/monitoring_preview_register"
"1834","Rwanda FDA-HMP-MA-0762","DAPZIN 5-M","Dapagliflozin 5mg and Extended-Release Metformin Hydrochloride USP 500mg","5mg and 500mg","Film coated tablets","","24 Months","MICRO LABS LIMITED,","INDIA","MICRO LABS LIMITED","WESSEX PHARMACEUTICALS (RWANDA) LTD","2023-12-30","2028-12-29","valid","Rwanda FDA - Registered Pharmaceutical Products July 2026","https://rwandafda.gov.rw/register/monitoring_preview_register"
"1835","Rwanda FDA-HMP-MA-0692","DOLOWIN-PLUS","Aceclofenac 100mg and Paracetamol 500mg","100mg and 500mg","Film-coated tablets","","36 Months","MICRO LABS LIMITED,","INDIA","MICRO LABS LIMITED","WESSEX PHARMACEUTICALS (RWANDA) LTD","2023-12-30","2028-12-29","valid","Rwanda FDA - Registered Pharmaceutical Products July 2026","https://rwandafda.gov.rw/register/monitoring_preview_register"
"1836","Rwanda FDA-HMP-MA-0767","DOLOWIN-SR","Aceclofenac 200mg","200mg","Film-coated sustained release tablets","","36 Months","MICRO LABS LIMITED,","INDIA","MICRO LABS LIMITED","WESSEX PHARMACEUTICALS (RWANDA) LTD","2023-12-30","2028-12-29","valid","Rwanda FDA - Registered Pharmaceutical Products July 2026","https://rwandafda.gov.rw/register/monitoring_preview_register"
"1837","Rwanda FDA-HMP-MA-0689","EVATOCIN","Oxytocin 5 I.U./ ml","5 I.U./ ml","Solution for Injection","2x5 ampoules","24 Months","M/S NEON LABORATORIES LIMITED,","INDIA","M/S NEON LABORATORIES LIMITED, INDIA","SUN ENTERPRISES LTD","2023-12-30","2028-12-29","valid","Rwanda FDA - Registered Pharmaceutical Products July 2026","https://rwandafda.gov.rw/register/monitoring_preview_register"
"1838","Rwanda FDA-HMP-MA-0700","EXXIB TABLET","Celecoxib 200mg","200mg","Tablets","10 Tablets","36 Months","GRACURE PHARMACEUTICALS LIMITED,","INDIA","EXPHAR S.A, BELGIUM","H&H PHARMA LTD","2023-12-30","2028-12-29","valid","Rwanda FDA - Registered Pharmaceutical Products July 2026","https://rwandafda.gov.rw/register/monitoring_preview_register"
"1839","Rwanda FDA-HMP-MA-0709","GABAZIM 300","Gabapentin 300mg","300mg","Hard gelatin capsules","","24 Months","ZIM LABORATORIES LIMITED,","INDIA","ZIM LABORATORIES LIMITED, INDIA","SUN ENTERPRISES LTD","2023-12-30","2028-12-29","valid","Rwanda FDA - Registered Pharmaceutical Products July 2026","https://rwandafda.gov.rw/register/monitoring_preview_register"
"1840","Rwanda FDA-HMP-MA-0497","KETESSE 25MG","Dexketoprofen Trametamol, 25mg","25mg","Film coated tablets","4 Tablets and 20 Tablets","24 Months","","SPAIN AND ITALY","MENARINI INTERNATIONAL OPERATIONS LUXEMBOURGS S.A","PRAFIN RWANDA LTD","2023-12-30","2028-12-29","valid","Rwanda FDA - Registered Pharmaceutical Products July 2026","https://rwandafda.gov.rw/register/monitoring_preview_register"
"1841","Rwanda FDA-HMP-MA-0714","LAZAIN 25","Chlorpromazine injection BP 25mg/ml","25mg/ml","Liquid injection","10 x 2 ml ampoules","36 Months","KWALITY PHARMACEUTICALS LTD,","INDIA","SUN ENTERPRISES LTD, RWANDA","SUN ENTERPRISES LTD","2023-12-30","2028-12-29","valid","Rwanda FDA - Registered Pharmaceutical Products July 2026","https://rwandafda.gov.rw/register/monitoring_preview_register"
"1842","Rwanda FDA-HMP-MA-0695","LUCIN CREAM","Hydrocortisone, 1%w/w","1%w/w","Cream","15gm Tube","36 Months","REGAL PHARMACEUTICALS LIMITED,","KENYA","REGAL PHARMACEUTICALS LIMITED","ABACUS PHARMA (A) LTD","2023-12-30","2028-12-29","valid","Rwanda FDA - Registered Pharmaceutical Products July 2026","https://rwandafda.gov.rw/register/monitoring_preview_register"
"1843","Rwanda FDA-HMP-MA-0713","LYDIA POSTIL","Levonorgestrel, 1.5mg","1.5mg","Tablets","1 Tablet","24 Months","NAARI PHARMA PRIVATE LIMITED,","INDIA","NAARI PHARMA PRIVATE LIMITED","CROWN HEALTHCARE (R) LTD","2023-12-30","2028-12-29","valid","Rwanda FDA - Registered Pharmaceutical Products July 2026","https://rwandafda.gov.rw/register/monitoring_preview_register"
"1844","Rwanda FDA-HMP-MA-0711","MACLAR 500","Clarithromycin tablets USP 500 mg","500 mg","Film coated tablets","","24 Months","Glenmark Pharmaceuticals Limited,","INDIA","GLENMARK PHARMACEUTICALS LTD","WESSEX PHARMACEUTICALS (RWANDA) LTD","2023-12-30","2028-12-29","valid","Rwanda FDA - Registered Pharmaceutical Products July 2026","https://rwandafda.gov.rw/register/monitoring_preview_register"
"1845","Rwanda FDA-HMP-MA-0754","MIPRAM","Imipramine tablets BP 25mg","25mg","Sugar-coated tablets","100 tablets","36 Months","AGOG PHARMA LTD,","INDIA","AGOG PHARMA LTD, INDIA","SUN ENTERPRISES LTD","2023-12-30","2028-12-29","valid","Rwanda FDA - Registered Pharmaceutical Products July 2026","https://rwandafda.gov.rw/register/monitoring_preview_register"
"1846","Rwanda FDA-HMP-MA-0703","NUSAR-H","Losartan potassium USP 50mg & Hydrochlorothiazide BP. 12.5mg","50mg & 12.5mg","Film coated tablets","3X10 tablets","36 Months","EMCURE PHARMACEUTICALS LTD,","INDIA","EMCURE PHARMACEUTICALS LTD, INDIA","ABACUS PHARMA (A) LTD","2023-12-30","2028-12-29","valid","Rwanda FDA - Registered Pharmaceutical Products July 2026","https://rwandafda.gov.rw/register/monitoring_preview_register"
"1847","Rwanda FDA-HMP-MA-0696","PRAZIM 20MG","Omeprazole 20 mg","20 mg","Hard gelatin capsules","","36 Months","ZIM LABORATORIES LIMITED,","INDIA","ZIM LABORATORIES LIMITED, INDIA","SUN ENTERPRISES LTD","2023-12-30","2028-12-29","valid","Rwanda FDA - Registered Pharmaceutical Products July 2026","https://rwandafda.gov.rw/register/monitoring_preview_register"
"1848","Rwanda FDA-HMP-MA-0757","RALEF 60","Etoricoxib Tablets 60 mg","60 mg","Film coated tablets","7 tablets","24 Months","AJANTA PHARMA LIMITED,","INDIA","AJANTA PHARMA LIMITED, INDIA","ABACUS PHARMA (A) LTD","2023-12-30","2028-12-29","valid","Rwanda FDA - Registered Pharmaceutical Products July 2026","https://rwandafda.gov.rw/register/monitoring_preview_register"
"1849","Rwanda FDA-HMP-MA-0708","RANEXA 750MG","Ranolazine 750 mg","750 mg","Tablets","60 Tablets","24 Months","MENARINI -VON HEYDEN GmbH,","GERMANY","MENARINI INTERNATIONAL OPERATIONAL LUXEMBOURG S.A","","2023-12-30","2028-12-29","valid","Rwanda FDA - Registered Pharmaceutical Products July 2026","https://rwandafda.gov.rw/register/monitoring_preview_register"
"1850","Rwanda FDA-HMP-MA-0752","RHEUMAC TABLETS","Diclofenac Sodium 50mg","50mg","Film coated tablets","","36 Months","LABORATORY & ALLIED LTD,","KENYA","LABORATORY & ALLIED LTD, KENYA","DEPOT PHARMACEUTIQUE LE MEDICAL","2023-12-30","2028-12-29","valid","Rwanda FDA - Registered Pharmaceutical Products July 2026","https://rwandafda.gov.rw/register/monitoring_preview_register"
"1851","Rwanda FDA-HMP-MA-0699","TRAMAZIM","Tramadol BP 50 mg","50 mg","Hard gelatin capsules","","36 Months","ZIM LABORATORIES LIMITED,","INDIA","ZIM LABORATORIES LIMITED, INDIA","SUN ENTERPRISES LTD","2023-12-30","2028-12-29","valid","Rwanda FDA - Registered Pharmaceutical Products July 2026","https://rwandafda.gov.rw/register/monitoring_preview_register"
"1852","Rwanda FDA-HMP-MA- 0766","TURBOVAS-20","Rosuvastatin Calcium 20mg","20mg","Film coated tablets","","36 Months","MICRO LABS LIMITED,","INDIA","MICRO LABS LIMITED","WESSEX PHARMACEUTICALS (RWANDA) LTD","2023-12-30","2028-12-29","valid","Rwanda FDA - Registered Pharmaceutical Products July 2026","https://rwandafda.gov.rw/register/monitoring_preview_register"
"1853","Rwanda FDA-HMP-MA-0690","UNITRIM DS TABLETS","Sulfamethoxazole BP 800mg and Trimethoprim BP 160mg","800mg and 160mg","Tablets","","36 Months","REGAL PHARMACEUTICALS LIMITED,","KENYA","REGAL PHARMACEUTICALS LIMITED","ABACUS PHARMA (A) LTD","2023-12-30","2028-12-29","valid","Rwanda FDA - Registered Pharmaceutical Products July 2026","https://rwandafda.gov.rw/register/monitoring_preview_register"
"1854","Rwanda FDA-HMP-MA-0780","URYDOS-4","Silodosin 4 mg","4 mg","Hard gelatin capsules","1x10 capsules","24 Months","MICRO LABS LIMITED,","INDIA","MICRO LABS LIMITED","WESSEX PHARMACEUTICALS (RWANDA) LTD","2023-12-30","2028-12-29","valid","Rwanda FDA - Registered Pharmaceutical Products July 2026","https://rwandafda.gov.rw/register/monitoring_preview_register"
"1855","Rwanda FDA-HMP-MA-0778","VAROXA-10","Rivaroxaban tablets 10 mg","10 mg","Uncoated tablets","3x10 tablets","36 Months","MICRO LABS LIMITED,","INDIA","MICRO LABS LIMITED","WESSEX PHARMACEUTICALS (RWANDA) LTD","2023-12-30","2028-12-29","valid","Rwanda FDA - Registered Pharmaceutical Products July 2026","https://rwandafda.gov.rw/register/monitoring_preview_register"
"1856","Rwanda FDA-HMP-MA-0779","VAROXA-20","Rivaroxaban Tablets 20 mg","20 mg","Film coated tablets","3x10 tablets","36 Months","MICRO LABS LIMITED,","INDIA","MICRO LABS LIMITED","WESSEX PHARMACEUTICALS (RWANDA) LTD","2023-12-30","2028-12-29","valid","Rwanda FDA - Registered Pharmaceutical Products July 2026","https://rwandafda.gov.rw/register/monitoring_preview_register"
"1857","Rwanda FDA-HMP-MA-0705","XBETA","Betamethasone sodium phosphate 0.1% w/v","0.1% w/v","Solution","5ml &10ml Bottles","30 Months","ABACUS PARENTERAL DRUGS LTD (APDL),","UGANDA","ABACUS PARENTERAL DRUGS LTD (APDL)","ABACUS PHARMA (A) LTD","2023-12-30","2028-12-29","valid","Rwanda FDA - Registered Pharmaceutical Products July 2026","https://rwandafda.gov.rw/register/monitoring_preview_register"
"1858","Rwanda FDA-HMP-MA-0706","XBETA N","Betamethasone sodium phosphate 0.1%w/v and Neomycin Sulphate 0.5% w/v","0.1%w/v and 0.5% w/v","Solution","5ml &10ml Bottles","30 Months","ABACUS PARENTERAL DRUGS LTD (APDL),","UGANDA","ABACUS PARENTERAL DRUGS LTD (APDL)","ABACUS PHARMA (A) LTD","2023-12-30","2028-12-29","valid","Rwanda FDA - Registered Pharmaceutical Products July 2026","https://rwandafda.gov.rw/register/monitoring_preview_register"
"1859","Rwanda FDA-HMP-MA-0704","ZITHROCARE 500","Azithromycin dehydrate 500mg","500mg","Film coated tablets","","36 Months","MEYER ORGANICS PVT. LTD,","INDIA","MEYER ORGANICS PVT. LTD","SUN ENTERPRISES LTD","2023-12-30","2028-12-29","valid","Rwanda FDA - Registered Pharmaceutical Products July 2026","https://rwandafda.gov.rw/register/monitoring_preview_register"
"1860","Rwanda FDA-HMP-MA-0777","ZOLEDRA","Zoledronic Acid monohydrate 4.26mg (4mg on Anhydrous)","4mg","Powder for solution for infusion","1 vial of 15ml","24 Months","","TUNISIA","","KIPHARMA LTD","2023-12-30","2028-12-29","valid","Rwanda FDA - Registered Pharmaceutical Products July 2026","https://rwandafda.gov.rw/register/monitoring_preview_register"
"1861","Rwanda FDA-HMP-MA-0687","CEFERO 250","Cefuroxime Axetil (Amorphous) 250mg","250mg","Film coated tablets","1 x 10 Tablets","24 Months","ZIM LABORATORIES LIMITED,","INDIA","ZIM LABORATORIES LIMITED, INDIA","SUN ENTERPRISES LTD","2023-12-15","2028-12-14","valid","Rwanda FDA - Registered Pharmaceutical Products July 2026","https://rwandafda.gov.rw/register/monitoring_preview_register"
"1862","Rwanda FDA-HMP-MA-0685","LAMIVUDINE AND ZIDOVUDINE TABLETS FOR ORAL SUSPENSION 30 MG/60 MG","Lamivudine and Zidovudine 30 mg/60 mg","30 mg/60 mg","Uncoated tablets","","24 Months","CIPLA LIMITED,","INDIA","CIPLA LIMITED, INDIA","PHILLIPS PHARMACEUTICALS RWANDA LTD","2023-12-15","2028-12-14","valid","Rwanda FDA - Registered Pharmaceutical Products July 2026","https://rwandafda.gov.rw/register/monitoring_preview_register"
"1863","Rwanda FDA-HMP-MA-0686","PARDOPA 250MG/25MG","Levodopa BP 250mg, Carbidopa BP equivalent to anhydrous Carbidopa 25mg","250mg, 25mg","Uncoated tablets","","36 Months","MICRO LABS LIMITED,","INDIA","MICRO LABS LIMITED","WESSEX PHARMACEUTICALS (RWANDA) LTD","2023-12-15","2028-12-14","valid","Rwanda FDA - Registered Pharmaceutical Products July 2026","https://rwandafda.gov.rw/register/monitoring_preview_register"
"1864","Rwanda FDA-HMP-MA-0628","AGOMETROL SUSPENSION","Metronidazole benzoate BP 125 mg/5 ml","125 mg/5 ml","Suspension","100 ml Bottle","36 Months","AGOG PHARMA LTD,","INDIA","AGOG PHARMA LTD, INDIA","SUN ENTERPRISES LTD","2023-12-10","2028-12-09","valid","Rwanda FDA - Registered Pharmaceutical Products July 2026","https://rwandafda.gov.rw/register/monitoring_preview_register"
"1865","Rwanda FDA-HMP-MA-0627","AGOPHENOL CAPSULES","Chloramphenicol BP 250 mg","250 mg","Capsules","10 Capsules","36 Months","AGOG PHARMA LTD,","INDIA","AGOG PHARMA LTD, INDIA","SUN ENTERPRISES LTD","2023-12-10","2028-12-09","valid","Rwanda FDA - Registered Pharmaceutical Products July 2026","https://rwandafda.gov.rw/register/monitoring_preview_register"
"1866","Rwanda FDA-HMP-MA-0630","AGOSCAB","Benzyl Benzoate Application BP 25% W/V","25% W/V","Emulsion","100 ml Bottle","36 Months","AGOG PHARMA LTD,","INDIA","AGOG PHARMA LTD, INDIA","SUN ENTERPRISES LTD","2023-12-10","2028-12-09","valid","Rwanda FDA - Registered Pharmaceutical Products July 2026","https://rwandafda.gov.rw/register/monitoring_preview_register"
"1867","Rwanda FDA-HMP-MA-0622","","Montelukast 5 mg","5 mg","Pink chewable tablet","28 tablets","36 Months","","TURKEY AND SWITZERLAND","DAFRA PHARMA GmbH, Switzerland","SUN ENTERPRISES LTD","2023-12-10","2028-12-09","valid","Rwanda FDA - Registered Pharmaceutical Products July 2026","https://rwandafda.gov.rw/register/monitoring_preview_register"
"1868","Rwanda FDA-HMP-MA-0649","AMLODIPINE GP 10","Amlodipine 10mg","10mg","Tablets","60 Tablets","36 Months","FARMALABOR- PRODUTOS FARMACEUTICOS, S.A.","PORTUGAL","GP- GENERICOS PORTUGUESES, LDA","UBIPHARM-RWANDA LTD","2023-12-10","2028-12-09","valid","Rwanda FDA - Registered Pharmaceutical Products July 2026","https://rwandafda.gov.rw/register/monitoring_preview_register"
"1869","Rwanda FDA-HMP-MA-0648","AMLODIPINE GP 5MG","Amlodipine 5mg","5mg","Tablets","60 Tablets","36 Months","FARMALABOR- PRODUTOS FARMACEUTICOS, S.A.","PORTUGAL","GP- GENERICOS PORTUGUESES, LDA","UBIPHARM-RWANDA LTD","2023-12-10","2028-12-09","valid","Rwanda FDA - Registered Pharmaceutical Products July 2026","https://rwandafda.gov.rw/register/monitoring_preview_register"
"1870","Rwanda FDA-HMP-MA-0625","AZINOWEL 500","Azithromycin Dihydrate USP, 500 mg","500 mg","Film Coated Tablets","1X3 tablets","36 Months","AKUMS DRUGS AND PHARMACEUTICALS LTD,","INDIA","UNOSOURCE PHARMA LTD, INDIA","AIVEEN RWANDA LTD","2023-12-10","2028-12-09","valid","Rwanda FDA - Registered Pharmaceutical Products July 2026","https://rwandafda.gov.rw/register/monitoring_preview_register"
"1871","Rwanda FDA-HMP-MA-0681","BACTOX 500","Amoxicillin Trihydrate 500 mg","500 mg","Capsules","12 capsules","24 Months","INNOTHERA CHOUZY,","FRANCE","LABORATOIRE INNOTECH INTERNATIONAL","DEPOT PHARMACEUTIQUE LE MEDICAL","2023-12-10","2028-12-09","valid","Rwanda FDA - Registered Pharmaceutical Products July 2026","https://rwandafda.gov.rw/register/monitoring_preview_register"
"1872","Rwanda FDA-HMP-MA-0624","BI-PRETERAX 10/2.5MG","Perindopril Arginine 10mg & Indapamide 2.5mg","10mg & 2.5mg","Film Coated Tablets","30 Film Coated Tablets","36 Months","SERVIER (IRELAND) INDUSTRIES LTD (SII),","IRELAND","LES LABORATOIRES SERVIER, FRANCE","KIPHARMA LTD","2023-12-10","2028-12-09","valid","Rwanda FDA - Registered Pharmaceutical Products July 2026","https://rwandafda.gov.rw/register/monitoring_preview_register"
"1873","Rwanda FDA-HMP-MA-0684","BROZELIN","Ambroxol Hydrochloride BP 30mg, Salbutamol BP 2mg, Guaiphenesin BP 50mg and Menthol USP 1mg","30mg, 2mg, 50mg and 1mg","Syrup","100ml Bottle","36 Months","M/S THE MADRAS PHARMACEUTICALS,","INDIA","PRISMA PHARMA FZE, U.A.E","PRAFIN (RWANDA) LTD","2023-12-10","2028-12-09","valid","Rwanda FDA - Registered Pharmaceutical Products July 2026","https://rwandafda.gov.rw/register/monitoring_preview_register"
"1874","Rwanda FDA-HMP-MA-0676","CANDID-B CREAM","Clotrimazole USP 1% w/w, Anhydrous Beclometasone Dipropionate BP 0.025% w/w","1% w/w, & 0.025% w/w","Cream","15 g Tube","36 Months","GLENMARK PHARMACEUTICALS LIMITED,","INDIA","GLENMARK PHARMACEUTICALS LTD, INDIA","WESSEX PHARMACEUTICAL (RWANDA) LTD","2023-12-10","2028-12-09","valid","Rwanda FDA - Registered Pharmaceutical Products July 2026","https://rwandafda.gov.rw/register/monitoring_preview_register"
"1875","Rwanda FDA-HMP-MA- 0610","CARDIURINE","Captopril USP 50 mg/Hydrochlorothiazide BP 25 mg","25 mg","Tablets","3X 10 tablets","36 Months","GRACURE PHARMACEUTICALS LIMITED,","INDIA","EXPHAR S.A, BELGIUM","H&H PHARMA LTD","2023-12-10","2028-12-09","valid","Rwanda FDA - Registered Pharmaceutical Products July 2026","https://rwandafda.gov.rw/register/monitoring_preview_register"
"1876","Rwanda FDA-HMP-MA-0623","CEFTAZIDIME AVIBACTAM Pfizer","Ceftazidime pentahydrate 2gr & Avibactam Sodium 0.5gr","2gr & 0.5gr","Powder for concentrate for solution for infusion","10 vials of 20 mL","36 Months","ACS DOBFAR SPA,","ITALY","Pfizer UK LIMITED","GILMED LIMITED","2023-12-10","2028-12-09","valid","Rwanda FDA - Registered Pharmaceutical Products July 2026","https://rwandafda.gov.rw/register/monitoring_preview_register"
"1877","Rwanda FDA-HMP-MA-0651","CINET","Domperidone 1mg/ml","1mg/ml","Suspension","100 ml and 200 ml","36 Months","FARMALABOR-PRODUTOS FARMACEUTICOS, S.A.,","PORTUGAL","","UBIPHARM-RWANDA LTD","2023-12-10","2028-12-09","valid","Rwanda FDA - Registered Pharmaceutical Products July 2026","https://rwandafda.gov.rw/register/monitoring_preview_register"
"1878","Rwanda FDA-HMP-MA-0663","COLCIBID-100","Celecoxib 100 mg","100 mg","Hard gelatin capsules","10X10 capsules","36 Months","ZIM LABORATORIES LIMITED,","INDIA","ZIM LABORATORIES LIMITED","SUN ENTERPRISES LTD","2023-12-10","2028-12-09","valid","Rwanda FDA - Registered Pharmaceutical Products July 2026","https://rwandafda.gov.rw/register/monitoring_preview_register"
"1879","Rwanda FDA-HMP-MA-0661","COLDRIL CAPSULE","Pseudoephedrine 30mg, Paracetamol 500mg, and Chlorpheniramine Maleate 2mg","30mg, 500mg, and 2mg","Hard gelatin capsules","2X10 capsules","36 Months","BETA HEALTHCARE INTERNATIONAL LTD,","KENYA","BETA HEALTHCARE INTERNATIONAL LTD","SURGIPHARM (RWANDA) LTD","2023-12-10","2028-12-09","valid","Rwanda FDA - Registered Pharmaceutical Products July 2026","https://rwandafda.gov.rw/register/monitoring_preview_register"
"1880","Rwanda FDA-HMP-MA-0608","DERIVA AQUEOUS GEL","Adapalene 0.1% w/w","0.1% w/w","Gel","Printed aluminum collapsible tube of 15 g","36 Months","GLENMARK PHARMACEUTICALS LIMITED,","INDIA","GLENMARK PHARMACEUTICALS LTD, INDIA","WESSEX PHARMACEUTICALS (RWANDA) LTD","2023-12-10","2028-12-09","valid","Rwanda FDA - Registered Pharmaceutical Products July 2026","https://rwandafda.gov.rw/register/monitoring_preview_register"
"1881","Rwanda FDA-HMP-MA- 0682","DOLOACT GEL","Ketoprofen BP 2.50 % w/w and Capsicum Oleoresin USP 0.25 % w/w","2.50 % w/w and 0.25 % w/w","Gel","30g gel Tube","24 Months","AUROCHEM LABORATORIES (I) PVT LTD,","INDIA","OCHOA LABORATORIES, INDIA","SUN ENTERPRISES LTD","2023-12-10","2028-12-09","valid","Rwanda FDA - Registered Pharmaceutical Products July 2026","https://rwandafda.gov.rw/register/monitoring_preview_register"
"1882","Rwanda FDA-HMP-MA-0680","EASCOF EXPECTORANT","Bromhexine Hydrochloride BP 4 mg, Salbutamol Sulphate BP equivalent to Salbutamol 2mg, Guaifenesin BP 100 mg and Menthol BP 1 mg","4 mg, 2mg, 100 mg and 1 mg","Syrup","100 ml Bottle","24 Months","CACHET PHARMACEUTICALS. PVT. LTD,","INDIA","CACHET PHARMACEUTICALS. PVT. LTD","WESSEX PHARMACEUTICALS (RWANDA) LTD","2023-12-10","2028-12-09","valid","Rwanda FDA - Registered Pharmaceutical Products July 2026","https://rwandafda.gov.rw/register/monitoring_preview_register"
"1883","Rwanda FDA-HMP-MA-0652","ESOFAG-D","Esomeprazole 40mg and Domperidone 30mg","40mg and 30mg","Hard gelatin capsules","","24 Months","MICRO LABS LIMITED,","INDIA","MICRO LABS LIMITED, INDIA","WESSEX PHARMACEUTICALS (RWANDA) LTD","2023-12-10","2028-12-09","valid","Rwanda FDA - Registered Pharmaceutical Products July 2026","https://rwandafda.gov.rw/register/monitoring_preview_register"
"1884","Rwanda FDA-HMP-MA-0683","FEBRILEX SYRUP","5ml syrup contains Paracetamol 125 mg, Dextrometorphan hydrobromide5 mg, Chlorphenamine maleate 1 mg","125 mg, 5 mg, & 1 mg/5ml","Syrup","150 ml Bottle","36 Months","GRACURE PHARMACEUTICALS LIMITED,","INDIA","EXPHAR S.A, BELGIUM","H&H PHARMA LTD","2023-12-10","2028-12-09","valid","Rwanda FDA - Registered Pharmaceutical Products July 2026","https://rwandafda.gov.rw/register/monitoring_preview_register"
"1885","Rwanda FDA-HMP-MA-0642","FLIXONASE AQUEOUS NASAL SPRAY","Fluticasone Propionate (micronized), 0.05 %","0.0005","Nasal spray suspension","1 Bottle","24 Months","GLAXO WELLCOME S.A.,","SPAIN","GLAXOSMITHKLINE PHARMACEUTICAL KENYA LTD","KIPHARMA LTD","2023-12-10","2028-12-09","valid","Rwanda FDA - Registered Pharmaceutical Products July 2026","https://rwandafda.gov.rw/register/monitoring_preview_register"
"1886","Rwanda FDA-HMP-MA-0677","HYDROCHLOROTHIAZIDE TABLETS USP 25MG","Hydrochlorothiazide USP 25 mg","25 mg","Uncoated tablets","10x10 tablets","36 Months","LINCOLN PHARMACEUTICALS LIMITED,","INDIA","LINCOLN PHARMACEUTICALS LIMITED, INDIA","ABACUS PHARMA (A) LTD","2023-12-10","2028-12-09","valid","Rwanda FDA - Registered Pharmaceutical Products July 2026","https://rwandafda.gov.rw/register/monitoring_preview_register"
"1887","Rwanda FDA-HMP-MA-0660","IDEOS","Calcium carbonate 500 mg/Cholecalciferol 400 IU","500 mg/ 400 IU","Chewable tablets","2 or 4 tubes of 15 tablets","24 Months","INNOTHERA CHOUZY,","FRANCE","LABORATOIRE INNOTECH INTERNATIONAL","DEPOT PHARMACEUTIQUE LE MEDICAL","2023-12-10","2028-12-09","valid","Rwanda FDA - Registered Pharmaceutical Products July 2026","https://rwandafda.gov.rw/register/monitoring_preview_register"
"1888","Rwanda FDA-HMP-MA-0659","KEMOXYL FORTE DRY SUSPENSION","Amoxicillin Trihydrate BP 250mg/5ml","250mg/5ml","Dry Powder for Suspension","100 ml Bottle","36 Months","LABORATORY & ALLIED LTD,","KENYA","LABORATORY AND ALLIED LIMITED","DEPOT PHARMACEUTIQUE LE MEDICAL","2023-12-10","2028-12-09","valid","Rwanda FDA - Registered Pharmaceutical Products July 2026","https://rwandafda.gov.rw/register/monitoring_preview_register"
"1889","Rwanda FDA-HMP-MA-0662","LOZISART 50","Losartan Potassium 50 mg","50 mg","Film coated tablets","","36 Months","ZIM LABORATORIES LIMITED,","INDIA","ZIM LABORATORIES LIMITED","SUN ENTERPRISES LTD","2023-12-10","2028-12-09","valid","Rwanda FDA - Registered Pharmaceutical Products July 2026","https://rwandafda.gov.rw/register/monitoring_preview_register"
"1890","Rwanda FDA-HBP-MA-0101","LUPRODEX 3.75","Leuprolide Acetate 3.75 mg","3.75 mg","Lyophilized powder for Injection","5 ml Glass vial","36 months","BHARAT SERUMS AND VACCINES LIMITED,","INDIA","BHARAT SERUMS & VACCINES LTD, INDIA","WESSEX PHARMACEUTICAL (RWANDA) LTD","2023-12-10","2028-12-09","valid","Rwanda FDA - Registered Pharmaceutical Products July 2026","https://rwandafda.gov.rw/register/monitoring_preview_register"
"1891","Rwanda FDA-HMP-MA-0632","MICONAZOLE CREAM","Miconazole Nitrate BP 2 %w/w","2 %w/w","Cream","30 gm Tube","36 Months","AGOG PHARMA LTD,","INDIA","AGOG PHARMA LTD, INDIA","SUN ENTERPRISES LTD","2023-12-10","2028-12-09","valid","Rwanda FDA - Registered Pharmaceutical Products July 2026","https://rwandafda.gov.rw/register/monitoring_preview_register"
"1892","Rwanda FDA-HMP-MA-0621","MUMFER SYRUP (IRON (III)-HYDROXIDE POLYMALTOSE COMPLEX SYRUP)","Each 5 ml contains Iron (III) Hydroxide Polymaltose Complex Equivalent to Elemental Iron 50.000 mg","50.000 mg/5ml","Syrup (oral solution)","150 ml bottle","30 Months","GLENMARK PHARMACEUTICALS LIMITED,","INDIA","GLENMARK PHARMACEUTICALS LTD, INDIA","WESSEX PHARMACEUTICAL (RWANDA) LTD","2023-12-10","2028-12-09","valid","Rwanda FDA - Registered Pharmaceutical Products July 2026","https://rwandafda.gov.rw/register/monitoring_preview_register"
"1893","Rwanda FDA-HMP-MA-0635","NEBILET PLUS","Nebivolol 5mg (as Nebivolol hydrochloride) & hydrochlorothiazide 12.5 mg","5mg & 12.5 mg","Film-coated tablets","","36 Months","BERLIN CHEMIE AG, MENARINI GROUP,","GERMANY","MENARINI INTERNATIONAL OPERATIONS LUXEMBOURG S.A.","PRAFIN RWANDA LTD","2023-12-10","2028-12-09","valid","Rwanda FDA - Registered Pharmaceutical Products July 2026","https://rwandafda.gov.rw/register/monitoring_preview_register"
"1894","Rwanda FDA-HMP-MA- 0552","NEBILONG 2.5","Nebivolol Tablets 2.5mg","2.5mg","Tablets","3 x 10 Tablets.","36 Months","MICRO LABS LIMITED,","INDIA","MICRO LABS LIMITED","WESSEX PHARMACEUTICALS (RWANDA) LTD","2023-12-10","2028-12-09","valid","Rwanda FDA - Registered Pharmaceutical Products July 2026","https://rwandafda.gov.rw/register/monitoring_preview_register"
"1895","Rwanda FDA-HMP-MA-0679","","Norethisterone enantate, 200 mg","200 mg","Solution","100 x 1 ml ampoules","60 Months","Bayer Ag,","GERMANY","BAYER EAST AFRICA LTD","SURGIPHARM (RWANDA) LTD","2023-12-10","2028-12-09","valid","Rwanda FDA - Registered Pharmaceutical Products July 2026","https://rwandafda.gov.rw/register/monitoring_preview_register"
"1896","Rwanda FDA-HMP-MA-0633","ORILAM ODT-50","Lamotrigine USP 50 mg","50 mg","Uncoated tablets","","24 Months","MICRO LABS LIMITED,","INDIA","MICRO LABS LIMITED, INDIA","WESSEX PHARMACEUTICALS (RWANDA) LTD","2023-12-10","2028-12-09","valid","Rwanda FDA - Registered Pharmaceutical Products July 2026","https://rwandafda.gov.rw/register/monitoring_preview_register"
"1897","Rwanda FDA-HMP-MA-0616","PA-12","Paracetamol 1000 mg Sustained Release Tablets","1000 mg","Sustained Release Tablets","10x12 Tablets","36 months","LINCOLN PHARMACEUTICALS LIMITED,","INDIA","LINCOLN PHARMACEUTICALS LIMITED, INDIA","ABACUS PHARMA (A) LTD","2023-12-10","2028-12-09","valid","Rwanda FDA - Registered Pharmaceutical Products July 2026","https://rwandafda.gov.rw/register/monitoring_preview_register"
"1898","Rwanda FDA-HMP-MA-0634","PODOSAL PAINT","Podophyllum resin 20% w/w","20% w/w","Viscous liquid","10ml Bottle","36 Months","BIODEAL LABORATORIES LTD,","KENYA","BIODEAL LABORATORIES LTD","CAPITAL PHARMACEUTICALS SUPPLIES LTD","2023-12-10","2028-12-09","valid","Rwanda FDA - Registered Pharmaceutical Products July 2026","https://rwandafda.gov.rw/register/monitoring_preview_register"
"1899","Rwanda FDA-HBP-MA-0100","POLY-MXB","Polymyxin B Sulphate USP 500000 Units","500000 Units","Cake/powder for reconstitution","5 ml Glass vial","36 months","BHARAT SERUMS AND VACCINES LIMITED,","INDIA","BHARAT SERUMS & VACCINES LTD, INDIA","WESSEX PHARMACEUTICAL (RWANDA) LTD","2023-12-10","2028-12-09","valid","Rwanda FDA - Registered Pharmaceutical Products July 2026","https://rwandafda.gov.rw/register/monitoring_preview_register"
"1900","Rwanda FDA-HMP-MA-0629","PROMETHAZINE HYDROCHLORIDE TABLETS","Promethazine Hydrochloride BP 25 mg","25 mg","Sugar Coated Tablets","10X10 tablets","36 Months","AGOG PHARMA LTD,","INDIA","AGOG PHARMA LTD, INDIA","SUN ENTERPRISES LTD","2023-12-10","2028-12-09","valid","Rwanda FDA - Registered Pharmaceutical Products July 2026","https://rwandafda.gov.rw/register/monitoring_preview_register"
"1901","Rwanda FDA-HMP-MA- 0476","SPEGRA","Dolutegravir 50mg, Emtricitabine 200mg and Tenofovir Alafenamide 25mg","50mg, 200mg and 25mg","Film coated tablets","30 tablets and 90 tablets","36 months","EMCURE PHARMACEUTICALS LTD,","INDIA","Emcure Pharmaceuticals Ltd, India","ABACUS PHARMA (A) LTD","2023-12-10","2028-12-09","valid","Rwanda FDA - Registered Pharmaceutical Products July 2026","https://rwandafda.gov.rw/register/monitoring_preview_register"
"1902","Rwanda FDA-HMP-MA-0678","","Terbinafine Hydrochloride 1% (10 mg/g)","1% (10 mg/g)","Cream","15 g Tube","24 Months","","TURKEY","DAFRA PHARMA GmbH /SWITZERLAND","SUN ENTERPRISES LTD","2023-12-10","2028-12-09","valid","Rwanda FDA - Registered Pharmaceutical Products July 2026","https://rwandafda.gov.rw/register/monitoring_preview_register"
"1903","Rwanda FDA-HMP-MA-0650","TOSSEQUE","Bromhexine 0.8mg/ml","0.8mg/ml","Syrup","200ml Bottle","36 Months","FARMALABOR- PRODUTOS FARMACEUTICOS, S.A.","PORTUGAL","MEDINFAR CONSUMER HEALTHCARE-PRODUTOS FARMACEUTICOS, LDA, PORTUGAL","UBIPHARM-RWANDA LTD","2023-12-10","2028-12-09","valid","Rwanda FDA - Registered Pharmaceutical Products July 2026","https://rwandafda.gov.rw/register/monitoring_preview_register"
"1904","Rwanda FDA-HMP-MA- 0646","TURBOVAS-10","Rosuvastatin Calcium 10mg","10mg","film coated tablets","3x10 Tablets","24 Months","MICRO LABS LIMITED,","INDIA","MICRO LABS LIMITED, INDIA.","WESSEX PHARMACEUTICAL (RWANDA) LTD","2023-12-10","2028-12-09","valid","Rwanda FDA - Registered Pharmaceutical Products July 2026","https://rwandafda.gov.rw/register/monitoring_preview_register"
"1905","Rwanda FDA-HMP-MA-0647","UPSA-C 1000","Ascorbic acid, 1000 mg","1000 mg","Tablets","1 Tablet","24 Months","UPSA,","FRANCE","PROPHARMED INTERNATIONAL","UBIPHARM-RWANDA LTD","2023-12-10","2028-12-09","valid","Rwanda FDA - Registered Pharmaceutical Products July 2026","https://rwandafda.gov.rw/register/monitoring_preview_register"
"1906","Rwanda FDA-HMP-MA-0626","ZEFCOLIN","Dextromethorphan Hydrobromide 10mg, Phenylephrine Hydrochloride 5mg, Cetirizine Hydrochloride 5mg and Menthol 1.5mg","10mg, 5mg, 5mg and 1.5mg","Syrup","100 ml Bottle","24 Months","THE MADRAS PHARMACEUTICALS,","INDIA","PRISMA PHARMA FZE, U.A.E","PRAFIN (RWANDA) LTD","2023-12-10","2028-12-09","valid","Rwanda FDA - Registered Pharmaceutical Products July 2026","https://rwandafda.gov.rw/register/monitoring_preview_register"
"1907","Rwanda FDA-HMP-MA-0671","AGO-AMIN TABLET","Aminophylline Tablets BP 100 mg","100 mg","Uncoated tablets","10X10 tablets","36 Months","AGOG PHARMA LTD,","INDIA","AGOG PHARMA LTD, INDIA","SUN ENTERPRISES LTD","2023-12-02","2028-12-01","valid","Rwanda FDA - Registered Pharmaceutical Products July 2026","https://rwandafda.gov.rw/register/monitoring_preview_register"
"1908","Rwanda FDA-HMP-MA-0638","AGOCIM-200","Cimetidine BP, 200 mg","200 mg","Film coated tablets","","36 Months","AGOG PHARMA LTD.","INDIA","AGOG PHARMA LTD, INDIA","SUN ENTERPRISES LTD","2023-12-02","2028-12-01","valid","Rwanda FDA - Registered Pharmaceutical Products July 2026","https://rwandafda.gov.rw/register/monitoring_preview_register"
"1909","Rwanda FDA-HMP-MA-0639","AGOCIM-400","Cimetidine BP, 400 mg","400 mg","Film coated tablets","","36 Months","AGOG PHARMA LTD.","INDIA","AGOG PHARMA LTD, INDIA","SUN ENTERPRISES LTD","2023-12-02","2028-12-01","valid","Rwanda FDA - Registered Pharmaceutical Products July 2026","https://rwandafda.gov.rw/register/monitoring_preview_register"
"1910","Rwanda FDA-HMP-MA-0665","AGOFULVIN-125","Griseofulvin 125mg","125mg","Uncoated tablets","10X10 tablets","36 Months","AGOG PHARMA LTD,","INDIA","AGOG PHARMA LTD, INDIA","SUN ENTERPRISES LTD","2023-12-02","2028-12-01","valid","Rwanda FDA - Registered Pharmaceutical Products July 2026","https://rwandafda.gov.rw/register/monitoring_preview_register"
"1911","Rwanda FDA-HMP-MA-0666","AGOFULVIN-250","Griseofulvin 250 mg","250 mg","Uncoated tablets","10X10 tablets","36 Months","AGOG PHARMA LTD,","INDIA","AGOG PHARMA LTD, INDIA","SUN ENTERPRISES LTD","2023-12-02","2028-12-01","valid","Rwanda FDA - Registered Pharmaceutical Products July 2026","https://rwandafda.gov.rw/register/monitoring_preview_register"
"1912","Rwanda FDA-HMP-MA-0664","AGOMOL SUSPENSION","Paracetamol BP 125 mg/5ml","125 mg/5ml","Oral Suspension","60 ml bottle & 100 ml bottle","36 Months","AGOG PHARMA LTD,","INDIA","AGOG PHARMA LTD, INDIA","SUN ENTERPRISES LTD","2023-12-02","2028-12-01","valid","Rwanda FDA - Registered Pharmaceutical Products July 2026","https://rwandafda.gov.rw/register/monitoring_preview_register"
"1913","Rwanda FDA-HMP-MA-0670","AGOVIR-200","Aciclovir BP, 200 mg","200 mg","Uncoated tablets","10 x 10 Tablets","36 Months","AGOG PHARMA LTD,","INDIA","AGOG PHARMA LTD, INDIA","SUN ENTERPRISES LTD","2023-12-02","2028-12-01","valid","Rwanda FDA - Registered Pharmaceutical Products July 2026","https://rwandafda.gov.rw/register/monitoring_preview_register"
"1914","Rwanda FDA-HMP-MA-0645","CALCID-DENK","Each effervescent tablet contains 1,000 mg calcium (as calcium carbonate) and 22 ?g colecalciferol (vitamin D3, equivalent to 880 I.U.)","1,000 mg and 880 I.U.","Effervescent tablets","20 effervescent tablets per tube","36 Months","LOSAN PHARMA GmbH,","GERMANY","DENK PHARMA GmbH & Co. KG, GERMANY","ETS CONTINENTAL DEPOT PHARMACEUTIQUE","2023-12-02","2028-12-01","valid","Rwanda FDA - Registered Pharmaceutical Products July 2026","https://rwandafda.gov.rw/register/monitoring_preview_register"
"1915","Rwanda FDA-HMP-MA-0618","CEFERO 500","Cefuroxime Axetil (Amorphous), 500 mg","500 mg","Film coated tablets","1 x 10 film coated tablets","24 Months","ZIM LABORATORIES LTD,","INDIA","ZIM LABORATORIES LIMITED, INDIA","SUN ENTERPRISES LTD","2023-12-02","2028-12-01","valid","Rwanda FDA - Registered Pharmaceutical Products July 2026","https://rwandafda.gov.rw/register/monitoring_preview_register"
"1916","Rwanda FDA-HMP-MA-0644","CHONDROFLEX","Glucosamine Sulfate Potassium Chloride USP 500 mg, Chondroitin Sulphate Sodium USP 400 mg","500 mg, 400 mg","Hard gelatin capsules","","36 Months","AUROCHEM LABORATORIES (INDIA) PVT. LTD,","INDIA","AUROCHEM LABORATORIES (INDIA) PVT. LTD","UBIPHARM-RWANDA LTD","2023-12-02","2028-12-01","valid","Rwanda FDA - Registered Pharmaceutical Products July 2026","https://rwandafda.gov.rw/register/monitoring_preview_register"
"1917","Rwanda FDA-HMP-MA-0668","CIPRO-250","Ciprofloxacin Tablets BP 250mg","250mg","Film coated tablets","10 x 10 Tablets","36 Months","AGOG PHARMA LTD,","INDIA","AGOG PHARMA LTD, INDIA","SUN ENTERPRISES LTD","2023-12-02","2028-12-01","valid","Rwanda FDA - Registered Pharmaceutical Products July 2026","https://rwandafda.gov.rw/register/monitoring_preview_register"
"1918","Rwanda FDA-HMP-MA- 0658","","Omeprazole 20mg","20mg","Capsules","","24 Months","","TURKEY","DAFRA PHARMA GmbH /SWITZERLAND","SUN ENTERPRISES LTD","2023-12-02","2028-12-01","valid","Rwanda FDA - Registered Pharmaceutical Products July 2026","https://rwandafda.gov.rw/register/monitoring_preview_register"
"1919","Rwanda FDA-HMP-MA-0547","DAPZIN-5 TABLETS","Dapagliflozin 5mg","5mg","Film coated tablets","","24 Months","MICRO LABS LIMITED,","INDIA","MICRO LABS LIMITED","WESSEX PHARMACEUTICAL (RWANDA) LTD","2023-12-02","2028-12-01","valid","Rwanda FDA - Registered Pharmaceutical Products July 2026","https://rwandafda.gov.rw/register/monitoring_preview_register"
"1920","Rwanda FDA-HMP-MA-0619","DOLUTEGRAVIR 50 MG FILM-COATED TABLETS","Dolutegravir (as dolutegravir sodium) 50 mg","50 mg","Film-coated tablets","30 tablets and 90 tablets","24 Months","CIPLA LIMITED,","INDIA","CIPLA LIMITED, INDIA","PHILLIPS PHARMACEUTICALS RWANDA LTD","2023-12-02","2028-12-01","valid","Rwanda FDA - Registered Pharmaceutical Products July 2026","https://rwandafda.gov.rw/register/monitoring_preview_register"
"1921","Rwanda FDA-HMP-MA-0637","DYGLI-100","Sitagliptin Tablets USP 100","100 mg","Film coated tablets","","24 Months","BAFNA PHARMACEUTICALS LTD.,","INDIA","PRISMA PHARMA FZE","PRAFIN RWANDA LTD","2023-12-02","2028-12-01","valid","Rwanda FDA - Registered Pharmaceutical Products July 2026","https://rwandafda.gov.rw/register/monitoring_preview_register"
"1922","Rwanda FDA-HMP-MA-0636","DYGLI-50","Sitagliptin Tablets USP 50","50 mg","Film coated tablets","","24 Months","BAFNA PHARMACEUTICALS LTD.,","INDIA","PRISMA PHARMA FZE","PRAFIN RWANDA LTD","2023-12-02","2028-12-01","valid","Rwanda FDA - Registered Pharmaceutical Products July 2026","https://rwandafda.gov.rw/register/monitoring_preview_register"
"1923","Rwanda FDA-HMP-MA-0673","ESOFAG-20","Esomeprazole Magnesium Trihydrate BP 20mg","20mg","Enteric coated tablets","3X10 tablets","36 Months","MICRO LABS LIMITED,","INDIA","MICRO LABS LIMITED, INDIA","WESSEX PHARMACEUTICALS (RWANDA) LTD","2023-12-02","2028-12-01","valid","Rwanda FDA - Registered Pharmaceutical Products July 2026","https://rwandafda.gov.rw/register/monitoring_preview_register"
"1924","Rwanda FDA-HMP-MA-0653","FENTANYL CITRATE","Fentanyl Citrate 50 mcg per ml","50 mcg/ml","Solution for Injection","500mcg in 10ml solution for Injection","36 Months","MACARTHYS LABORATORIES LIMITED,","UNITED KINGDOM","MACARTHYS LABORATORIES LIMITED, UNITED KINGDOM","KIPHARMA LTD","2023-12-02","2028-12-01","valid","Rwanda FDA - Registered Pharmaceutical Products July 2026","https://rwandafda.gov.rw/register/monitoring_preview_register"
"1925","Rwanda FDA-HMP-MA-0643","FEVERLET FORTE","Aceclofenac BP 100 mg, Paracetamol BP 325 mg, Chlorzoxazone USP 250 mg","100 mg, 325 mg, 250 mg","Film coated tablets","","36 Months","AUROCHEM LABORATORIES (INDIA) PVT. LTD,","INDIA","AUROCHEM LABORATORIES (INDIA) PVT. LTD","UBIPHARM-RWANDA LTD","2023-12-02","2028-12-01","valid","Rwanda FDA - Registered Pharmaceutical Products July 2026","https://rwandafda.gov.rw/register/monitoring_preview_register"
"1926","Rwanda FDA-HMP-MA-0656","HYDROCHLOROTHIAZIDE-25","Hydrochlorothiazide 25mg","25mg","Tablets","30 tablets","36 Months","SALUTAS PHARMA GmbH, & LEK S.A.","GERMANY AND POLAND","SANDOZ GmbH, AUSTRIA","SURGIPHARM (RWANDA) LTD","2023-12-02","2028-12-01","valid","Rwanda FDA - Registered Pharmaceutical Products July 2026","https://rwandafda.gov.rw/register/monitoring_preview_register"
"1927","Rwanda FDA-HMP-MA-0667","INDOS-25","Indomethacin Capsules BP 25 mg","25 mg","Hard gelatin capsules","10x10 Capsules","36 Months","AGOG PHARMA LTD,","INDIA","AGOG PHARMA LTD, INDIA","SUN ENTERPRISES LTD","2023-12-02","2028-12-01","valid","Rwanda FDA - Registered Pharmaceutical Products July 2026","https://rwandafda.gov.rw/register/monitoring_preview_register"
"1928","Rwanda FDA-HMP-MA-0675","LEVO-25 TABLETS","Levomepromazine Tablets BP 25 mg","25 mg","Uncoated tablets","2 x 10 Tablets","36 Months","AGOG PHARMA LTD,","INDIA","AGOG PHARMA LTD, INDIA","SUN ENTERPRISES LTD","2023-12-02","2028-12-01","valid","Rwanda FDA - Registered Pharmaceutical Products July 2026","https://rwandafda.gov.rw/register/monitoring_preview_register"
"1929","Rwanda FDA-HMP-MA-0609","LINCODYL","Bisacodyl BP 5mg","5mg","Enteric coated tablets","","36 Months","LINCOLN PHARMACEUTICALS LIMITED.","INDIA","LINCOLN PHARMACEUTICALS LIMITED","ABACUS PHARMA (A) LTD","2023-12-02","2028-12-01","valid","Rwanda FDA - Registered Pharmaceutical Products July 2026","https://rwandafda.gov.rw/register/monitoring_preview_register"
"1930","Rwanda FDA-HMP-MA-0620","MEDITROL","Calcitriol 0.25 mcg","0.25 mcg","Opaque soft gelatin shell capsules","","24 Months","MEGA LIFESCIENCES PUBLIC COMPANY LIMITED,","THAILAND","MEGA LIFESCIENCES PUBLIC COMPANY LIMITED","ABACUS PHARMA (A) LTD","2023-12-02","2028-12-01","valid","Rwanda FDA - Registered Pharmaceutical Products July 2026","https://rwandafda.gov.rw/register/monitoring_preview_register"
"1931","Rwanda FDA-HMP-MA-0655","NEBIMAC-5","Nebivolol Hydrochloride 5mg","5mg","Uncoated tablets","4X7 Tablets","24 Months","MACLEODS PHARMACEUTICALS LIMITED,","INDIA","MACLEODS PHARMACEUTICALS LIMITED INDIA","WESSEX PHARMACEUTICALS (RWANDA) LTD","2023-12-02","2028-12-01","valid","Rwanda FDA - Registered Pharmaceutical Products July 2026","https://rwandafda.gov.rw/register/monitoring_preview_register"
"1932","Rwanda FDA-HMP-MA-0657","NITROCONTIN-2.6","Nitro-glycerine 2.6mg","2.6mg","Uncoated tablets","25 Tablets","24 Months","MODI-MUNDIPHARMA PVT. LT,","INDIA","MODI-MUNDIPHARMA PVT. LTD, INDIA","SURGIPHARM (RWANDA) LTD","2023-12-02","2028-12-01","valid","Rwanda FDA - Registered Pharmaceutical Products July 2026","https://rwandafda.gov.rw/register/monitoring_preview_register"
"1933","Rwanda FDA-HMP-MA-0672","OMESK","Omeprazole delayed release Capsules USP 20mg","20mg","Hard gelatin capsules","10x10 Capsules","36 Months","S KANT HEALTHCARE LTD,","INDIA","S KANT HEALTHCARE LTD, INDIA","ABACUS PHARMA (A) LTD","2023-12-02","2028-12-01","valid","Rwanda FDA - Registered Pharmaceutical Products July 2026","https://rwandafda.gov.rw/register/monitoring_preview_register"
"1934","Rwanda FDA-HMP-MA-0674","PROPOFOL - LIPURO 10 MG/ML","Propofol, 10 mg/ml","10 mg/ml","Emulsion for injection or infusion","20 ml, 50 ml or 100 ml of emulsion","18 Months","","GERMANY","B. BRAUN MESUNGEN AG","KIPHARMA Ltd","2023-12-02","2028-12-01","valid","Rwanda FDA - Registered Pharmaceutical Products July 2026","https://rwandafda.gov.rw/register/monitoring_preview_register"
"1935","Rwanda FDA-HMP-MA-0654","SULPHATRIM","Trimethoprim BP 40 mg & Sulfamethoxazole BP 200mg","40 mg & 200mg","Oral suspension","100 ml bottle","36 Months","LINCOLN PHARMACEUTICALS LTD,","INDIA","LINCOLN PHARMACEUTICALS LIMITED, INDIA","ABACUS PHARMA (A) LTD","2023-12-02","2028-12-01","valid","Rwanda FDA - Registered Pharmaceutical Products July 2026","https://rwandafda.gov.rw/register/monitoring_preview_register"
"1936","Rwanda FDA-HMP-MA-0640","TAMCONTIN 0.4 CONTROLLED RELEASE TABLETS","Tamsulosin Hydrochloride BP 0.4 mg","0.4 mg","Enteric coated tablets","","24 Months","MODI-MUNDIPHARMA PRIVATE LIMITED,","INDIA","MODI-MUNDIPHARMA PVT. LTD","SURGIPHARM (RWANDA) LTD","2023-12-02","2028-12-01","valid","Rwanda FDA - Registered Pharmaceutical Products July 2026","https://rwandafda.gov.rw/register/monitoring_preview_register"
"1937","Rwanda FDA-HMP-MA-0611","UNICONTIN 400","Theophylline BP 400mg","400mg","Scored uncoated tablets","10x10 tablets","36 Months","MODI-MUNDIPHARMA PRIVATE LIMITED,","INDIA","MODI-MUNDIPHARMA PVT. LTD","SURGIPHARM (RWANDA) LTD","2023-12-02","2028-12-01","valid","Rwanda FDA - Registered Pharmaceutical Products July 2026","https://rwandafda.gov.rw/register/monitoring_preview_register"
"1938","Rwanda FDA-HMP-MA-0612","UNICONTIN 600","Theophylline BP 600mg","600mg","Scored uncoated tablets","10x10 tablets","36 Months","MODI-MUNDIPHARMA PRIVATE LIMITED,","INDIA","MODI-MUNDIPHARMA PVT. LTD","SURGIPHARM (RWANDA) LTD","2023-12-02","2028-12-01","valid","Rwanda FDA - Registered Pharmaceutical Products July 2026","https://rwandafda.gov.rw/register/monitoring_preview_register"
"1939","Rwanda FDA-HMP-MA-0613","VALCONTIN 200","Sodium Valproate BP 133.5 mg, Valproic Acid USP, 58 mg. Both together correspond to Sodium Valproate 200 mg","200 mg","Film coated tablets","10x10 tablets","24 Months","MODI-MUNDIPHARMA PRIVATE LIMITED,","INDIA","MODI-MUNDIPHARMA PVT. LTD","SURGIPHARM (RWANDA) LTD","2023-12-02","2028-12-01","valid","Rwanda FDA - Registered Pharmaceutical Products July 2026","https://rwandafda.gov.rw/register/monitoring_preview_register"
"1940","Rwanda FDA-HMP-MA-0614","VALCONTIN 500","Sodium Valproate B.P 333 mg and Valproic acid U.S.P. 145 mg. Both together correspond to Sodium Valproate 500 mg","500 mg","Film coated tablets","10x10 tablets","24 Months","MODI-MUNDIPHARMA PRIVATE LIMITED,","INDIA","MODI-MUNDIPHARMA PVT. LTD","SURGIPHARM (RWANDA) LTD","2023-12-02","2028-12-01","valid","Rwanda FDA - Registered Pharmaceutical Products July 2026","https://rwandafda.gov.rw/register/monitoring_preview_register"
"1941","Rwanda FDA-HMP-MA-0669","VITA-100","Thiamine tablets BP 100mg","100mg","Uncoated tablets","50 tablets","36 Months","AGOG PHARMA LTD,","INDIA","AGOG PHARMA LTD, INDIA","SUN ENTERPRISES LTD","2023-12-02","2028-12-01","valid","Rwanda FDA - Registered Pharmaceutical Products July 2026","https://rwandafda.gov.rw/register/monitoring_preview_register"
"1942","Rwanda FDA-HMP-MA-0641","ZINNAT TABLETS","Cefuroxime Axetil, 250 mg","250 mg","Film coated tablets","","36 Months","GLAXO OPERATIONS UK LIMITED (TRADING AS GLAXO WELLCOME OPERATIONS),","UNITED KINGDOM","GLAXOSMITHKLINE PHARMACEUTICAL KENYA LTD","KIPHARMA LTD","2023-12-02","2028-12-01","valid","Rwanda FDA - Registered Pharmaceutical Products July 2026","https://rwandafda.gov.rw/register/monitoring_preview_register"
"1943","Rwanda FDA-HMP-MA-0451","ZOLADEX 10.8 MG","Goserelin Acetate 10.8 mg","10.8 mg","Implant","1 prefilled syringe","36 Months","AstraZeneca UK Limited,","UNITED KINGDOM","AstraZeneca UK Limited","SURGIPHARM (RWANDA) LTD","2023-12-02","2028-12-01","valid","Rwanda FDA - Registered Pharmaceutical Products July 2026","https://rwandafda.gov.rw/register/monitoring_preview_register"
"1944","Rwanda FDA-HMP-MA-0452","ZOLADEX 3.6 MG","Goserelin Acetate 3.6 mg","3.6 mg","Implant","1 prefilled syringe","36 Months","AstraZeneca UK Limited,","UNITED KINGDOM","AstraZeneca UK Limited","SURGIPHARM (RWANDA) LTD","2023-12-02","2028-12-01","valid","Rwanda FDA - Registered Pharmaceutical Products July 2026","https://rwandafda.gov.rw/register/monitoring_preview_register"
"1945","Rwanda FDA-HMP-MA-0541","ABACOFF COUGH SYRUP","Diphenhydramine Hydrochloride BP, Ammonium Chloride BP, Sodium Citrate BP & Menthol USP","14.08mg, 138mg, 57.03mg, 0.900mg","Syrup","100 ml Bottle","36 Months","LINCOLN PHARMACEUTICALS LIMITED,","INDIA","LINCOLN PHARMACEUTICALS LIMITED, INDIA","ABACUS PHARMA (A) LTD","2023-10-13","2028-10-12","valid","Rwanda FDA - Registered Pharmaceutical Products July 2026","https://rwandafda.gov.rw/register/monitoring_preview_register"
"1946","Rwanda FDA-HMP-MA-0522","ABCROM EYE DROPS","Sodium Cromoglicate eye drops 2.0%w/v","2.0%w/v","Ophthalmic solution","5ml & 10ml Vials","24 Months","ABACUS PARENTERAL DRUGS LTD (APDL)","UGANDA","ABACUS PARENTERAL DRUGS LTD (APDL)","ABACUS PHARMA (A) LTD","2023-10-13","2028-10-12","valid","Rwanda FDA - Registered Pharmaceutical Products July 2026","https://rwandafda.gov.rw/register/monitoring_preview_register"
"1947","Rwanda FDA-HMP-MA-0492","ACEFORCE SP","Aceclofenac 100mg, Paracetamol 325mg & Serratiopeptidase 15mg Tablets","100mg, 325mg & 15mg","Film-coated tablets","10x10 tablets","24 Months","AKUMS DRUGS & PHARMACEUTICALS LTD.","INDIA","UNOSOURCE PHARMA LTD, INDIA","ABACUS PHARMA (A) LTD","2023-10-13","2028-10-12","valid","Rwanda FDA - Registered Pharmaceutical Products July 2026","https://rwandafda.gov.rw/register/monitoring_preview_register"
"1948","Rwanda FDA-HMP-MA-0410","ACRIPTEGA","Lamivudine, Tenofovir disoproxil fumarate and Dolutegravir Tablets 300 mg/300 mg/50 mg","300 mg/300 mg/50 mg","Tablets","30's, 90's and 180's Tablets","24 Months","MYLAN LABORATORIES LIMITED.","INDIA","MYLAN LABORATORIES LIMITED. INDIA","PYRAMID PHARMA LIMITED","2023-10-13","2028-10-12","valid","Rwanda FDA - Registered Pharmaceutical Products July 2026","https://rwandafda.gov.rw/register/monitoring_preview_register"
"1949","Rwanda FDA-HMP-MA-0536","ADRENALINE INJECTION BP 0.1%","Adrenaline acid tartrate BP 1 mg/ ml","1 mg/ml","Liquid Injection","5 Ampoules","18 Months","LINCOLN PHARMACEUTICALS LIMITED,","INDIA","LINCOLN PHARMACEUTICALS LIMITED. INDIA","ABACUS PHARMA (A) LTD","2023-10-13","2028-10-12","valid","Rwanda FDA - Registered Pharmaceutical Products July 2026","https://rwandafda.gov.rw/register/monitoring_preview_register"
"1950","Rwanda FDA-HMP-MA-0605","","Montelukast, 4 mg","4 mg","Granular (powder)","14 sachets","36 Months","","TURKEY AND SWITZERLAND","DAFRA PHARMA GmbH","SUN ENTREPRISES LTD","2023-10-13","2028-10-12","valid","Rwanda FDA - Registered Pharmaceutical Products July 2026","https://rwandafda.gov.rw/register/monitoring_preview_register"
"1951","Rwanda FDA-HMP-MA-0539","ARBITEL 80MG","Telmisartan 80mg","80mg","Tablets","","36 Months","MICRO LABS LIMITED,","INDIA","MICRO LABS LIMITED, INDIA","WESSEX PHARMACEUTICALS (RWANDA) LTD","2023-10-13","2028-10-12","valid","Rwanda FDA - Registered Pharmaceutical Products July 2026","https://rwandafda.gov.rw/register/monitoring_preview_register"
"1952","Rwanda FDA-HMP-MA-0601","AVARIN","Simethicone 300mg and Alverine Citrate 60mg","300mg and 60mg","Soft Gelatin Capsule","5 x 10 Tablets","24 Months","MEGA LIFESCIENCES PUBLIC COMPANY LIMITED.","THAILAND","MEGA LIFESCIENCES PUBLIC COMPANY LIMITED","ABACUS PHARMA (A) LTD","2023-10-13","2028-10-12","valid","Rwanda FDA - Registered Pharmaceutical Products July 2026","https://rwandafda.gov.rw/register/monitoring_preview_register"
"1953","Rwanda FDA-HMP-MA-0528","BISPANOL TABLETS","Hyoscine Butyl Bromide BP 10mg","10mg","Tablets","10 x 10, 100 x 10 Tablets","48 Months","REGAL PHARMACEUTICALS LIMITED,","KENYA","REGAL PHARMACEUTICALS LTD, KENYA","ABACUS PHARMA (A) LTD","2023-10-13","2028-10-12","valid","Rwanda FDA - Registered Pharmaceutical Products July 2026","https://rwandafda.gov.rw/register/monitoring_preview_register"
"1954","Rwanda FDA-HBP-MA-0037","BORTEZOMIB NEAPOLIS 3.5MG","Bortezomib 3.5mg","3.5mg","Solution for injection","10 ml Vial","24 Months","NEAPOLIS PHARMA,","TUNISIA","NEAPOLIS PHARMA, TUNISIA","KIPHARMA LTD","2023-10-13","2028-10-12","valid","Rwanda FDA - Registered Pharmaceutical Products July 2026","https://rwandafda.gov.rw/register/monitoring_preview_register"
"1955","Rwanda FDA-HMP-MA-0591","BRONQUIDIAZINA CR ORAL SUSPENSION","Trimethoprim 80mg, Sulfamethoxazole 400mg, BromhexineHcl 4mg, Sodium Benzoate 250mg and Tolu Balsam Syrup 325mg/5ml","80mg, 400mg, 4mg, 250mg and 325mg/5ml","Oral suspension","150ml Bottle","24 Months","FAES FARMA, S.A;","SPAIN","FAES FARMA, S.A, SPAIN","GOMHS LTD","2023-10-13","2028-10-12","valid","Rwanda FDA - Registered Pharmaceutical Products July 2026","https://rwandafda.gov.rw/register/monitoring_preview_register"
"1956","Rwanda FDA-HMP-MA-0602","CANDID MOUTH PAINT","Clotrimazole USP 1% w/w","1% w/w","Viscous liquid","15 ml Bottle","24 Months","GLENMARK PHARMACEUTICALS LIMITED,","INDIA","GLENMARK PHARMACEUTICALS LTD, INDIA","WESSEX PHARMACEUTICALS (RWANDA) LTD","2023-10-13","2028-10-12","valid","Rwanda FDA - Registered Pharmaceutical Products July 2026","https://rwandafda.gov.rw/register/monitoring_preview_register"
"1957","Rwanda FDA-HMP-MA-0533","CISPLATIN 50MG/50ML","Cisplatin 1mg/ml in formulations of 50mg/50ml","50mg/50ml","Solution for infusion","1 vial containing 50 ml concentrate for solution for infusion","24 Months","FAREVA UNTERACH GmbH,","AUSTRIA","SANDOZ GmbH, KUNDL","SURGIPHARM (RWANDA) LTD","2023-10-13","2028-10-12","valid","Rwanda FDA - Registered Pharmaceutical Products July 2026","https://rwandafda.gov.rw/register/monitoring_preview_register"
"1958","Rwanda FDA-HMP-MA-0604","D10","Glucose intravenous infusion BP 10%w/v","10%w/v","Solution for infusion","500 ml & 250 ml Bottles","30 Months","ABACUS PARENTERAL DRUGS LTD (APDL),","UGANDA","ABACUS PARENTERAL DRUGS LTD (APDL),","ABACUS PHARMA (A) LTD","2023-10-13","2028-10-12","valid","Rwanda FDA - Registered Pharmaceutical Products July 2026","https://rwandafda.gov.rw/register/monitoring_preview_register"
"1959","Rwanda FDA-HMP-MA-0600","DEPAKINE 57.64 SYRUP","Sodium Valproate (57.64 mg/ml)","57.64 mg/ml","Syrup","150 ml Bottle","36 Months","UNITHER LIQUID MANUFACTURING,","FRANCE","SANOFI AVENTIS KENYA LIMITED","KIPHARMA LTD","2023-10-13","2028-10-12","valid","Rwanda FDA - Registered Pharmaceutical Products July 2026","https://rwandafda.gov.rw/register/monitoring_preview_register"
"1960","Rwanda FDA-HMP-MA-0521","DERMOBACTER","Benzalkonium chloride solution 0.985 g corresponding to Benzalkonium chloride 0.500 g/chlorhexidine digluconate solution 1.065 g corresponding to chlorhexidine digluconate 0.200 g","0.985 g/1.065 g","Viscous liquid","125 ml, 300 ml bottles","12 Months","INNOTHERA CHOUZY,","FRANCE","LABORATOIRE INNOTECH INTERNATIONAL","MEDIASOL PHARMACEUTICAL DEPOT LTD","2023-10-13","2028-10-12","valid","Rwanda FDA - Registered Pharmaceutical Products July 2026","https://rwandafda.gov.rw/register/monitoring_preview_register"
"1961","Rwanda FDA-HMP-MA-0593","DINAC GEL","Diclofenac Diethylamine BP, 1.16%","0.0116","Gel","20gm Tube","36 Months","S KANT HEALTHCARE LTD.","INDIA","S KANT HEALTHCARE LTD","ABACUS PHARMA (A) LTD","2023-10-13","2028-10-12","valid","Rwanda FDA - Registered Pharmaceutical Products July 2026","https://rwandafda.gov.rw/register/monitoring_preview_register"
"1962","Rwanda FDA-HMP-MA-0603","DOLIPRANE 2.4% SUSPENSION","Paracetamol, 24 mg/ml","24 mg/ml","Suspension","100ml Bottle","24 Months","A. NATTERMANN & Cie. GmbH,","GERMANY","SANOFI AVENTIS KENYA LIMITED","KIPHARMA LTD","2023-10-13","2028-10-12","valid","Rwanda FDA - Registered Pharmaceutical Products July 2026","https://rwandafda.gov.rw/register/monitoring_preview_register"
"1963","Rwanda FDA-HMP-MA-0520","DOXY-DENK 100","Doxycycline 100 mg","100 mg","Tablets","20 tablets","36 Months","ARTESAN PHARMA GmbH & Co. KG","GERMANY","DENK PHARMA GmbH & Co. KG","ETS CONTINENTAL DEPOT PHARMACEUTIQUE","2023-10-13","2028-10-12","valid","Rwanda FDA - Registered Pharmaceutical Products July 2026","https://rwandafda.gov.rw/register/monitoring_preview_register"
"1964","Rwanda FDA-HMP-MA-0516","DUXCOSPAN","Hyoscine butyl bromide 10 mg tablets","10 mg","Film-coated tablets","10 x 10 Tablets","36 Months","UNIVERSAL CORPORATION LIMITED,","KENYA","UNIVERSAL CORPORATION LIMITED, KENYA","SUN ENTERPRISES LIMITED","2023-10-13","2028-10-12","valid","Rwanda FDA - Registered Pharmaceutical Products July 2026","https://rwandafda.gov.rw/register/monitoring_preview_register"
"1965","Rwanda FDA-HMP-MA-0606","DYSEN FORTE TABLET","Secnidazole, 1000 mg tablet","1000 mg","Film coated tablet","2 tablets","48 Months","NABIQASIM INDUSTRIES (PVT) LTD.","Pakistan","NABIQASIM INDUSTRIES (PVT) LTD","AFRI HEALTH CARE LTD","2023-10-13","2028-10-12","valid","Rwanda FDA - Registered Pharmaceutical Products July 2026","https://rwandafda.gov.rw/register/monitoring_preview_register"
"1966","Rwanda FDA-HMP-MA-0588","ERYTHROKANT-250","Erythromycin Stearate, 250mg","250mg","Film coated tablets","10x10 Tablets","36 Months","S KANT HEALTHCARE LTD.","INDIA","S KANT HEALTHCARE LTD","ABACUS PHARMA (A) LTD","2023-10-13","2028-10-12","valid","Rwanda FDA - Registered Pharmaceutical Products July 2026","https://rwandafda.gov.rw/register/monitoring_preview_register"
"1967","Rwanda FDA-HMP-MA-0496","ES-LOPROT 40MG IV INJECTION","Esomeprazole Sodium, 40mg","40mg","Injection","1 Vial + 1 Ampoule of 10ml Sodium Chloride 0.9%","24 Months","NABIQASIM INDUSTRIES (PVT) LTD,","PAKISTAN","NABIQASIM INDUSTRIES (PVT) LTD","AFRI HEALTH CARE LTD","2023-10-13","2028-10-12","valid","Rwanda FDA - Registered Pharmaceutical Products July 2026","https://rwandafda.gov.rw/register/monitoring_preview_register"
"1968","Rwanda FDA-HMP-MA-0587","FASTUM GEL","Ketoprofen 2.5%g/g","2.5%g/g","Gel","20 g, 30 g and 50 g Tubes Dispenser: 100 g","60 Months","","ITALY","A. MENARINI INDUSTRY FARMACEUTICHE RIUNITE S.R.L 3","PRAFIN RWANDA LTD","2023-10-13","2028-10-12","valid","Rwanda FDA - Registered Pharmaceutical Products July 2026","https://rwandafda.gov.rw/register/monitoring_preview_register"
"1969","Rwanda FDA-HMP-MA-0507","IBUMEX GEL","Ibuprofen BP 5.0% w/w","5.0% w/w","Gel","25 g tube","36 Months","REGAL PHARMACEUTICALS LTD,","KENYA","REGAL PHARMACEUTICALS LTD, KENYA","ABACUS PHARMA (A) LTD","2023-10-13","2028-10-12","valid","Rwanda FDA - Registered Pharmaceutical Products July 2026","https://rwandafda.gov.rw/register/monitoring_preview_register"
"1970","Rwanda FDA-HMP-MA-0592","LIOTON GEL","Heparin 1000IU/g","1000IU/g","Gel","15 g and 30 g tubes","36 Months","A. MENARINI MANUFACTURING LOGISTICS AND SERVICES S.R.L,","ITALY","A. MENARINI INDUSTRIE FAMACEUTICHE RIUNITE","PRAFIN RWANDA LTD","2023-10-13","2028-10-12","valid","Rwanda FDA - Registered Pharmaceutical Products July 2026","https://rwandafda.gov.rw/register/monitoring_preview_register"
"1971","Rwanda FDA-HMP-MA-0599","LOMOH 60","Enoxaparin Sodium 60mg/0.6ml","60mg/0.6ml","Solution for Injection","1ml Syringe","24 Months","EMCURE PHARMACEUTICALS LIMITED,","INDIA","EMCURE PHARMACEUTICAL LIMITED","ABACUS PHARMA (A) LTD","2023-10-13","2028-10-12","valid","Rwanda FDA - Registered Pharmaceutical Products July 2026","https://rwandafda.gov.rw/register/monitoring_preview_register"
"1972","Rwanda FDA-HMP-MA- MA-0523","LOVENOX 6000 IU","Enoxaparin Sodium 6000 IU (60mg)/0.6 ml","6000 IU (60mg)/0.6 ml","Solution in pre-filled syringes","","24 Months","SANOFI WINTHROP INDUSTRIE,","FRANCE","SANOFI AVENTIS KENYA LIMITED","KIPHARMA LTD","2023-10-13","2028-10-12","valid","Rwanda FDA - Registered Pharmaceutical Products July 2026","https://rwandafda.gov.rw/register/monitoring_preview_register"
"1973","Rwanda FDA-HMP-MA-0598","LOVENOX 8000 IU","Enoxaparin Sodium 8000IU (80mg)/0.8ml","8000IU (80mg)/0.8ml","Solution for injection in pre-filled syringes","2 syringes of 1.0ml","24 Months","","FRANCE","SANOFI AVENTIS KENYA LIMITED","KIPHARMA LTD","2023-10-13","2028-10-12","valid","Rwanda FDA - Registered Pharmaceutical Products July 2026","https://rwandafda.gov.rw/register/monitoring_preview_register"
"1974","Rwanda FDA-HMP-MA-0597","LOVENOX-2000 IU","Enoxaparin Sodium 2000IU (20mg)/0.2ml","2000IU (20mg)/0.2ml","Solution for injection in pre-filled syringes","2 syringes of 1.0ml","24 Months","","FRANCE","SANOFI AVENTIS KENYA LIMITED","KIPHARMA LTD","2023-10-13","2028-10-12","valid","Rwanda FDA - Registered Pharmaceutical Products July 2026","https://rwandafda.gov.rw/register/monitoring_preview_register"
"1975","Rwanda FDA-HMP-MA-0596","LOVENOX-4000IU","Enoxaparin Sodium; 4000 IU (40mg/0.4 ml)","4000 IU (40mg/0.4 ml)","Solution for injection in pre-filled syringes","2 syringes of 1.0ml","24 Months","","FRANCE","SANOFI AVENTIS KENYA LIMITED","KIPHARMA LTD","2023-10-13","2028-10-12","valid","Rwanda FDA - Registered Pharmaceutical Products July 2026","https://rwandafda.gov.rw/register/monitoring_preview_register"
"1976","Rwanda FDA-HMP-MA-0551","MIDAZOLAM B. BRAUN C","Midazolam Hydrochloride 1mg/ml","1mg/ml","Solution for injection/infusion","20 x 5ml Ampoules","24 Months","B. BRAUN MELSUNGEN","GERMANY","B. BRAUN MELSUNGEN AG","KIPHARMA Ltd","2023-10-13","2028-10-12","valid","Rwanda FDA - Registered Pharmaceutical Products July 2026","https://rwandafda.gov.rw/register/monitoring_preview_register"
"1977","Rwanda FDA-HMP-MA-0540","NEBILET PLUS","Nebivolol 5mg and Hydrochlorothiazide 25mg","5mg and 25mg","Film-coated tablets","","36 Months","BERLIN CHEMIE AG,","GERMANY","MENARINI INTERNATIONAL OPERATIONS LUXEMBOURG S.A","PRAFIN RWANDA LTD","2023-10-13","2028-10-12","valid","Rwanda FDA - Registered Pharmaceutical Products July 2026","https://rwandafda.gov.rw/register/monitoring_preview_register"
"1978","RwandaFDA-HMP-MA-0569","NICARDIN- SR FILM-COATED TABLET","Nifedipine BP 20 mg","20 mg","Film-coated tablet","10x10 Tablets","36 Months","LABORATORY & ALLIED LIMITED,","KENYA","LABORATORY & ALLIED LIMITED, KENYA","DEPOT PHARMACEUTIQUE LE MEDICAL","2023-10-13","2028-10-12","valid","Rwanda FDA - Registered Pharmaceutical Products July 2026","https://rwandafda.gov.rw/register/monitoring_preview_register"
"1979","Rwanda FDA-HMP-MA-0495","OVOID","Misoprostol Dispersion USP 200 mcg","200 mcg","Uncoated tablets","3 x 10 Tablets","24 Months","AKUMS DRUGS & PHARMACEUTICALS LTD.","INDIA","UNOSOURCE PHARMA LTD, INDIA","ABACUS PHARMA (A) LTD","2023-10-13","2028-10-12","valid","Rwanda FDA - Registered Pharmaceutical Products July 2026","https://rwandafda.gov.rw/register/monitoring_preview_register"
"1980","Rwanda FDA-HMP-MA-0542","RL","Sodium lactate B.P 0.320% w/v, Sodium chloride B.P. 0.600 % w/v, Potassium chloride B.P 0.040 % w/v, Calcium chloride dehydrate B.P. 0.027 % w/v","0.320% w/v, 0.600 % w/v, 0.040 % w/v, 0.027 % w/v","Solution for infusion","500ml/250ml, bottles","36 Months","ABACUS PARENTERAL DRUGS LTD (APDL),","UGANDA","ABACUS PARENTERAL DRUGS LTD (APDL)","ABACUS PHARMA (A) LTD","2023-10-13","2028-10-12","valid","Rwanda FDA - Registered Pharmaceutical Products July 2026","https://rwandafda.gov.rw/register/monitoring_preview_register"
"1981","Rwanda FDA-HMP-MA-0517","SALCOF SYRUP","Salbutamol 1.0mg, Bromhexine HCl 2.0mg, Guaifenesin 50mg","1.0mg, 2.0mg, 50mg","Syrup","100ml Bottles","36 Months","UNIVERSAL CORPORATION LIMITED,","KENYA","UNIVERSAL CORPORATION LIMITED, KENYA","SUN ENTERPRISES LTD","2023-10-13","2028-10-12","valid","Rwanda FDA - Registered Pharmaceutical Products July 2026","https://rwandafda.gov.rw/register/monitoring_preview_register"
"1982","Rwanda FDA-HMP-MA-0548","TERBINAFORCE-250","Terbinafine Hydrochloride 250 mg","250 mg","Uncoated tablets","10x10 Tablets","24 Months","MANKIND PHARMA LIMITED;","INDIA","MANKIND PHARMA LIMITED, INDIA","WESSEX PHARMACEUTICALS (RWANDA) LTD","2023-10-13","2028-10-12","valid","Rwanda FDA - Registered Pharmaceutical Products July 2026","https://rwandafda.gov.rw/register/monitoring_preview_register"
"1983","Rwanda FDA-HMP-MA-0494","WILCREAS-50","Vildagliptin 50 mg","50 mg","Tablets","3 x 10 Tablets","24 Months","MICRO LABS LIMITED,","INDIA","MICRO LABS LIMITED, INDIA","WESSEX PHARMACEUTICAL (RWANDA) LTD","2023-10-13","2028-10-12","valid","Rwanda FDA - Registered Pharmaceutical Products July 2026","https://rwandafda.gov.rw/register/monitoring_preview_register"
"1984","Rwanda FDA-HMP-MA-0595","ZEDCAL ORAL SUSPENSION","Zinc Sulphate Monohydrate (2 mg), Calcium Carbonate (150 mg), Magnesium Hydroxide (25 mg), Vitamin D3 (200IU)","2 mg, 150 mg, 25 mg, 200IU","Oral Suspension","200 ml Bottle","36 Months","MEYER ORGANICS PVT. LTD,","INDIA","MEYER ORGANICS PVT. LTD","SUN ENTERPRISES LTD","2023-10-13","2028-10-12","valid","Rwanda FDA - Registered Pharmaceutical Products July 2026","https://rwandafda.gov.rw/register/monitoring_preview_register"
"1985","Rwanda FDA-HMP-MA-0506","ABPARA","Paracetamol 1.0% W/V","1.0% W/V","Solution for infusion","100ml Bottles","24 Months","ABACUS PARENTERAL DRUGS LTD (APDL),","UGANDA","ABACUS PARENTERAL DRUGS LTD (APDL)","ABACUS PHARMA (A) LTD","2023-10-05","2028-10-04","valid","Rwanda FDA - Registered Pharmaceutical Products July 2026","https://rwandafda.gov.rw/register/monitoring_preview_register"
"1986","Rwanda FDA-HMP-MA-0568","","Montelukast 10 mg","10 mg","Film-coated tablet","14 tablets","36 Months","","TURKEY AND SWITZERLAND","DAFRA PHARMA GmbH","SUN ENTREPRISES LTD","2023-10-05","2028-10-04","valid","Rwanda FDA - Registered Pharmaceutical Products July 2026","https://rwandafda.gov.rw/register/monitoring_preview_register"
"1987","Rwanda FDA-HMP-MA-0530","BIFRIL 30MG","Zofenopril calcium 30mg","30mg","Film coated tablet","4X7 Tablets","36 Months","A. MENARINI MANUFACTURING LOGISTICS AND SERVICES S.R.L.,","ITALY","A. MENARINI INTERNATIONAL OPERATIONS LUXEMBOURG S.A","PRAFIN RWANDA LTD","2023-10-05","2028-10-04","valid","Rwanda FDA - Registered Pharmaceutical Products July 2026","https://rwandafda.gov.rw/register/monitoring_preview_register"
"1988","Rwanda FDA-HMP-MA-0543","BIFRIL PLUS","Zofenopril 30mg calcium/hydrochlorothiazide 12.5mg.","30mg /12.5mg","Film coated tablet","7 and 28 Film-Coated tablets","36 Months","A. MENARINI MANUFACTURING LOGISTICS AND SERVICES S.R.L.,","ITALY","A. MENARINI INTERNATIONAL OPERATIONS LUXEMBOURG S.A","PRAFIN RWANDA LTD","2023-10-05","2028-10-04","valid","Rwanda FDA - Registered Pharmaceutical Products July 2026","https://rwandafda.gov.rw/register/monitoring_preview_register"
"1989","Rwanda FDA-HMP-MA- 0582","CAFFEINE CITRATE 10MG/ML SOLUTION FOR INJECTION","Each 1ml of solution contains, 10mg Caffeine Citrate, equivalent to 5mg of Caffeine","10mg/ml","Solution for Injection","10 Ampoules of 1ml","36 Months","MACARTHYS LABORATORIES T/A MARTINDALE PHARMA,","UNITED KINGDOM","MACARTHYS LABORATORIES T/A MARTINDALE PHARM","KIPHARMA LTD","2023-10-05","2028-10-04","valid","Rwanda FDA - Registered Pharmaceutical Products July 2026","https://rwandafda.gov.rw/register/monitoring_preview_register"
"1990","Rwanda FDA-HMP-MA-0567","CANDID CREAM","Clotrimazole cream USP 1% w/w","1% w/w","Cream","20 gm tube","48 Months","GLENMARK PHARMACEUTICALS LIMITED,","INDIA","GLENMARK PHARMACEUTICALS LTD","WESSEX PHARMACEUTICALS (RWANDA) LTD","2023-10-05","2028-10-04","valid","Rwanda FDA - Registered Pharmaceutical Products July 2026","https://rwandafda.gov.rw/register/monitoring_preview_register"
"1991","Rwanda FDA-HMP-MA-0529","CANDID V1 TABLET","Clotrimazole USP 500 mg","500 mg","Vaginal uncoated tablet","1 tablet","48 Months","GLENMARK PHARMACEUTICALS LIMITED,","INDIA","GLENMARK PHARMACEUTICALS LIMITED, INDIA","WESSEX PHARMACEUTICALS (RWANDA) LTD","2023-10-05","2028-10-04","valid","Rwanda FDA - Registered Pharmaceutical Products July 2026","https://rwandafda.gov.rw/register/monitoring_preview_register"
"1992","Rwanda FDA-HMP-MA-0570","CANDIFEM VAGINAL CREAM","Ornidazole 2% w/v (21g) and Miconazole 2% w/v, 20g","2% w/v (21g) and 2% w/v, 20g","Vaginal Cream","30 g Tube","24 Months","MEYER ORGANICS PVT. LTD,","INDIA","MEYER ORGANICS PVT. LTD, INDIA","SUN ENTREPRISES LTD","2023-10-05","2028-10-04","valid","Rwanda FDA - Registered Pharmaceutical Products July 2026","https://rwandafda.gov.rw/register/monitoring_preview_register"
"1993","Rwanda FDA-HMP-MA-0532","CIFIN","Ciprofloxacin Injection 0.2% w/v","0.2% w/v","Solution for infusion.","100 ml Bottles","24 Months","ABACUS PARENTERAL DRUGS LTD (APDL),","UGANDA","ABACUS PARENTERAL DRUGS LTD (APDL)","ABACUS PHARMA (A) LTD","2023-10-05","2028-10-04","valid","Rwanda FDA - Registered Pharmaceutical Products July 2026","https://rwandafda.gov.rw/register/monitoring_preview_register"
"1994","Rwanda FDA-HMP-MA- 0519","D5","Glucose anhydrous 5.0% w/v","5.0% w/v","Solution for infusion","500 ml & 250 ml Bottles","36 Months","ABACUS PARENTERAL DRUGS LTD (APDL),","UGANDA","ABACUS PARENTERAL DRUGS LTD (APDL)","ABACUS PHARMA (A) LTD","2023-10-05","2028-10-04","valid","Rwanda FDA - Registered Pharmaceutical Products July 2026","https://rwandafda.gov.rw/register/monitoring_preview_register"
"1995","Rwanda FDA-HMP-MA-0489","DAPZIN 10","Dapagliflozin 10mg","10mg","Film-coated Tablets","3 x 10 Tablets","24 Months","MICRO LABS LIMITED,","INDIA","MICRO LABS LIMITED, INDIA","WESSEX PHARMACEUTICAL (RWANDA) LTD","2023-10-05","2028-10-04","valid","Rwanda FDA - Registered Pharmaceutical Products July 2026","https://rwandafda.gov.rw/register/monitoring_preview_register"
"1996","Rwanda FDA-HMP-MA-0490","DAPZIN 10-M PLUS","Dapagliflozin 10 mg / Metformin Hydrochloride USP 1000 mg","10 mg / 1000 mg","Film-coated Tablets","3 x 10 Tablets","24 Months","MICRO LABS LIMITED,","INDIA","MICRO LABS LIMITED, INDIA","WESSEX PHARMACEUTICAL (RWANDA) LTD","2023-10-05","2028-10-04","valid","Rwanda FDA - Registered Pharmaceutical Products July 2026","https://rwandafda.gov.rw/register/monitoring_preview_register"
"1997","Rwanda FDA-HMP-MA-0558","","Paracetamol for Injection 10mg/ml","10mg/ml","Solution for injection","100ml flexible bag","24 Months","CARELIDE","FRANCE","IMEX PHARMA","KIPHARMA LTD","2023-10-05","2028-10-04","valid","Rwanda FDA - Registered Pharmaceutical Products July 2026","https://rwandafda.gov.rw/register/monitoring_preview_register"
"1998","Rwanda FDA-HMP-MA-0535","DOXORUBICIN HYDROCHLORIDE","Doxorubicin hydrochloride 2mg/ml","2mg/ml","Concentrate solution for infusion","1 Vial","24 Months","FAREVA UNTERACH GmbH,","AUSTRIA","SANDOZ GmbH, Kundl","SURGIPHARM (RWANDA) LTD","2023-10-05","2028-10-04","valid","Rwanda FDA - Registered Pharmaceutical Products July 2026","https://rwandafda.gov.rw/register/monitoring_preview_register"
"1999","Rwanda FDA-HMP-MA-0255","DUOVIR","Lamivudine and Zidovudine 150 /300mg","150 /300mg","Film-coated tablets","60 Tablets","42 Months","CIPLA LIMITED,","INDIA","CIPLA LIMITED, INDIA","PHILLIPS PHARMACEUTICALS (RWANDA) LTD","2023-10-05","2028-10-04","valid","Rwanda FDA - Registered Pharmaceutical Products July 2026","https://rwandafda.gov.rw/register/monitoring_preview_register"
"2000","Rwanda FDA-HMP-MA-0581","FENTANYL KALCEKS","Fentanyl 0.05 mg/ml","0.05 mg/ml","Solution for injection","10 Ampoules of 2ml","60 Months","HBM PHARMA S.R.O.","SLOVAKIA","AS KALCEKS, LATVIA","ACTIVIS PHARMA","2023-10-05","2028-10-04","valid","Rwanda FDA - Registered Pharmaceutical Products July 2026","https://rwandafda.gov.rw/register/monitoring_preview_register"
"2001","Rwanda FDA-HMP-MA-0556","FUNGARIN","Miconazole Oromucosal Gel 2%","0.02","Oral gel","30g tubes","24 Months","S KANT HEALTHCARE LTD.","INDIA","S KANT HEALTHCARE LTD","ABACUS PHARMA (A) LTD","2023-10-05","2028-10-04","valid","Rwanda FDA - Registered Pharmaceutical Products July 2026","https://rwandafda.gov.rw/register/monitoring_preview_register"
"2002","Rwanda FDA-HMP-MA-0525","FUROSEMIDE 40MG","Furosemide 40mg","40mg","Tablets","10, 12, 14, 20, 28, 30, 50, 56, 60, 84, 100 and 250 tablets","36 Months","SALUTAS PHARMA GmbH,","GERMANY","SANDOZ GmbH, KUNDL","SURGIPHARM (RWANDA) LTD","2023-10-05","2028-10-04","valid","Rwanda FDA - Registered Pharmaceutical Products July 2026","https://rwandafda.gov.rw/register/monitoring_preview_register"
"2003","Rwanda FDA-HMP-MA-0537","HYDROCHLOROTHIAZIDE TABLETS USP 50 MG","Hydrochlorothiazide 50mg","50mg","Uncoated tablets","10x10 Tablets","36 Months","LINCOLN PHARMACEUTICALS LIMITED,","INDIA","LINCOLN PHARMACEUTICALS LIMITED","ABACUS PHARMA (A) LTD","2023-10-05","2028-10-04","valid","Rwanda FDA - Registered Pharmaceutical Products July 2026","https://rwandafda.gov.rw/register/monitoring_preview_register"
"2004","Rwanda FDA-HMP-MA-0504","IBUMEX 200MG TABLET","Ibuprofen 200mg","200mg","Tablets","10x10 B/P, 100x10 B/P,","48 Months","REGAL PHARMACEUTICALS LIMITED,","KENYA","REGAL PHARMACEUTICALS LTD","ABACUS PHARMA (A) LTD","2023-10-05","2028-10-04","valid","Rwanda FDA - Registered Pharmaceutical Products July 2026","https://rwandafda.gov.rw/register/monitoring_preview_register"
"2005","Rwanda FDA-HMP-MA-0514","LAXALINK","Lactulose Concentrate USP equivalent to Lactulose 3.35mg/5ml","3.35mg/5ml","Oral solution","150 ml solution bottle","36 Months","LINCOLN PHARMACEUTICALS LIMITED,","INDIA","LINCOLN PHARMACEUTICALS LIMITED","ABACUS PHARMA (A) LTD","2023-10-05","2028-10-04","valid","Rwanda FDA - Registered Pharmaceutical Products July 2026","https://rwandafda.gov.rw/register/monitoring_preview_register"
"2006","Rwanda FDA-HMP-MA-0562","MIDAZOLAM KALCEKS 5MG/ML","Midazolam 5mg/ml","5mg/ml","Sterile, clear colourless solution","10 ampoules","48 Months","HBM PHARMA S.R.O.,","SLOVAK REPUBLIC","AS KALCEKS, LATVIA","ACTIVIS PHARMA","2023-10-05","2028-10-04","valid","Rwanda FDA - Registered Pharmaceutical Products July 2026","https://rwandafda.gov.rw/register/monitoring_preview_register"
"2007","Rwanda FDA-HMP-MA-0583","MORPHINE SULPHATE 10MG/ML SOLUTION FOR INJECTION","Morphine Sulphate 10mg/ml","10mg/ml","Solution for Injection","1ml ampoule","36 Months","MACARTHYS LABORATORIES T/A MARTINDALE PHARMA,","UNITED KINGDOM","MACARTHYS LABORATORIES T/A MARTINDALE PHARM","KIPHARMA LTD","2023-10-05","2028-10-04","valid","Rwanda FDA - Registered Pharmaceutical Products July 2026","https://rwandafda.gov.rw/register/monitoring_preview_register"
"2008","Rwanda FDA-HMP-MA-0560","MYCOBAN CREAM","Clotrimazole USP 1%w/w, Anhydrous Beclomethasone Dipropionate BP 0.025% w/w","1%w/w, 0.025% w/w","Cream","15 g tube","36 Months","AUROCHEM LABORATORIES (I) PVT. LTD.","INDIA","OCHOA LABORATORIES","SUN ENTERPRISE LTD","2023-10-05","2028-10-04","valid","Rwanda FDA - Registered Pharmaceutical Products July 2026","https://rwandafda.gov.rw/register/monitoring_preview_register"
"2009","Rwanda FDA-HMP-MA-0546","NIFLURIL CAPSULE","Niflumic acid 250 mg","250 mg","Capsules","30 capsules","36 Months","UPSA SAS.","FRANCE","UPSA, FRANCE","KIPHARMA LTD","2023-10-05","2028-10-04","valid","Rwanda FDA - Registered Pharmaceutical Products July 2026","https://rwandafda.gov.rw/register/monitoring_preview_register"
"2010","Rwanda FDA-HMP-MA-0555","NYSKA","Nystatin tablets USP 500,000IU","500,000IU","Film coated tablets","10x10 tablets","24 Months","S KANT HEALTHCARE LTD.","INDIA","S KANT HEALTHCARE LTD","ABACUS PHARMA (A) LTD","2023-10-05","2028-10-04","valid","Rwanda FDA - Registered Pharmaceutical Products July 2026","https://rwandafda.gov.rw/register/monitoring_preview_register"
"2011","Rwanda FDA-HMP-MA-0557","NYSKA-V","Nystatin, 100,000IU","100,000IU","Tablets (vaginal inserts)","1x14 tablets","24 Months","S KANT HEALTHCARE LTD.","INDIA","S KANT HEALTHCARE LTD","ABACUS PHARMA (A) LTD","2023-10-05","2028-10-04","valid","Rwanda FDA - Registered Pharmaceutical Products July 2026","https://rwandafda.gov.rw/register/monitoring_preview_register"
"2012","RwandaFDA-HMP-MA-0486","ORILAM ODT-100","Lamotrigine USP 100 mg","100 mg","Tablets","","24 Months","MICRO LABS LIMITED,","INDIA","MICRO LABS LIMITED, INDIA","WESSEX PHARMACEUTICAL (RWANDA) LTD","2023-10-05","2028-10-04","valid","Rwanda FDA - Registered Pharmaceutical Products July 2026","https://rwandafda.gov.rw/register/monitoring_preview_register"
"2013","Rwanda FDA-HMP-MA-0487","ORILAM ODT-25","Lamotrigine USP 25 mg","25 mg","Tablets","","24 Months","MICRO LABS LIMITED,","INDIA","MICRO LABS LIMITED, INDIA","WESSEX PHARMACEUTICAL (RWANDA) LTD","2023-10-05","2028-10-04","valid","Rwanda FDA - Registered Pharmaceutical Products July 2026","https://rwandafda.gov.rw/register/monitoring_preview_register"
"2014","Rwanda FDA-HMP-MA-0565","PACLITAXEL 100MG/16.7ML INJECTION","Paclitaxel 100mg/16.7ml","100mg/16.7ml","Solution for injection","20 ml Vial","18 Months","HOSPIRA AUSTRALIA PTY LTD,","AUSTRALIA","PFIZER LABORATORIES LTD, KENYA","GILMED LIMITED","2023-10-05","2028-10-04","valid","Rwanda FDA - Registered Pharmaceutical Products July 2026","https://rwandafda.gov.rw/register/monitoring_preview_register"
"2015","Rwanda FDA-HMP-MA-0566","PACLITAXEL 300MG/50ML INJECTION","Paclitaxel 300mg/50ml","300mg/50ml","Solution for injection","50 ml Vial","18 Months","HOSPIRA AUSTRALIA PTY LTD,","AUSTRALIA","PFIZER LABORATORIES LTD, KENYA","GILMED LIMITED","2023-10-05","2028-10-04","valid","Rwanda FDA - Registered Pharmaceutical Products July 2026","https://rwandafda.gov.rw/register/monitoring_preview_register"
"2016","Rwanda FDA-HMP-MA-0531","SODIUM CHLORIDE INTRAVENOUS INFUSION (NS)","Sodium Chloride 0.9% w/v","0.9% w/v","Solution for infusion","500 ml & 250 ml Bottles","36 Months","ABACUS PARENTERAL DRUGS LTD (APDL),","UGANDA","ABACUS PARENTERAL DRUGS LTD (APDL)","ABACUS PHARMA (A) LTD","2023-10-05","2028-10-04","valid","Rwanda FDA - Registered Pharmaceutical Products July 2026","https://rwandafda.gov.rw/register/monitoring_preview_register"
"2017","Rwanda FDA-HMP-MA-0584","SUXAMETHONIUM CHLORIDE 50MG/ML SOLUTION FOR INJECTION/INFUSION","Each ml of solution for injection or infusion contains 50 mg of suxamethonium chloride dihydrate (equivalent to 36.55 mg of suxamethonium)","50mg/ml","Solution for Injection/Infusion","10 Ampoules of 2ml","18 months","MACARTHYS LABORATORIES T/A MARTINDALE PHARMA,","UNITED KINGDOM","MACARTHYS LABORATORIES T/A MARTINDALE PHARM","KIPHARMA LTD","2023-10-05","2028-10-04","valid","Rwanda FDA - Registered Pharmaceutical Products July 2026","https://rwandafda.gov.rw/register/monitoring_preview_register"
"2018","Rwanda FDA-HMP-MA-0554","TORSINEX-10","Torsemide 10 mg","10 mg","Uncoated tablets","3x10 Tablets","36 Months","MICRO LABS LIMITED,","INDIA","MICRO LABS LIMITED","WESSEX PHARMACEUTICALS (RWANDA) LTD","2023-10-05","2028-10-04","valid","Rwanda FDA - Registered Pharmaceutical Products July 2026","https://rwandafda.gov.rw/register/monitoring_preview_register"
"2019","Rwanda FDA-HMP-MA-0527","UNITRIM TABLETS","Sulfamethoxazole B.P 400mg & Trimethoprim B.P 80mg","400mg & 80mg","Tablets","10 x 10 tablets","48 Months","REGAL PHARMACEUTICALS LIMITED,","KENYA","REGAL PHARMACEUTICALS LTD, KENYA","ABACUS PHARMA (A) LTD","2023-10-05","2028-10-04","valid","Rwanda FDA - Registered Pharmaceutical Products July 2026","https://rwandafda.gov.rw/register/monitoring_preview_register"
"2020","Rwanda FDA-HMP-MA-0559","VIFEX SYRUP","Salbutamol Sulphate BP 1 mg, Bromhexine hydrochloride BP 2 mg and Guaifenesin BP 50 mg.","1 mg, 2 mg and 50 mg","Syrup","100 ml Bottle","36 Months","EMCURE PHARMACEUTICALS LIMITED,","INDIA","EMCURE PHARMACEUTICALS LIMITED","ABACUS PHARMA (A) LTD","2023-10-05","2028-10-04","valid","Rwanda FDA - Registered Pharmaceutical Products July 2026","https://rwandafda.gov.rw/register/monitoring_preview_register"
"2021","Rwanda FDA-HMP-MA-0586","VONADAY","Efavirenz, Lamivudine, Tenofovir Disoproxil Fumarate 600mg/300 mg/ 300 mg","600mg/300 mg/ 300 mg","Film-coated tablets","30 tablets","24 Months","EMCURE PHARMACEUTICALS LTD,","INDIA","EMCURE PHARMACEUTICALS LTD, INDIA","ABACUS PHARMA (A) LTD","2023-10-05","2028-10-04","valid","Rwanda FDA - Registered Pharmaceutical Products July 2026","https://rwandafda.gov.rw/register/monitoring_preview_register"
"2022","Rwanda FDA-HMP-MA-0526","XSONE","Dexamethasone Sodium Phosphate 0.1% w/v","0.1% w/v","Ophthalmic solution","10ml and 5ml plastic ampoules","36 Months","ABACUS PARENTERAL DRUGS LTD. (APDL),","UGANDA","ABACUS PARENTERAL DRUGS LTD (APDL)","ABACUS PHARMA (A) LTD","2023-10-05","2028-10-04","valid","Rwanda FDA - Registered Pharmaceutical Products July 2026","https://rwandafda.gov.rw/register/monitoring_preview_register"
"2023","RwandaFDA-HMP-MA-0524","ZENTEL SUSPENSION","Albendazole 4% w/v","4% w/v","Suspension","10 ml bottle","24 Months","ASPEN BAD OLDESLOE GmbH,","GERMANY","GLAXOSMITHKLINE PHARMACEUTICAL KENYA LIMITED","KIPHARMA LTD","2023-10-05","2028-10-04","valid","Rwanda FDA - Registered Pharmaceutical Products July 2026","https://rwandafda.gov.rw/register/monitoring_preview_register"
"2024","Rwanda FDA-HMP-MA-0573","ZINNIA F","Levonorgestrel 0.15 mcg and Ethinyl oestradiol 0.03 mcg Tablets with ferrous fumarate tablets 75 mg","0.15 mcg and 0.03 mcg, 75 mg","Tablet","28 tablets","36 Months","MYLAN LABORATORIES LIMITED,","INDIA","MYLAN LABORATORIES LIMITED","PYRAMID PHARMA LTD","2023-10-05","2028-10-04","valid","Rwanda FDA - Registered Pharmaceutical Products July 2026","https://rwandafda.gov.rw/register/monitoring_preview_register"
"2025","Rwanda FDA-HMP-MA-0578","AXALINE-N","Sodium Chloride BP 0.9%w/v","0.9%w/v","Nasal Drops","10ml Vial","24 Months","AXA PARENTERALS LIMITED,","INDIA","AXA PARENTERALS LIMITED, INDIA","ABACUS PHARMA (A) LTD","2023-09-11","2028-09-10","valid","Rwanda FDA - Registered Pharmaceutical Products July 2026","https://rwandafda.gov.rw/register/monitoring_preview_register"
"2026","Rwanda FDA-HMP-MA-0501","CANDID V GEL","Clotrimazole USP 2% w/w","2% w/w","White semisolid smooth gel","30 g Tube","36 Months","GLENMARK PHARMACEUTICALS LIMITED,","INDIA","GLENMARK PHARMACEUTICALS LTD","WESSEX PHARMACEUTICALS (RWANDA) LTD","2023-09-11","2028-09-10","valid","Rwanda FDA - Registered Pharmaceutical Products July 2026","https://rwandafda.gov.rw/register/monitoring_preview_register"
"2027","Rwanda FDA-HMP-MA-0502","CANDITRAL","Itraconazole 100 mg","100 mg","Capsules","4X10 Capsules","30 Months","GLENMARK PHARMACEUTICALS LIMITED,","INDIA","GLENMARK PHARMACEUTICALS LTD","WESSEX PHARMACEUTICALS (RWANDA) LTD","2023-09-11","2028-09-10","valid","Rwanda FDA - Registered Pharmaceutical Products July 2026","https://rwandafda.gov.rw/register/monitoring_preview_register"
"2028","Rwanda FDA-HMP-MA-0513","DERMIDEX CREAM","Miconazole Nitrate BP 2% w/w","2% w/w","Cream","15g tube","36 Months","REGAL PHARMACEUTICALS LTD,","KENYA","REGAL PHARMACEUTICALS LTD","ABACUS PHARMA (A) LTD","2023-09-11","2028-09-10","valid","Rwanda FDA - Registered Pharmaceutical Products July 2026","https://rwandafda.gov.rw/register/monitoring_preview_register"
"2029","Rwanda FDA-HMP-MA-0499","DIAPRIDE PLUS 2","Glimepiride USP 2 mg and Metformin Hydrochloride BP 500 mg sustained release","2 mg and 500 mg","Uncoated bi-layered sustained release tablets","3X10 tablets","36 Months","MICRO LABS LIMITED,","INDIA","MICRO LABS LIMITED, INDIA","WESSEX PHARMACEUTICALS (RWANDA) LTD","2023-09-11","2028-09-10","valid","Rwanda FDA - Registered Pharmaceutical Products July 2026","https://rwandafda.gov.rw/register/monitoring_preview_register"
"2030","Rwanda FDA-HMP-MA-0512","FENTANYL MEDIS 0.1MG/2ML","Fentanyl citrate. 0.1mg/2ml","0.1mg/2ml","Injectable solution","10 ampoules of 2ml,","36 Months","","TUNISIA","","KIPHARMA LTD","2023-09-11","2028-09-10","valid","Rwanda FDA - Registered Pharmaceutical Products July 2026","https://rwandafda.gov.rw/register/monitoring_preview_register"
"2031","Rwanda FDA-HMP-MA-0511","","Norfloxacin 0.3%, eye drops solution","0.003","Eye drops solution","5ml Bottle","36 Months","AHLCON PARENTERALS (INDIA) LTD,","INDIA","EXPHAR S.A, BELGIUM","H&H PHARMA LTD","2023-09-11","2028-09-10","valid","Rwanda FDA - Registered Pharmaceutical Products July 2026","https://rwandafda.gov.rw/register/monitoring_preview_register"
"2032","Rwanda FDA-HBP-MA-0033","","Insulin Human 100 IU/ml","100 IU/ml","Suspension for injection","10ml, Vial","30 Months","NOVO NORDISK PRODUCTION SAS, and Novo Nordisk A/S","FRANCE AND DENMARK","NOVO NORDISK A/S","WESSEX PHARMACEUTICALS (RWANDA) LTD","2023-09-11","2028-09-10","valid","Rwanda FDA - Registered Pharmaceutical Products July 2026","https://rwandafda.gov.rw/register/monitoring_preview_register"
"2033","Rwanda FDA-HMP-MA-0564","LEVOBACT-750","Levofloxacin Hemihydrate 750 mg","750 mg","Film coated tablets","1x10 Tablets","36 Months","MICRO LABS LIMITED,","INDIA","MICRO LABS LIMITED, INDIA","WESSEX PHARMACEUTICALS (RWANDA) LTD","2023-09-11","2028-09-10","valid","Rwanda FDA - Registered Pharmaceutical Products July 2026","https://rwandafda.gov.rw/register/monitoring_preview_register"
"2034","Rwanda FDA-HMP-MA-0571","MAXITROL EYE DROPS","Dexamethasone 1 mg, polymyxin B 6000 IU sulfate, neomycin sulfate 3500 IU","1 mg, 6000 IU, 3500 IU","Eye Drops Suspension","5ml Bottle","24 Months","S.A. ALCON-COUVREUR N.V.","BELGIUM","NVS KENYA LIMITED","SURGIPHARM (RWANDA) LTD","2023-09-11","2028-09-10","valid","Rwanda FDA - Registered Pharmaceutical Products July 2026","https://rwandafda.gov.rw/register/monitoring_preview_register"
"2035","Rwanda FDA-HMP-MA-0491","MELMET 1000 SR","Metformin 1000 mg","1000 mg","Uncoated sustained release tablets","3X10 Tablets","36 Months","MICRO LABS LIMITED,","INDIA","MICRO LABS LIMITED, INDIA","WESSEX PHARMACEUTICALS (RWANDA) LTD","2023-09-11","2028-09-10","valid","Rwanda FDA - Registered Pharmaceutical Products July 2026","https://rwandafda.gov.rw/register/monitoring_preview_register"
"2036","Rwanda FDA-HMP-MA-0500","NEBILONG-AM","Nebivolol 5mg and Amlodipine 5 mg","5mg and 5 mg","Uncoated, bi-layered tablets","3X10 tablets","36 Months","MICRO LABS LIMITED,","INDIA","MICRO LABS LIMITED, INDIA","WESSEX PHARMACEUTICALS (RWANDA) LTD","2023-09-11","2028-09-10","valid","Rwanda FDA - Registered Pharmaceutical Products July 2026","https://rwandafda.gov.rw/register/monitoring_preview_register"
"2037","Rwanda FDA-HMP-MA-0575","NEBILONG-H","Nebivolol 5mg and Hydrochlorothiazide 12.5mg","5mg and 12.5mg","Tablets","3x10 Tablets","24 Months","MICRO LABS LIMITED,","INDIA","MICRO LABS LIMITED, INDIA","WESSEX PHARMACEUTICALS (RWANDA) LTD","2023-09-11","2028-09-10","valid","Rwanda FDA - Registered Pharmaceutical Products July 2026","https://rwandafda.gov.rw/register/monitoring_preview_register"
"2038","Rwanda FDA-HMP-MA-0577","OMEFLUX CAPSULES","Omeprazole 20mg Capsules","20mg","Capsules","3 x 10 Capsules","36 Months","BIODEAL LABORATORIES LTD,","KENYA","BIODEAL LABORATORIES LTD","CAPITAL PHARMACEUTICAL SUPPLIES LTD","2023-09-11","2028-09-10","valid","Rwanda FDA - Registered Pharmaceutical Products July 2026","https://rwandafda.gov.rw/register/monitoring_preview_register"
"2039","Rwanda FDA-HMP-MA-0498","PETHIDINE HYDROCHLORIDE 100MG/2ML","Pethidine Hydrochloride 100 mg/ 2ml","100 mg/ 2ml","Solution for injection","10 ampoules of 2ml solution","24 Months","Macarthys Laboratories Limited, T/A Martindale Pharma,","UNITED KINGDOM","MACARTHYS LABORATORIES T/A MARTINDALE PHARMA","KIPHARMA LTD","2023-09-11","2028-09-10","valid","Rwanda FDA - Registered Pharmaceutical Products July 2026","https://rwandafda.gov.rw/register/monitoring_preview_register"
"2040","Rwanda FDA-HMP-MA-0579","PETHIDINE HYDROCHLORIDE 50MG/ML","Pethidine Hydrochloride 50mg/ml","50mg/ml","Solution for Injection","10 ampoules of 1ml solution","24 Months","Macarthys Laboratories Limited, T/A Martindale Pharma,","UNITED KINGDOM","MACARTHYS LABORATORIES T/A MARTINDALE PHARMA","KIPHARMA LTD","2023-09-11","2028-09-10","valid","Rwanda FDA - Registered Pharmaceutical Products July 2026","https://rwandafda.gov.rw/register/monitoring_preview_register"
"2041","Rwanda FDA-HMP-MA-0538","","Timolol maleate 0.5%","0.005","Eye drops solution","5 ml Bottle (flacon)","36 Months","AHLCON PARENTERALS (INDIA) LTD,","INDIA","EXPHAR S.A, BELGIUM","H&H PHARMA LTD","2023-09-11","2028-09-10","valid","Rwanda FDA - Registered Pharmaceutical Products July 2026","https://rwandafda.gov.rw/register/monitoring_preview_register"
"2042","Rwanda FDA-HMP-MA-0576","URYSOREN-10","Solifenacin Succinate Tablets 10 mg","10 mg","Tablets","1x10 Tablets","36 Months","MICRO LABS LIMITED,","INDIA","MICRO LABS LIMITED, INDIA","WESSEX PHARMACEUTICALS (RWANDA) LTD","2023-09-11","2028-09-10","valid","Rwanda FDA - Registered Pharmaceutical Products July 2026","https://rwandafda.gov.rw/register/monitoring_preview_register"
"2043","Rwanda FDA-HMP-MA-0574","URYSOREN-5","Solifenacin Succinate Tablets 5 mg","5 mg","Film coated tablets","1x10 Tablets","36 Months","MICRO LABS LIMITED,","INDIA","MICRO LABS LIMITED, INDIA","WESSEX PHARMACEUTICALS (RWANDA) LTD","2023-09-11","2028-09-10","valid","Rwanda FDA - Registered Pharmaceutical Products July 2026","https://rwandafda.gov.rw/register/monitoring_preview_register"
"2044","Rwanda FDA-HMP-MA-0419","ABGENTA Eye/Ear drops","Gentamicin sulphate Eye/Ear drops 0.3% w/v BP","0.3% w/v","Ophthalmic and otic clear, faintly yellow solution","10 ml bottles","36 Months","ABACUS PARENTERAL DRUGS LTD (APDL),","UGANDA","ABACUS PARENTERAL DRUGS LTD (APDL)","ABACUS PHARMA (A) LTD","2023-09-06","2028-09-05","valid","Rwanda FDA - Registered Pharmaceutical Products July 2026","https://rwandafda.gov.rw/register/monitoring_preview_register"
"2045","Rwanda FDA-HMP-MA-0510","BLOKIUM 100 mg Tablets","Atenolol 100 mg","100 mg","Tablets","15 tablets and 30 tablets","36 Months","","SPAIN","ALMIRALL, S.A, SPAIN","MULTIPHAR-UBIPHARM-RWANDA LTD","2023-09-06","2028-09-05","valid","Rwanda FDA - Registered Pharmaceutical Products July 2026","https://rwandafda.gov.rw/register/monitoring_preview_register"
"2046","Rwanda FDA-HMP-MA-0465","BLOKIUM 50 MG TABLETS","Atenolol 50 mg","50 mg","Tablets","30 or 15 tablets","36 Months","","SPAIN","ALMIRALL, S.A, SPAIN","MULTIPHAR-UBIPHARM-RWANDA LTD","2023-09-06","2028-09-05","valid","Rwanda FDA - Registered Pharmaceutical Products July 2026","https://rwandafda.gov.rw/register/monitoring_preview_register"
"2047","Rwanda FDA-HMP-MA-0432","COLOSAR?DENK 100/12.5","Losartan potassium 100 mg and Hydrochlorothiazide 12.5 mg","100 mg and 12.5 mg","Film coated tablets","28 tablets","36 Months","DENK PHARMA GmbH & Co. KG","GERMANY","DENK PHARMA GmbH & Co. KG","ETS CONTINENTAL DEPOT PHARMACEUTIQUE","2023-09-06","2028-09-05","valid","Rwanda FDA - Registered Pharmaceutical Products July 2026","https://rwandafda.gov.rw/register/monitoring_preview_register"
"2048","RwandaFDA-HMP-MA-0482","CRESTOR 10 MG","Rosuvastatin Calcium 10 mg","10 mg","Film-coated tablets","28 tablets","24 Months","IPR PHARMACEUTICALS Inc,","USA","ASTRAZENECA UK LIMITED, MACCLESFIELD, CHESHIRE, UNITED KINGDOM","SURGIPHARM (RWANDA) LTD","2023-09-06","2028-09-05","valid","Rwanda FDA - Registered Pharmaceutical Products July 2026","https://rwandafda.gov.rw/register/monitoring_preview_register"
"2049","RwandaFDA-HMP-MA-0484","CRESTOR 20 MG","Rosuvastatin Calcium 20 mg","20 mg","Film-coated tablets","28 tablets","24 Months","IPR PHARMACEUTICALS Inc,","USA","ASTRAZENECA UK LIMITED, MACCLESFIELD, CHESHIRE, UNITED KINGDOM","SURGIPHARM (RWANDA) LTD","2023-09-06","2028-09-05","valid","Rwanda FDA - Registered Pharmaceutical Products July 2026","https://rwandafda.gov.rw/register/monitoring_preview_register"
"2050","RwandaFDA-HMP-MA-0483","CRESTOR 5MG","Rosuvastatin Calcium 5 mg","5 mg","Film-coated tablets","28 tablets","24 Months","IPR PHARMACEUTICALS Inc,","USA","ASTRAZENECA UK LIMITED, MACCLESFIELD, CHESHIRE, UNITED KINGDOM","SURGIPHARM (RWANDA) LTD","2023-09-06","2028-09-05","valid","Rwanda FDA - Registered Pharmaceutical Products July 2026","https://rwandafda.gov.rw/register/monitoring_preview_register"
"2051","RwandaFDA-HMP-MA-0485","DOLUTEGRAVIR (SODIUM) / LAMIVUDINE AND TENOFOVIR DISOPROXIL FUMARATE","Dolutegravir (sodium)/ lamivudine/ tenofovir disoproxil fumarate 50mg/ 300mg/ 300mg","50mg/ 300mg/ 300mg","Film coated tablets","","24 Months","CELLTRION PHARM, INC.","REPUBLIC OF KOREA","CELLTRION, INC.","KIPHARMA LTD","2023-09-06","2028-09-05","valid","Rwanda FDA - Registered Pharmaceutical Products July 2026","https://rwandafda.gov.rw/register/monitoring_preview_register"
"2052","Rwanda FDA-HMP-MA-0458","FEVEREX TOTO SUSPENSION","Paracetamol 120mg/5ml","120mg/5ml","Suspension","60ml Bottles","36 Months","BETA HEALTHCARE INTERNATIONAL LIMITED,","KENYA","BETA HEALTHCARE INTERNATIONAL LIMITED","SURGIPHARM (RWANDA) LTD","2023-09-06","2028-09-05","valid","Rwanda FDA - Registered Pharmaceutical Products July 2026","https://rwandafda.gov.rw/register/monitoring_preview_register"
"2053","Rwanda FDA-HMP-MA-0417","FLUCON EYE DROPS","Fluorometholone 1mg/ml","1mg/ml","Eye Drops suspension","5ml Bottle","24 Months","S.A. ALCON-COUVREUR N.V.","BELGIUM","NVS KENYA LIMITED","SURGIPHARM (RWANDA) LTD","2023-09-06","2028-09-05","valid","Rwanda FDA - Registered Pharmaceutical Products July 2026","https://rwandafda.gov.rw/register/monitoring_preview_register"
"2054","Rwanda FDA-HMP-MA-0388","INTAMINE CREAM","Mepyramine Maleate BP. 2.0% W/W","2.0% W/W","CREAM","25 g tube","36 Months","REGAL PHARMACEUTICALS LTD,","KENYA","REGAL PHARMACEUTICALS LTD., KENYA","ABACUS PHARMA (A) LTD","2023-09-06","2028-09-05","valid","Rwanda FDA - Registered Pharmaceutical Products July 2026","https://rwandafda.gov.rw/register/monitoring_preview_register"
"2055","Rwanda FDA-HMP-MA-0475","Predilone 5mg","Prednisolone 5mg","5mg","Tablets","10x10s, 100x10 tablets","48 Months","REGAL PHARMACEUTICALS LTD,","KENYA","REGAL PHARMACEUTICALS LTD","ABACUS PHARMA (A) LTD","2023-09-06","2028-09-05","valid","Rwanda FDA - Registered Pharmaceutical Products July 2026","https://rwandafda.gov.rw/register/monitoring_preview_register"
"2056","Rwanda FDA-HMP-MA-0418","RINALIN SYRUP","Chlorpheniramine maleate, 2mg/5ml","2mg/5ml","Syrup","60 ml and 100 ml Bottles","36 Months","REGAL PHARMACEUTICALS LTD,","KENYA","REGAL PHARMACEUTICALS LTD, KENYA.","ABACUS PHARMA (A) LTD","2023-09-06","2028-09-05","valid","Rwanda FDA - Registered Pharmaceutical Products July 2026","https://rwandafda.gov.rw/register/monitoring_preview_register"
"2057","Rwanda FDA-HMP-MA-0509","SEKISAN SYRUP","Cloperastine fendizoate 3.54 mg /ml","3.54 mg /ml","Syrup","120ml Bottles","60 Months","","SPAIN","ALMIRALL, S.A","MULTIPHAR-UBIPHARM-RWANDA LTD","2023-09-06","2028-09-05","valid","Rwanda FDA - Registered Pharmaceutical Products July 2026","https://rwandafda.gov.rw/register/monitoring_preview_register"
"2058","Rwanda FDA-HMP-MA-0471","TAMOXIFEN","Tamoxifen citrate 20mg","20mg","Film coated tablet","30 Tablets","36 Months","SALUTAS PHARMA GmbH,","GERMANY","SANDOZ GmbH BIOCHEMIESTRASSE","SURGIPHARM (RWANDA) LTD","2023-09-06","2028-09-05","valid","Rwanda FDA - Registered Pharmaceutical Products July 2026","https://rwandafda.gov.rw/register/monitoring_preview_register"
"2059","Rwanda FDA-HMP-MA0508","TENOFOVIR DISOPROXIL FUMARATE TABLETS 300 MG","Tenofovir Disoproxil Fumarate 300mg equivalent to 245 mg of Tenofovir Disoproxil","300mg","Film coated tablets","1x30 tablets","24 Months","STRIDES SHASUN LIMITED,","INDIA","STRIDES SHASUN LIMITED","SUN ENTERPRISES LTD","2023-09-06","2028-09-05","valid","Rwanda FDA - Registered Pharmaceutical Products July 2026","https://rwandafda.gov.rw/register/monitoring_preview_register"
"2060","Rwanda FDA-HMP-MA-0386","XATRAL 2.5 mg","Alfuzosin 2.5mg","2.5mg","Film-Coated Tablets","30 tablets","24 Months","SANOFI WINTHROP INDUSTRIE,","FRANCE","SANOFI AVENTIS KENYA LIMITED","KIPHARMA LTD","2023-09-06","2028-09-05","valid","Rwanda FDA - Registered Pharmaceutical Products July 2026","https://rwandafda.gov.rw/register/monitoring_preview_register"
"2061","Rwanda FDA-HMP-MA-0421","XATRAL LP 10 mg","Alfuzosin 10 mg","10 mg","Film-Coated Tablets","30 tablets","36 Months","SANOFI WINTHROP INDUSTRIE,","FRANCE","SANOFI AVENTIS KENYA LIMITED","KIPHARMA LTD","2023-09-06","2028-09-05","valid","Rwanda FDA - Registered Pharmaceutical Products July 2026","https://rwandafda.gov.rw/register/monitoring_preview_register"
"2062","Rwanda FDA-HMP-MA-0413","ABAGYL","Metronidazole Intravenous Infusion 0.5 % w/v B.P.","0.5 % w/v","Solution for Infusion","100 ml Bottle","24 Months","ABACUS PARENTERAL DRUGS LTD (APDL)","UGANDA","ABACUS PARENTERAL DRUGS LTD (APDL), UGANDA","ABACUS PHARMA (A) LTD","2023-08-24","2028-08-23","valid","Rwanda FDA - Registered Pharmaceutical Products July 2026","https://rwandafda.gov.rw/register/monitoring_preview_register"
"2063","Rwanda FDA-HMP-MA-0455","ABCHLOR EAR DROPS","Chloramphenicol B.P 0.5% W/V + Phenyl mercuric Nitrate B.P 0.002%W/V","0.5% W/V + 0.002%W/V","Ophthalmic solution","5 ml and 10 ml vial","36 Months, 28 days after opening","ABACUS PARENTERAL DRUGS LTD (APDL)","UGANDA","ABACUS PARENTERAL DRUGS LTD (APDL)/ UGANDA","ABACUS PHARMA (A) LTD","2023-08-24","2028-08-23","valid","Rwanda FDA - Registered Pharmaceutical Products July 2026","https://rwandafda.gov.rw/register/monitoring_preview_register"
"2064","Rwanda FDA-HMP-MA-0454","ABCHLOR EYE DROPS","Chloramphenicol B.P 0.5% W/V + Phenyl mercuric Nitrate B.P 0.002%W/V","0.5% W/V + 0.002%W/V","Eye drop solution","5ml and 10ml","36 months","ABACUS PARENTERAL DRUGS LTD (APDL)","UGANDA","ABACUS PARENTERAL DRUGS LTD (APDL)/ UGANDA","ABACUS PHARMA (A) LTD","2023-08-24","2028-08-23","valid","Rwanda FDA - Registered Pharmaceutical Products July 2026","https://rwandafda.gov.rw/register/monitoring_preview_register"
"2065","Rwanda FDA-HMP-MA-0481","ABNAL NASAL DROPS","Sodium Chloride 0.9 % w/v","0.9 % w/v","A clear colourless solution","1x10 ml bottle","24 Months","ABACUS PARENTERAL DRUGS LTD (APDL)","UGANDA","ABACUS PARENTERAL DRUGS LTD (APDL)","ABACUS PHARMA (A) LTD","2023-08-24","2028-08-23","valid","Rwanda FDA - Registered Pharmaceutical Products July 2026","https://rwandafda.gov.rw/register/monitoring_preview_register"
"2066","Rwanda FDA-HMP-MA-0433","ACICLOVIR 200MG","Aciclovir 200mg","200mg","Tablets","25 tablets","48 Months","DENK PHARMA GmbH & Co. KG","GERMANY","Denk Pharma GmbH & Co. KG","ETS CONTINENTAL DEPOT PHARMACEUTIQUE","2023-08-24","2028-08-23","valid","Rwanda FDA - Registered Pharmaceutical Products July 2026","https://rwandafda.gov.rw/register/monitoring_preview_register"
"2067","Rwanda FDA-HMP-MA-0406","ACTION TABLETS","Aspirin 600mg, Paracetamol 300mg and Caffeine 50mg","600mg, 300mg and 50mg","Tablets","","60 Months","BETA HEALTHCARE INTERNATIONAL LTD,","KENYA","BETA HEALTHCARE INTERNATIONAL LTD","SURGIPHARM (RWANDA) LTD","2023-08-24","2028-08-23","valid","Rwanda FDA - Registered Pharmaceutical Products July 2026","https://rwandafda.gov.rw/register/monitoring_preview_register"
"2068","Rwanda FDA-HMP-MA-0409","ALLTERA 50","Lopinavir/Ritonavir Granules Oral 40mg/10mg","40mg/10mg","Creamish granular powder","120 sachets","24 Months","MYLAN LABORATORIES LIMITED,","INDIA","MYLAN LABORATORIES LIMITED/INDIA","PYRAMID PHARMA LIMITED","2023-08-24","2028-08-23","valid","Rwanda FDA - Registered Pharmaceutical Products July 2026","https://rwandafda.gov.rw/register/monitoring_preview_register"
"2069","Rwanda FDA-HMP-MA-0472","ALMAX ORAL SUSPENSION","Almagate 1g/7.5ml","1g/7.5ml","Oral Suspension","225 ml bottle","60 Months","","SPAIN","ALMIRALL, S.A, SPAIN","MULTIPHAR-UBIPHARM-RWANDA LTD","2023-08-24","2028-08-23","valid","Rwanda FDA - Registered Pharmaceutical Products July 2026","https://rwandafda.gov.rw/register/monitoring_preview_register"
"2070","Rwanda FDA-HMP-MA-0466","","Almagate, 1.5g","1.5 g","Oral Suspension","30 Sachets","60 Months","","SPAIN","ALMIRALL, S.A, SPAIN","ETS CONTINENTAL DEPOT PHARMACEUTIQUE","2023-08-24","2028-08-23","valid","Rwanda FDA - Registered Pharmaceutical Products July 2026","https://rwandafda.gov.rw/register/monitoring_preview_register"
"2071","Rwanda FDA-HMP-MA-0448","AMINOPHYLLINE","Aminophylline Hydrate BP 250 mg/10ml","250 mg/10ml","Solution for Injection","5x10 ml Ampoules","24 Months","LINCOLN PHARMACEUTICALS LIMITED,","INDIA","LINCOLN PHARMACEUTICALS LIMITED, INDIA","ABACUS PHARMA (A) LTD","2023-08-24","2028-08-23","valid","Rwanda FDA - Registered Pharmaceutical Products July 2026","https://rwandafda.gov.rw/register/monitoring_preview_register"
"2072","Rwanda FDA-HMP-MA-0427","AMOXICILLIN 250MG DISPERSIBLE TABLETS","Amoxicillin Trihydrate, 250mg","250mg","Dispersible tablets","10, 20, 30 and 100 tablets","30 Months","SANDOZ GmbH,","AUSTRIA","SANDOZ GmbH, KUNDL Biochemiestrasse 106250. Austria.","SURGIPHARM (RWANDA) LTD","2023-08-24","2028-08-23","valid","Rwanda FDA - Registered Pharmaceutical Products July 2026","https://rwandafda.gov.rw/register/monitoring_preview_register"
"2073","Rwanda FDA-HBP-MA-0029","AMPHONEX-50","Amphotericin B 50mg/vial Lyophilized Powder for injection","50mg/vial","Lyophilized powder for injection","20ml Vial","36 Months","BHARAT SERUMS & VACCINES LTD,","INDIA","BHARAT SERUMS & VACCINES LTD, INDIA","WESSEX PHARMACEUTICALS (RWANDA) LTD","2023-08-24","2028-08-23","valid","Rwanda FDA - Registered Pharmaceutical Products July 2026","https://rwandafda.gov.rw/register/monitoring_preview_register"
"2074","Rwanda FDA-HMP-MA-0439","ANGINOVAG","Dequalinium chloride 1mg, Tyrothricin 4mg, ? -glycyrrhetinic acid (Enoxolone) 0.6mg & Hydrocortisone acetate 0.6mg and Lidocaine hydrochloride 1mg","1mg, 4mg, 0.6mg, 0.6mg and 1mg","Oromucosal spray solution","20 ml Bottle","48 Months","FERRER INTERNACIONAL, S.A.","SPAIN","FERRER INTERNACIONAL, S.A.","GOMHS LTD","2023-08-24","2028-08-23","valid","Rwanda FDA - Registered Pharmaceutical Products July 2026","https://rwandafda.gov.rw/register/monitoring_preview_register"
"2075","Rwanda FDA-HMP-MA-0480","AXAMOL","Salbutamol Sulfate BP, 2.5mg/2.5ml","2.5mg/2.5ml","Respules, A clear colourless solution","4x5x2.5ml LDPE respule.","24 Months","AXA PARENTERALS LIMITED,","INDIA","AXA PARENTERALS LIMITED","ABACUS PHARMA (A) LTD","2023-08-24","2028-08-23","valid","Rwanda FDA - Registered Pharmaceutical Products July 2026","https://rwandafda.gov.rw/register/monitoring_preview_register"
"2076","Rwanda FDA-HMP-MA-0464","AZOPT EYE DROPS","Brinzolamide 10 mg/ml Eye Drops, Suspension","10 mg/ml","Eye Drops Suspension","5 ml Bottle","24 Months","S.A. ALCON-COUVREUR N.V.,","BELGIUM","NVS KENYA LIMITED","SURGIPHARM (RWANDA) LTD","2023-08-24","2028-08-23","valid","Rwanda FDA - Registered Pharmaceutical Products July 2026","https://rwandafda.gov.rw/register/monitoring_preview_register"
"2077","Rwanda FDA-HMP-MA-0453","BACTOX 250MG/5ML","Amoxicillin Trihydrate 250mg/5ml","250mg/5ml","Powder for Suspension","60 ml bottle","24 months","SANDOZ GmbH, and INNOTHERA CHOUZY,","AUSTRIA and FRANCE","LABORATOIRE INNOTECH INTERNATIONAL, FRANCE","MEDIASOL PHARMACEUTICAL DEPOT LTD","2023-08-24","2028-08-23","valid","Rwanda FDA - Registered Pharmaceutical Products July 2026","https://rwandafda.gov.rw/register/monitoring_preview_register"
"2078","Rwanda FDA-HMP-MA-0440","BETRIM FORTE","Sulfamethoxazole BP 800 mg, Trimethoprim BP 160 mg","800 mg, 160 mg","Tablets","10x10 tablets","36 Months","MILAN LABORATORIES (INDIA) PVT LTD,","INDIA","MILAN LABORATORIES (INDIA) PVT LTD","SIGMA PHARMA RWANDA LIMITED","2023-08-24","2028-08-23","valid","Rwanda FDA - Registered Pharmaceutical Products July 2026","https://rwandafda.gov.rw/register/monitoring_preview_register"
"2079","Rwanda FDA-HMP-MA-0441","BETRIM-480 (CO-TRIMOXAZOLE TABLETS BP 480MG)","Sulfamethoxazole BP 400mg and Trimethoprim BP 80mg","400mg and 80mg","Tablets","10x10 tablets","36 Months","MILAN LABORATORIES (INDIA) PVT LTD,","INDIA","MILAN LABORATORIES (INDIA) PVT LTD","SIGMA PHARMA RWANDA LIMITED","2023-08-24","2028-08-23","valid","Rwanda FDA - Registered Pharmaceutical Products July 2026","https://rwandafda.gov.rw/register/monitoring_preview_register"
"2080","Rwanda FDA-HMP-MA-0403","CAPTOPRIL DENK 25","Captopril 25 mg","25 mg","Tablets","20 tablets or 100 tablets","18 Months","DENK PHARMA GmbH & Co. KG,","GERMANY","DENK PHARMA GmbH & Co. KG, Germany","ETS CONTINENTAL DEPOT PHARMACEUTIQUE","2023-08-24","2028-08-23","valid","Rwanda FDA - Registered Pharmaceutical Products July 2026","https://rwandafda.gov.rw/register/monitoring_preview_register"
"2081","Rwanda FDA-HMP-MA-0423","CARBOSOL","Sodium carboxymethylcellulose, 0.5%","0.005","Eye drops","10 ml Bottle","24 Months","M/s AHLCON PARENTERALS (INDIA) LTD,","INDIA","EXPHAR S.A. /BELGIUM.","H&H PHARMA LTD","2023-08-24","2028-08-23","valid","Rwanda FDA - Registered Pharmaceutical Products July 2026","https://rwandafda.gov.rw/register/monitoring_preview_register"
"2082","Rwanda FDA-HMP-MA-0443","CETAMOL TABLETS","Paracetamol 500mg","500mg","Tablets","3 x 10 and 100 x 10 tablets","—","REGAL PHARMACEUTICALS LIMITED,","KENYA","REGAL PHARMACEUTICALS LTD","ABACUS PHARMA (A) LTD","2023-08-24","2028-08-23","valid","Rwanda FDA - Registered Pharmaceutical Products July 2026","https://rwandafda.gov.rw/register/monitoring_preview_register"
"2083","Rwanda FDA-HMP-MA-0359","CIPRO-DENK 500","Ciprofloxacin 500 mg","500 mg","Film Coated Tablets","10 film-coated tablets","36 Months","ALLPHAMED PHARBIL ARZNEIMITTEL GmbH,","GERMANY","DENK PHARMA GmbH & Co. KG. GERMANY","ETS CONTINENTAL DEPOT PHARMACEUTIQUE","2023-08-24","2028-08-23","valid","Rwanda FDA - Registered Pharmaceutical Products July 2026","https://rwandafda.gov.rw/register/monitoring_preview_register"
"2084","Rwanda FDA-HMP-MA-0437","CODIMEX-CT TABLETS","Cetirizine Dihydrochloride 10 mg","10 mg","Film coated tablets","1x10 Tablets, 10x10 Tablets","36 Months","REGAL PHARMACEUTICALS LTD,","KENYA","REGAL PHARMACEUTICALS LTD","ABACUS PHARMA (A) LTD","2023-08-24","2028-08-23","valid","Rwanda FDA - Registered Pharmaceutical Products July 2026","https://rwandafda.gov.rw/register/monitoring_preview_register"
"2085","Rwanda FDA-HMP-MA-0399","CONCOR AMLO 10+10","Bisoprolol Fumarate 10 mg and Amlodipine Besilate 10 mg","10 mg and 10 mg","Tablets","30 Tablets","36 Months","EGIS PHARMACEUTICALS PLC,","HUNGARY","MERCK (PTY) LTD, South Africa","SURGIPHARM (RWANDA) LTD","2023-08-24","2028-08-23","valid","Rwanda FDA - Registered Pharmaceutical Products July 2026","https://rwandafda.gov.rw/register/monitoring_preview_register"
"2086","Rwanda FDA-HMP-MA-0401","CONCOR AMLO 10+5","Bisoprolol Fumarate 10 mg and Amlodipine Besilate 5 mg","10 mg and 5 mg","Tablets","30 Tablets","36 Months","EGIS PHARMACEUTICALS PLC,","HUNGARY","MERCK (PTY) LTD, South Africa","SURGIPHARM (RWANDA) LTD","2023-08-24","2028-08-23","valid","Rwanda FDA - Registered Pharmaceutical Products July 2026","https://rwandafda.gov.rw/register/monitoring_preview_register"
"2087","Rwanda FDA-HMP-MA-0400","CONCOR AMLO 5+10","Bisoprolol Fumarate 5 mg and Amlodipine Besilate 10 mg","5 mg and 10 mg","Tablets","30 Tablets","36 Months","EGIS PHARMACEUTICALS PLC,","HUNGARY","MERCK (PTY) LTD, South Africa","SURGIPHARM (RWANDA) LTD","2023-08-24","2028-08-23","valid","Rwanda FDA - Registered Pharmaceutical Products July 2026","https://rwandafda.gov.rw/register/monitoring_preview_register"
"2088","Rwanda FDA-HMP-MA-0402","CONCOR AMLO 5+5","Bisoprolol Fumarate 5 mg and Amlodipine Besilate 5 mg","5 mg and 5 mg","Tablets","30 Tablets","36 Months","EGIS PHARMACEUTICALS PLC,","HUNGARY","MERCK (PTY) LTD, South Africa","SURGIPHARM (RWANDA) LTD","2023-08-24","2028-08-23","valid","Rwanda FDA - Registered Pharmaceutical Products July 2026","https://rwandafda.gov.rw/register/monitoring_preview_register"
"2089","Rwanda FDA-HMP-MA-0450","","Cromoglicate (cromolyn) sodium USP, 2 %","0.02","Eye drops solution","5 ml bottle","36 Months","AHLCON PARENTERALS (INDIA) LTD,","INDIA","EXPHAR S.A, BELGIUM","H&H PHARMA LTD","2023-08-24","2028-08-23","valid","Rwanda FDA - Registered Pharmaceutical Products July 2026","https://rwandafda.gov.rw/register/monitoring_preview_register"
"2090","Rwanda FDA-HMP-MA-0398","CURAM 625","Amoxicillin trihydrate 500mg and clavulanate potassium 125mg Film-coated Tablets","500mg and 125mg","Film-coated Tablets","10, 12,14,16,20,24,30,36, 100x1 film-coated tablets","24 Months","SANDOZ GmbH,","AUSTRIA","SANDOZ GmbH, KUNDL/Austria","SURGIPHARM (RWANDA) LTD","2023-08-24","2028-08-23","valid","Rwanda FDA - Registered Pharmaceutical Products July 2026","https://rwandafda.gov.rw/register/monitoring_preview_register"
"2091","Rwanda FDA-HMP-MA-0397","D50","Glucose Intravenous Infusion 50% W/V BP","50% W/V","Solution for infusion","100ml Bottle","24 Months","ABACUS PARENTERAL DRUGS LTD (APDL),","UGANDA","ABACUS PARENTERAL DRUGS LIMITED (APDL), UGANDA","ABACUS PHARMA (A) LTD","2023-08-24","2028-08-23","valid","Rwanda FDA - Registered Pharmaceutical Products July 2026","https://rwandafda.gov.rw/register/monitoring_preview_register"
"2092","Rwanda FDA-HMP-MA-0428","DELASED CHESTY COUGHS NON-DROWSY","Each 5ml contain Guaifenesin Ph. Eur 100 mg, Menthol 1.1mg.","Each 5ml contain 100 mg, 1.1mg","Syrup","100 ml Bottles","36 Months","REGAL PHARMACEUTICALS LIMITED.","KENYA","REGAL PHARMACEUTICALS LIMITED","ABACUS PHARMA (A) LTD","2023-08-24","2028-08-23","valid","Rwanda FDA - Registered Pharmaceutical Products July 2026","https://rwandafda.gov.rw/register/monitoring_preview_register"
"2093","Rwanda FDA-HMP-MA-0429","DELASED DRY COUGH SYRUP","Each 5ml contain Diphenhydramine HCl BP 14mg, Dextromethorphan HBr BP 6.5mg, Sodium Citrate BP 57mg, Menthol BP 2mg","Each 5ml contain 14mg, 6.5mg, 57mg, 2mg","Syrup","100 ml Bottles","36 Months","REGAL PHARMACEUTICALS LIMITED.","KENYA","REGAL PHARMACEUTICALS LIMITED","ABACUS PHARMA (A) LTD","2023-08-24","2028-08-23","valid","Rwanda FDA - Registered Pharmaceutical Products July 2026","https://rwandafda.gov.rw/register/monitoring_preview_register"
"2094","Rwanda FDA-HMP-MA-0430","DELASED PAEDIATRIC SYRUP","Each 5ml contain Diphenhydramine HCI BP 7 mg, Sodium citrate 28.5mg, Menthol 0.55 mg","Each 5ml contain 7 mg, 28.5mg, 0.55 mg","Syrup","100 ml Bottles","36 Months","REGAL PHARMACEUTICALS LIMITED.","KENYA","REGAL PHARMACEUTICALS LIMITED","ABACUS PHARMA (A) LTD","2023-08-24","2028-08-23","valid","Rwanda FDA - Registered Pharmaceutical Products July 2026","https://rwandafda.gov.rw/register/monitoring_preview_register"
"2095","Rwanda FDA-HMP-MA-0396","DOXY-DENK 200","Doxycycline 200mg","200mg","Film-coated tablets","8 film-coated tablets","18 Months","DENK PHARMA GmbH & Co. KG","GERMANY","DENK PHARMA GmbH & Co. KG, Germany","ETS CONTINENTAL DEPOT PHARMACEUTIQUE","2023-08-24","2028-08-23","valid","Rwanda FDA - Registered Pharmaceutical Products July 2026","https://rwandafda.gov.rw/register/monitoring_preview_register"
"2096","Rwanda FDA-HMP-MA-0478","DUOTRAV EYE DROPS","Travoprost, 40 micrograms/ml and Timolol mareate 6.8 mg/ml","40 micrograms/ml and 6.8 mg/ml","Eye Drops Suspension","5 ml Bottle","24 Months","S.A. ALCON-COUVREUR N.V.,","BELGIUM","NVS KENYA LIMITED","SURGIPHARM (RWANDA) LTD","2023-08-24","2028-08-23","valid","Rwanda FDA - Registered Pharmaceutical Products July 2026","https://rwandafda.gov.rw/register/monitoring_preview_register"
"2097","Rwanda FDA-HMP-MA-0407","FERRO-B COMPLEX SYRUP","Ferric Ammonium Citrate 200 mg, Thiamine Hydrochloride 2.0 mg, Riboflavin 0.5 mg, Vitamin B12 2.5 mcg and Nicotinamide 5.0 mg","200 mg, 2.0 mg, 0.5 mg, 2.5 mcg and 5.0 mg","Syrup","100 ml bottle","24 Months","REGAL PHARMACEUTICALS LTD,","KENYA","REGAL PHARMACEUTICALS LIMITED","ABACUS PHARMA (A) LTD","2023-08-24","2028-08-23","valid","Rwanda FDA - Registered Pharmaceutical Products July 2026","https://rwandafda.gov.rw/register/monitoring_preview_register"
"2098","Rwanda FDA-HMP-MA-0415","FERROLIC-LF TABLETS","Ferrous Sulphate (Dried) BP 200mg and Folic Acid BP 0.40mg","200mg and 0.40mg","Film-coated tablets","10 x 10 Tablets","36 Months","LABORATORY & ALLIED LTD,","KENYA","LABORATORY & ALLIED LTD, KENYA","DEPOT PHARMACEUTIQUE LE MEDICAL","2023-08-24","2028-08-23","valid","Rwanda FDA - Registered Pharmaceutical Products July 2026","https://rwandafda.gov.rw/register/monitoring_preview_register"
"2099","Rwanda FDA-HMP-MA-0467","","Clebopride malate / Simeticone, (0.68 mg clebopride 200 mg simeticone)","0.68 mg, 200 mg","Capsules","45 capsules","36 Months","","SPAIN","ALMIRALL, S.A, SPAIN","ETS CONTINENTAL DEPOT PHARMACEUTIQUE","2023-08-24","2028-08-23","valid","Rwanda FDA - Registered Pharmaceutical Products July 2026","https://rwandafda.gov.rw/register/monitoring_preview_register"
"2100","Rwanda FDA-HMP-MA-0444","","Fluconazole, 100 mg","100 mg","Hard Gelatin Capsule","10 capsules","36 Months","GRACURE PHARMACEUTICALS LIMITED,","INDIA","EXPHAR S.A, BELGIUM","H&H PHARMA LTD","2023-08-24","2028-08-23","valid","Rwanda FDA - Registered Pharmaceutical Products July 2026","https://rwandafda.gov.rw/register/monitoring_preview_register"
"2101","Rwanda FDA-HMP-MA-0445","","Fluconazole, 50 mg/5 ml","50 mg/5 ml","Powder for oral suspension","1 x 60 ml bottle,","36 Months","GRACURE PHARMACEUTICALS LIMITED,","INDIA","EXPHAR S.A, BELGIUM","H&H PHARMA LTD","2023-08-24","2028-08-23","valid","Rwanda FDA - Registered Pharmaceutical Products July 2026","https://rwandafda.gov.rw/register/monitoring_preview_register"
"2102","Rwanda FDA-HMP-MA-0393","","Ciprofloxacin hydrochloride USP 500mg","500mg","Film-coated tablets","10 tablets","36 Months","GRACURE PHARMACEUTICALS LIMITED,","INDIA","EXPHAR S.A, BELGIUM","H&H PHARMA LTD","2023-08-24","2028-08-23","valid","Rwanda FDA - Registered Pharmaceutical Products July 2026","https://rwandafda.gov.rw/register/monitoring_preview_register"
"2103","Rwanda FDA-HMP-MA-0389","FOLIC ACID 5MG TABLET","Folic acid BP 5mg","5mg","Tablets","10 x 10 tablets","36 Months","LABORATORY & ALLIED LIMITED,","KENYA","LABORATORY & ALLIED LIMITED,","","2023-08-24","2028-08-23","valid","Rwanda FDA - Registered Pharmaceutical Products July 2026","https://rwandafda.gov.rw/register/monitoring_preview_register"
"2104","Rwanda FDA-HMP-MA- 0438","","Famotidine BP 10 mg, Magnesium hydroxide BP 165 mg, Calcium carbonate BP 800 mg","10 mg, 165 mg, 800 mg","Chewable tablet","Pouch of 4 tablets, 20 or 50 tablets","36 months","MILAN LABORATORIES (INDIA) PVT. LTD,","INDIA","EXPHAR S.A","H&H PHARMA LTD","2023-08-24","2028-08-23","valid","Rwanda FDA - Registered Pharmaceutical Products July 2026","https://rwandafda.gov.rw/register/monitoring_preview_register"
"2105","Rwanda FDA-HMP-MA-0405","","Gentamicin sulfate BP 0.3%","0.003","eye drops solution","5ml bottle","36 Months and 1 month after first opening the container","AHLCON PARENTERALS (INDIA) LTD,","INDIA","EXPHAR S.A.","H&H PHARMA LTD","2023-08-24","2028-08-23","valid","Rwanda FDA - Registered Pharmaceutical Products July 2026","https://rwandafda.gov.rw/register/monitoring_preview_register"
"2106","Rwanda FDA-HMP-MA- 0357","GLYFERON 850","Metformin Hydrochloride 850 mg","850 mg","Film Coated Tablets","30 film-coated tablets","24 Months","","Turkey","DAFRA PHARMA GMBH, GERMANY","SUN ENTERPRISES LTD","2023-08-24","2028-08-23","valid","Rwanda FDA - Registered Pharmaceutical Products July 2026","https://rwandafda.gov.rw/register/monitoring_preview_register"
"2107","Rwanda FDA-HMP-MA-0436","GOFEN 200","Each Soft Gelatin Capsule Contains: Ibuprofen Equivalent to Ibuprofen 200mg (Present as Free Acid and Potassium Salt)","200mg","Soft Gelatin Shell Capsule","6 x 10 capsules","24 Months","MEGA LIFESCIENCES PUBLIC COMPANY LIMITED.","THAILAND","MEGA LIFESCIENCES PUBLIC COMPANY LIMITED","ABACUS PHARMA (A) LTD","2023-08-24","2028-08-23","valid","Rwanda FDA - Registered Pharmaceutical Products July 2026","https://rwandafda.gov.rw/register/monitoring_preview_register"
"2108","Rwanda FDA-HMP-MA-0431","HEDON TABLETS","Aspirin BP 300mg, Paracetamol BP 250 mg& Caffeine Anhydrous BP 30 mg","300mg, 250 mg & 30 mg","Tablets","","36 Months","REGAL PHARMACEUTICALS LIMITED.","KENYA","REGAL PHARMACEUTICALS LIMITED","ABACUS PHARMA (A) LTD","2023-08-24","2028-08-23","valid","Rwanda FDA - Registered Pharmaceutical Products July 2026","https://rwandafda.gov.rw/register/monitoring_preview_register"
"2109","Rwanda FDA-HMP-MA-0456","HYCORUM CREAM","HYDROCORTISONE BP 1%w/w","1%w/w","CREAM","1X15G Tube","36 Months","LABORATORY & ALLIED LIMITED,","KENYA","LABORATORY & ALLIED LIMITED, KENYA","DEPOT PHARMACEUTIQUE LE MEDICAL","2023-08-24","2028-08-23","valid","Rwanda FDA - Registered Pharmaceutical Products July 2026","https://rwandafda.gov.rw/register/monitoring_preview_register"
"2110","Rwanda FDA-HMP-MA-0412","INTUSSED COUGH SUPPRESSANT","Each 5 ml contains: Ephedrine Hydrochloride BP 8mg, Dextromethorphan Hydrobromide BP 8mg, Promethazine Hydrochloride BP 4mg syrup","each 5 ml contains: 8mg, 8mg, 4mg","Syrup","60ml Bottle","36 Months","REGAL PHARMACEUTICALS LIMITED,","KENYA","REGAL PHARMACEUTICALS LIMITED, KENYA","ABACUS PHARMA (A) LTD","2023-08-24","2028-08-23","valid","Rwanda FDA - Registered Pharmaceutical Products July 2026","https://rwandafda.gov.rw/register/monitoring_preview_register"
"2111","Rwanda FDA-HMP-MA-0462","LABSTATIN TABLETS","Nystatin BP 100,000 IU","100,000 IU","TABLETS","15 Tablets","36 Months","LABORATORY & ALLIED LTD,","KENYA","LABORATORY & ALLIED LTD, KENYA","DEPOT PHARMACEUTIQUE LE MEDICAL","2023-08-24","2028-08-23","valid","Rwanda FDA - Registered Pharmaceutical Products July 2026","https://rwandafda.gov.rw/register/monitoring_preview_register"
"2112","Rwanda FDA-HMP-MA-0457","LECOTRIM TABLETS","Sulphamethoxazole BP 80 mg and Trimethoprim BP 400 mg","80 mg and 400 mg","Tablets","10 x 10 tablets","36 Months","LABORATORY AND ALLIED LIMITED,","KENYA","LABORATORY & ALLIED LIMITED, KENYA","DEPOT PHARMACEUTIQUE LE MEDICAL","2023-08-24","2028-08-23","valid","Rwanda FDA - Registered Pharmaceutical Products July 2026","https://rwandafda.gov.rw/register/monitoring_preview_register"
"2113","Rwanda FDA-HMP-MA-0373","LESS-K POWDER","Calcium Polystyrene Sulfonate 5grams","5grams","Fine powder for suspension","5gram powder sachet","24 Months","MEGA LIFESCIENCES PUBLIC COMPANY LIMITED,","THAILAND","MEGA LIFESCIENCES PUBLIC COMPANY LIMITED","ABACUS PHARMA (A) LTD","2023-08-24","2028-08-23","valid","Rwanda FDA - Registered Pharmaceutical Products July 2026","https://rwandafda.gov.rw/register/monitoring_preview_register"
"2114","Rwanda FDA-HMP-MA-0425","LINEZOLID TABLETS 600MG","Linezolid tablets 600mg","600mg","Film coated Tablet","10x10 tablets","36 Months","LUPIN LIMITED,","INDIA","LUPIN LIMITED","AIVEEN (R) LTD","2023-08-24","2028-08-23","valid","Rwanda FDA - Registered Pharmaceutical Products July 2026","https://rwandafda.gov.rw/register/monitoring_preview_register"
"2115","Rwanda FDA-HMP-MA-0460","LOOBID TABLETS","Ofloxacin USP 200mg, Ornidazole 500mg and Lactic Acid Bacillus 60 million pores as enteric coated granules, tablets","200mg, 500mg and 60 million pores","Tablets","10 tablets","24 Months","CACHET PHARMACEUTICALS PRIVATE LIMITED.","INDIA","CACHET PHARMACEUTICALS PRIVATE LIMITED","SUN ENTERPRISES LTD","2023-08-24","2028-08-23","valid","Rwanda FDA - Registered Pharmaceutical Products July 2026","https://rwandafda.gov.rw/register/monitoring_preview_register"
"2116","RWANDA FDA-HMP-MA-0392","MAGNOMINT TABLETS","Magnesium Trisilicate BP 250 mg and Dried Aluminium Hydroxyde Gel BP 125 mg","250 mg and 125 mg","Tablets","10x10 Tablets","48 Months","REGAL PHARMACEUTICALS LTD,","KENYA","REGAL PHARMACEUTICAL LIMITED /KENYA","ABACUS PHARMA (A) LTD","2023-08-24","2028-08-23","valid","Rwanda FDA - Registered Pharmaceutical Products July 2026","https://rwandafda.gov.rw/register/monitoring_preview_register"
"2117","Rwanda FDA-HMP-MA-0391","MAGNOMIT SUSPENSION","Magnesium Trisilicate BP 500mg and Aluminium Hydroxide BP 250mg suspension","500mg and 250mg","Suspension","100ml Bottle","36 Months","REGAL PHARMACEUTICAL LTD,","KENYA","REGAL PHARMACEUTICAL LIMITED /KENYA","ABACUS PHARMA (A) LTD","2023-08-24","2028-08-23","valid","Rwanda FDA - Registered Pharmaceutical Products July 2026","https://rwandafda.gov.rw/register/monitoring_preview_register"
"2118","Rwanda FDA-HMP-MA-0435","MAXITROL EYE OINTMENT","1 g of ointment contains dexamethasone 1 mg, neomycin sulfate 3,500 IU and polymyxin B sulfate 6,000 IU","1 mg, 3,500 IU and 6,000 IU","Eye Ointment","3.5g Tube","36 Months","S.A. ALCON-COUVREUR N.V.","BELGIUM","NOVARTIS KENYA LIMITED","SURGIPHARM (RWANDA) LTD","2023-08-24","2028-08-23","valid","Rwanda FDA - Registered Pharmaceutical Products July 2026","https://rwandafda.gov.rw/register/monitoring_preview_register"
"2119","Rwanda FDA-HMP-MA-0411","MEDIVEN CREAM","Betamethasone valerate 0.1% w/w","0.1% w/w","Cream","15g tube","36 Months","REGAL PHARMACEUTICALS LIMITED,","KENYA","REGAL PHARMACEUTICALS LIMITED, KENYA","ABACUS PHARMA (A) LTD","2023-08-24","2028-08-23","valid","Rwanda FDA - Registered Pharmaceutical Products July 2026","https://rwandafda.gov.rw/register/monitoring_preview_register"
"2120","Rwanda FDA-HMP-MA-0446","","Ketoconazole 2 %w/v","2 %w/v","Cream","15 g tubes","36 Months","GRACURE PHARMACEUTICALS LIMITED,","INDIA","EXPHAR S.A, BELGIUM","H&H PHARMA LTD","2023-08-24","2028-08-23","valid","Rwanda FDA - Registered Pharmaceutical Products July 2026","https://rwandafda.gov.rw/register/monitoring_preview_register"
"2121","Rwanda FDA-HMP-MA-0468","ML-COTRI SUSPENSION","Sulfamethoxazole 200mg and Trimethoprim 40mg","200mg and 40mg","Suspension","100ml bottle","36 Months","MILAN LABORATORIES (INDIA) PVT. LTD,","INDIA","MILAN LABORATORIES (INDIA) PVT. LTD, INDIA","PYRAMID PHARMA LIMITED","2023-08-24","2028-08-23","valid","Rwanda FDA - Registered Pharmaceutical Products July 2026","https://rwandafda.gov.rw/register/monitoring_preview_register"
"2122","Rwanda FDA-HMP-MA-0479","NEVANAC EYE DROPS","Nepafenac 1mg/ml","1mg/ml","Ophthalmic suspension","10 Bottles","—","S.A. ALCON-COUVREUR N.V.,","BELGIUM","NVS KENYA LIMITED","SURGIPHARM (RWANDA) LTD","2023-08-24","2028-08-23","valid","Rwanda FDA - Registered Pharmaceutical Products July 2026","https://rwandafda.gov.rw/register/monitoring_preview_register"
"2123","Rwanda FDA-HMP-MA-0374","NUCLEO-CMP FORTE CAPSULES","CMP disodium salt/UTP trisodium salt, 5mg/3mg","5mg/3mg","Hard gelatin capsules","3 x 10 Capsules","24 Months","FERER INTERNATIONAL, S.A,","SPAIN","FERRER INTERNATIONAL, S.A.","GOMHS LTD","2023-08-24","2028-08-23","valid","Rwanda FDA - Registered Pharmaceutical Products July 2026","https://rwandafda.gov.rw/register/monitoring_preview_register"
"2124","Rwanda FDA-HMP-MA-0461","OM CAPSULES","Omeprazole 20mg pellets","20mg","Hard Gelatin Capsules","","36 months","LABORATORY & ALLIED LIMITED,","KENYA","LABORATORY & ALLIED LIMITED, KENYA","DEPOT PHARMACEUTIQUE LE MEDICAL","2023-08-24","2028-08-23","valid","Rwanda FDA - Registered Pharmaceutical Products July 2026","https://rwandafda.gov.rw/register/monitoring_preview_register"
"2125","Rwanda FDA-HMP-MA-0424","OPELE LOTION","Benzyl Benzoate emulsion, 25% w/v","25% w/v","Emulsion","50ml bottle","36 Months","BETA HEALTHCARE INTERNATIONAL LTD,","KENYA","BETA HEALTHCARE INTERNATIONAL LTD","SURGIPHARM (RWANDA) LTD","2023-08-24","2028-08-23","valid","Rwanda FDA - Registered Pharmaceutical Products July 2026","https://rwandafda.gov.rw/register/monitoring_preview_register"
"2126","Rwanda FDA-HMP-MA-0394","ORASOL","Dextrose anhydrous BP 75mmol/litre, Sodium chloride 75mmol/litre, Chlorides 65mmol/litre, Potassium 20mmol/litre, Citrate 10mmol/litre","75mmol/litre, 75mmol/litre, 65mmol/litre, 20mmol/litre, 10mmol/litre","Powder for Oral Solution","25 Sachets and 50 Sachets","36 Months","BIODEAL LABORATORIES LIMITED,","KENYA","BIODEAL LABORATORIES LIMITED, KENYA","CAPITAL PHARMACEUTICAL SUPPLIES LIMITED","2023-08-24","2028-08-23","valid","Rwanda FDA - Registered Pharmaceutical Products July 2026","https://rwandafda.gov.rw/register/monitoring_preview_register"
"2127","Rwanda FDA-HMP-MA-0416","","Paracetamol, 250 mg/5 ml","250 mg/5 ml","Suspension","100 ml Bottle","36 Months","ATABAY KIMYA SAN. VE TIC. A.?.,","TURKEY","DAFRA PHARMA GmbH, Switzerland","SUN ENTERPRISES LTD","2023-08-24","2028-08-23","valid","Rwanda FDA - Registered Pharmaceutical Products July 2026","https://rwandafda.gov.rw/register/monitoring_preview_register"
"2128","Rwanda FDA-HMP-MA-0469","PODOSAL OINTMENT","Podophyllum resin 20% w/w, Salicylic acid 25% w/w","20% w/w, 25% w/w","Ointment","10g Tube","36 Months","BIODEAL LABORATORIES LTD,","KENYA","BIODEAL LABORATORIES LTD, KENYA","CAPITAL PHARMACEUTICAL SUPPLIES LIMITED","2023-08-24","2028-08-23","valid","Rwanda FDA - Registered Pharmaceutical Products July 2026","https://rwandafda.gov.rw/register/monitoring_preview_register"
"2129","Rwanda FDA-HMP-MA-0470","PREZISTA","DARUNAVIR (Ethanolate) 600mg film-coated tablet","600mg","Film-coated tablet","60 tablets","36 Months","JANSSEN ORTHO LLC, and JANSSEN-CILAG","USA, and ITALY","JANSSEN CILAG INTERNATIONAL NV, BELGIUM","GILMED LIMITED","2023-08-24","2028-08-23","valid","Rwanda FDA - Registered Pharmaceutical Products July 2026","https://rwandafda.gov.rw/register/monitoring_preview_register"
"2130","Rwanda FDA-HMP-MA-0395","REXE-DINE ANTISEPTIC MOUTH WASH","Povidone Iodine 1% w/v","1% w/v","Solution","100ml Bottle","36 Months","UNIVERSAL CORPORATION LIMITED,","KENYA","UNIVERSAL CORPORATION LIMITED","SUN ENTERPRISES LTD","2023-08-24","2028-08-23","valid","Rwanda FDA - Registered Pharmaceutical Products July 2026","https://rwandafda.gov.rw/register/monitoring_preview_register"
"2131","Rwanda FDA-HMP-MA-0442","ROSUCHOL 10MG","Rosuvastatin 10mg","10mg","Film coated tablets","3 x 10 tablets","24 Months","AJANTA PHARMA LIMITED,","INDIA","AJANTA PHARMA LIMITED","ABACUS PHARMA (A) LTD","2023-08-24","2028-08-23","valid","Rwanda FDA - Registered Pharmaceutical Products July 2026","https://rwandafda.gov.rw/register/monitoring_preview_register"
"2132","Rwanda FDA-HMP-MA-0474","SULPHATRIM 480","Trimethoprim BP 80 mg & Sulfamethoxazole BP 400 mg","80 mg & 400 mg","Tablets","10 x 10 tablets","36 Months","LINCOLN PHARMACEUTICALS LIMITED,","INDIA","LINCOLN PHARMACEUTICALS LIMITED, INDIA","ABACUS PHARMA (A) LTD","2023-08-24","2028-08-23","valid","Rwanda FDA - Registered Pharmaceutical Products July 2026","https://rwandafda.gov.rw/register/monitoring_preview_register"
"2133","Rwanda FDA-HMP-MA-0426","SULPHUR OINTMENT","Precipitated Sulphur BP 10.0 % w/w","10.0 % w/w","Ointment","25g tube","36 Months","REGAL PHARMACEUTICALS LIMITED,","KENYA","REGAL PHARMACEUTICALS LTD","ABACUS PHARMA (A) LTD","2023-08-24","2028-08-23","valid","Rwanda FDA - Registered Pharmaceutical Products July 2026","https://rwandafda.gov.rw/register/monitoring_preview_register"
"2134","Rwanda FDA-HMP-MA-0408","SWFI","Sterilized water for injections BP, 100.0%w/v","100.0%w/v","Solvent for parenteral use","10 ml and 5ml bottles","36 Months","ABACUS PARENTERAL DRUGS LTD (APDL),","UGANDA","ABACUS PARENTERAL DRUGS LTD (APDL), UGANDA","ABACUS PHARMA (A) LTD","2023-08-24","2028-08-23","valid","Rwanda FDA - Registered Pharmaceutical Products July 2026","https://rwandafda.gov.rw/register/monitoring_preview_register"
"2135","Rwanda FDA-HMP-MA-0447","TAVIN-EM","Tenofovir Disoproxil Fumarate 300mg & Emtricitabine 200 mg","300mg & 200 mg","Film coated tablets","30 tablets","24 Months","EMCURE PHARMACEUTICALS LTD,","INDIA","EMCURE PHARMACEUTICALS LTD,","ABACUS PHARMA (A) LTD","2023-08-24","2028-08-23","valid","Rwanda FDA - Registered Pharmaceutical Products July 2026","https://rwandafda.gov.rw/register/monitoring_preview_register"
"2136","Rwanda FDA-HMP-MA-0449","TENOFOVIR DISOPROXIL FUMARATE AND LAMIVUDINE TABLETS","Tenofovir Disoproxil Fumarate 300 mg and Lamivudine 300 mg","300 mg and 300 mg","film coated tablets","30 tablets","24 Months","MYLAN LABORATORIES LIMITED,","INDIA","MYLAN LABORATORIES LIMITED, INDIA","PYRAMID PHARMA LIMITED","2023-08-24","2028-08-23","valid","Rwanda FDA - Registered Pharmaceutical Products July 2026","https://rwandafda.gov.rw/register/monitoring_preview_register"
"2137","Rwanda FDA-HMP-MA-0473","TENOFOVIR DISOPROXIL FUMARATE/LAMIVUDINE/EFAVIRENZ TABLETS 300MG/300MG/600MG","Tenofovir Disoproxil Fumarate/ Lamivudine/ Efavirenz Tablets 300mg/300mg/600mg","300mg/300mg/600mg","Film coated tablets","30 and 90 Tablets","36 Months","","INDIA","","PYRAMID PHARMA LIMITED","2023-08-24","2028-08-23","valid","Rwanda FDA - Registered Pharmaceutical Products July 2026","https://rwandafda.gov.rw/register/monitoring_preview_register"
"2138","Rwanda FDA-HMP-MA-0434","","One mL of the 0.5% eye drop solution contains 6.8 mg timolol maleate corresponding to 5 mg timolol","0.005","Eye drops","5ml Bottle","36 Months","S.A. ALCON-COUVREUR N.V.","BELGIUM","NOVARTIS KENYA LIMITED","SURGIPHARM (RWANDA) LTD","2023-08-24","2028-08-23","valid","Rwanda FDA - Registered Pharmaceutical Products July 2026","https://rwandafda.gov.rw/register/monitoring_preview_register"
"2139","Rwanda FDA-HMP-MA-0459","TRAMACEL TABLETS","Acetaminophen and Tramadol 325mg+37.5mg","325mg+37.5mg","Film coated tablets","10 tablets","24 Months","CACHET PHARMACEUTICALS PRIVATE LIMITED,","INDIA","CACHET PHARMACEUTICALS PRIVATE LIMITED.","SUN ENTERPRISES LTD","2023-08-24","2028-08-23","valid","Rwanda FDA - Registered Pharmaceutical Products July 2026","https://rwandafda.gov.rw/register/monitoring_preview_register"
"2140","Rwanda FDA-HMP-MA-0477","TRAVATAN EYE DROPS","Travoprost, 40 micrograms/ml","40 micrograms/ml","Eye Drops Solution","5 ml Plastic Droptainer","36 Months","S.A. ALCON-COUVREUR N.V.,","BELGIUM","NVS KENYA LIMITED","SURGIPHARM (RWANDA) LTD","2023-08-24","2028-08-23","valid","Rwanda FDA - Registered Pharmaceutical Products July 2026","https://rwandafda.gov.rw/register/monitoring_preview_register"
"2141","Rwanda FDA-HMP-MA-0463","TRICOZOLE SUSPENSION","Metronidazole Benzoate 125mg/5ml","125mg/5ml","Suspension","100ml /60ml amber glass/ bottles","36 Months","LABORATORY & ALLIED LTD,","KENYA","LABORATORY & ALLIED LTD, KENYA","DEPOT PHARMACEUTIQUE LE MEDICAL","2023-08-24","2028-08-23","valid","Rwanda FDA - Registered Pharmaceutical Products July 2026","https://rwandafda.gov.rw/register/monitoring_preview_register"
"2142","Rwanda FDA-HMP-MA-0420","TRIXON-1 GM","Ceftriaxone Sodium USP, 1 gm/vial","1 gm/vial","Powder for injection","Powder filled in a 10 ml vial","36 Months","LINCOLN PHARMACEUTICALS LIMITED,","INDIA","LINCOLN PHARMACEUTICALS LIMITED","ABACUS PHARMA (A) LTD","2023-08-24","2028-08-23","valid","Rwanda FDA - Registered Pharmaceutical Products July 2026","https://rwandafda.gov.rw/register/monitoring_preview_register"
"2143","Rwanda FDA-HMP-MA-0404","","Albendazole USP 400 mg","400 mg","Uncoated tablets","1 tablet","36 Months","GRACURE PHARMACEUTICALS LIMITED,","INDIA","EXPHAR S.A.","H&H PHARMA LTD","2023-08-24","2028-08-23","valid","Rwanda FDA - Registered Pharmaceutical Products July 2026","https://rwandafda.gov.rw/register/monitoring_preview_register"
"2144","Rwanda FDA-HMP-MA-0414","VIROPIL","Dolutegravir/ Lamivudine/Tenofovir Disoproxil Fumarate Tablets, 50mg/300 mg/ 300 mg","50mg/300 mg/ 300 mg","Film-coated tablets","30 Tablets and 90 Tablets","24 Months","EMCURE PHARMACEUTICALS LTD,","INDIA","EMCURE PHARMACEUTICALS LTD/ INDIA","ABACUS PHARMA (A) LTD","2023-08-24","2028-08-23","valid","Rwanda FDA - Registered Pharmaceutical Products July 2026","https://rwandafda.gov.rw/register/monitoring_preview_register"
"2145","Rwanda FDA-HMP-MA-0422","ZINNAT GRANULES","Cefuroxime Axetil, 125mg/5ml","125mg/5ml","Granules for Oral Suspension","40 ml and 80 ml bottles","24 Months","GLAXO OPERATIONS UK LIMITED,","UNITED KINGDOM","GLAXO SMITHKLINE PHARMACEUTICAL KENYA LIMITED","KIPHARMA LTD","2023-08-24","2028-08-23","valid","Rwanda FDA - Registered Pharmaceutical Products July 2026","https://rwandafda.gov.rw/register/monitoring_preview_register"
"2146","Rwanda FDA-HMP-MA-0368","ACNESOL CREAM","Tretinoin 0.5mg","0.5mg","Cream","25gm","36 Months","M/s UNIVERSAL CORPORATION LIMITED","KENYA","UNIVERSAL CORPORATION LIMITED","SUN ENTERPRISES LTD","2023-07-08","2028-07-07","valid","Rwanda FDA - Registered Pharmaceutical Products July 2026","https://rwandafda.gov.rw/register/monitoring_preview_register"
"2147","Rwanda FDA-HMP-MA-0369","AMLIN-5","Amlodipine Besylate USP 5 mg","5 mg","Uncoated tablets","10 tablets","36 Months","LINCOLN PHARMACEUTICALS LIMITED,","INDIA","LINCOLN PHARMACEUTICALS LIMITED, INDIA","ABACUS PHARMA (A) LTD","2023-07-08","2028-07-07","valid","Rwanda FDA - Registered Pharmaceutical Products July 2026","https://rwandafda.gov.rw/register/monitoring_preview_register"
"2148","Rwanda FDA-HMP-0384","AMLODIPINE 5 MG","Amlodipine besilate 5mg","5mg","Tablets","30 Tablets","36 Months","LEK PHARMACEUTICALS D.D.","SLOVENIA","Sandoz GmbH/ Austria","SURGIPHARM (RWANDA) LTD","2023-07-08","2028-07-07","valid","Rwanda FDA - Registered Pharmaceutical Products July 2026","https://rwandafda.gov.rw/register/monitoring_preview_register"
"2149","Rwanda FDA-HMP-MA-0370","","Paracetamol BP & Tramadol hydrochloride BP 325 mg/37.5 mg","325 mg/37.5 mg","Hard gelatin capsule","2X10 capsules","24 months","GRACURE PHARMACEUTICALS LIMITED,","INDIA","EXPHAR S.A","H&H PHARMA LTD","2023-07-08","2028-07-07","valid","Rwanda FDA - Registered Pharmaceutical Products July 2026","https://rwandafda.gov.rw/register/monitoring_preview_register"
"2150","Rwanda FDA-HMP-MA-0353","AXAGYL","Metronidazole USP 500mg/100ml","500mg/100ml","Intravenous Injection","100 ml bottle","36 Months","AXA PARENTERALS LIMITED,","INDIA","AXA PARENTERALS LIMITED, INDIA","ABACUS PHARMA (A) LTD","2023-07-08","2028-07-07","valid","Rwanda FDA - Registered Pharmaceutical Products July 2026","https://rwandafda.gov.rw/register/monitoring_preview_register"
"2151","Rwanda FDA-HMP-MA-0364","","10 mg/mL brinzolamide / 5 mg/mL timolol","10 mg/mL / 5 mg/mL","Eye Drops","5ml Droptainer","24 Months","S.A. ALCON-COUVREUR N.V.,","BELGIUM","NVS KENYA LIMITED","SURGIPHARM (RWANDA) LTD","2023-07-08","2028-07-07","valid","Rwanda FDA - Registered Pharmaceutical Products July 2026","https://rwandafda.gov.rw/register/monitoring_preview_register"
"2152","Rwanda FDA-HMP-MA-0363","BISACODYL 5MG TABLETS","Bisacodyl BP, 5mg","5mg","Enteric Coated Tablets","","36 Months","LABORATORY & ALLIED LTD,","KENYA","LABORATORY & ALLIED LTD, KENYA","DEPOT PHARMACEUTIQUE LE MEDICAL","2023-07-08","2028-07-07","valid","Rwanda FDA - Registered Pharmaceutical Products July 2026","https://rwandafda.gov.rw/register/monitoring_preview_register"
"2153","Rwanda FDA-HMP-MA-0381","BISOPROLOL","Bisoprolol fumurate, 2.5 mg","2.5 mg","Film-Coated Tablets","2x15 tablets","24 Months","Salutas Pharma GmbH, & LEK S.A.,","GERMANY, POLAND","Sandoz GmbH, Kundl, Austria","SURGIPHARM (RWANDA) LTD","2023-07-08","2028-07-07","valid","Rwanda FDA - Registered Pharmaceutical Products July 2026","https://rwandafda.gov.rw/register/monitoring_preview_register"
"2154","Rwanda FDA-HMP-MA-0382","BISOPROLOL","Bisoprolol fumurate, 5 mg","5 mg","Film-Coated Tablets","4x25 tablets","24 Months","Salutas Pharma GmbH, & LEK S.A.,","GERMANY, POLAND","Sandoz GmbH, Kundl, Austria","SURGIPHARM (RWANDA) LTD","2023-07-08","2028-07-07","valid","Rwanda FDA - Registered Pharmaceutical Products July 2026","https://rwandafda.gov.rw/register/monitoring_preview_register"
"2155","Rwanda FDA-HMP-MA-0383","BISOPROLOL","Bisoprolol fumurate, 10 mg","10 mg","Film-Coated Tablets","100 tablets","24 Months","Salutas Pharma GmbH, & LEK S.A.,","GERMANY, POLAND","Sandoz GmbH, Kundl, Austria","SURGIPHARM (RWANDA) LTD","2023-07-08","2028-07-07","valid","Rwanda FDA - Registered Pharmaceutical Products July 2026","https://rwandafda.gov.rw/register/monitoring_preview_register"
"2156","Rwanda FDA-HMP-MA-0351","CAPRIL-25","Captopril BP 25 mg","25 mg","Uncoated tablets","10X10 Tablets","36 Months","LINCOLN PHARMACEUTICALS LIMITED,","INDIA","LINCOLN PHARMACEUTICALS LIMITED/ INDIA","ABACUS PHARMA (A) LTD","2023-07-08","2028-07-07","valid","Rwanda FDA - Registered Pharmaceutical Products July 2026","https://rwandafda.gov.rw/register/monitoring_preview_register"
"2157","Rwanda FDA-HMP-MA-0343","CARBOPLATIN EBEWE","Carboplatin 450mg/45ml","450mg/45ml","Solution for infusion","1x45 ml, amber vials","18 Months","FAREVA UNTERACH GmbH,","AUSTRIA","SANDOZ PHARMACEUTICALS D.D.","SURGIPHARM (RWANDA) LTD","2023-07-08","2028-07-07","valid","Rwanda FDA - Registered Pharmaceutical Products July 2026","https://rwandafda.gov.rw/register/monitoring_preview_register"
"2158","Rwanda FDA-HMP-MA-0344","CARBOPLATIN EBEWE","Carboplatin 150mg/15ml","150mg/15ml","Solution for infusion","1x15 ml, amber vials","18 Months","FAREVA UNTERACH GmbH,","AUSTRIA","SANDOZ PHARMACEUTICALS D.D.","SURGIPHARM (RWANDA) LTD","2023-07-08","2028-07-07","valid","Rwanda FDA - Registered Pharmaceutical Products July 2026","https://rwandafda.gov.rw/register/monitoring_preview_register"
"2159","Rwanda FDA-HMP-MA-0352","CLOTRINE 100MG PESSARY","Clotrimazole 100mg","100mg","Pessaries","","36 Months","UNIVERSAL CORPORATION LIMITED,","KENYA","UNIVERSAL CORPORATION LIMITED, KENYA","SUN ENTERPRISES LTD","2023-07-08","2028-07-07","valid","Rwanda FDA - Registered Pharmaceutical Products July 2026","https://rwandafda.gov.rw/register/monitoring_preview_register"
"2160","Rwanda FDA-HMP-MA-0341","CONTRASAFE","Medroxyprogesterone acetate USP 150mg/ml","150mg/ml","Suspension","2ml vial","36 Months","MYLAN LABORATORIES LIMITED,","INDIA","MYLAN LABORATORIES LIMITED, India","PYRAMID PHARMA LIMITED","2023-07-08","2028-07-07","valid","Rwanda FDA - Registered Pharmaceutical Products July 2026","https://rwandafda.gov.rw/register/monitoring_preview_register"
"2161","Rwanda FDA-HMP-MA-0348","DEPO-PROVERA","Medroxyprogesterone Acetate 150mg/ml","150mg/ml","Suspension for subcutaneous injection","","60 Months","Pfizer Manufacturing Belgium,","BELGIUM","PFIZER LABORATORIES LIMITED/KENYA","GILMED LIMITED","2023-07-08","2028-07-07","valid","Rwanda FDA - Registered Pharmaceutical Products July 2026","https://rwandafda.gov.rw/register/monitoring_preview_register"
"2162","Rwanda FDA-HMP-MA-0349","DOLUTEGRAVIR TABLETS 50MG","Dolutegravir 50mg","50mg","Film Coated Tablets","30 tablets","36 Months","MYLAN LABORATORIES LIMITED","INDIA","MYLAN LABORATORIES LIMITED, INDIA","PYRAMID PHARMA LIMITED","2023-07-08","2028-07-07","valid","Rwanda FDA - Registered Pharmaceutical Products July 2026","https://rwandafda.gov.rw/register/monitoring_preview_register"
"2163","Rwanda FDA-HMP-MA-0378","EFAVIRENZ 400MG, LAMIVUDINE 300MG AND TENOFOVIR DISOPROXIL FUMARATE 300MG","Efavirenz, Lamivudine and Tenofovir Disoproxil Fumarate Tablets, 400 mg / 300 mg / 300 mg","400 mg / 300 mg / 300 mg","Film coated tablets","","24 Months","MACLEODS PHARMACEUTICALS LIMITED,","INDIA","MACLEODS PHARMACEUTICALS LIMITED","WESSEX PHARMACEUTICALS (RWANDA) LTD","2023-07-08","2028-07-07","valid","Rwanda FDA - Registered Pharmaceutical Products July 2026","https://rwandafda.gov.rw/register/monitoring_preview_register"
"2164","Rwanda FDA-HMP-MA-0371","EQUIRAB 1000IU","Rabies Antiserum Equine 1000 I.U.","1000 I.U.","Solution for injection","5ml Vial","36 Months","BHARAT SERUMS AND VACCINES LIMITED,","INDIA","BHARAT SERUMS & VACCINES LTD, INDIA","WESSEX PHARMACEUTICALS (RWANDA) LTD","2023-07-08","2028-07-07","valid","Rwanda FDA - Registered Pharmaceutical Products July 2026","https://rwandafda.gov.rw/register/monitoring_preview_register"
"2165","Rwanda FDA-HMP-MA-0350","ESOMEX-40","Esomeprazole Magnesium Tri-hydrate BP 40mg","40mg","Enteric Coated Tablets","3X10 Tablets","36 Months","LINCOLN PHARMACEUTICALS LIMITED,","INDIA","LINCOLN PHARMACEUTICALS LIMITED/ INDIA","ABACUS PHARMA (A) LTD","2023-07-08","2028-07-07","valid","Rwanda FDA - Registered Pharmaceutical Products July 2026","https://rwandafda.gov.rw/register/monitoring_preview_register"
"2166","Rwanda FDA-HMP-MA-0028","GAMMA IV- 5","Human Normal Immunoglobulin for Intravenous use BP (Bulk).5g / Vial","5g/Vial","Solution for injection","100 ml Vial","24 Months","BHARAT SERUMS & VACCINES LTD,","INDIA","BHARAT SERUMS & VACCINES LTD, INDIA","WESSEX PHARMACEUTICALS (RWANDA) LTD","2023-07-08","2028-07-07","valid","Rwanda FDA - Registered Pharmaceutical Products July 2026","https://rwandafda.gov.rw/register/monitoring_preview_register"
"2167","Rwanda FDA-HMP-MA-0358","GLYFERON 1000","Metformin Hydrochloride 1000 mg","1000 mg","Film Coated Tablets","30 film-coated tablets","24 Months","","Turkey","DAFRA PHARMA GmbH, Germany","MULTIPHAR UBIPHARM-RWANDA LTD","2023-07-08","2028-07-07","valid","Rwanda FDA - Registered Pharmaceutical Products July 2026","https://rwandafda.gov.rw/register/monitoring_preview_register"
"2168","Rwanda FDA-HMP-MA-0346","HepBest","Tenofovir Alafenamide Fumarate 25mg","25mg","Film-Coated Tablets","","36 Months","MYLAN LABORATORIES LIMITED,","INDIA","MYLAN LABORATORIES LIMITED, India","PYRAMID PHARMA LIMITED","2023-07-08","2028-07-07","valid","Rwanda FDA - Registered Pharmaceutical Products July 2026","https://rwandafda.gov.rw/register/monitoring_preview_register"
"2169","Rwanda FDA-HMP-MA-0027","HERCEPTIN SOLUTION FOR INJECTION 600MG/5ML","Trastuzumab 600mg/5ml","600mg/5ml","Solution for injection","6 mL glass vial","21 months","F. HOFFMANN-LA ROCHE LTD,","SWITZERLAND","F. HOFFMANN-LA ROCHE LTD","KIPHARMA LTD","2023-07-08","2028-07-07","valid","Rwanda FDA - Registered Pharmaceutical Products July 2026","https://rwandafda.gov.rw/register/monitoring_preview_register"
"2170","Rwanda FDA-HMP-MA-0354","KLARO-500","Clarithromycin Tablets USP 500mg","500mg","Film Coated Tablets","1X10 tablets","36 Months","LINCOLN PHARMACEUTICALS LIMITED,","INDIA","LINCOLN PHARMACEUTICALS LIMITED, INDIA","ABACUS PHARMA (A) LTD","2023-07-08","2028-07-07","valid","Rwanda FDA - Registered Pharmaceutical Products July 2026","https://rwandafda.gov.rw/register/monitoring_preview_register"
"2171","Rwanda FDA-HMP-MA-0372","KNAC 75MG TABLETS","Diclofenac Potassium 75mg","75mg","Film Coated Tablets","","36 Months","M/s UNIVERSAL CORPORATION LIMITED","KENYA","UNIVERSAL CORPORATION LIMITED","SUN ENTERPRISES LTD","2023-07-08","2028-07-07","valid","Rwanda FDA - Registered Pharmaceutical Products July 2026","https://rwandafda.gov.rw/register/monitoring_preview_register"
"2172","Rwanda FDA-HMP-MA-0347","LAMIVUDINE/ZIDOVUDINE TABLETS USP 150 MG/300 MG","Lamivudine 150 mg /Zidovudine 300 mg","150 mg / 300 mg","Film-Coated Tablets","","60 Months","MYLAN LABORATORIES LIMITED,","INDIA","MYLAN LABORATORIES LIMITED, India","PYRAMID PHARMA LIMITED","2023-07-08","2028-07-07","valid","Rwanda FDA - Registered Pharmaceutical Products July 2026","https://rwandafda.gov.rw/register/monitoring_preview_register"
"2173","Rwanda FDA-HMP-MA-0365","LOPINAVIR 100 AND RITONAVIR 25 MG USP TABLETS","Lopinavir 100 mg and Ritonavir 25 mg USP tablets","100 mg and 25 mg","Film-coated tablets","","36 Months","AUROBINDO PHARMA LIMITED,","INDIA","AUROBINDO PHARMA LIMITED, INDIA","PHILLIPS PHARMACEUTICALS (RWANDA) LTD","2023-07-08","2028-07-07","valid","Rwanda FDA - Registered Pharmaceutical Products July 2026","https://rwandafda.gov.rw/register/monitoring_preview_register"
"2174","Rwanda FDA-HMP-MA-0380","LOPINAVIR AND RITONAVIR TABLETS USP 200MG/50MG","Lopinavir and Ritonavir tablets USP 200mg/50mg","200mg/50mg","Film-coated Ovaloid tablets","","36 Months","AUROBINDO PHARMA LIMITED,","INDIA","AUROBINDO PHARMA LIMITED, INDIA","PHILLIPS PHARMACEUTICALS (RWANDA) LTD","2023-07-08","2028-07-07","valid","Rwanda FDA - Registered Pharmaceutical Products July 2026","https://rwandafda.gov.rw/register/monitoring_preview_register"
"2175","Rwanda FDA-HMP-MA-0355","LOSAR-DENK 50","Losartan, 50mg losartan potassium salt, equivalent to 45.8 mg losartan","50mg","Film Coated Tablets","28 tablets","36 Months","DENK PHARMA GmbH & Co. KG,","GERMANY","DENK PHARMA GmbH & Co. KG, Germany","ETS CONTINENTAL DEPOT PHARMACEUTIQUE","2023-07-08","2028-07-07","valid","Rwanda FDA - Registered Pharmaceutical Products July 2026","https://rwandafda.gov.rw/register/monitoring_preview_register"
"2176","Rwanda FDA-HMP-MA-0379","MOXIFLOXACIN TABLETS USP 400 MG","Moxifloxacin (as hydrochloride) 400 mg tablets","400 mg","Film-Coated Tablets","10 tablets","24 Months","LUPIN LIMITED,","INDIA","LUPIN LIMITED","AIVEEN (R) LTD","2023-07-08","2028-07-07","valid","Rwanda FDA - Registered Pharmaceutical Products July 2026","https://rwandafda.gov.rw/register/monitoring_preview_register"
"2177","Rwanda FDA-HMP-MA-0345","MyDekla 60","Daclatasvir Dihydrochloride 60mg","60mg","Film-Coated Tablets","28 tablets","36 Months","MYLAN LABORATORIES LIMITED,","INDIA","MYLAN LABORATORIES LIMITED, India","PYRAMID PHARMA LIMITED","2023-07-08","2028-07-07","valid","Rwanda FDA - Registered Pharmaceutical Products July 2026","https://rwandafda.gov.rw/register/monitoring_preview_register"
"2178","Rwanda FDA-HMP-MA-0375","ODIMONT L","Montelukast and Levocetirizine Dihydrochloride 10mg/5mg","10mg/5mg","Film coated tablets","3 x 10 tablets","24 Months","CADILA HEALTHCARE LIMITED,","INDIA","CADILA HEALTHCARE LIMITED","ABACUS PHARMA (A) LTD","2023-07-08","2028-07-07","valid","Rwanda FDA - Registered Pharmaceutical Products July 2026","https://rwandafda.gov.rw/register/monitoring_preview_register"
"2179","Rwanda FDA-HMP-MA-0366","PANTO-40 (PANTOPRAZOLE SODIUM DELAYED RELEASE TABLETS USP 40 MG)","Pantoprazole sodium delayed release BP 40 mg","40mg","Enteric Coated Tablets","1 x 10 Tablets","36 Months","STALLION LABORATORIES Pvt. Ltd,","INDIA","STALLION LABORATORIES Pvt. Ltd/ India","GLAXO PHARMA WHOLESALE LTD","2023-07-08","2028-07-07","valid","Rwanda FDA - Registered Pharmaceutical Products July 2026","https://rwandafda.gov.rw/register/monitoring_preview_register"
"2180","Rwanda FDA-HMP-MA-0025","","Pertuzumab 1200 mg + Trastuzumab 600 mg","1200 mg + 600 mg","Solution for injection","15 ml Vial","18 Months","F. HOFFMANN-LA ROCHE LTD,","SWITZERLAND","F. HOFFMANN-LA ROCHE LTD","KIPHARMA LTD","2023-07-08","2028-07-07","valid","Rwanda FDA - Registered Pharmaceutical Products July 2026","https://rwandafda.gov.rw/register/monitoring_preview_register"
"2181","Rwanda FDA-HMP-MA-0026","","Pertuzumab 600 mg + Trastuzumab 600 mg","600 mg + 600 mg","Solution for injection","15 ml Vial","18 Months","F. HOFFMANN-LA ROCHE LTD,","SWITZERLAND","F. HOFFMANN-LA ROCHE LTD","KIPHARMA LTD","2023-07-08","2028-07-07","valid","Rwanda FDA - Registered Pharmaceutical Products July 2026","https://rwandafda.gov.rw/register/monitoring_preview_register"
"2182","Rwanda FDA-HMP-MA-0377","RIDMAL 40/320","Dihydroartemisinin 40mg and Piperaquine Phosphate 320mg Tablets","40mg and 320mg","Film coated tablets","3, 6, 9, & 12 tablets","24 Months","AJANTA PHARMA LIMITED,","INDIA","AJANTA PHARMA LIMITED, INDIA","ABACUS PHARMA (A) LTD","2023-07-08","2028-07-07","valid","Rwanda FDA - Registered Pharmaceutical Products July 2026","https://rwandafda.gov.rw/register/monitoring_preview_register"
"2183","Rwanda FDA-HBP-MA-0023","RITUXIMAB (RIXIMYO)","Rituximab, 100mg/10ml","100mg/10ml","Solution for infusion","2 or 3 vials of 10ml","36 Months","LEK PHARMACEUTICALS D.D. & Sandoz GmbH","AUSTRIA","SANDOZ PHARMACEUTICALS D.D.","SURGIPHARM (RWANDA) LTD","2023-07-08","2028-07-07","valid","Rwanda FDA - Registered Pharmaceutical Products July 2026","https://rwandafda.gov.rw/register/monitoring_preview_register"
"2184","Rwanda FDA-HBP-MA-0024","Rituximab (Riximyo)","Rituximab, 500mg/ 50ml","500mg/ 50ml","Solution for infusion","1 or 2 vials of 50ml","36 Months","LEK PHARMACEUTICALS D.D. & Sandoz GmbH","AUSTRIA","SANDOZ PHARMACEUTICALS D.D.","SURGIPHARM (RWANDA) LTD","2023-07-08","2028-07-07","valid","Rwanda FDA - Registered Pharmaceutical Products July 2026","https://rwandafda.gov.rw/register/monitoring_preview_register"
"2185","Rwanda FDA-HMP-MA-0367","SIMVA-DENK 40","Simvastatin 40mg","40mg","Film-Coated Tablets","30 Tablets","36 Months","DENK PHARMA GmbH & Co. KG,","GERMANY","DENK PHARMA GmbH&Co. KG/ Germany","ETS CONTINENTAL DEPOT PHARMACEUTIQUE","2023-07-08","2028-07-07","valid","Rwanda FDA - Registered Pharmaceutical Products July 2026","https://rwandafda.gov.rw/register/monitoring_preview_register"
"2186","Rwanda FDA-HMP-MA-0360","TRIPLIXAM 10mg/ 2.5mg/ 10mg","Perindopril arginine 10mg / Indapamide 2.5mg / Amlodipine besilate 10 mg","10mg / 2.5mg / 10 mg","Film-Coated Tablets","30 tablets","24 Months","Servier (Ireland) Industries Ltd, & Laboratoires Servier (LSI),","IRELAND, FRANCE","LES LABORATOIRES SERVIER (LLS), FRANCE","KIPHARMA LTD","2023-07-08","2028-07-07","valid","Rwanda FDA - Registered Pharmaceutical Products July 2026","https://rwandafda.gov.rw/register/monitoring_preview_register"
"2187","Rwanda FDA-HMP-MA-0376","TRIPLIXAM 5 MG/ 1.25 MG/ 5 MG","Perindopril arginine 5 mg / Indapamide 1.25 mg / Amlodipine besilate 5 mg","5 mg/ 1.25 mg/ 5 mg","Film coated tablets","30 tablets","36 Months","Servier (Ireland) Industries Ltd, and Les Laboratoires Servier (LSI),","IRELAND, FRANCE","LES LABORATOIRES SERVIER (LLS), FRANCE","KIPHARMA LTD","2023-07-08","2028-07-07","valid","Rwanda FDA - Registered Pharmaceutical Products July 2026","https://rwandafda.gov.rw/register/monitoring_preview_register"
"2188","Rwanda FDA-HMP-MA-0361","UNIPEN 250MG TABLETS","Phenoxymethylpenicillin Potassium, 250mg","250mg","Tablets","10x10 tablets","36 Months","REGAL PHARMACEUTICALS LIMITED,","KENYA","REGAL PHARMACEUTICALS LTD/KENYA","ABACUS PHARMA (A) LTD","2023-07-08","2028-07-07","valid","Rwanda FDA - Registered Pharmaceutical Products July 2026","https://rwandafda.gov.rw/register/monitoring_preview_register"
"2189","Rwanda FDA-HMP-MA-0356","VIVIAN","Diclofenac Diethylamine BP, 1.0 %w/w, Topical Gel","1.0 %w/w","Topical Gel","15 gm or 30 gm","36 Months","LINCOLN PHARMACEUTICALS LIMITED,","INDIA","LINCOLN PHARMACEUTICALS LIMITED, INDIA","ABACUS PHARMA (A) LTD","2023-07-08","2028-07-07","valid","Rwanda FDA - Registered Pharmaceutical Products July 2026","https://rwandafda.gov.rw/register/monitoring_preview_register"
"2190","Rwanda FDA-HMP-MA-0385","XATRAL LP 5 mg","Alfuzosin 5mg","5mg","Film-Coated Tablets","","36 Months","SANOFI WINTHROP INDUSTRIE,","FRANCE","SANOFI AVENTIS KENYA LIMITED","KIPHARMA LTD","2023-07-08","2028-07-07","valid","Rwanda FDA - Registered Pharmaceutical Products July 2026","https://rwandafda.gov.rw/register/monitoring_preview_register"
"2191","Rwanda FDA-HMP-MA-0339","ABACAVIR SULFATE AND LAMIVUDINE","Abacavir Sulfate 60mg and Lamivudine 30mg","60mg and 30mg","Uncoated tablets","60 tablets","36 Months","CIPLA LIMITED,","INDIA","CIPLA LTD, INDIA","PHILLIPS PHARMACEUTICALS (RWANDA) LTD","2023-06-26","2028-06-25","valid","Rwanda FDA - Registered Pharmaceutical Products July 2026","https://rwandafda.gov.rw/register/monitoring_preview_register"
"2192","Rwanda FDA-HMP-MA-0332","ATAZANAVIR (AS SULFATE) AND RITONAVIR TABLETS 300MG AND 100MG","Atazanavir Sulfate equivalent to Atazanavir 300 mg, Ritonavir USP 100 mg","300 mg and 100 mg","Film coated tablets","30 Tablets","24 Months","LUPIN LIMITED,","INDIA","LUPIN LIMITED","AIVEEN (R) LTD","2023-06-26","2028-06-25","valid","Rwanda FDA - Registered Pharmaceutical Products July 2026","https://rwandafda.gov.rw/register/monitoring_preview_register"
"2193","Rwanda FDA-HMP-MA-0340","CILOXAN EYE DROPS","Ciprofloxacin hydrochloride 0.3% w/v","0.3% w/v","EYE DROPS","5ml bottle","24 Months","ALCON-COUVREUR,","BELGIUM","NVS KENYA LIMITED","SURGIPHARM (RWANDA) LTD","2023-06-26","2028-06-25","valid","Rwanda FDA - Registered Pharmaceutical Products July 2026","https://rwandafda.gov.rw/register/monitoring_preview_register"
"2194","Rwanda FDA-HMP-MA-0337","FLUCOMOL","Paracetamol BP 500 mg + Dextromethorphan Hydrobromide BP 15 mg + Chlorphenamine Maleate BP 2mg + Phenylephrine Hydrochloride BP 10 mg / Capsule","500 mg + 15 mg + 2mg + 10 mg","Hard Gelatin Capsule","","36 Months","LINCOLN PHARMACEUTICALS LIMITED,","INDIA","LINCOLN PHARMACEUTICALS LIMITED","ABACUS PHARMA (A) LTD","2023-06-26","2028-06-25","valid","Rwanda FDA - Registered Pharmaceutical Products July 2026","https://rwandafda.gov.rw/register/monitoring_preview_register"
"2195","Rwanda FDA-HMP-MA-0333","GOFEN 400MG SOFT GEL CAPSULES","Ibuprofen 400mg (Present as Free Acid and Potassium Salt)","400mg","Soft gelatin shell capsules","6x10 capsules","24 Months","MEGA LIFESCIENCES PUBLIC COMPANY LIMITED","THAILAND","MEGA LIFESCIENCES PUBLIC COMPANY LIMITED","ABACUS PHARMA (A) LTD","2023-06-26","2028-06-25","valid","Rwanda FDA - Registered Pharmaceutical Products July 2026","https://rwandafda.gov.rw/register/monitoring_preview_register"
"2196","Rwanda FDA-HMP-MA-0338","LOSA-H","Losartan Potassium USP 50 mg and Hydrochlorothiazide 12.5 mg BP","50 mg and 12.5 mg","Film coated tablets","3X10 tablets","36 Months","LINCOLN PHARMACEUTICALS LIMITED","INDIA","LINCOLN PHARMACEUTICALS LIMITED","ABACUS PHARMA (A) LTD","2023-06-26","2028-06-25","valid","Rwanda FDA - Registered Pharmaceutical Products July 2026","https://rwandafda.gov.rw/register/monitoring_preview_register"
"2197","Rwanda FDA-HMP-MA-0336","METFORMIN 1000MG FILM COATED TABLETS","Metformin hydrochloride 1000mg","1000 MG","Film Coated Tablets","20, 30, 60, 90 (only for DE/H/1808), 100, 120, 180(only for DE/H/1808), 200(only for DE/H/1808) and 300 film-coated tablets","36 months","LEK S.A.,","POLAND","SANDOZ GmbH, Kundl","SURGIPHARM (RWANDA) LTD","2023-06-26","2028-06-25","valid","Rwanda FDA - Registered Pharmaceutical Products July 2026","https://rwandafda.gov.rw/register/monitoring_preview_register"
"2198","Rwanda FDA-HMP-MA-0222","MYLTEGA DT","Dolutegravir Sodium 10 mg","10 mg","Film coated tablets","","24 Months","MYLAN LABORATORIES LIMITED","INDIA","MYLAN LABORATORIES LIMITED","PYRAMID PHARMA LIMITED","2023-06-26","2028-06-25","valid","Rwanda FDA - Registered Pharmaceutical Products July 2026","https://rwandafda.gov.rw/register/monitoring_preview_register"
"2199","Rwanda FDA-HBP-MA- 0022","NOVORAPID FLEXPEN","1 ml of the solution contains 100 U of insulin aspart (equivalent to 3.5 mg).1 pre-filled pen contains 3 ml equivalent to 300 U","100U/ML & 300U/ML","Solution for injection","3 ml solution in cartridge","30 Months","","FRANCE, DENMARK","NOVO NORDISK S/A","WESSEX PHARMACEUTICALS (RWANDA) LTD","2023-06-26","2028-06-25","valid","Rwanda FDA - Registered Pharmaceutical Products July 2026","https://rwandafda.gov.rw/register/monitoring_preview_register"
"2200","Rwanda FDA-HMP-MA-0331","PEITEL 0.25% CREAM","1 g of cream contains: 2.5 mg of prednicarbate (INN) in an oil-in-water emollient (O/A)","2.5 mg","CREAM","30 g tubes","36 Months","FERRER INTERNACIONAL, S.A,","SPAIN","FERRER INTERNACIONAL, S.A.","GOMHS LTD","2023-06-26","2028-06-25","valid","Rwanda FDA - Registered Pharmaceutical Products July 2026","https://rwandafda.gov.rw/register/monitoring_preview_register"
"2201","Rwanda FDA-HMP-MA-0335","PREDNI","Prednisolone Acetate Ophthalmic Suspension USP, 1% w/v","1% w/v","Ophthalmic Suspension","10ml bottle","24 Months","LINCOLN PHARMACEUTICALS LIMITED,","INDIA","LINCOLN PHARMACEUTICALS LIMITED","ABACUS PHARMA (A) LTD","2023-06-26","2028-06-25","valid","Rwanda FDA - Registered Pharmaceutical Products July 2026","https://rwandafda.gov.rw/register/monitoring_preview_register"
"2202","Rwanda FDA-HMP-MA-0334","TRIMEX MUCOLYTIC SYRUP","Salbutamol sulphate BP 2.4mg/ Bromhexine HCL BP 4mg/ Guaifenesin BP 100mg","2.4mg, 4mg and 100mg","Syrup","100ml bottle","36 Months","REGAL PHARMACEUTICALS LTD,","KENYA","REGAL PHARMACEUTICALS LTD","ABACUS PHARMA (A) LTD","2023-06-26","2028-06-25","valid","Rwanda FDA - Registered Pharmaceutical Products July 2026","https://rwandafda.gov.rw/register/monitoring_preview_register"
"2203","Rwanda FDA-HBP-MA- 0017","","Human Insulin(rDNA) 100UI/ml","100UI/ml","Aqueous solution","1 and 5 vials of 10ml","30 Months","NOVO NORDISK A/S, NOVO ALLE, Novo Nordisk Production SAS,","DENMARK , FRANCE","NOVO NORDISK PHARMA GULF FZ-LLC/DUBAI, UAE","WESSEX PHARMACEUTICALS (RWANDA) LTD","2023-05-12","2028-05-11","valid","Rwanda FDA - Registered Pharmaceutical Products July 2026","https://rwandafda.gov.rw/register/monitoring_preview_register"
"2204","Rwanda FDA-HMP-MA-0252","ANASTROZOLE 1 MG FILM-COATED TABLETS","Anastrozole 1 mg","1 mg","Film-coated tablets","1x30 tablets","60 Months","SALUTAS PHARMA GmbH,","Germany","SANDOZ GmbH, KUNDL","SURGIPHARM (RWANDA) LTD","2023-05-12","2028-05-11","valid","Rwanda FDA - Registered Pharmaceutical Products July 2026","https://rwandafda.gov.rw/register/monitoring_preview_register"
"2205","Rwanda FDA-HMP-MA-0292","ANOL-100","Atenolol BP, 100mg","100mg","Uncoated tablets","10x10 tablets","36 Months","LINCOLN PHARMACEUTICALS LIMITED,","INDIA","LINCOLN PHARMACEUTICALS LIMITED, INDIA","ABACUS PHARMA (A) LTD","2023-05-12","2028-05-11","valid","Rwanda FDA - Registered Pharmaceutical Products July 2026","https://rwandafda.gov.rw/register/monitoring_preview_register"
"2206","Rwanda FDA-HMP-MA-0298","ANOL-50","Atenolol BP, 50mg","50mg","Uncoated tablets","10x10 tablets","36 Months","LINCOLN PHARMACEUTICALS LIMITED,","INDIA","LINCOLN PHARMACEUTICALS LIMITED, INDIA","ABACUS PHARMA (A) LTD","2023-05-12","2028-05-11","valid","Rwanda FDA - Registered Pharmaceutical Products July 2026","https://rwandafda.gov.rw/register/monitoring_preview_register"
"2207","Rwanda FDA-HMP-MA-0311","AVIR-200","Acyclovir USP, 200 mg","200 mg","Uncoated tablets","10 Tablets","36 Months","LINCOLN PHARMACEUTICALS LIMITED,","INDIA","LINCOLN PHARMACEUTICALS LIMITED","ABACUS PHARMA (A) LTD","2023-05-12","2028-05-11","valid","Rwanda FDA - Registered Pharmaceutical Products July 2026","https://rwandafda.gov.rw/register/monitoring_preview_register"
"2208","Rwanda FDA-HMP-MA-0296","AXADEX D5","Glucose Anhydrous Intravenous Infusion BP 5% w/v","5% w/v","Solution for Intravenous Infusion","1x500ml bottle","36 Months","AXA PARENTERALS LIMITED,","INDIA","AXA PARENTERALS LIMITED, INDIA","ABACUS PHARMA (A) LTD","2023-05-12","2028-05-11","valid","Rwanda FDA - Registered Pharmaceutical Products July 2026","https://rwandafda.gov.rw/register/monitoring_preview_register"
"2209","Rwanda FDA-HMP-MA-0297","AXADEX D50","Glucose Anhydrous Intravenous Infusion BP 50% w/v","50% w/v","Solution for Intravenous Infusion","1x500ml bottle","24 Months","AXA PARENTERALS LIMITED,","INDIA","AXA PARENTERALS LIMITED, INDIA","ABACUS PHARMA (A) LTD","2023-05-12","2028-05-11","valid","Rwanda FDA - Registered Pharmaceutical Products July 2026","https://rwandafda.gov.rw/register/monitoring_preview_register"
"2210","Rwanda FDA-HMP-MA-0280","AXAPARA","Paracetamol Intravenous Infusion BP 1.0%w/v","1.0%w/v","Intravenous infusion","100 ml bottle","24 Months","AXA PARENTERALS LIMITED,","INDIA","AXA PARENTERALS LIMITED, INDIA","ABACUS PHARMA (A) LTD","2023-05-12","2028-05-11","valid","Rwanda FDA - Registered Pharmaceutical Products July 2026","https://rwandafda.gov.rw/register/monitoring_preview_register"
"2211","Rwanda FDA-HMP-MA-0246","BETOPTIC 5% EYE DROPS","Betaxolol base (equivalent to 5.6 mg betaxolol hydrochloride)","0.05","Sterile Ophthalmic clear colorless solution","5 ml Bottle","36 Months","S.A. ALCON-COUVREUR N.V.","BELGIUM","NVS KENYA LIMITED","SURGIPHARM (RWANDA) LTD","2023-05-12","2028-05-11","valid","Rwanda FDA - Registered Pharmaceutical Products July 2026","https://rwandafda.gov.rw/register/monitoring_preview_register"
"2212","Rwanda FDA-HMP-MA-0268","BICALUTAMIDE 50 MG","Bicalutamide 50 mg","50 mg","Film coated Tablet","20,28,30,50,60,84,90,98 or 100 film-coated tablets","24 Months","SALUTAS PHARMA GmbH","GERMANY","SANDOZ GmbH, KUNDL, Austria.","SURGIPHARM (RWANDA) LTD","2023-05-12","2028-05-11","valid","Rwanda FDA - Registered Pharmaceutical Products July 2026","https://rwandafda.gov.rw/register/monitoring_preview_register"
"2213","Rwanda FDA-HBP-MA- 0019","BSV HUMOG 75 HP","Menotrophin BP, 75 I.U","75 I.U","Lyophilized injection white powder or cake","2 ml Vial. Each vial is accompanied by an ampoule containing 1ml of chloride injection BP","36 Months","BHARAT SERUMS AND VACCINES LIMITED,","INDIA","BHARAT SERUMS AND VACCINES LIMITED,","WESSEX PHARMACEUTICALS (RWANDA) LTD","2023-05-12","2028-05-11","valid","Rwanda FDA - Registered Pharmaceutical Products July 2026","https://rwandafda.gov.rw/register/monitoring_preview_register"
"2214","Rwanda FDA-HMP-MA-0277","CARVILIN-12.5","Carvedilol USP 12.5 mg","12.5 mg","Film coated tablet","2X14 tablets","","LINCOLN PHARMACEUTICALS LIMITED,","INDIA","LINCOLN PHARMACEUTICALS LIMITED, INDIA","ABACUS PHARMA (A) LTD","2023-05-12","2028-05-11","valid","Rwanda FDA - Registered Pharmaceutical Products July 2026","https://rwandafda.gov.rw/register/monitoring_preview_register"
"2215","Rwanda FDA-HMP-MA-0254","CARVILIN-6.25","Carvedilol USP 6.25mg","6.25mg","Film-coated tablets","14 tablets","36 Months","LINCOLN PHARMACEUTICALS LIMITED,","INDIA","LINCOLN PHARMACEUTICALS LIMITED, INDIA","ABACUS PHARMA (A) LTD","2023-05-12","2028-05-11","valid","Rwanda FDA - Registered Pharmaceutical Products July 2026","https://rwandafda.gov.rw/register/monitoring_preview_register"
"2216","Rwanda FDA-HMP-MA-0306","CASODEX","Bicalutamide, 150mg","150mg","Film coated tablets","28 tablets","48 Months","CORDEN PHARMA GmbH,","GERMANY","AstraZeneca UK Limited","SURGIPHARM (RWANDA) LTD","2023-05-12","2028-05-11","valid","Rwanda FDA - Registered Pharmaceutical Products July 2026","https://rwandafda.gov.rw/register/monitoring_preview_register"
"2217","Rwanda FDA-HMP-MA-0328","CIALIS 20 MG FILM-COATED TABLETS","Tadalafil, 20 mg","20 mg","Film-coated tablets","2, 4, 8, 10 and 12 tablets","36 Months","LILLY S.A.,","ESPAGNE","ELI LILLY EXPORT SA","KIPHARMA LTD","2023-05-12","2028-05-11","valid","Rwanda FDA - Registered Pharmaceutical Products July 2026","https://rwandafda.gov.rw/register/monitoring_preview_register"
"2218","Rwanda FDA-HMP-MA-0257","CLOPI-DENK 75","Clopidogrel 75mg","75mg","Film-coated tablets","30 film-coated tablets","18 Months","ARTESAN PHARMA GmbH Co. KG,","GERMANY","DENK PHARMA GmbH & Co. KG, Germany","ETS CONTINENTAL DEPOT PHARMACEUTIQUE","2023-05-12","2028-05-11","valid","Rwanda FDA - Registered Pharmaceutical Products July 2026","https://rwandafda.gov.rw/register/monitoring_preview_register"
"2219","Rwanda FDA-HMP-MA-0226","","Amoxicillin 875 mg - Clavulanic acid 125 mg","875mg & 125 mg","Film-coated tablets","2x5 Tablets","36 Months","BILIM PHARMACEUTICALS,","TURKEY","DAFRA PHARMA GmbH, Switzerland","SUN ENTERPRISES LTD","2023-05-12","2028-05-11","valid","Rwanda FDA - Registered Pharmaceutical Products July 2026","https://rwandafda.gov.rw/register/monitoring_preview_register"
"2220","Rwanda FDA-HMP-MA-0227","","Amoxicillin 500 mg - Clavulanic acid 125 mg","500 mg & 125 mg","Film-coated tablets","3x5 Tablets","36 Months","BILIM PHARMACEUTICALS,","TURKEY","DAFRA PHARMA GmbH, Switzerland","SUN ENTERPRISES LTD","2023-05-12","2028-05-11","valid","Rwanda FDA - Registered Pharmaceutical Products July 2026","https://rwandafda.gov.rw/register/monitoring_preview_register"
"2221","Rwanda FDA-HMP-MA-0299","DAZEL KIT","Azithromycin Tablets 1g, Secnidazole Tablets 1g and Fluconazole Tablets 150mg","1g, 1g and 150mg","Film coated tablets","4 tablets","36 Months","AJANTA PHARMA LIMITED,","INDIA","AJANTA PHARMA LIMITED, INDIA","ABACUS PHARMA (A) LTD","2023-05-12","2028-05-11","valid","Rwanda FDA - Registered Pharmaceutical Products July 2026","https://rwandafda.gov.rw/register/monitoring_preview_register"
"2222","Rwanda FDA-HMP-MA-0282","DECLOT","Warfarin Sodium USP 5mg","5mg","Uncoated tablets","","24 Months","MACLEODS PHARMACEUTICALS LIMITED,","INDIA","MACLEODS PHARMACEUTICALS LTD, INDIA","WESSEX PHARMACEUTICALS (RWANDA) LTD","2023-05-12","2028-05-11","valid","Rwanda FDA - Registered Pharmaceutical Products July 2026","https://rwandafda.gov.rw/register/monitoring_preview_register"
"2223","Rwanda FDA-HMP-MA-0241","DEEXA","Dexamethasone Sodium Phosphate Injection USP, 4 mg/ml","4 mg/ml","Solution for injection","10 X 10 X 2 ml Ampoules in blister pack","36 Months","LINCOLN PHARMACEUTICALS LIMITED","INDIA","LINCOLN PHARMACEUTICALS LIMITED, INDIA","ABACUS PHARMA (A) LTD","2023-05-12","2028-05-11","valid","Rwanda FDA - Registered Pharmaceutical Products July 2026","https://rwandafda.gov.rw/register/monitoring_preview_register"
"2224","Rwanda FDA-HMP-MA-0259","DOLUTEGRAVIR SODIUM TABLET FOR ORAL SUSPENSION (DISPERSIBLE TABLETS) 10MG","Dolutegravir Sodium Tablet for Oral Suspension (Dispersible Tablets) 10mg","10mg","Tablet for Oral Suspension (Dispersible Tablets)","90 tablets","24 Months","MACLEODS PHARMACEUTICALS LIMITED,","INDIA","MACLEODS PHARMACEUTICALS LTD, INDIA","WESSEX PHARMACEUTICALS (RWANDA) LTD","2023-05-12","2028-05-11","valid","Rwanda FDA - Registered Pharmaceutical Products July 2026","https://rwandafda.gov.rw/register/monitoring_preview_register"
"2225","Rwanda FDA-HMP-MA-0245","DOLUTEGRAVIR TABLETS 50MG","Dolutegravir Sodium 50mg","50mg","Film-coated tablets","30 Tablets","24 Months","STRIDES PHARMA SCIENCE LIMITED,","INDIA","STRIDES PHARMA SCIENCE LIMITED, India","SUN ENTERPRISES LTD","2023-05-12","2028-05-11","valid","Rwanda FDA - Registered Pharmaceutical Products July 2026","https://rwandafda.gov.rw/register/monitoring_preview_register"
"2226","Rwanda FDA-HMP-MA-0261","DOLUTEGRAVIR/LAMIVUDINE/TENOFOVIR DISOPROXIL FUMARATE 50/300/300MG TABLETS","Dolutegravir sodium/Lamivudine USP/Tenofovir Disoproxil Fumarate 50mg/300mg/300mg","50mg/300mg/300mg","Film coated tablets","30, 90, 100, & 180 tablets","24 Months","MACLEODS PHARMACEUTICALS LIMITED,","INDIA","MACLEODS PHARMACEUTICALS LTD, INDIA","WESSEX PHARMACEUTICALS (RWANDA) LTD","2023-05-12","2028-05-11","valid","Rwanda FDA - Registered Pharmaceutical Products July 2026","https://rwandafda.gov.rw/register/monitoring_preview_register"
"2227","Rwanda FDA-HMP-MA-0256","DUOCETZ","Paracetamol 325mg & Tramadol Hydrochloride 37.5mg","325mg & 37.5mg","Film-coated tablets","3 x 10 film-coated tablets","24 Months","MEGA LIFESCIENCES PUBLIC COMPANY LTD","THAILAND","MEGA LIFE SCIENCES PUBLIC COMPANY LTD, INDIA","ABACUS PHARMA (A) LTD","2023-05-12","2028-05-11","valid","Rwanda FDA - Registered Pharmaceutical Products July 2026","https://rwandafda.gov.rw/register/monitoring_preview_register"
"2228","Rwanda FDA-HMP-MA-0231","","Isoconazole nitrate 10mg/g (1%) and Diflucortolone valerate 1mg/g (0.1%)","10mg/g (1%) and 1mg/g (0.1%)","Cream","15 g","36 Months","","TURKEY","DAFRA PHARMA GmbH, Switzerland","SUN ENTERPRISES LTD","2023-05-12","2028-05-11","valid","Rwanda FDA - Registered Pharmaceutical Products July 2026","https://rwandafda.gov.rw/register/monitoring_preview_register"
"2229","Rwanda FDA-HMP-MA-0315","EDURANTTM 25 MG FILM-COATED TABLETS","Rilpivirine hydrochloride equivalent to 25 mg rilpivirine","25 mg","Film coated tablets","30 tablets","36 Months","JANSSEN-CILAG S.p. A","ITALY","JANSSEN CILAG INTERNATIONAL NV","KIPHARMA LTD","2023-05-12","2028-05-11","valid","Rwanda FDA - Registered Pharmaceutical Products July 2026","https://rwandafda.gov.rw/register/monitoring_preview_register"
"2230","Rwanda FDA-HMP-MA-0253","EFAVIRENZ TABLETS 600MG","Efavirenz USP 600mg","600mg","Film-coated tablets","","36 Months","STRIDES SHASUN LIMITED,","INDIA","STRIDES SHASUN LIMITED, INDIA","SUN ENTERPRISES LTD","2023-05-12","2028-05-11","valid","Rwanda FDA - Registered Pharmaceutical Products July 2026","https://rwandafda.gov.rw/register/monitoring_preview_register"
"2231","Rwanda FDA-HMP-MA-0330","ENDOPROST 125MCG","Carboprost Tromethamine Injection USP 125 mcg","125 mcg","Solution for injection","2ml vial","24 Months","BHARAT SERUMS AND VACCINES LIMITED,","INDIA","BHARAT SERUMS & VACCINES LTD","WESSEX PHARMACEUTICALS (RWANDA) LTD","2023-05-12","2028-05-11","valid","Rwanda FDA - Registered Pharmaceutical Products July 2026","https://rwandafda.gov.rw/register/monitoring_preview_register"
"2232","Rwanda FDA-HMP-MA-0329","ENDOPROST 250MCG","Carboprost Tromethamine Injection USP 250 mcg","250 mcg","Solution for injection","2ml vial","24 Months","BHARAT SERUMS AND VACCINES LIMITED,","INDIA","BHARAT SERUMS & VACCINES LTD","WESSEX PHARMACEUTICALS (RWANDA) LTD","2023-05-12","2028-05-11","valid","Rwanda FDA - Registered Pharmaceutical Products July 2026","https://rwandafda.gov.rw/register/monitoring_preview_register"
"2233","Rwanda FDA-HMP-MA-0293","ENOXA 2000 UI, ANTI-XA/0.2ML","Enoxaparin Sodium","20mg/0.2ml","Solution for Injection","Box of 2 pre-filled syringes of 0.2 ml","24 Months","","TUNISIA","","KIPHARMA LTD","2023-05-12","2028-05-11","valid","Rwanda FDA - Registered Pharmaceutical Products July 2026","https://rwandafda.gov.rw/register/monitoring_preview_register"
"2234","Rwanda FDA-HMP-MA-0300","ENOXA 4000 UI, ANTI-XA/0.4ML","Enoxaparin Sodium 4000 UI/0.4ml","4000 UI/0.4ml","Solution for injection","2 pre-filled syringes of 0.4 ml","","LES LABORATOIRES MEDIS,","TUNISIA","LES LABORATOIRES MEDIS.","KIPHARMA LTD","2023-05-12","2028-05-11","valid","Rwanda FDA - Registered Pharmaceutical Products July 2026","https://rwandafda.gov.rw/register/monitoring_preview_register"
"2235","Rwanda FDA-HMP-MA-0310","ENOXA 6000 UI, ANTI-XA/0.6ML","Enoxaparin sodium","60mg/0.6ml","Solution for Injection","Box of 2 pre-filled syringes of 0.6 ml","24 Months","","TUNISIA","","KIPHARMA LTD","2023-05-12","2028-05-11","valid","Rwanda FDA - Registered Pharmaceutical Products July 2026","https://rwandafda.gov.rw/register/monitoring_preview_register"
"2236","Rwanda FDA-HMP-MA-0294","ENOXA 8000 UI, ANTI-XA/0.8ML","Enoxaparin sodium","80mg/0.8ml","Solution for Injection","Box of 2 pre-filled syringes of 0.8 ml","24 Months","","TUNISIA","","KIPHARMA LTD","2023-05-12","2028-05-11","valid","Rwanda FDA - Registered Pharmaceutical Products July 2026","https://rwandafda.gov.rw/register/monitoring_preview_register"
"2237","Rwanda FDA-HMP-MA-0271","EUGLIM-2","Glimepiride USP 2mg","2mg","Uncoated tablets","10x10 tablets","24 Months","CADILA HEALTHCARE LIMITED,","INDIA","CADILA HEALTHCARE LIMITED","ABACUS PHARMA (A) LTD","2023-05-12","2028-05-11","valid","Rwanda FDA - Registered Pharmaceutical Products July 2026","https://rwandafda.gov.rw/register/monitoring_preview_register"
"2238","Rwanda FDA-HMP-MA-0272","EUGLIM-4","Glimepiride USP 4mg","4mg","Uncoated tablets","10x10 tablets","24 Months","CADILA HEALTHCARE LIMITED,","INDIA","CADILA HEALTHCARE LIMITED","ABACUS PHARMA (A) LTD","2023-05-12","2028-05-11","valid","Rwanda FDA - Registered Pharmaceutical Products July 2026","https://rwandafda.gov.rw/register/monitoring_preview_register"
"2239","Rwanda FDA-HMP-MA-0230","","Paracetamol BP, Phenylephrine hydrochloride, Chlorphenamine maleate BP 500mg/5mg/2 mg","500mg/5mg/2 mg","Uncoated tablets","Pouch of 4 tablets in Alu-Alu strip. Box of 50 pouches or 20 pouches.","36 Months","","INDIA","EXPHAR S.A., Belgium","H&H PHARMA LTD","2023-05-12","2028-05-11","valid","Rwanda FDA - Registered Pharmaceutical Products July 2026","https://rwandafda.gov.rw/register/monitoring_preview_register"
"2240","Rwanda FDA-HBP-MA- 0020","FOLIGRAF 75 I.U (FREEZE DRIED)","Recombinant -Human Follicle Stimulating Hormone for Injection, 75 I.U","75 I.U","Lyophilized injection, white to off white or cake","2 ml Vial","24 Months","BHARAT SERUMS AND VACCINES LIMITED,","INDIA","BHARAT SERUMS AND VACCINES LIMITED,","WESSEX PHARMACEUTICALS (RWANDA) LTD","2023-05-12","2028-05-11","valid","Rwanda FDA - Registered Pharmaceutical Products July 2026","https://rwandafda.gov.rw/register/monitoring_preview_register"
"2241","Rwanda FDA-HMP-MA-0267","G-OUT 0.5","Colchicine 0.5 mg","0.5 mg","Uncoated tablets","3X10 tablets, 30/100 tablets","24 Months","MACLOEDS PHARMACEUTICALS LTD,","INDIA","MACLEODS PHARMACEUTICALS LTD, INDIA","WESSEX PHARMACEUTICALS (RWANDA) LTD","2023-05-12","2028-05-11","valid","Rwanda FDA - Registered Pharmaceutical Products July 2026","https://rwandafda.gov.rw/register/monitoring_preview_register"
"2242","Rwanda FDA-HMP-MA-0274","GABALIN 300","Gabapentin Capsules USP 300 mg","300 mg","Hard gelatin capsule","10 Capsules","36 Months","LINCOLN PHARMACEUTICALS LIMITED,","INDIA","LINCOLN PHARMACEUTICALS LIMITED, INDIA","ABACUS PHARMA (A) LTD","2023-05-12","2028-05-11","valid","Rwanda FDA - Registered Pharmaceutical Products July 2026","https://rwandafda.gov.rw/register/monitoring_preview_register"
"2243","Rwanda FDA-HMP-MA-0286","GALVUS MET 50/1000MG FILM-COATED TABLET","Vildagliptin 50mg/Metformin Hydrochloride 1000mg","50mg/ 1000mg","Film coated tablets","","18 Months","NOVARTIS PHARMA PRODUKTIONS GmbH,","GERMANY","NVS KENYA LIMITED","SURGIPHARM (RWANDA) LTD","2023-05-12","2028-05-11","valid","Rwanda FDA - Registered Pharmaceutical Products July 2026","https://rwandafda.gov.rw/register/monitoring_preview_register"
"2244","Rwanda FDA-HMP-MA-0284","GALVUS MET 50/500MG","Vildagliptin 50mg/Metformin Hydrochloride 500mg","50mg/ 500mg","Film coated tablets","","18 Months","NOVARTIS PHARMA PRODUKTIONS GmbH,","GERMANY","NVS KENYA LIMITED","SURGIPHARM (RWANDA) LTD","2023-05-12","2028-05-11","valid","Rwanda FDA - Registered Pharmaceutical Products July 2026","https://rwandafda.gov.rw/register/monitoring_preview_register"
"2245","Rwanda FDA-HMP-MA-0285","GALVUS MET 50/850MG FILM-COATED TABLET","Vildagliptin 50mg/Metformin Hydrochloride 850mg","50mg/ 850mg","Film coated tablets","","18 Months","NOVARTIS PHARMA PRODUKTIONS GmbH,","GERMANY","NVS KENYA LIMITED","SURGIPHARM (RWANDA) LTD","2023-05-12","2028-05-11","valid","Rwanda FDA - Registered Pharmaceutical Products July 2026","https://rwandafda.gov.rw/register/monitoring_preview_register"
"2246","Rwanda FDA-HMP-MA-0322","GAMALATE B6 ORAL SOLUTION","2.0 g Magnesium Glutamate Hydrobromide (MGH), 1.0 g Pyridoxine hydrochloride (Vitamin B6), 1.0 g ?-amino-?-hydroxy-butyric acid (GABOB), 2.0 g ? -Aminobutyric Acid (GABA)","2.0 g, 1.0 g, 1.0 g, 2.0 g","ORAL SOLUTION","100ml Bottle","36 Months","FERRER INTERNACIONAL, S.A,","SPAIN","FERRER INTENACIONAL, S.A, Spain","GOMHS LTD","2023-05-12","2028-05-11","valid","Rwanda FDA - Registered Pharmaceutical Products July 2026","https://rwandafda.gov.rw/register/monitoring_preview_register"
"2247","Rwanda FDA-HMP-MA-0323","GAMALATE COATED TABLET","Magnesium Glutamate Hydrobromide (MGH) 75mg, Pyridoxine hydrochloride (Vitamin B6) 37mg, ?-amino-?-hydroxy-butyric acid (GABOB) 37mg, ? -Aminobutyric Acid (GABA) 75mg","75mg, 37mg, 37mg, 75mg","TABLETS","Box with 20 and 60 coated tablets","60 Months","FERRER INTERNACIONAL, S.A.","SPAIN","FERRER INTENACIONAL, S.A, Spain","GOMHS LTD","2023-05-12","2028-05-11","valid","Rwanda FDA - Registered Pharmaceutical Products July 2026","https://rwandafda.gov.rw/register/monitoring_preview_register"
"2248","Rwanda FDA-HMP-MA-0236","GLIMEPIRIDE DENK 2","Glimepiride 2mg","2mg","Uncoated tablet","30 Tablets","48 Months","DENK PHARMA GmbH & Co. KG,","GERMANY","DENK PHARMA GMBH & CO. KG","ETS CONTINENTAL DEPOT PHARMACEUTIQUE","2023-05-12","2028-05-11","valid","Rwanda FDA - Registered Pharmaceutical Products July 2026","https://rwandafda.gov.rw/register/monitoring_preview_register"
"2249","Rwanda FDA-HMP-MA-0237","GLIMEPIRIDE DENK 3","Glimepiride 3mg","3mg","Uncoated tablet","30 Tablets","48 Months","DENK PHARMA GmbH & Co. KG,","GERMANY","DENK PHARMA GMBH & CO. KG","ETS CONTINENTAL DEPOT PHARMACEUTIQUE","2023-05-12","2028-05-11","valid","Rwanda FDA - Registered Pharmaceutical Products July 2026","https://rwandafda.gov.rw/register/monitoring_preview_register"
"2250","Rwanda FDA-HMP-MA-0235","I-PILL","Levonorgestrel BP/Ph.Eur 1.5mg","1.5mg","Uncoated tablets","1 tablet","24 Months","CIPLA LTD,","INDIA","CIPLA LTD, INDIA","PHILLIPS PHARMACEUTICALS (RWANDA) LTD","2023-05-12","2028-05-11","valid","Rwanda FDA - Registered Pharmaceutical Products July 2026","https://rwandafda.gov.rw/register/monitoring_preview_register"
"2251","Rwanda FDA-HMP-MA-0317","INTACYCLINE SKIN OINTMENT","Tetracycline hydrochloride BP 3% w/w","3% w/w","Ointment","15g tube","24 Months","REGAL PHARMACEUTICALS LIMITED","KENYA","REGAL PHARMACEUTICALS LTD","ABACUS PHARMA (A) LTD","2023-05-12","2028-05-11","valid","Rwanda FDA - Registered Pharmaceutical Products July 2026","https://rwandafda.gov.rw/register/monitoring_preview_register"
"2252","Rwanda FDA-HMP-MA-0325","INTAPLEX TABLETS","Nicotinamide BP 15mg; Riboflavin BP 1mg; Thiamine Hydrochloride BP 1 mg","15mg, 1mg, & 1 mg","TABLETS","10x10 tablets","24 Months","REGAL PHARMACEUTICALS LIMITED,","KENYA","REGAL PHARMACEUTICALS LTD","ABACUS PHARMA (A) LTD","2023-05-12","2028-05-11","valid","Rwanda FDA - Registered Pharmaceutical Products July 2026","https://rwandafda.gov.rw/register/monitoring_preview_register"
"2253","Rwanda FDA-HMP-MA-0266","ISONIAZID TABLETS BP 100MG","Isoniazid BP, 100mg","100mg","Uncoated tablets","","24 Months","LUPIN LIMITED,","INDIA","LUPIN LIMITED, INDIA","AIVEEN (R) LTD","2023-05-12","2028-05-11","valid","Rwanda FDA - Registered Pharmaceutical Products July 2026","https://rwandafda.gov.rw/register/monitoring_preview_register"
"2254","Rwanda FDA-HMP-MA-0265","KIPEL 10","Montelukast Sodium 10 mg","10 mg","Film coated tablets","3x10's tablets","24 Months","MSN LABORATORIES PRIVATE LTD","INDIA","MEGA LIFESCIENCES (AUSTRALIA) PTY LTD","ABACUS PHARMA (A) LTD","2023-05-12","2028-05-11","valid","Rwanda FDA - Registered Pharmaceutical Products July 2026","https://rwandafda.gov.rw/register/monitoring_preview_register"
"2255","Rwanda FDA-HMP-MA-0264","KIPEL 4","Montelukast Sodium 4 mg","4 mg","Chewable tablets","3x10's tablets","24 Months","MSN LABORATORIES PRIVATE LTD,","INDIA","MEGA LIFESCIENCES (AUSTRALIA) PTY LTD","ABACUS PHARMA (A) LTD","2023-05-12","2028-05-11","valid","Rwanda FDA - Registered Pharmaceutical Products July 2026","https://rwandafda.gov.rw/register/monitoring_preview_register"
"2256","Rwanda FDA-HMP-MA-0319","KIPEL 5","Montelukast Sodium, 5 mg","5 mg","Chewable tablets","3x10's tablets","24 Months","MSN LABORATORIES PRIVATE LTD,","INDIA","MEGA LIFESCIENCES (AUSTRALIA) PTY LTD","ABACUS PHARMA (A) LTD","2023-05-12","2028-05-11","valid","Rwanda FDA - Registered Pharmaceutical Products July 2026","https://rwandafda.gov.rw/register/monitoring_preview_register"
"2257","Rwanda FDA-HMP-MA-0320","KOMEFAN 140","Artemether/Lumefantrine 20mg/120mg","20mg/120mg","Tablets","","36 Months","MYLAN LABORATORIES LIMITED,","INDIA","MYLAN LABORATORIES LIMITED, INDIA.","PYRAMID PHARMA LIMITED","2023-05-12","2028-05-11","valid","Rwanda FDA - Registered Pharmaceutical Products July 2026","https://rwandafda.gov.rw/register/monitoring_preview_register"
"2258","Rwanda FDA-HMP-MA-0295","LAMIVUDINE AND TENOFOVIR DISOPROXIL FUMARATE TABLETS 300MG AND 300MG FILM-COATED TABLETS","Lamivudine and Tenofovir Disoproxil Fumarate tablets 300mg and 300mg","300mg and 300mg","Film-Coated Tablets","30 tablets","24 Months","LUPIN LIMITED,","INDIA","LUPIN LIMITED, INDIA","AIVEEN (R) LTD","2023-05-12","2028-05-11","valid","Rwanda FDA - Registered Pharmaceutical Products July 2026","https://rwandafda.gov.rw/register/monitoring_preview_register"
"2259","Rwanda FDA-HMP-MA-0279","LOPAGEN","Loperamide Hydrochloride USP 2 mg","2 mg","Hard gelatin capsule","10x10 Capsules","36 Months","LINCOLN PHARMACEUTICALS LIMITED,","INDIA","LINCOLN PHARMACEUTICALS LIMITED, INDIA","ABACUS PHARMA (A) LTD","2023-05-12","2028-05-11","valid","Rwanda FDA - Registered Pharmaceutical Products July 2026","https://rwandafda.gov.rw/register/monitoring_preview_register"
"2260","Rwanda FDA-HMP-MA-0223","LOPINAVIR 100 MG AND RITONAVIR 25 MG TABLETS USP","","100 mg and 25 mg","Film coated tablets","60 Tablets","24 Months","MACLEODS PHARMACEUTICALS LIMITED","INDIA","MACLEODS PHARMACEUTICALS LIMITED","WESSEX PHARMACEUTICALS (RWANDA) LTD","2023-05-12","2028-05-11","valid","Rwanda FDA - Registered Pharmaceutical Products July 2026","https://rwandafda.gov.rw/register/monitoring_preview_register"
"2261","Rwanda FDA-HMP-MA-0244","LOSA-50","Losartan Potassium USP 50 mg","50 mg","Film-coated tablets","3 x 10 tablets","","LINCOLN PHARMACEUTICALS LIMITED,","INDIA","LINCOLN PHARMACEUTICALS LIMITED, INDIA","ABACUS PHARMA (A) LTD","2023-05-12","2028-05-11","valid","Rwanda FDA - Registered Pharmaceutical Products July 2026","https://rwandafda.gov.rw/register/monitoring_preview_register"
"2262","Rwanda FDA-HMP-MA- 0233","LUMARTEM-DT (ARTEMETHER AND LUMEFANTRINE TABLETS 20/120 MG)","Artemether 20 mg and Lumefantrine 120 mg dispersible tablets","20 mg and 120 mg","Dispersible tablets","","36 Months","CIPLA LIMITED, CIPLA LTD UNIT- IV INDORE,","INDIA","CIPLA LIMITED, INDIA","PHILLIPS PHARMACEUTICALS (RWANDA) LTD","2023-05-12","2028-05-11","valid","Rwanda FDA - Registered Pharmaceutical Products July 2026","https://rwandafda.gov.rw/register/monitoring_preview_register"
"2263","Rwanda FDA-HMP-MA-0269","LUMEDEX","Dexamethasone Sodium Phosphate Ophthalmic Solution USP 0.1%w/v","0.1%w/v","Clear Colourless solution","1x10 ml vial","24 Months","AXA PARENTERALS LIMITED,","INDIA","AXA PARENTERALS LIMITED, INDIA","ABACUS PHARMA (A) LTD","2023-05-12","2028-05-11","valid","Rwanda FDA - Registered Pharmaceutical Products July 2026","https://rwandafda.gov.rw/register/monitoring_preview_register"
"2264","Rwanda FDA-HMP-MA-0303","MACSART 40","Telmisartan USP, 40 mg","40 mg","Uncoated tablets","3x10 tablets","","MACLEODS PHARMACEUTICALS LIMITED,","INDIA","MACLEODS PHARMACEUTICALS LIMITED","WESSEX PHARMACEUTICALS (RWANDA) LTD","2023-05-12","2028-05-11","valid","Rwanda FDA - Registered Pharmaceutical Products July 2026","https://rwandafda.gov.rw/register/monitoring_preview_register"
"2265","Rwanda FDA-HMP-MA-0276","MACSART 80","Telmisartan USP, 80 mg","80 mg","Uncoated tablets","3x10 tablets","","MACLEODS PHARMACEUTICALS LIMITED,","INDIA","MACLEODS PHARMACEUTICALS LTD, INDIA","WESSEX PHARMACEUTICALS (RWANDA) LTD","2023-05-12","2028-05-11","valid","Rwanda FDA - Registered Pharmaceutical Products July 2026","https://rwandafda.gov.rw/register/monitoring_preview_register"
"2266","Rwanda FDA-HMP-MA-0321","METFORMIN 500MG FILM-COATED TABLETS","Metformin hydrochloride 500 mg equivalent to 390 mg metformin base","500 mg","Film Coated Tablets","60 Film-coated tablets","36 Months","LEK S.A,","POLAND","SANDOZ GmbH, Kundl, Austria.","SURGIPHARM (RWANDA) LTD","2023-05-12","2028-05-11","valid","Rwanda FDA - Registered Pharmaceutical Products July 2026","https://rwandafda.gov.rw/register/monitoring_preview_register"
"2267","Rwanda FDA-HMP-MA-0273","METFORMIN DENK 850","Metformin hydrochloride 850 mg equivalent to 662.8 mg metformin","850 mg","Film Coated Tablets","30 and 120 film-coated tablets","60 Months","DENK PHARMA GmbH & Co. KG,","GERMANY","DENK PHARMA GmbH & Co. KG, Germany","ETS CONTINENTAL DEPOT PHARMACEUTIQUE","2023-05-12","2028-05-11","valid","Rwanda FDA - Registered Pharmaceutical Products July 2026","https://rwandafda.gov.rw/register/monitoring_preview_register"
"2268","Rwanda FDA-HBP-MA-0021","MIXTARD (R) 30, 100IU/ML","Insulin Human, 100IU/ML","100IU/ML","Suspension for injection","10ml in the glass vial","30 Months","NOVO NORDISK PRODUCTION SAS,","FRANCE","NOVO NORDISK SAS, DENMARK","WESSEX PHARMACEUTICALS (RWANDA) LTD","2023-05-12","2028-05-11","valid","Rwanda FDA - Registered Pharmaceutical Products July 2026","https://rwandafda.gov.rw/register/monitoring_preview_register"
"2269","Rwanda FDA-HMP-MA-0228","MYHEP 400","Sofosbuvir, 400mg","400mg","Film-coated tablets","28 Tablets","36 Months","MYLAN LABORATORIES LIMITED","INDIA","MYLAN LABORATORIES LIMITED, INDIA","PYRAMID PHARMA LIMITED","2023-05-12","2028-05-11","valid","Rwanda FDA - Registered Pharmaceutical Products July 2026","https://rwandafda.gov.rw/register/monitoring_preview_register"
"2270","Rwanda FDA-HMP-MA-0263","NELGRA-100","Sildenafil (as Citrate) 100 mg","100 mg","Film coated tablets","","36 Months","UNIVERSAL CORPORATION LIMITED,","Kenya","UNIVERSAL CORPORATION LIMITED","SUN ENTERPRISES LTD","2023-05-12","2028-05-11","valid","Rwanda FDA - Registered Pharmaceutical Products July 2026","https://rwandafda.gov.rw/register/monitoring_preview_register"
"2271","Rwanda FDA-HMP-MA-0232","NEPIN-SR-20","Nifedipine BP, 20 mg","20 mg","Film coated sustained release tablets","10x10 tablets","36 Months","LINCOLN PHARMACEUTICALS LIMITED,","INDIA","LINCOLN PHARMACEUTICALS LIMITED, INDIA","ABACUS PHARMA (A) LTD","2023-05-12","2028-05-11","valid","Rwanda FDA - Registered Pharmaceutical Products July 2026","https://rwandafda.gov.rw/register/monitoring_preview_register"
"2272","Rwanda FDA-HMP-MA-0247","","Nevirapine hemihydrate, 50mg/5ml","50mg/5ml","","240ml and 100ml Bottles","36 Months","AUROBINDO PHARMA LIMITED (UNIT III),","INDIA","AUROBINDO PHARMA LIMITED","PHILLIPS PHARMACEUTICALS (RWANDA) LTD","2023-05-12","2028-05-11","valid","Rwanda FDA - Registered Pharmaceutical Products July 2026","https://rwandafda.gov.rw/register/monitoring_preview_register"
"2273","Rwanda FDA-HMP-MA-0287","NEXIUM 10 MG SACHETS","Esomeprazole magnesium trihydrate, 10mg","10mg","Oral suspension","28 sachets","36 Months","AstraZeneca AB,","SWEDEN","AstraZeneca UK Limited","SURGIPHARM (RWANDA) LTD","2023-05-12","2028-05-11","valid","Rwanda FDA - Registered Pharmaceutical Products July 2026","https://rwandafda.gov.rw/register/monitoring_preview_register"
"2274","Rwanda FDA-HMP-MA-0288","NEXIUM 20MG TABLETS","Esomeprazole magnesium trihydrate, 20 mg","20 mg","Film coated tablets","14 tablets and 28 tablets","30 Months","AstraZeneca AB,","SWEDEN","AstraZeneca UK Limited","SURGIPHARM (RWANDA) LTD","2023-05-12","2028-05-11","valid","Rwanda FDA - Registered Pharmaceutical Products July 2026","https://rwandafda.gov.rw/register/monitoring_preview_register"
"2275","Rwanda FDA-HMP-MA-0289","NEXIUM 40MG TABLETS","Esomeprazole magnesium trihydrate,40 mg","40 mg","Film coated tablets","14 tablets","30 Months","AstraZeneca AB,","SWEDEN","AstraZeneca UK Limited","SURGIPHARM (RWANDA) LTD","2023-05-12","2028-05-11","valid","Rwanda FDA - Registered Pharmaceutical Products July 2026","https://rwandafda.gov.rw/register/monitoring_preview_register"
"2276","Rwanda FDA-HMP-MA-0307","NEXIUM IV INJECTION","Esomeprazole magnesium trihydrate, 40 mg","40 mg","Solution for injection/infusion","5ml in colourless glass vial","24 Months","AstraZeneca AB,","SWEDEN","AstraZeneca UK Limited","SURGIPHARM (RWANDA) LTD","2023-05-12","2028-05-11","valid","Rwanda FDA - Registered Pharmaceutical Products July 2026","https://rwandafda.gov.rw/register/monitoring_preview_register"
"2277","Rwanda FDA-HMP-MA-0278","NIFEDI-DENK RETARD","Nifedipine 20 mg","20 mg","Film coated tablets","3 x 10 or 10 x 10 tablets","36 Months","DENK PHARMA GmbH & Co. KG,","GERMANY","DENK PHARMA GmbH & CO. KG","ETS CONTINENTAL DEPOT PHARMACEUTIQUE","2023-05-12","2028-05-11","valid","Rwanda FDA - Registered Pharmaceutical Products July 2026","https://rwandafda.gov.rw/register/monitoring_preview_register"
"2278","Rwanda FDA-HBP-MA- 0018","NOVOMIX 30 FLEXPEN","Insulin Aspart 100 U/ml","100 U/ml","Suspension for Injection","5x3 ml in cartridge","24 Months","NOVO NORDISK A/S, AND NOVO NORDISK PRODUCTION SAS","FRANCE AND DENMARK","NOVO NORDISK A/S, DENMARK","WESSEX PHARMACEUTICALS (RWANDA) LTD","2023-05-12","2028-05-11","valid","Rwanda FDA - Registered Pharmaceutical Products July 2026","https://rwandafda.gov.rw/register/monitoring_preview_register"
"2279","Rwanda FDA-HMP-MA-0301","PAMISCAN 370, 100 ML","Iopamidol 370 mg, 100ml","370 mg, 100ml","Viscous liquid","1x 100 ml bottle","","LES LABORATOIRES MEDIS,","TUNISIA","LES LABORATOIRES MEDIS.","KIPHARMA LTD","2023-05-12","2028-05-11","valid","Rwanda FDA - Registered Pharmaceutical Products July 2026","https://rwandafda.gov.rw/register/monitoring_preview_register"
"2280","Rwanda FDA-HMP-MA-0302","PAMISCAN 370, 50 ML","Iopamidol 370 mg, 50ml","370 mg, 50ml","Viscous liquid","1x 50 ml bottle","","LES LABORATOIRES MEDIS,","TUNISIA","LES LABORATOIRES MEDIS.","KIPHARMA LTD","2023-05-12","2028-05-11","valid","Rwanda FDA - Registered Pharmaceutical Products July 2026","https://rwandafda.gov.rw/register/monitoring_preview_register"
"2281","Rwanda FDA-HBP-MA- 0016","PATIZRA 10 MG/ML SOLUTION FOR INJECTION","Ranibizumab 10 mg/mL","10 mg/mL","Solution for injection","Vial with filter needle -0.23 mL","36 Months","ALCON-COUVREUR NV","BELGIUM","NVS KENYA LIMITED","SURGIPHARM (RWANDA) LTD","2023-05-12","2028-05-11","valid","Rwanda FDA - Registered Pharmaceutical Products July 2026","https://rwandafda.gov.rw/register/monitoring_preview_register"
"2282","Rwanda FDA-HMP-MA-0243","","Diosmin, 600 mg","600 mg","Film-coated tablets","15 or 30 tablets","60 Months","INNOTHERA CHOUZY,","FRANCE","LABORATOIRE INNOTECH INTERNATIONAL","MEDIASOL PHARMACEUTICAL DEPOT LTD","2023-05-12","2028-05-11","valid","Rwanda FDA - Registered Pharmaceutical Products July 2026","https://rwandafda.gov.rw/register/monitoring_preview_register"
"2283","Rwanda FDA-HMP-MA-0251","PILL-72","Levonorgestrel BP/Ph.Eur 0.75 mg","0.75 mg","Uncoated tablets","2 tablets","36 Months","CIPLA LIMITED,","INDIA","CIPLA LIMITED","PHILLIPS PHARMACEUTICALS (RWANDA) LTD","2023-05-12","2028-05-11","valid","Rwanda FDA - Registered Pharmaceutical Products July 2026","https://rwandafda.gov.rw/register/monitoring_preview_register"
"2284","Rwanda FDA-HMP-MA-0249","PLENDIL 10MG","Felodipine, 10mg","10mg","Film-coated tablets","30 Tablets","36 Months","AstraZeneca AB,","SWEDEN","AstraZeneca UK Limited","SURGIPHARM (RWANDA) LTD","2023-05-12","2028-05-11","valid","Rwanda FDA - Registered Pharmaceutical Products July 2026","https://rwandafda.gov.rw/register/monitoring_preview_register"
"2285","Rwanda FDA-HMP-MA-0248","PLENDIL 5MG","Felodipine, 5mg","5mg","Film-coated tablets","30 Tablets","36 Months","AstraZeneca AB,","SWEDEN","AstraZeneca UK Limited","SURGIPHARM (RWANDA) LTD","2023-05-12","2028-05-11","valid","Rwanda FDA - Registered Pharmaceutical Products July 2026","https://rwandafda.gov.rw/register/monitoring_preview_register"
"2286","Rwanda FDA-HMP-MA-0250","PRENATAL","Vitamin A 4,000.00 IU, Vitamin D 400.00 IU, Vitamin B1 2.00 mg, Vitamin B2 2.00 mg, Nicotinamide 10.00 mg, Vitamin B6 2.00 mg, Calcium Pantothenate 2.00 mg, Folic Acid 0.25 mg, Vitamin C 37.50 mg, Vitamin B12 2.00 mcg, Calcium (As Calcium Carbonate) 100.00 mg, Vitamin E 1.00 IU, Iron (As Ferrous Sulphate) 20.00 mg, Copper (As Copper Sulphate) 0.50 mg, Iodine (As Potassium Iodide) 0.05 mg, Magnesium (As Magnesium Sulphate) 1.00 mg, Manganese (As Manganese Sulphate) 0.10 mg, Potassium (As Potassium Sulphate) 1.00 mg And Zinc (As Zinc Sulphate) 0.15 mg.","4,000.00 IU, 400.00 IU, 2.00 mg, 2.00 mg, 10.00 mg, 2.00 mg, 2.00 mg, 0.25 mg, 37.50 mg, 2.00 mcg, 100.00 mg, 1.00 IU, 20.00 mg, 0.50 mg, 0.05 mg, 1.00 mg, 0.10 mg, 1.00 mg and 0.15 mg.","Soft Shell Gelatin Capsules","30s and 60s Capsules","24 Months","MEGA LIFESCIENCES PUBLIC COMPANY LTD,","THAILAND","MEGA LIFESCIENCES PUBLIC COMPANY LTD","ABACUS PHARMA (A) LTD","2023-05-12","2028-05-11","valid","Rwanda FDA - Registered Pharmaceutical Products July 2026","https://rwandafda.gov.rw/register/monitoring_preview_register"
"2287","Rwanda FDA-HMP-MA-0221","PREZISTA 400MG","Darunavir (Ethanolate) 400mg","400mg","Film coated tablets","60 tablets","36 Months","JANSSEN ORTHO LLC, JANSSEN-CILAG SpA","USA,","JANSSEN CILAG INTERNATIONAL NV, BELGIUM","KIPHARMA LTD","2023-05-12","2028-05-11","valid","Rwanda FDA - Registered Pharmaceutical Products July 2026","https://rwandafda.gov.rw/register/monitoring_preview_register"
"2288","Rwanda FDA-HMP-MA-0225","RESTOCIN","Paracetamol BP 500 mg+ Phenylephrine Hydrochloride BP 5 mg + Chlorphenamine Maleate BP 2 mg + Anhydrous Caffeine BP 30 mg","500 mg + 5 mg + 2 mg + 30 mg","Uncoated Tablets","4x50 Tablets","36 Months","LINCOLN PHARMACEUTICALS LIMITED,","INDIA","LINCOLN PHARMACEUTICALS LIMITED, INDIA","ABACUS PHARMA (A) LTD","2023-05-12","2028-05-11","valid","Rwanda FDA - Registered Pharmaceutical Products July 2026","https://rwandafda.gov.rw/register/monitoring_preview_register"
"2289","Rwanda FDA-HMP-MA-0238","SITAPRIL 100","Sitagliptin 100mg","100mg","Film coated tablets","3X10 tablets","24 Months","AJANTA PHARMA LIMITED,","INDIA","AJANTA PHARMA LIMITED","ABACUS PHARMA (A) LTD","2023-05-12","2028-05-11","valid","Rwanda FDA - Registered Pharmaceutical Products July 2026","https://rwandafda.gov.rw/register/monitoring_preview_register"
"2290","Rwanda FDA-HMP-MA-0240","SITAPRIL 25","Sitagliptin 25mg","25mg","Film coated tablets","3X10 tablets","24 Months","AJANTA PHARMA LIMITED,","INDIA","AJANTA PHARMA LIMITED","ABACUS PHARMA (A) LTD","2023-05-12","2028-05-11","valid","Rwanda FDA - Registered Pharmaceutical Products July 2026","https://rwandafda.gov.rw/register/monitoring_preview_register"
"2291","Rwanda FDA-HMP-MA-0239","SITAPRIL 50","Sitagliptin 50mg","50mg","Film coated tablets","3X10 tablets","24 Months","AJANTA PHARMA LIMITED,","INDIA","AJANTA PHARMA LIMITED","ABACUS PHARMA (A) LTD","2023-05-12","2028-05-11","valid","Rwanda FDA - Registered Pharmaceutical Products July 2026","https://rwandafda.gov.rw/register/monitoring_preview_register"
"2292","Rwanda FDA-HMP-MA-0262","SITAPRIL M 50/1000","Sitagliptin Phosphate Monohydrate 50 mg and Metformin Hydrochloride USP 1000 mg","50 mg and 1000 mg","Film coated tablets","3*10 tablets","24 Months","AJANTA PHARMA LIMITED,","INDIA","AJANTA PHARMA LIMITED","ABACUS PHARMA (A) LTD","2023-05-12","2028-05-11","valid","Rwanda FDA - Registered Pharmaceutical Products July 2026","https://rwandafda.gov.rw/register/monitoring_preview_register"
"2293","Rwanda FDA-HMP-MA-0275","SITAPRIL M 50/500","Sitagliptin Phosphate Monohydrate 50 mg and Metformin Hydrochloride USP 500 mg","50 mg and 500 mg","Film coated tablets","","24 Months","AJANTA PHARMA LIMITED,","INDIA","AJANTA PHARMA LIMITED, INDIA","ABACUS PHARMA (A) LTD","2023-05-12","2028-05-11","valid","Rwanda FDA - Registered Pharmaceutical Products July 2026","https://rwandafda.gov.rw/register/monitoring_preview_register"
"2294","Rwanda FDA-HMP-MA-0270","SYMBICORT TURBUHALER","Budesonide micronised, 160 ?g and Formoterol fumarate dihydrate, 4.5 ?g","160 ?g and 4.5 ?g","Inhalation powder","60 doses and 120 doses","24 Months","AstraZeneca AB,","SWEDEN","AstraZeneca AB","SURGIPHARM (RWANDA) LTD","2023-05-12","2028-05-11","valid","Rwanda FDA - Registered Pharmaceutical Products July 2026","https://rwandafda.gov.rw/register/monitoring_preview_register"
"2295","Rwanda FDA-HMP-MA-0283","TADALIN-20","Tadalafil 20 mg","20 mg","Film coated tablets","4 tablets","36 Months","LINCOLN PHARMACEUTICALS LIMITED,","INDIA","LINCOLN PHARMACEUTICALS LIMITED, INDIA","ABACUS PHARMA (A) LTD","2023-05-12","2028-05-11","valid","Rwanda FDA - Registered Pharmaceutical Products July 2026","https://rwandafda.gov.rw/register/monitoring_preview_register"
"2296","Rwanda FDA-HBP-MA- 0015","THYMOGAM","Anti-thymocyte Globulin (Equine),250 mg / 5ml liquid injection","250 mg / 5ml","Liquid for Injection","5 ml vial","24 Months","BHARAT SERUMS & VACCINES LTD","INDIA","BHARAT SERUMS AND VACCINES LIMITED","WESSEX PHARMACEUTICALS (RWANDA) LTD","2023-05-12","2028-05-11","valid","Rwanda FDA - Registered Pharmaceutical Products July 2026","https://rwandafda.gov.rw/register/monitoring_preview_register"
"2297","Rwanda FDA-HMP-MA-0281","TRAMAPA","Tramadol Hydrochloride, Paracetamol 37.5mg/325mg","37.5mg/325mg","Tablets","20 Tablets","36 Months","FERRER INTERNACIONAL, S.A.","SPAIN","FERRER INTERNACIONAL S.A.","GOMHS LTD","2023-05-12","2028-05-11","valid","Rwanda FDA - Registered Pharmaceutical Products July 2026","https://rwandafda.gov.rw/register/monitoring_preview_register"
"2298","Rwanda FDA-HMP-MA-0318","TRIPLIXAM 10MG/ 2.5 MG/ 5 MG","Perindopril arginine 10 mg / Indapamide 2.5 mg / Amlodipine besilate 5 mg","10mg/ 2.5 mg/ 5 mg","Film coated tablets","30 tablets","24 Months","SERVIER (IRELAND) INDUSTRIES LTD, Les Laboratoires Servier (LSI),","IRELAND, FRANCE","LES LABORATOIRES SERVIER (LLS), FRANCE","KIPHARMA LTD","2023-05-12","2028-05-11","valid","Rwanda FDA - Registered Pharmaceutical Products July 2026","https://rwandafda.gov.rw/register/monitoring_preview_register"
"2299","Rwanda FDA-HMP-MA-0242","TRIPLIXAM 5 MG/ 1.25 MG/ 10 MG","Perindopril arginine 5 mg / Indapamide 1.25 mg / Amlodipine besilate 10 mg","5 mg/ 1.25 mg/ 10 mg","Film-coated tablets","30 film-coated tablets","24 Months","SERVIER (IRELAND) INDUSTRIES LTD, LES LABORATOIRES SERVIER (LSI),","IRELAND, FRANCE","LES LABORATOIRES SERVIER (LLS), FRANCE","KIPHARMA LTD","2023-05-12","2028-05-11","valid","Rwanda FDA - Registered Pharmaceutical Products July 2026","https://rwandafda.gov.rw/register/monitoring_preview_register"
"2300","Rwanda FDA-HMP-MA-0304","UNIGENTYL","Secnidazole 500 mg","500 mg","Film coated tablets","","","UNIVERSAL CORPORATION LIMITED,","KENYA","UNIVERSAL CORPORATION LIMITED","SUN ENTERPRISES LTD","2023-05-12","2028-05-11","valid","Rwanda FDA - Registered Pharmaceutical Products July 2026","https://rwandafda.gov.rw/register/monitoring_preview_register"
"2301","Rwanda FDA-HMP-MA-0327","UNISTEN COMBI PACK","Clotrimazole BP 500mg and Clotrimazole 1 % w/w","500mg and 1 % w/w","Vaginal Tablet & Cream","1x1tablet, 1x20gm tube","36 Months","REGAL PHARMACEUTICALS LIMITED,","KENYA","REGAL PHARMACEUTICALS LTD","ABACUS PHARMA (A) LTD","2023-05-12","2028-05-11","valid","Rwanda FDA - Registered Pharmaceutical Products July 2026","https://rwandafda.gov.rw/register/monitoring_preview_register"
"2302","Rwanda FDA-HMP-MA-0326","UNISTEN CREAM","Clotrimazole 1 % w/w","1 % w/w","Cream","20g tube","36 Months","REGAL PHARMACEUTICALS LIMITED,","KENYA","REGAL PHARMACEUTICALS LTD","ABACUS PHARMA (A) LTD","2023-05-12","2028-05-11","valid","Rwanda FDA - Registered Pharmaceutical Products July 2026","https://rwandafda.gov.rw/register/monitoring_preview_register"
"2303","Rwanda FDA-HMP-MA-0291","UNISTEN HC CREAM","Clotrimazole BP 1% w/w and Hydrocortisone BP 1% w/w","1% w/w and 1% w/w","Cream","20g tube","36 Months","REGAL PHARMACEUTICALS LIMITED,","KENYA","REGAL PHARMACEUTICALS LTD","ABACUS PHARMA (A) LTD","2023-05-12","2028-05-11","valid","Rwanda FDA - Registered Pharmaceutical Products July 2026","https://rwandafda.gov.rw/register/monitoring_preview_register"
"2304","Rwanda FDA-HMP-MA-0290","VALAZYD-H 172.5","Valsartan and Hydrochlorothiazide tablet 160mg/12.5mg","160mg/12.5mg","Film coated tablets","3x10 tablets","24 Months","CADILA HEALTHCARE LIMITED,","INDIA","CADILA HEALTHCARE LIMITED,","ABACUS PHARMA (A) LTD","2023-05-12","2028-05-11","valid","Rwanda FDA - Registered Pharmaceutical Products July 2026","https://rwandafda.gov.rw/register/monitoring_preview_register"
"2305","Rwanda FDA-HMP-MA-0234","VAST-20","Atorvastatin Calcium, 20mg","20mg","Film coated tablet","","36 Months","LINCOLN PHARMACEUTICALS LIMITED,","INDIA","LINCOLN PHARMACEUTICALS LIMITED, INDIA","ABACUS PHARMA (A) LTD","2023-05-12","2028-05-11","valid","Rwanda FDA - Registered Pharmaceutical Products July 2026","https://rwandafda.gov.rw/register/monitoring_preview_register"
"2306","Rwanda FDA-HMP-MA-0324","VASTEN 75","Cinnarizine Tablets 75 mg","75 mg","TABLETS","10x10 Tablets","24 Months","LINCOLN PHARMACEUTICALS LIMITED,","INDIA","LINCOLN PHARMACEUTICALS LIMITED, INDIA","ABACUS PHARMA (A) LTD","2023-05-12","2028-05-11","valid","Rwanda FDA - Registered Pharmaceutical Products July 2026","https://rwandafda.gov.rw/register/monitoring_preview_register"
"2307","Rwanda FDA-HMP-MA-0312","XARELTO 10MG","Rivaroxaban 10mg","10mg","Film coated tablets","1x10 tablets","36 Months","BAYER AG,","GERMANY","BAYER EAST AFRICA LIMITED","SURGIPHARM (RWANDA) LTD","2023-05-12","2028-05-11","valid","Rwanda FDA - Registered Pharmaceutical Products July 2026","https://rwandafda.gov.rw/register/monitoring_preview_register"
"2308","Rwanda FDA-HMP-MA-0313","XARELTO 15MG","Rivaroxaban 15mg","15mg","Film coated tablets","1x14 tablets","36 Months","BAYER AG,","GERMANY","BAYER EAST AFRICA LIMITED","SURGIPHARM (RWANDA) LTD","2023-05-12","2028-05-11","valid","Rwanda FDA - Registered Pharmaceutical Products July 2026","https://rwandafda.gov.rw/register/monitoring_preview_register"
"2309","Rwanda FDA-HMP-MA-0314","XARELTO 2.5MG","Rivaroxaban 2.5 mg","2.5 mg","Film coated tablets","2x14 tablets","36 Months","BAYER AG,","GERMANY","BAYER EAST AFRICA LIMITED","SURGIPHARM (RWANDA) LTD","2023-05-12","2028-05-11","valid","Rwanda FDA - Registered Pharmaceutical Products July 2026","https://rwandafda.gov.rw/register/monitoring_preview_register"
"2310","Rwanda FDA-HBP-MA- 0013","ZARZIO 30 MU/0.5 ML SOLUTION FOR INJECTION OR INFUSION IN PRE-FILLED SYRINGE","Filgrastim 30 MU/0.5 mL","30 MU/0.5 mL","Solution for injection or infusion","1, 3, 5 or 10 pre-filled syringes containing 0.5 ml solution","36 Months","SANDOZ GmbH Biochemiestr","AUSTRIA","SANDOZ PHARMACEUTICALS D.D.","SURGIPHARM (RWANDA) LTD","2023-05-12","2028-05-11","valid","Rwanda FDA - Registered Pharmaceutical Products July 2026","https://rwandafda.gov.rw/register/monitoring_preview_register"
"2311","Rwanda FDA-HBP-MA- 0014","ZARZIO 48 MU/0.5 ML SOLUTION FOR INJECTION OR INFUSION IN PRE-FILLED SYRINGE","Filgrastim 48 MU/0.5 mL","48 MU/0.5 mL","Solution for injection or infusion","1, 3, 5 or 10 pre-filled syringes containing 0.5 ml solution","36 Months","SANDOZ GmbH Biochemiestr","AUSTRIA","SANDOZ PHARMACEUTICALS D.D.","SURGIPHARM (RWANDA) LTD","2023-05-12","2028-05-11","valid","Rwanda FDA - Registered Pharmaceutical Products July 2026","https://rwandafda.gov.rw/register/monitoring_preview_register"
"2312","Rwanda FDA-HMP-MA-0224","ZINC SULFATE TABLETS USP 20MG","","20 mg","Uncoated Tablets","10x10 Tablets","48 Months","MACLEODS PHARMACEUTICALS LIMITED","INDIA","MACLEODS PHARMACEUTICALS LIMITED","WESSEX PHARMACEUTICALS (RWANDA) LTD","2023-05-12","2028-05-11","valid","Rwanda FDA - Registered Pharmaceutical Products July 2026","https://rwandafda.gov.rw/register/monitoring_preview_register"
"2313","Rwanda FDA-HMP-MA-0308","ZIRIN","Cetirizine Dihydrochloride 10mg","10mg","Soft gelatin capsules","5 x 10 softgel capsules","24 Months,","MEGA LIFESCIENCES PUBLIC COMPANY LIMITED,","THAILAND","MEGA LIFESCIENCES PUBLIC COMPANY LIMITED","GOMHS LTD","2023-05-12","2028-05-11","valid","Rwanda FDA - Registered Pharmaceutical Products July 2026","https://rwandafda.gov.rw/register/monitoring_preview_register"
"2314","Rwanda FDA-HMP-MA-0309","ZOLCER KIT","Omeprazole USP 20mg, Tinidazole BP 500mg, Clarithromycin USP 250mg","20mg, 500mg, 250mg","Capsules, tablets,","7x 2 capsules of omeprazole /2 tablets each of Tinidazole & Clarithromycin","24 Months","AUROCHEM LABORATORIES (INDIA) PVT. LTD.","INDIA","AUROCHEM LABORATORIES (INDIA) PVT. LTD","MULTIPHAR UBIPHARM-RWANDA LTD","2023-05-12","2028-05-11","valid","Rwanda FDA - Registered Pharmaceutical Products July 2026","https://rwandafda.gov.rw/register/monitoring_preview_register"
"2315","Rwanda FDA-HBP-MA-0010","ZABDENO SUSPENSION FOR INJECTION. EBOLA VACCINE (AD26.ZEBOV-GP [RECOMBINANT]) AND MVABEA SUSPENSION FOR INJECTION. EBOLA VACCINE (MVA-BN-FILO [RECOMBINANT])","Ad26.ZEBOV, MVA-BN-Filo, 0.5 mL, NLT 0.7x108 Infectious units","0.5 mL, NLT 0.7x108 Infectious units","Suspension for Injection","Single dose","48 Months","IDT BIOLOGIKA GmbH,","GERMANY","JANSSEN-CILAG INTERNATIONAL NV, BELGIUM","KIPHARMA LTD","2023-03-13","2028-03-12","valid","Rwanda FDA - Registered Pharmaceutical Products July 2026","https://rwandafda.gov.rw/register/monitoring_preview_register"
"2316","Rwanda FDA-HMP-MA-0215","ACNOTIN-10","Isotretinoin 10mg","10mg","Soft gelatin capsules","3 x 10 soft gelatin capsules","24 Months","MEGA LIFESCIENCES Public Company Ltd.","THAILAND","MEGA LIFESCIENCES PUBLIC COMPANY LTD","ABACUS PHARMA (A) LTD","2023-01-25","2028-01-24","valid","Rwanda FDA - Registered Pharmaceutical Products July 2026","https://rwandafda.gov.rw/register/monitoring_preview_register"
"2317","Rwanda FDA-HMP-MA-0216","DAPIRING","Dapivirine 25 mg","25 mg","Flexible, off-white vaginal ring","1 ring and 3 rings","60 Months","QPHARMA AB,","SWEDEN","INTERNATIONAL PARTNERSHIP FOR MICROBICIDES INC. (IPM) SOUTH AFRICA NPC","WESSEX PHARMACEUTICALS (RWANDA) LTD","2023-01-25","2028-01-24","valid","Rwanda FDA - Registered Pharmaceutical Products July 2026","https://rwandafda.gov.rw/register/monitoring_preview_register"
"2318","Rwanda FDA-HBP-MA- 008","LEVEMIR FLEXPEN","INSULIN DETEMIR 100 U/ML","100 U/ml","SOLUTION FOR INJECTION","5X3 ML IN CARTRIDGE (TYPE 1 GLASS)","30 Months","NOVO NORDISK PRODUCTION SAS, and NOVO NORDISK A/S","FRANCE AND DENMARK","NOVO NORDISK A/S, DENMARK","WESSEX PHARMACEUTICALS (RWANDA) LTD","2023-01-25","2028-01-24","valid","Rwanda FDA - Registered Pharmaceutical Products July 2026","https://rwandafda.gov.rw/register/monitoring_preview_register"
"2319","Rwanda FDA-HMP-MA-0218","LUMITER DT","Artemether 20 mg and Lumefantrine 120 mg","20mg and 120mg","Dispersible tablet","6 tablets per blister card, 17 blisters per carton. 6 tablets per blister card, 30 blisters per carton. 12 tablets per blister card, 30 blisters per carton.","36 Months","MACLEODS PHARMACEUTICALS LIMITED,","INDIA","MACLEODS PHARMACEUTICALS LIMITED","WESSEX PHARMACEUTICALS (RWANDA) LTD","2023-01-25","2028-01-24","valid","Rwanda FDA - Registered Pharmaceutical Products July 2026","https://rwandafda.gov.rw/register/monitoring_preview_register"
"2320","Rwanda FDA-HMP-MA-0220","PHENYLEPHRINE AGUETTANT 50 MICROGRAMS/ML, SOLUTION FOR INJECTION IN PRE-FILLED SYRINGE","Phenylephrine hydrochloride, 50 micrograms/ml","50 micrograms/ml","Solution for injection in pre-filled syringe","Box of 10 pre-filled syringes","36 Months","LABORATOIRE AGUETTANT","FRANCE","LABORATOIRE AGUETTANT","PHILLIPS PHARMACEUTICALS (RWANDA) LTD","2023-01-25","2028-01-24","valid","Rwanda FDA - Registered Pharmaceutical Products July 2026","https://rwandafda.gov.rw/register/monitoring_preview_register"
"2321","Rwanda FDA-HMP-MA-0201","RL","Sodium Lactate solution BP Eq. to Sodium Lactate 0.32% w/v Sodium Chloride BP 0.60% w/v Potassium Chloride BP 0.04% w/v Calcium Chloride Dihydrate BP 0.027% w/v Water for Injections BP q.s.","0.32% w/v 0.60% w/v 0.04% w/v 0.027% w/v","Intravenous infusion","1x500ml Bottle","36 Months","AXA PARENTERALS LIMITED","INDIA","AXA PARENTERALS LIMITED, INDIA","ABACUS PHARMA (A) LTD","2023-01-25","2028-01-24","valid","Rwanda FDA - Registered Pharmaceutical Products July 2026","https://rwandafda.gov.rw/register/monitoring_preview_register"
"2322","Rwanda FDA-HBP-MA- 009","TETGLOB 250 I.U.","TETANUS IMMUNOGLOBULIN BULK POWDER 250 IU","250 IU","Liquid Injection Clear or slightly opalescent, colorless or pale-yellow or light brown liquid","2 ML TUBULAR FLINT GLASS VIAL","36 Months","BHARAT SERUMS & VACCINES LTD.","INDIA","BHARAT SERUMS AND VACCINES LIMITED","WESSEX PHARMACEUTICALS (RWANDA) LTD","2023-01-25","2028-01-24","valid","Rwanda FDA - Registered Pharmaceutical Products July 2026","https://rwandafda.gov.rw/register/monitoring_preview_register"
"2323","Rwanda FDA-HMP-MA-0217","ZIDOVUDINE ORAL SOLUTION USP 50 MG/5ML","Zidovudine USP 50mg/5ml","50mg/5ml","Colourless to pale yellow, strawberry flavoured liquid","240 ml HDPE Container","24 Months","AUROBINDO PHARMA LIMITED","INDIA","AUROBINDO PHARMA LIMITED","PHILLIPS PHARMACEUTICALS (RWANDA) LTD","2023-01-25","2028-01-24","valid","Rwanda FDA - Registered Pharmaceutical Products July 2026","https://rwandafda.gov.rw/register/monitoring_preview_register"
"2324","Rwanda FDA-HMP-MA-0149","ADRENALINE AGUETTANT 0.1MG/ML SULPHITE FREE, SOLUTION FOR INJECTION IN PRE-FILLED SYRINGE","Adrenaline tartrate 0.1 mg/ml","0.1mg/ml","Solution for injection","Box of 10 pre-filled syringes of 10ml","18 Months","LABORATOIRE AGUETTANT","FRANCE","LABORATOIRE AGUETTANT","PHILLIPS PHARMACEUTICALS (RWANDA) LTD","2022-12-21","2027-12-20","valid","Rwanda FDA - Registered Pharmaceutical Products July 2026","https://rwandafda.gov.rw/register/monitoring_preview_register"
"2325","Rwanda FDA-HMP-MA-0200","AMLIN-10","Amlodipine Besylate USP 10mg","10mg","Uncoated Tablets","10 tablets","36 Months","LINCOLN PHARMACEUTICALS LIMITED,","INDIA","LINCOLN PHARMACEUTICALS LIMITED, INDIA","ABACUS PHARMA (A) LTD","2022-12-21","2027-12-20","valid","Rwanda FDA - Registered Pharmaceutical Products July 2026","https://rwandafda.gov.rw/register/monitoring_preview_register"
"2326","Rwanda FDA-HMP-MA-0148","ATROPINE SULFATE AGUETTANT 0.1 MG/ML, SOLUTION FOR INJECTION IN PRE-FILLED SYRINGE","Atropine sulfate 0.1 mg/ml","0.1mg/ml","Solution for injection","Box of 10 polypropylene pre-filled syringes of a capacity of 5 ml","36 Months","LABORATOIRE AGUETTANT","FRANCE","LABORATOIRE AGUETTANT","PHILLIPS PHARMACEUTICALS (RWANDA) LTD","2022-12-21","2027-12-20","valid","Rwanda FDA - Registered Pharmaceutical Products July 2026","https://rwandafda.gov.rw/register/monitoring_preview_register"
"2327","Rwanda FDA-HMP-MA-0157","AVONZA","Efavirenz/Lamivudine/ Tenofovir Disoproxil Fumarate Tablets/400 mg/300 mg/300 mg","400mg/300mg/300mg","Film coated tablets","30 tablets and 90 tablets","24 Months","MYLAN LABORATORIES LIMITED,","INDIA","MYLAN LABORATORIES LIMITED","PYRAMID PHARMA LIMITED","2022-12-21","2027-12-20","valid","Rwanda FDA - Registered Pharmaceutical Products July 2026","https://rwandafda.gov.rw/register/monitoring_preview_register"
"2328","Rwanda FDA-HMP-MA-0188","AXACOMOCATE","Sodium Cromoglicate BP, 2% w/v","2% w/v","Eye Drops","10 ml vial","24 Months","AXA PARENTERALS LIMITED,","INDIA","AXA PARENTERALS LIMITED, INDIA","ABACUS PHARMA (A) LTD","2022-12-21","2027-12-20","valid","Rwanda FDA - Registered Pharmaceutical Products July 2026","https://rwandafda.gov.rw/register/monitoring_preview_register"
"2329","Rwanda FDA-HBP-MA-007","CARBETOCIN FERRING","CARBETOCIN 100MICROGRAMS/ML","100MICROGRAMS/ML","SOLUTION FOR INJECTION","1MLX10 AMPOULES","48 Months","FERRING PHARMACEUTICALS (CHINA) Co., Ltd,","","FERRING INTERNATIONAL CENTER SA","MULTIPHAR UNIPHARM-RWANDA LTD","2022-12-21","2027-12-20","valid","Rwanda FDA - Registered Pharmaceutical Products July 2026","https://rwandafda.gov.rw/register/monitoring_preview_register"
"2330","Rwanda FDA-HMP-MA-0186","CARVEDI-DENK 6.25","Carvedilol Ph. Eur 6.25mg","6.25mg","Tablets","30 tablets","36 Months","ARTESAN PHARMA GmbH & Co. KG,","GERMANY","DENK PHARMA GmbH & Co. KG, Germany","ETS CONTINENTAL DEPOT PHARMACEUTIQUE","2022-12-21","2027-12-20","valid","Rwanda FDA - Registered Pharmaceutical Products July 2026","https://rwandafda.gov.rw/register/monitoring_preview_register"
"2331","Rwanda FDA-HMP-MA-0187","CASODEX 50MG FILM-COATED TABLETS","Bicalutamide 50mg","50mg","Film-Coated Tablets","28 tablets (2 x 14 tablets)","60 Months","CORDEN PHARMA GmbH,","GERMANY","AstraZeneca UK Limited","SURGIPHARM (RWANDA) LTD","2022-12-21","2027-12-20","valid","Rwanda FDA - Registered Pharmaceutical Products July 2026","https://rwandafda.gov.rw/register/monitoring_preview_register"
"2332","Rwanda FDA-HMP-MA-0153","COARTEM 20/120MG","Artemether/Lumefantrine 20/120mg","20/120mg","Tablets","","24 Months","NOVARTIS SA?LIK,","TURKEY","NVS KENYA LIMITED","SURGIPHARM (RWANDA) LTD","2022-12-21","2027-12-20","valid","Rwanda FDA - Registered Pharmaceutical Products July 2026","https://rwandafda.gov.rw/register/monitoring_preview_register"
"2333","Rwanda FDA-HMP-MA-0154","COARTEM 20/120MG DISPERSIBLE","Artemether/Lumefantrine 20/120mg","20/120mg","Dispersible Tablets","","24 Months","NOVARTIS SA?LIK,","TURKEY","NVS KENYA LIMITED","SURGIPHARM (RWANDA) LTD","2022-12-21","2027-12-20","valid","Rwanda FDA - Registered Pharmaceutical Products July 2026","https://rwandafda.gov.rw/register/monitoring_preview_register"
"2334","Rwanda FDA-HMP-MA-0193","","Amoxicillin 200mg and Clavulanic acid 28mg","200mg and 28mg","Powder for oral suspension","100 ml Bottle","36 Months","BILIM PHARMACEUTICALS,","TURKEY","DAFRA PHARMA GmbH, Switzerland","SUN ENTERPRISES LTD","2022-12-21","2027-12-20","valid","Rwanda FDA - Registered Pharmaceutical Products July 2026","https://rwandafda.gov.rw/register/monitoring_preview_register"
"2335","Rwanda FDA-HMP-MA-0194","","Amoxicillin 400mg and Clavulanic acid 57mg","400mg and 57mg","Powder for oral suspension","100 ml Bottle","36 Months","BILIM PHARMACEUTICALS,","TURKEY","DAFRA PHARMA GmbH, Switzerland","SUN ENTERPRISES LTD","2022-12-21","2027-12-20","valid","Rwanda FDA - Registered Pharmaceutical Products July 2026","https://rwandafda.gov.rw/register/monitoring_preview_register"
"2336","Rwanda FDA-HMP-MA-0211","DESLORA-DENK 5MG","Desloratadine 5mg","5mg","Film-coated tablets","10x10 Tablets","24 Months","DENK PHARMA GmbH & Co. KG,","GERMANY","DENK PHARMA GmbH & Co. KG","ETS CONTINENTAL DEPOT PHARMACEUTIQUE","2022-12-21","2027-12-20","valid","Rwanda FDA - Registered Pharmaceutical Products July 2026","https://rwandafda.gov.rw/register/monitoring_preview_register"
"2337","Rwanda FDA-HMP-MA-0184","ENEAS","Enalapril maleate 10mg and Nitrendipine 20mg","10mg and 20mg","Biconvex tablets","30 tablets","36 Months","FERRER INTERNACIONAL, S.A","SPAIN","FERRER INTERNACIONAL, S.A. SPAIN","GOMHS LTD","2022-12-21","2027-12-20","valid","Rwanda FDA - Registered Pharmaceutical Products July 2026","https://rwandafda.gov.rw/register/monitoring_preview_register"
"2338","Rwanda FDA-HMP-MA-0146","EPHEDRINE AGUETTANT 3 MG/ML, SOLUTION FOR INJECTION IN PREFILLED SYRINGE","Ephedrine hydrochloride 3 mg/ml","3 mg/ml","Solution for injection","Box of 10 polypropylene pre-filled syringes of a capacity of 10 ml","36 Months","LABORATOIRE AGUETTANT","FRANCE","LABORATOIRE AGUETTANT","PHILLIPS PHARMACEUTICALS (RWANDA) LTD","2022-12-21","2027-12-20","valid","Rwanda FDA - Registered Pharmaceutical Products July 2026","https://rwandafda.gov.rw/register/monitoring_preview_register"
"2339","Rwanda FDA-HMP-MA-0190","FEBRILEX JUNIOR SYRUP","Paracetamol 125mg/5ml and Chlorphenamine maleate 1mg/5ml","125mg/5ml and 1mg/5ml","Syrup","150 ml Bottle","36 Months","GRACURE PHARMACEUTICALS LIMITED,","INDIA","GRACURE PHARMACEUTICALS LIMITED, INDIA","H&H PHARMA LTD","2022-12-21","2027-12-20","valid","Rwanda FDA - Registered Pharmaceutical Products July 2026","https://rwandafda.gov.rw/register/monitoring_preview_register"
"2340","Rwanda FDA-HMP-MA-0195","","Levodropropizine 6mg/ml, Syrup","6mg/ml","Syrup","150ml Bottle","24 Months","","TURKEY","DAFRA PHARMA GmbH, Switzerland","SUN ENTERPRISES LTD","2022-12-21","2027-12-20","valid","Rwanda FDA - Registered Pharmaceutical Products July 2026","https://rwandafda.gov.rw/register/monitoring_preview_register"
"2341","Rwanda FDA-HMP-MA-0152","ISONIAZID AND RIFAPENTINE COATED TABLETS 300MG/300MG","Isoniazid 300 mg and Rifapentine 300 mg","300mg and 300mg","Film coated tablets","3 X 12 Tablets","24 Months","MACLEODS PHARMACUTICALS LIMITED,","INDIA","MACLEODS PHARMACEUTICALS LIMITED","WESSEX PHARMACEUTICALS (RWANDA) LTD","2022-12-21","2027-12-20","valid","Rwanda FDA - Registered Pharmaceutical Products July 2026","https://rwandafda.gov.rw/register/monitoring_preview_register"
"2342","Rwanda FDA-HMP-MA-0161","KONAZOL","Ketoconazole BP 2.0 % w/w","2.0 % w/w","Cream","15 GM Tube","36 Months","LINCOLN PHARMACEUTICALS LIMITED,","INDIA","LINCOLN PHARMACEUTICALS LIMITED","ABACUS PHARMA (A) LTD","2022-12-21","2027-12-20","valid","Rwanda FDA - Registered Pharmaceutical Products July 2026","https://rwandafda.gov.rw/register/monitoring_preview_register"
"2343","Rwanda FDA-HMP-MA-0189","LCT KIT","Lansoprazole USP 30mg, Clarithromycin USP 250mg, & Tinidazole BP 500 mg","30mg, 250mg, & 500 mg","Delayed-Release Capsules & Tablets","2 Lansoprazole Delayed-Release Capsules, 2 Clarithromycin and 2 Tinidazole Tablets Blister Pack","24 Months","LINCOLN PHARMACEUTICALS LIMITED,","INDIA","LINCOLN PHARMACEUTICALS LIMITED/INDIA","ABACUS PHARMA (A) LTD","2022-12-21","2027-12-20","valid","Rwanda FDA - Registered Pharmaceutical Products July 2026","https://rwandafda.gov.rw/register/monitoring_preview_register"
"2344","Rwanda FDA-HMP-MA-0199","LIDOCAINE INJECTION BP 2 %","Lidocaine Hydrochloride BP 2 %","0.02","Solution for injection","30 ml clear glass (TYPE-III) vial and B/25 vials","36 Months","LINCOLN PHARMACEUTICALS LIMITED,","INDIA","LINCOLN PHARMACEUTICALS LIMITED, INDIA","ABACUS PHARMA (A) LTD","2022-12-21","2027-12-20","valid","Rwanda FDA - Registered Pharmaceutical Products July 2026","https://rwandafda.gov.rw/register/monitoring_preview_register"
"2345","Rwanda FDA-HMP-MA-0212","MAXIDEX","Dexamethasone 0.1% (1mg/ml)","0.1% (1mg/ml)","Eye suspension","5ml Bottle","24 Months","S.A. ALCON-COUVREUR N. V,","BELGIUM","NVS KENYA LIMITED","SURGIPHARM (RWANDA) LTD","2022-12-21","2027-12-20","valid","Rwanda FDA - Registered Pharmaceutical Products July 2026","https://rwandafda.gov.rw/register/monitoring_preview_register"
"2346","Rwanda FDA-HMP-MA-0202","NATRIXAM 1.5MG/10MG","Indapamide 1.5mg and amlodipine besilate 13.87 mg equivalent to amlodipine10 mg","1.5mg and 10 mg","Modified- release tablets","30 tablets","24 Months","","FRANCE","","KIPHARMA LTD","2022-12-21","2027-12-20","valid","Rwanda FDA - Registered Pharmaceutical Products July 2026","https://rwandafda.gov.rw/register/monitoring_preview_register"
"2347","Rwanda FDA-HMP-MA-0203","NATRIXAM 1.5MG/5MG","Indapamide 1.5mg and amlodipine besilate 6.935 mg equivalent to amlodipine 5mg","1.5mg and 5mg","Modified- release tablets","30 tablets","24 Months","","FRANCE","","KIPHARMA LTD","2022-12-21","2027-12-20","valid","Rwanda FDA - Registered Pharmaceutical Products July 2026","https://rwandafda.gov.rw/register/monitoring_preview_register"
"2348","Rwanda FDA-HMP-MA-0191","NEOVAG","Nystatin USP, 100000 IU","100000 IU","Vaginal Tablets","10X10 tablets","36 Months","Lincoln Pharmaceuticals Limited,","INDIA","LINCOLN PHARMACEUTICALS LIMITED, INDIA","ABACUS PHARMA (A) LTD","2022-12-21","2027-12-20","valid","Rwanda FDA - Registered Pharmaceutical Products July 2026","https://rwandafda.gov.rw/register/monitoring_preview_register"
"2349","Rwanda FDA-HMP-MA-0208","NOKLOT","Clopidogrel Bisulfate 75 mg","75mg","Film-coated tablets","3x10 Tablets","24 Months","CADILA HEALTHCARE LIMITED,","INDIA","CADILA HEALTHCARE LTD","ABACUS PHARMA (A) LTD","2022-12-21","2027-12-20","valid","Rwanda FDA - Registered Pharmaceutical Products July 2026","https://rwandafda.gov.rw/register/monitoring_preview_register"
"2350","Rwanda FDA-HMP-MA-0213","NOLVADEX","TAMOXIFEN CITRATE, 20 mg","20mg","Film-coated tablets,","30 film coated tablets","60 Months","AstraZeneca UK LTD,","UNITED KINGDOM","AstraZeneca UK Limited","SURGIPHARM (RWANDA) LTD","2022-12-21","2027-12-20","valid","Rwanda FDA - Registered Pharmaceutical Products July 2026","https://rwandafda.gov.rw/register/monitoring_preview_register"
"2351","Rwanda FDA-HMP-MA-0185","NS","Sodium Chloride Intravenous Infusion BP 0.9% w/v","0.9% w/v","Intravenous infusion","1X500ml Bottle","36 Months","AXA PARENTERALS LIMITED,","INDIA","AXA PARENTERALS LIMITED, INDIA","ABACUS PHARMA (A) LTD","2022-12-21","2027-12-20","valid","Rwanda FDA - Registered Pharmaceutical Products July 2026","https://rwandafda.gov.rw/register/monitoring_preview_register"
"2352","Rwanda FDA-HMP-MA-0207","NUCOXIA-120","Etoricoxib 120mg","120mg","Film-coated tablets","3x10 Tablets","24 Months","CADILA HEALTHCARE LIMITED,","INDIA","CADILA HEALTHCARE LTD","ABACUS PHARMA (A) LTD","2022-12-21","2027-12-20","valid","Rwanda FDA - Registered Pharmaceutical Products July 2026","https://rwandafda.gov.rw/register/monitoring_preview_register"
"2353","Rwanda FDA-HMP-MA-0210","NUCOXIA-60","Etoricoxib 60mg","60mg","Film-coated tablets","3x10 Tablets","24 Months","CADILA HEALTHCARE LIMITED,","INDIA","CADILA HEALTHCARE LTD","ABACUS PHARMA (A) LTD","2022-12-21","2027-12-20","valid","Rwanda FDA - Registered Pharmaceutical Products July 2026","https://rwandafda.gov.rw/register/monitoring_preview_register"
"2354","Rwanda FDA-HMP-MA-0209","NUCOXIA-90","Etoricoxib 90 mg","90mg","Film-coated tablets","3x10 Tablets","24 Months","CADILA HEALTHCARE LIMITED,","INDIA","CADILA HEALTHCARE LTD","ABACUS PHARMA (A) LTD","2022-12-21","2027-12-20","valid","Rwanda FDA - Registered Pharmaceutical Products July 2026","https://rwandafda.gov.rw/register/monitoring_preview_register"
"2355","Rwanda FDA-HMP-MA-0204","OMLINK-20","Omeprazole USP 20mg & Omeprazole Pellets 7.15%","20mg & 7.15%","Hard Gelatin Capsules","","36 Months","LINCOLN PHARMACEUTICALS LIMITED,","INDIA","LINCOLN PHARMACEUTICALS LIMITED, INDIA","ABACUS PHARMA (A) LTD","2022-12-21","2027-12-20","valid","Rwanda FDA - Registered Pharmaceutical Products July 2026","https://rwandafda.gov.rw/register/monitoring_preview_register"
"2356","Rwanda FDA-HMP-MA-0197","PREZISTA 150MG","Darunavir (Ethanolate) 150mg","150mg","Film-coated Tablets","240 tablets","36 Months","JANSSEN ORTHO LLC,","ITALY","JANSSEN CILAG INTERNATIONAL NV, BELGIUM","KIPHARMA LTD","2022-12-21","2027-12-20","valid","Rwanda FDA - Registered Pharmaceutical Products July 2026","https://rwandafda.gov.rw/register/monitoring_preview_register"
"2357","Rwanda FDA-HMP-MA-0196","PREZISTA 75MG","Darunavir (Ethanolate) 75mg","75mg","Film-coated Tablets","480 tablets","36 Months","JANSSEN ORTHO LLC,","ITALY","JANSSEN CILAG INTERNATIONAL NV, BELGIUM","KIPHARMA LTD","2022-12-21","2027-12-20","valid","Rwanda FDA - Registered Pharmaceutical Products July 2026","https://rwandafda.gov.rw/register/monitoring_preview_register"
"2358","Rwanda FDA-HMP-MA-0151","ROSUMAC 10","Rosuvastatin Calcium Ph. Eur 10mg","10mg","Film-coated tablets","4X7 Tablets","36 Months","MACLEODS PHARMACEUTICALS LIMITED,","INDIA","MACLEODS PHARMACEUTICALS LIMITED","WESSEX PHARMACEUTICALS (RWANDA) LTD","2022-12-21","2027-12-20","valid","Rwanda FDA - Registered Pharmaceutical Products July 2026","https://rwandafda.gov.rw/register/monitoring_preview_register"
"2359","Rwanda FDA-HMP-MA-0150","ROSUMAC 20","Rosuvastatin Calcium Ph. Eur 20mg","20mg","Film-coated tablets","4X7 Tablets","36 Months","MACLEODS PHARMACEUTICALS LIMITED,","INDIA","MACLEODS PHARMACEUTICALS LIMITED","WESSEX PHARMACEUTICALS (RWANDA) LTD","2022-12-21","2027-12-20","valid","Rwanda FDA - Registered Pharmaceutical Products July 2026","https://rwandafda.gov.rw/register/monitoring_preview_register"
"2360","Rwanda FDA-HMP-MA-0198","SAYANA PRESS 104 MG/0.65 ML","Medroxyprogesterone Acetate, 104mg/0.65ml","104mg/0.65ml","Suspension of injection","Box of 1 or box of 200","36 Months","PFIZER MANUFACTURING BELGIUM NV,","BELGIUM","PFIZER LABORATORIES LTD, KENYA","GILMED LIMITED","2022-12-21","2027-12-20","valid","Rwanda FDA - Registered Pharmaceutical Products July 2026","https://rwandafda.gov.rw/register/monitoring_preview_register"
"2361","Rwanda FDA-HMP-MA-0214","SOMAZINA 1000MG ORAL SOLUTION","Citicoline sodium, 1000mg, oral solution","1000mg","Oral solution","10 ml single sachets","24 Months","FERRER INTERNACIONAL, S.A.","SPAIN","FERRER INTERNACIONAL, S.A., Spain","GOMHS LTD","2022-12-21","2027-12-20","valid","Rwanda FDA - Registered Pharmaceutical Products July 2026","https://rwandafda.gov.rw/register/monitoring_preview_register"
"2362","Rwanda FDA-HMP-MA-0160","STROM-50","Tramadol Hydrochloride BP 50mg","50mg","Capsules","10 x 10 capsules","36 Months","LINCOLN PHARMACEUTICALS LIMITED,","INDIA","LINCOLN PHARMACEUTICALS LIMITED","ABACUS PHARMA (A) LTD","2022-12-21","2027-12-20","valid","Rwanda FDA - Registered Pharmaceutical Products July 2026","https://rwandafda.gov.rw/register/monitoring_preview_register"
"2363","Rwanda FDA-HMP-MA-0156","TASIGNA 200MG","Nilotinib hydrochloride monohydrate 200mg","200mg","Hard gelatin capsules","","36 Months","NOVARTIS PHARMA STEIN AG,","SWITZERLAND","NVS KENYA LIMITED","SURGIPHARM (RWANDA) LTD","2022-12-21","2027-12-20","valid","Rwanda FDA - Registered Pharmaceutical Products July 2026","https://rwandafda.gov.rw/register/monitoring_preview_register"
"2364","Rwanda FDA-HMP-MA-0158","TEGRETOL CR 400 MG","Carbamazepine 400 mg","400mg","Film coated tablets","","24 Months","NOVARTIS FARMA S.p.A.","ITALY","NVS KENYA LIMITED","SURGIPHARM (RWANDA) LTD","2022-12-21","2027-12-20","valid","Rwanda FDA - Registered Pharmaceutical Products July 2026","https://rwandafda.gov.rw/register/monitoring_preview_register"
"2365","Rwanda FDA-HMP-MA-0159","TOBRADEX","Tobramycin 3mg/ml and Dexamethasone 1mg/ml","3mg/ml and 1mg/ml","Eye Drops","5ml Bottle","24 Months","ALCON-COUVREUR NV","BELGIUM","NVS KENYA LIMITED","SURGIPHARM (RWANDA) LTD","2022-12-21","2027-12-20","valid","Rwanda FDA - Registered Pharmaceutical Products July 2026","https://rwandafda.gov.rw/register/monitoring_preview_register"
"2366","Rwanda FDA-HMP-MA-0192","UNIBROL 250MG TABLETS","Aminosidine (as sulphate) 250mg","250mg","Tablets","","36 Months","UNIVERSAL CORPORATION LIMITED,","KENYA","UNIVERSAL CORPORATION LIMITED, KENYA","SUN ENTERPRISES LTD","2022-12-21","2027-12-20","valid","Rwanda FDA - Registered Pharmaceutical Products July 2026","https://rwandafda.gov.rw/register/monitoring_preview_register"
"2367","Rwanda FDA-HMP-MA-0177","UROKA CAPSULES","Dutasteride 0.5mg","0.5mg","Soft gelatin capsules","3 x 10 capsules","48 Months","MEGA LIFESCIENCES PUBLIC COMPANY LIMITED.","THAILAND","MEGA LIFESCIENCES PUBLIC COMPANY LIMITED","ABACUS PHARMA (A) LTD","2022-12-21","2027-12-20","valid","Rwanda FDA - Registered Pharmaceutical Products July 2026","https://rwandafda.gov.rw/register/monitoring_preview_register"
"2368","Rwanda FDA-HMP-MA-0134","ABACAVIR (AS SULFATE)/LAMIVUDINE 120MG/60MG DISPERSIBLE TABLETS.","Abacavir Sulfate USP 120mg/Lamivudine USP 60mg","120mg/60mg","Biconvex tablets","","36 Months","MYLAN LABORATORIES LIMITED,","INDIA","MYLAN LABORATORIES LIMITED, INDIA","PYRAMID PHARMA LIMITED","2022-12-19","2027-12-18","valid","Rwanda FDA - Registered Pharmaceutical Products July 2026","https://rwandafda.gov.rw/register/monitoring_preview_register"
"2369","Rwanda FDA-HMP-MA-0122","ABACAVIR SULFATE/LAMIVUDINE TABLETS USP 600 MG/300 MG","Abacavir Sulfate 600 mg/Lamivudine 300 mg","600 mg/ 300 mg","Film Coated Tablets","","48 Months","MYLAN LABORATORIES LIMITED,","INDIA","MYLAN LABORATORIES LIMITED, INDIA","PYRAMID PHARMA LIMITED","2022-12-19","2027-12-18","valid","Rwanda FDA - Registered Pharmaceutical Products July 2026","https://rwandafda.gov.rw/register/monitoring_preview_register"
"2370","Rwanda FDA-HMP-MA-0123","ACNOTIN 20","Isotretinoin 20 mg","20 mg","Soft Gelatin Shell Capsules","3 X 10 Soft Gel Capsules","24 Months","MEGA LIFESCIENCES PUBLIC COMPANY LIMITED,","THAILAND","MEGA LIFESCIENCES PUBLIC COMPANY LIMITED","ABACUS PHARMA (A) LTD","2022-12-19","2027-12-18","valid","Rwanda FDA - Registered Pharmaceutical Products July 2026","https://rwandafda.gov.rw/register/monitoring_preview_register"
"2371","Rwanda FDA-HMP-MA-0162","APCALIS-SX 20","Tadalafil Tablets USP 20mg","20mg","Film coated tablets","2X2 Tablets","36 Months","AJANTA PHARMA LIMITED,","INDIA","AJANTA PHARMA LIMITED","ABACUS PHARMA (A) LTD","2022-12-19","2027-12-18","valid","Rwanda FDA - Registered Pharmaceutical Products July 2026","https://rwandafda.gov.rw/register/monitoring_preview_register"
"2372","Rwanda FDA-HMP-MA-0163","APFLU SYRUP","Chlorphenamine Maleate BP 0.5mg, Paracetamol BP 120mg & Vitamin C BP 50mg","0.5mg, 120mg & 50mg","SYRUP","100 ml bottle","24 Months","AJANTA PHARMA LIMITED,","INDIA","AJANTA PHARMA LIMITED","ABACUS PHARMA (A) LTD","2022-12-19","2027-12-18","valid","Rwanda FDA - Registered Pharmaceutical Products July 2026","https://rwandafda.gov.rw/register/monitoring_preview_register"
"2373","Rwanda FDA-HMP-MA-0164","ARTEFAN 20/120","Artemether and Lumefantrine, 20/120mg tablets","20/120mg","Dispersible tablets","","24 Months","AJANTA PHARMA LIMITED,","INDIA","AJANTA PHARMA LIMITED","ABACUS PHARMA (A) LTD","2022-12-19","2027-12-18","valid","Rwanda FDA - Registered Pharmaceutical Products July 2026","https://rwandafda.gov.rw/register/monitoring_preview_register"
"2374","Rwanda FDA-HMP-MA-0165","ARTEFAN 40/240","Artemether and Lumefantrine 40/240mg tablets","40/240mg","Uncoated tablets","6 tablets","24 Months","AJANTA PHARMA LIMITED,","INDIA","AJANTA PHARMA LIMITED","ABACUS PHARMA (A) LTD","2022-12-19","2027-12-18","valid","Rwanda FDA - Registered Pharmaceutical Products July 2026","https://rwandafda.gov.rw/register/monitoring_preview_register"
"2375","Rwanda FDA-HMP-MA-0166","ARTEFAN 80/480","Artemether and Lumefantrine, 80/480mg tablets","80/480mg","Uncoated tablets","6 tablets","24 Months","AJANTA PHARMA LIMITED,","INDIA","AJANTA PHARMA LIMITED","ABACUS PHARMA (A) LTD","2022-12-19","2027-12-18","valid","Rwanda FDA - Registered Pharmaceutical Products July 2026","https://rwandafda.gov.rw/register/monitoring_preview_register"
"2376","Rwanda FDA-HMP-MA-0125","ATACAND 16 MG","16mg Candesartan Cilexetil","16mg","Biconvex Tablets","","36 Months","AstraZeneca AB,","SWEDEN","AstraZeneca UK Limited","SURGIPHARM (RWANDA) LTD","2022-12-19","2027-12-18","valid","Rwanda FDA - Registered Pharmaceutical Products July 2026","https://rwandafda.gov.rw/register/monitoring_preview_register"
"2377","Rwanda FDA-HMP-MA-0126","ATACAND 8 MG","8 mg Candesartan Cilexetil","8 mg","Biconvex Tablets","","36 Months","AstraZeneca AB,","SWEDEN","AstraZeneca UK Limited","SURGIPHARM (RWANDA) LTD","2022-12-19","2027-12-18","valid","Rwanda FDA - Registered Pharmaceutical Products July 2026","https://rwandafda.gov.rw/register/monitoring_preview_register"
"2378","Rwanda FDA-HMP-MA-0124","ATACAND PLUS 16/12.5 MG","16mg Candesartan Cilexetil and 12.5mg Hydrochlorothiazide","16mg and 12.5mg","Biconvex Tablets","","36 Months","AstraZeneca AB,","SWEDEN","AstraZeneca UK Limited","SURGIPHARM (RWANDA) LTD","2022-12-19","2027-12-18","valid","Rwanda FDA - Registered Pharmaceutical Products July 2026","https://rwandafda.gov.rw/register/monitoring_preview_register"
"2379","Rwanda FDA-HMP-MA-0127","ATENOLOL DENK 50","Atenolol 50 mg","50 mg","Film-Coated Tablet","100 Film-Coated Tablets","36 Months","ARTESAN PHARMA GmbH & Co. KG,","GERMANY","DENK PHARMA GmbH & Co. KG","ETS CONTINENTAL DEPOT PHARMACEUTIQUE","2022-12-19","2027-12-18","valid","Rwanda FDA - Registered Pharmaceutical Products July 2026","https://rwandafda.gov.rw/register/monitoring_preview_register"
"2380","Rwanda FDA-HMP-MA-0128","AVAMYS NASAL SPRAY","Each Spray Actuation Delivers 27.5 Micrograms of Fluticasone Furoate","27.5 micrograms","Nasal Spray White Suspension","1 Bottle Of 30, 60 Or 120 Sprays","36 Months","GLAXO OPERATIONS UK LIMITED (TRADING AS GLAXO WELLCOME OPERATIONS), GLAXO WELLCOME S.A.,","UNITED KINGDOM AND SPAIN","GLAXOSMITHKLINE PHARMACEUTICAL KENYA LIMITED","KIPHARMA LTD","2022-12-19","2027-12-18","valid","Rwanda FDA - Registered Pharmaceutical Products July 2026","https://rwandafda.gov.rw/register/monitoring_preview_register"
"2381","Rwanda FDA-HMP-MA-0135","AXA AQUA","Sterile Water for Injection USP","10ml","Solvent for parenteral use","48x10ml ampoules","36 Months","AXA PARENTERALS LIMITED,","INDIA","AXA PARENTERALS LIMITED, INDIA","ABACUS PHARMA (A) LTD","2022-12-19","2027-12-18","valid","Rwanda FDA - Registered Pharmaceutical Products July 2026","https://rwandafda.gov.rw/register/monitoring_preview_register"
"2382","Rwanda FDA-HMP-MA-0136","AXACIP","Ciprofloxacin USP 200mg/100ml","200mg/100ml","Solution for infusion","100 ml ampoules","36 Months","AXA PARENTERALS LIMITED,","INDIA","AXA PARENTERALS LIMITED, INDIA","ABACUS PHARMA (A) LTD","2022-12-19","2027-12-18","valid","Rwanda FDA - Registered Pharmaceutical Products July 2026","https://rwandafda.gov.rw/register/monitoring_preview_register"
"2383","Rwanda FDA-HMP-MA-0137","AXADEX D10","Glucose Intravenous Infusion BP 10% w/v","10% w/v","Intravenous infusion","1X250ml bottle","36 Months","Axa Parenterals Limited,","INDIA","AXA PARENTERALS LIMITED, INDIA","ABACUS PHARMA (A) LTD","2022-12-19","2027-12-18","valid","Rwanda FDA - Registered Pharmaceutical Products July 2026","https://rwandafda.gov.rw/register/monitoring_preview_register"
"2384","Rwanda FDA-HMP-MA-0129","CATAFLAM 50MG SUGAR COATED TABLETS","Diclofenac Potassium 50mg","50mg","Sugar coated tablets,","","24 Months","NOVARTIS SAGLIK,","TURKEY","NVS KENYA LIMITED","SURGIPHARM (RWANDA) LTD","2022-12-19","2027-12-18","valid","Rwanda FDA - Registered Pharmaceutical Products July 2026","https://rwandafda.gov.rw/register/monitoring_preview_register"
"2385","Rwanda FDA-HMP-MA-0130","FEVEREX TABLET","Paracetamol 500mg BP","500mg","Tablets","","36 Months","BETA HEALTHCARE INTERNATIONAL LTD,","KENYA","BETA HEALTHCARE INTERNATIONAL LTD","SURGIPHARM (RWANDA) LTD","2022-12-19","2027-12-18","valid","Rwanda FDA - Registered Pharmaceutical Products July 2026","https://rwandafda.gov.rw/register/monitoring_preview_register"
"2386","Rwanda FDA-HMP-MA-0138","GXACIN","Gentamicin Sulfate Ophthalmic Solution USP, (0.3% w/v)","0.3% w/v","Ophthalmic Solution","","36 Months","AXA PARENTERALS LIMITED,","INDIA","AXA PARENTERALS LIMITED, INDIA","ABACUS PHARMA (A) LTD","2022-12-19","2027-12-18","valid","Rwanda FDA - Registered Pharmaceutical Products July 2026","https://rwandafda.gov.rw/register/monitoring_preview_register"
"2387","Rwanda FDA-HMP-MA-0140","METFORMIN DENK 1000","Metformin 1000 mg film-coated tablets","1000 mg","Film-coated tablets","","36 Months","DENK PHARMA GmbH & Co. KG,","GERMANY","DENK PHARMA GmbH & Co. KG, Germany","ETS CONTINENTAL DEPOT PHARMACEUTIQUE","2022-12-19","2027-12-18","valid","Rwanda FDA - Registered Pharmaceutical Products July 2026","https://rwandafda.gov.rw/register/monitoring_preview_register"
"2388","Rwanda FDA-HMP-MA-0141","METFORMIN DENK 500","Metformin 500 mg","500 mg","Film-coated tablets","","36 Months","DENK PHARMA GmbH & Co. KG,","GERMANY","DENK PHARMA GmbH & Co. KG, Germany","ETS CONTINENTAL DEPOT PHARMACEUTIQUE","2022-12-19","2027-12-18","valid","Rwanda FDA - Registered Pharmaceutical Products July 2026","https://rwandafda.gov.rw/register/monitoring_preview_register"
"2389","Rwanda FDA-HMP-MA-0142","MONTEMAC 10","Montelukast Sodium 10 mg","10 mg","Film coated tablet","","36 Months","MACLEODS PHARMACEUTICALS LIMITED,","INDIA","MACLEODS PHARMACEUTICALS LIMITED, INDIA","WESSEX PHARMACEUTICALS (RWANDA) LTD","2022-12-19","2027-12-18","valid","Rwanda FDA - Registered Pharmaceutical Products July 2026","https://rwandafda.gov.rw/register/monitoring_preview_register"
"2390","Rwanda FDA-HMP-MA- 0132","","Thiocolchicoside, 8mg","8mg","Hard gelatin capsules","10 capsules","36 Months","","TURKEY","DAFRA PHARMA GmbH, Switzerland","SUN ENTERPRISES LTD","2022-12-19","2027-12-18","valid","Rwanda FDA - Registered Pharmaceutical Products July 2026","https://rwandafda.gov.rw/register/monitoring_preview_register"
"2391","Rwanda FDA-HMP-MA-0139","MYHEP ALL","Sofosbuvir and Velpatasvir Tablets 400 mg/100 mg","400mg/100 mg","Tablets","","24 Months","MYLAN LABORATORIES LIMITED,","INDIA","MYLAN LABORATORIES LIMITED, INDIA","PYRAMID PHARMA LIMITED","2022-12-19","2027-12-18","valid","Rwanda FDA - Registered Pharmaceutical Products July 2026","https://rwandafda.gov.rw/register/monitoring_preview_register"
"2392","Rwanda FDA-HMP-MA-0133","SONATEC MOUTHWASH MENTHOL FRESH (ALCOHOL FREE)","Cetylpyridinium Chloride BP 0.05% w/v","0.05% w/v","Clear free flowing liquid","250ml mouthwash bottle","36 Months","REGAL PHARMACEUTICALS LIMITED,","KENYA","REGAL PHARMACEUTICALS LTD, KENYA","ABACUS PHARMA (A) LTD","2022-12-19","2027-12-18","valid","Rwanda FDA - Registered Pharmaceutical Products July 2026","https://rwandafda.gov.rw/register/monitoring_preview_register"
"2393","Rwanda FDA-HMP-MA-0131","TEGRETOL CR 200","Carbamazepine 200 mg","200 mg","Film coated tablets","","24 Months","NOVARTIS FARMA S.p.A.","ITALY","NVS KENYA LIMITED","SURGIPHARM (RWANDA) LTD","2022-12-19","2027-12-18","valid","Rwanda FDA - Registered Pharmaceutical Products July 2026","https://rwandafda.gov.rw/register/monitoring_preview_register"
"2394","Rwanda FDA-HMP-MA-0143","AMLO-DENK 10","Amlodipine 10mg","10mg","Round, biconvex and scored on one side tablets","50 tablets","24 Months","DENK PHARMA GmbH & Co. KG,","GERMANY","DENK PHARMA GmbH & Co. KG, Germany","ETS CONTINENTAL DEPOT PHARMACEUTIQUE","2022-12-14","2027-12-13","valid","Rwanda FDA - Registered Pharmaceutical Products July 2026","https://rwandafda.gov.rw/register/monitoring_preview_register"
"2395","Rwanda FDA-HMP-MA-0144","AMLO-DENK 5","Amlodipine 5mg","5mg","Round, biconvex and scored on one side tablets","50 tablets","24 Months","DENK PHARMA GmbH & Co. KG,","GERMANY","DENK PHARMA GmbH & Co. KG, Germany","ETS CONTINENTAL DEPOT PHARMACEUTIQUE","2022-12-14","2027-12-13","valid","Rwanda FDA - Registered Pharmaceutical Products July 2026","https://rwandafda.gov.rw/register/monitoring_preview_register"
"2396","Rwanda FDA-HMP-MA-0174","ANTHEL","Albendazole USP, 400mg, Tablet","400mg","Uncoated chewable tablets,","1Tablet","36 Months","LINCOLN PHARMACEUTICALS LIMITED,","INDIA","LINCOLN PHARMACEUTICALS LIMITED","ABACUS PHARMA (A) LTD","2022-12-14","2027-12-13","valid","Rwanda FDA - Registered Pharmaceutical Products July 2026","https://rwandafda.gov.rw/register/monitoring_preview_register"
"2397","Rwanda FDA-HMP-MA-0173","DEEXA","Dexamethasone Sodium Phosphate USP 0.1 %","0.001","Ophthalmic drops, clear colourless solution","10 ml bottle","36 Months","LINCOLN PHARMACEUTICALS LIMITED,","INDIA","LINCOLN PHARMACEUTICALS LIMITED","ABACUS PHARMA (A) LTD","2022-12-14","2027-12-13","valid","Rwanda FDA - Registered Pharmaceutical Products July 2026","https://rwandafda.gov.rw/register/monitoring_preview_register"
"2398","Rwanda FDA-HMP-MA-0180","INSTACLOP PLUS","Clopidogrel 75mg & Aspirin 75mg","75mg & 75 mg","Hard gelatin capsules","3x10 Capsules","36 Months","AJANTA PHARMA LIMITED,","INDIA","AJANTA PHARMA LIMITED","ABACUS PHARMA (A) LTD","2022-12-14","2027-12-13","valid","Rwanda FDA - Registered Pharmaceutical Products July 2026","https://rwandafda.gov.rw/register/monitoring_preview_register"
"2399","Rwanda FDA-HMP-MA-0145","LOPINAVIR/","Lopinavir 200mg/","200 mg/50 mg","Film coated ovaloid tablets","","36 Months","MYLAN LABORATORIES LIMITED,","INDIA","MYLAN LABORATORIES LIMITED, INDIA","PYRAMID PHARMA LIMITED","2022-12-14","2027-12-13","valid","Rwanda FDA - Registered Pharmaceutical Products July 2026","https://rwandafda.gov.rw/register/monitoring_preview_register"
"2400","Rwanda FDA-HMP-MA-0176","","Loratadine 1mg/ml","1mg/ml","Homogeneous suspension","100ml bottle","24 Months","","TURKEY","DAFRA PHARMA GmbH, Switzerland","SUN ENTERPRISES LTD","2022-12-14","2027-12-13","valid","Rwanda FDA - Registered Pharmaceutical Products July 2026","https://rwandafda.gov.rw/register/monitoring_preview_register"
"2401","Rwanda FDA-HMP-MA-0175","","Loratadine 10mg","10mg","Tablets","10 tablets","36 Months","","TURKEY","DAFRA PHARMA GmbH, Switzerland","SUN ENTERPRISES LTD","2022-12-14","2027-12-13","valid","Rwanda FDA - Registered Pharmaceutical Products July 2026","https://rwandafda.gov.rw/register/monitoring_preview_register"
"2402","Rwanda FDA-HMP-MA-0171","LRJ EYE DROPS","Pheniramine maleate (30mg) and Tetryzoline hydrochloride (5mg)","30mg and 5mg","Eye drops","10ml Vial","24 Months","","TUNISIA","","KIPHARMA LTD","2022-12-14","2027-12-13","valid","Rwanda FDA - Registered Pharmaceutical Products July 2026","https://rwandafda.gov.rw/register/monitoring_preview_register"
"2403","Rwanda FDA-HMP-MA-0178","M-FORLIN 500","Metformin Hydrochloride BP, 500 mg","500mg","Film coated tablets","10x10 Tablets","36 Months","LINCOLN PHARMACEUTICALS LIMITED,","INDIA","LINCOLN PHARMACEUTICALS LIMITED","ABACUS PHARMA (A) LTD","2022-12-14","2027-12-13","valid","Rwanda FDA - Registered Pharmaceutical Products July 2026","https://rwandafda.gov.rw/register/monitoring_preview_register"
"2404","Rwanda FDA-HMP-MA-0172","NASOALDO","Mometasone Furoate 50mcg","50mcg","Nasal spray suspension","140 doses in an opaque white plastic bottle","36 Months","","SPAIN","","GOMHS LTD","2022-12-14","2027-12-13","valid","Rwanda FDA - Registered Pharmaceutical Products July 2026","https://rwandafda.gov.rw/register/monitoring_preview_register"
"2405","Rwanda FDA-HMP-MA-0147","PAIDOTERIN DECONGESTANT LIQUID","Phenylephrine hydrochloride 5mg, Diphenhydramine hydrochloride 5mg, Chlorpheniramine maleate 0.75mg per dose (5ml) Syrup","5mg, 5mg, 0.75mg/5ml","Syrup","100 ml Bottle","36 Months","","SPAIN","","GOMHS LTD","2022-12-14","2027-12-13","valid","Rwanda FDA - Registered Pharmaceutical Products July 2026","https://rwandafda.gov.rw/register/monitoring_preview_register"
"2406","Rwanda FDA-HMP-MA-0179","ROSUCHOL 20","Rosuvastatin 20mg","20mg","Film coated tablets","3X10 Tablets","24 Months","AJANTA PHARMA LIMITED,","INDIA","AJANTA PHARMA LIMITED","ABACUS PHARMA (A) LTD","2022-12-14","2027-12-13","valid","Rwanda FDA - Registered Pharmaceutical Products July 2026","https://rwandafda.gov.rw/register/monitoring_preview_register"
"2407","Rwanda FDA-HMP-MA-0181","VILDARIL 50","Vildagliptin 50mg","50mg","Uncoated Tablets","3X10 Tablets","24 Months","AJANTA PHARMA LIMITED,","INDIA","AJANTA PHARMA LIMITED","ABACUS PHARMA (A) LTD","2022-12-14","2027-12-13","valid","Rwanda FDA - Registered Pharmaceutical Products July 2026","https://rwandafda.gov.rw/register/monitoring_preview_register"
"2408","Rwanda FDA-HMP-MA-0117","AMITRIP 25MG TABLETS","Amitriptyline Hydrochloride","25mg","Film Coated Tablets","","36 Months","LABORATORY & ALLIED LTD","KENYA","LABORATORY & ALLIED LTD","DEPOT PHARMACEUTIQUE LE MEDICAL","2022-10-24","2027-10-23","valid","Rwanda FDA - Registered Pharmaceutical Products July 2026","https://rwandafda.gov.rw/register/monitoring_preview_register"
"2409","Rwanda FDA-HMP-MA-0118","CLITH-500 TABLETS","Clarithromycin BP","500mg","Film Coated Tablets","","36 Months","UNIVERSAL CORPORATION LIMITED","KENYA","UNIVERSAL CORPORATION LIMITED","SUN ENTERPRISES LTD","2022-10-24","2027-10-23","valid","Rwanda FDA - Registered Pharmaceutical Products July 2026","https://rwandafda.gov.rw/register/monitoring_preview_register"
"2410","Rwanda FDA-HMP-MA-0119","EVAC SOLUTION","Lactulose Concentrate USP Equivalent To Lactulose","3.35g/5ml","Yellow Coloured Solution","100ml","24 Months","LABORATORY & ALLIED LTD","KENYA","LABORATORY & ALLIED LTD","DEPOT PHARMACEUTIQUE LE MEDICAL","2022-10-24","2027-10-23","valid","Rwanda FDA - Registered Pharmaceutical Products July 2026","https://rwandafda.gov.rw/register/monitoring_preview_register"
"2411","Rwanda FDA-HMP-MA-0120","HYMET TABLETS","Hydrochlorothiazide BP","50mg","Tablets","","36 Months","LABORATORY & ALLIED LTD","KENYA","LABORATORY & ALLIED LTD","DEPOT PHARMACEUTIQUE LE MEDICAL","2022-10-24","2027-10-23","valid","Rwanda FDA - Registered Pharmaceutical Products July 2026","https://rwandafda.gov.rw/register/monitoring_preview_register"
"2412","Rwanda FDA-HMP-MA-0113","LABCLAV 1G TABLETS","Amoxicillin 875 Mg As Amoxicillin Trihydrate Bp And Clavulanic Acid 125 Mg As Potassium Clavulanate Bp","875mg/125mg","Film Coated Tablets","1x10's, 2x7's & 2x10's","24 Months","LABORATORY & ALLIED LTD","KENYA","LABORATORY & ALLIED LTD","DEPOT PHARMACEUTIQUE LE MEDICAL","2022-10-24","2027-10-23","valid","Rwanda FDA - Registered Pharmaceutical Products July 2026","https://rwandafda.gov.rw/register/monitoring_preview_register"
"2413","Rwanda FDA-HMP-MA-0114","LABCLAV 625MG TABLETS","Amoxicillin 500 Mg As Amoxicillin Trihydrate Bp And Clavulanic Acid 125 Mg As Potassium Clavulanate Bp","500mg/125mg","Film Coated Tablets","1x10's, 2x7's & 2x10's","24 Months","LABORATORY & ALLIED LTD","KENYA","LABORATORY & ALLIED LTD","DEPOT PHARMACEUTIQUE LE MEDICAL","2022-10-24","2027-10-23","valid","Rwanda FDA - Registered Pharmaceutical Products July 2026","https://rwandafda.gov.rw/register/monitoring_preview_register"
"2414","Rwanda FDA-HMP-MA-0115","LAMIVUDINE AND TENOFOVIR DISOPROXIL FUMARATE FILM COATED TABLET 300/300 MG","Lamivudine And Tenofovir Disoproxil Fumarate","300/300 mg","Film Coated Tablets","30's Tablets","24 Months","CIPLA LIMITED","INDIA","CIPLA LIMITED","PHILLIPS PHARMACEUTICALS (RWANDA) LTD","2022-10-24","2027-10-23","valid","Rwanda FDA - Registered Pharmaceutical Products July 2026","https://rwandafda.gov.rw/register/monitoring_preview_register"
"2415","Rwanda FDA-HMP-MA-0108","Q-TIB","Isoniazid, Pyridoxine Hydrochloride Sulfamethoxazole And Trimethoprim","300/25/800/160 mg","Tablets","30 Tablets","36 Months","CIPLA LIMITED","INDIA","CIPLA LIMITED","PHILLIPS PHARMACEUTICALS (RWANDA) LTD","2022-10-24","2027-10-23","valid","Rwanda FDA - Registered Pharmaceutical Products July 2026","https://rwandafda.gov.rw/register/monitoring_preview_register"
"2416","Rwanda FDA-HMP-MA-0121","TEXAVIR TABLETS","Tenofovir Disoproxil Fumarate","300mg","Film Coated Tablets","1x30 Tablets","36 Months","CIPLA QUALITY CHEMICAL INDUSTRIES LTD","UGANDA","CIPLA QUALITY CHEMICAL INDUSTRIES LTD","SURGIPHARM (RWANDA) LTD","2022-10-24","2027-10-23","valid","Rwanda FDA - Registered Pharmaceutical Products July 2026","https://rwandafda.gov.rw/register/monitoring_preview_register"
"2417","Rwanda FDA-HMP-MA-0116","TRICOZOLE TABLETS","Metronidazole Bp","250mg","Ffbe Tablets","","36 Months","LABORATORY & ALLIED LTD","KENYA","LABORATORY & ALLIED LTD","DEPOT PHARMACEUTIQUE LE MEDICAL","2022-10-24","2027-10-23","valid","Rwanda FDA - Registered Pharmaceutical Products July 2026","https://rwandafda.gov.rw/register/monitoring_preview_register"
"2418","Rwanda FDA-HMP-MA-0112","UVEX 500","Levofloxacin","500 mg","Film Coated Tablets","10 Tablets","36 Months","MEYER ORGANICS PVT. LTD","INDIA","MEYER ORGANICS PVT. LTD","SUN ENTERPRISES LTD","2022-10-24","2027-10-23","valid","Rwanda FDA - Registered Pharmaceutical Products July 2026","https://rwandafda.gov.rw/register/monitoring_preview_register"
"2419","Rwanda FDA-HMP-MA-0111","AVIBELA","Levonorgestrel","52mg (20?g/24hrs)","Ius","1 Sterile Unit","60 Months","ODYSSEA PHARMA S.A.","BELGIUM","IMPACT RH360/USA","PROLINE HEALTCARE AND SYSTEMS","2022-07-18","2027-07-17","valid","Rwanda FDA - Registered Pharmaceutical Products July 2026","https://rwandafda.gov.rw/register/monitoring_preview_register"
"2420","Rwanda FDA-HBP-MA-005","BEVAAS 100","BEVACIZUMAB","100MG/4ML","CONCETRATE FOR SOLUTION FOR INJECTION","4ML VIAL","24 Months","HETERO BIOPHARMA LIMITED","INDIA","HETERO BIOPHARMA LIMITED","BION PHARMA GROUP","2022-07-18","2027-07-17","valid","Rwanda FDA - Registered Pharmaceutical Products July 2026","https://rwandafda.gov.rw/register/monitoring_preview_register"
"2421","Rwanda FDA-HBP-MA-006","BEVAAS 400","BEVACIZUMAB","400MG/16ML","CONCETRATE FOR SOLUTION FOR INJECTION","16ML VIAL","24 Months","HETERO BIOPHARMA LIMITED","INDIA","HETERO BIOPHARMA LIMITED","BION PHARMA GROUP","2022-07-18","2027-07-17","valid","Rwanda FDA - Registered Pharmaceutical Products July 2026","https://rwandafda.gov.rw/register/monitoring_preview_register"
"2422","Rwanda FDA-HMP-MA-0107","IBUPROFEN DENK 400","Ibuprofen","400mg","Film Coated Tablet","20 And 100 Tablets","48 Months","DENK PHARMA GmbH & Co. KG","GERMANY","DENK PHARMA GmbH & Co. KG","ETS CONTINENTAL DEPOT PHARMACEUTIQUE","2022-07-18","2027-07-17","valid","Rwanda FDA - Registered Pharmaceutical Products July 2026","https://rwandafda.gov.rw/register/monitoring_preview_register"
"2423","Rwanda FDA-HMP-MA-0110","NEUROBA 300MG","Gabapentin","300mg","Capsule","3x10 Capsule","36 Months","UNIVERSAL CORPORATION LIMITED","KENYA","UNIVERSAL CORPORATION LIMITED","SUN ENTERPRISES LTD","2022-07-18","2027-07-17","valid","Rwanda FDA - Registered Pharmaceutical Products July 2026","https://rwandafda.gov.rw/register/monitoring_preview_register"
"2424","Rwanda FDA-HMP-MA-0109","UNIBROL SYRUP","Aminosidine (As Sulphate)","125mg/5ml","Syrup","60ml","36 Months","UNIVERSAL CORPORATION LIMITED","KENYA","UNIVERSAL CORPORATION LIMITED","SUN ENTERPRISES LTD","2022-07-18","2027-07-17","valid","Rwanda FDA - Registered Pharmaceutical Products July 2026","https://rwandafda.gov.rw/register/monitoring_preview_register"
"2425","Rwanda FDA-HMP-MA-0106","DOLUTEGRAVIR SODIUM, LAMIVUDINE AND TENOFOVIR DISOPROXIL FUMARATE TABLETS 50/300/300MG","Dolutegravir Sodium 50, Lamivudine 300 And Tenofovir Disoproxil Fumarate 300mg","50/300/300mg","","30 & 90 Tablet","24 Months","CIPLA QUALITY CHEMICAL INDUSTRIES LIMITED","UGANDA","CIPLA QUALITY CHEMICAL INDUSTRIES LIMITED,","SURGIPHARM (RWANDA) LTD","2022-03-22","2027-03-22","valid","Rwanda FDA - Registered Pharmaceutical Products July 2026","https://rwandafda.gov.rw/register/monitoring_preview_register"
"2426","Rwanda FDA-HMP-MA-0103","ZYCEL 100","Celecoxib","100mg","Capsule","1x10 Hard Gelatin Capsules","36 Months","CADILA HEALTHCARE LIMITED","INDIA","CADILA HEALTHCARE LIMITED","ABACUS PHARMA (A) LTD","2022-03-22","2027-03-22","valid","Rwanda FDA - Registered Pharmaceutical Products July 2026","https://rwandafda.gov.rw/register/monitoring_preview_register"
"2427","Rwanda FDA-HMP-MA-0102","ZYCEL 200","Celecoxib","200mg","Capsule","1x10 Hard Gelatin Capsules","36 Months","CADILA HEALTHCARE LIMITED","INDIA","CADILA HEALTHCARE LIMITED","ABACUS PHARMA (A) LTD","2022-03-22","2027-03-22","valid","Rwanda FDA - Registered Pharmaceutical Products July 2026","https://rwandafda.gov.rw/register/monitoring_preview_register"
"2428","Rwanda FDA-HMP-MA-0105","ZYROVA 10","Rosuvastatin Calcium Ph. Eur.","10mg","Biconvex Beveled Edged Film Coated Tablets","3 X 10 Tablets","24 Months","CADILA HEALTHCARE LIMITED","INDIA","CADILA HEALTHCARE LIMITED","ABACUS PHARMA (A) LTD","2022-03-22","2027-03-22","valid","Rwanda FDA - Registered Pharmaceutical Products July 2026","https://rwandafda.gov.rw/register/monitoring_preview_register"
"2429","Rwanda FDA-HMP-MA-0104","ZYROVA 20","Rosuvastatin Calcium Ph. Eur.","20mg","Biconvex Beveled Edged Film Coated Tablets","3 X 10 Tablets","24 Months","CADILA HEALTHCARE LIMITED","INDIA","CADILA HEALTHCARE LIMITED","ABACUS PHARMA (A) LTD","2022-03-22","2027-03-22","valid","Rwanda FDA - Registered Pharmaceutical Products July 2026","https://rwandafda.gov.rw/register/monitoring_preview_register"
"2430","Rwanda FDA-HBP-MA-003","BCG VACCINE (FREEZE-DRIED)","LIVE ATTENUATED STRAINS OF MYCOBACTERIUM BOVIS","2 X 105 AND 8 X 105 C.F.U.","LYOPHILIZED INJECTION","50X1ML","24 Months","SERUM INSTITUTE OF INDIA PVT. LTD","INDIA","SERUM INSTITUTE OF INDIA PVT. LTD","SUN ENTERPRISES LTD","2021-09-08","2026-09-08","expiring_soon","Rwanda FDA - Registered Pharmaceutical Products July 2026","https://rwandafda.gov.rw/register/monitoring_preview_register"
"2431","Rwanda FDA-HBP-MA-004","MEASLES VACCINE, LIVE ATTENUATED (FREEZE-DRIED)","CLARIFIED VIRUS POOL OF MEASLES VIRUS","1000 CCID50 OF MEASLES VIRUS/ 0.5ML.","LYOPHILIZED INJECTION","VIALS + DILUENT 10 DOSE","24 Months","SERUM INSTITUTE OF INDIA PVT. LTD","INDIA","SERUM INSTITUTE OF INDIA PVT. LTD","SUN ENTERPRISES LTD","2021-09-08","2026-09-08","expiring_soon","Rwanda FDA - Registered Pharmaceutical Products July 2026","https://rwandafda.gov.rw/register/monitoring_preview_register"
"2432","Rwanda FDA-HBP-MA-002","REPOITIN 4000","ERYTHROPOIETIN CONCENTRATED SOLUTION B.P","4000 IU/0.4 ML.","SOLUTION FOR INJECTION","UNIT PACK","24 Months","SERUM INSTITUTE OF INDIA PVT. LTD","INDIA","SERUM INSTITUTE OF INDIA PVT. LTD","SUN ENTERPRISES LTD","2021-09-08","2026-09-08","expiring_soon","Rwanda FDA - Registered Pharmaceutical Products July 2026","https://rwandafda.gov.rw/register/monitoring_preview_register"
"2433","Rwanda FDA-HMP-MA-0085","DARUNAVIR-400","Darunavir Ethanolate","400 mg","","60 Tablets.","24 Months","CIPLA LIMITED","INDIA","CIPLA LIMITED/INDIA","PHILLIPS PHARMACEUTICALS (RWANDA) LTD","2021-08-06","2026-08-06","expiring_soon","Rwanda FDA - Registered Pharmaceutical Products July 2026","https://rwandafda.gov.rw/register/monitoring_preview_register"
"2434","Rwanda FDA-HMP-MA-0078","AMIFER JUNIOR SYRUP","Iron Hydroxide Polymaltose Complex","50 mg/5 ml","Syrup","150ml","36 Months","","TURKEY","DAFRA PHARMA GMBH","SURGIPHARM (RWANDA) LTD","2021-08-05","2026-08-05","expiring_soon","Rwanda FDA - Registered Pharmaceutical Products July 2026","https://rwandafda.gov.rw/register/monitoring_preview_register"
"2435","Rwanda FDA-HMP-MA-0079","ANZAVIR-R","Atazanavir Sulfate & Ritonavir","300mg, 100mg","","30 Tablets","36 Months","MYLAN LABORATORIES LIMITED","INDIA","MYLAN LABORATORIES LIMITED","PYRAMID PHARMA LIMITED","2021-08-05","2026-08-05","expiring_soon","Rwanda FDA - Registered Pharmaceutical Products July 2026","https://rwandafda.gov.rw/register/monitoring_preview_register"
"2436","Rwanda FDA-HMP-MA-0084","COVERAM 10MG-10MG","Perindopril Arginine, Amlodipine","10mg, 10mg","Tablet, Engraved With""10/10"" On One Face And On The Other Face","30 Tablets","36 Months","SERVIER (IRELAND) INDUSTRIES LTD,","IRELAND","LES LABORATOIRES SERVIER/France","KIPHARMA LTD","2021-08-05","2026-08-05","expiring_soon","Rwanda FDA - Registered Pharmaceutical Products July 2026","https://rwandafda.gov.rw/register/monitoring_preview_register"
"2437","Rwanda FDA-HMP-MA-0083","COVERAM 10MG-5MG","Perindopril Arginine, Amlodipine","10mg, 5mg","Tablet, Engraved With""10/5"" On One Face And On The Other Face.","30 Tablets","36 Months","SERVIER (IRELAND) INDUSTRIES LTD,","IRELAND","LES LABORATOIRES SERVIER/France","KIPHARMA LTD","2021-08-05","2026-08-05","expiring_soon","Rwanda FDA - Registered Pharmaceutical Products July 2026","https://rwandafda.gov.rw/register/monitoring_preview_register"
"2438","Rwanda FDA-HMP-MA-0082","COVERAM 5MG-10MG","Perindopril Arginine, Amlodipine","5mg, 10mg","Tablets, Engraved With""5/10"" On One Face And On The Other Face","30 Tablets","36 Months","SERVIER (IRELAND) INDUSTRIES LTD,","IRELAND","LES LABORATOIRES SERVIER/France","KIPHARMA LTD","2021-08-05","2026-08-05","expiring_soon","Rwanda FDA - Registered Pharmaceutical Products July 2026","https://rwandafda.gov.rw/register/monitoring_preview_register"
"2439","Rwanda FDA-HMP-MA-0081","COVERAM 5MG-5MG","Perindopril Arginine, Amlodipine","5mg, 5mg","Tablet, Engraved With""5/5"" On One Face And On The Other Face","30 Tablets","36 Months","SERVIER (IRELAND) INDUSTRIES LTD,","IRELAND","LES LABORATOIRES SERVIER/France","KIPHARMA LTD","2021-08-05","2026-08-05","expiring_soon","Rwanda FDA - Registered Pharmaceutical Products July 2026","https://rwandafda.gov.rw/register/monitoring_preview_register"
"2440","Rwanda FDA-HMP-MA-0086","DARUNAVIR)-600","Darunavir Ethanolate","600 mg","","60 Tablets","24 Months","CIPLA LIMITED","INDIA","CIPLA LIMITED/INDIA","PHILLIPS PHARMACEUTICALS (RWANDA) LTD","2021-08-05","2026-08-05","expiring_soon","Rwanda FDA - Registered Pharmaceutical Products July 2026","https://rwandafda.gov.rw/register/monitoring_preview_register"
"2441","Rwanda FDA-HMP-MA-0087","","Sofosbuvir, Velpatasvir","400mg, 100mg","Tablets, Debossed With ""Gsi"" On One Side And ""7916"" On The Other Side.","28 Tablets","24 Months","GILEAD SCIENCES INC","USA","GILEAD SCIENCES INC/USA","PHILLIPS PHARMACEUTICALS (RWANDA) LTD","2021-08-05","2026-08-05","expiring_soon","Rwanda FDA - Registered Pharmaceutical Products July 2026","https://rwandafda.gov.rw/register/monitoring_preview_register"
"2442","Rwanda FDA-HMP-MA-0088","EVOKE-100","Sildenafil Citrate","100 mg","Tablets","4 Tabets","36 Months","LABORATORY AND ALLIED LIMITED","KENYA","LABORATORY AND ALLIED LIMITED/KENYA","DEPOT PHARMACEUTIQUE LE MEDICAL","2021-08-05","2026-08-05","expiring_soon","Rwanda FDA - Registered Pharmaceutical Products July 2026","https://rwandafda.gov.rw/register/monitoring_preview_register"
"2443","Rwanda FDA-HMP-MA-0092","EXFORGE HCT-10/160/12.5","Amlodipine, Valsartan, Hydrochlorothiazide","10 mg, 160mg, 12.5 mg","","28 Film-Coated Tablets","36 Months","","SPAIN, SWITZERLAND","NVS KENYA LIMITED/KENYA","SURGIPHARM (RWANDA) LTD","2021-08-05","2026-08-05","expiring_soon","Rwanda FDA - Registered Pharmaceutical Products July 2026","https://rwandafda.gov.rw/register/monitoring_preview_register"
"2444","Rwanda FDA-HMP-MA-0089","EXFORGE HCT-5/160/12.5","Amlodipine, Valsartan, Hydrochlorothiazide","5mg, 160mg, 12.5mg","","28 Film-Coated Tablets","24 Months","","SPAIN, SWITZERLAND","NVS KENYA LIMITED/KENYA","SURGIPHARM (RWANDA) LTD","2021-08-05","2026-08-05","expiring_soon","Rwanda FDA - Registered Pharmaceutical Products July 2026","https://rwandafda.gov.rw/register/monitoring_preview_register"
"2445","Rwanda FDA-HMP-MA-0091","EXFORGE-10/160","Amlodipine, Valsartan","10 mg, 160mg","","28 Film-Coated Tablets","36 Months","","SPAIN, SWITZERLAND","NVS KENYA LIMITED/KENYA","SURGIPHARM (RWANDA) LTD","2021-08-05","2026-08-05","expiring_soon","Rwanda FDA - Registered Pharmaceutical Products July 2026","https://rwandafda.gov.rw/register/monitoring_preview_register"
"2446","Rwanda FDA-HMP-MA-0090","EXFORGE-5/160","Amlodipine, Valsartan","5 mg, 160mg","","28 Tablets","36 Months","","SPAIN, SWITZERLAND","NVS KENYA LIMITED/KENYA","SURGIPHARM (RWANDA) LTD","2021-08-05","2026-08-05","expiring_soon","Rwanda FDA - Registered Pharmaceutical Products July 2026","https://rwandafda.gov.rw/register/monitoring_preview_register"
"2447","Rwanda FDA-HMP-MA-0093","GRAMOCEF-O-200","Cefixime","200mg","Capsules","10 Capsules","36 Months","MICRO LABS LIMITED","INDIA","MICRO LABS LIMITED","PHILLIPS PHARMACEUTICALS (RWANDA) LTD","2021-08-05","2026-08-05","expiring_soon","Rwanda FDA - Registered Pharmaceutical Products July 2026","https://rwandafda.gov.rw/register/monitoring_preview_register"
"2448","Rwanda FDA-HMP-MA-0080","LAMIVUDINE/TENOFOVIR DISOPROXIL FUMARATE-300 /300","Lamivudine, Tenofovir Disoproxil Fumarate","300mg, 300mg","","30 Tablets","24 Months","CELLTRION, INC./KOREA","SOUTH KOREA","CELLTRION, INC./SOUTH KOREA","KIPHARMA LTD","2021-08-05","2026-08-05","expiring_soon","Rwanda FDA - Registered Pharmaceutical Products July 2026","https://rwandafda.gov.rw/register/monitoring_preview_register"
"2449","Rwanda FDA-HMP-MA-0094","LOFNAC-100","Diclofenac Sodium","100mg","Suppositories","2 X 5 Suppositories","36 Months","BLISS GVS PHARMA LTD. MUMBAI/INDIA","INDIA","BLISS GVS PHARMA LTD. MUMBAI/INDIA","SURYA DEPOT PHARMACY LIMITED","2021-08-05","2026-08-05","expiring_soon","Rwanda FDA - Registered Pharmaceutical Products July 2026","https://rwandafda.gov.rw/register/monitoring_preview_register"
"2450","Rwanda FDA-HMP-MA-0101","PAIDOFEBRIL","Ibuprofen","100mg/5ml","Oral Suspension","200ml","36 Months","LABORATORIO ALDO-UNION, S.L","SPAIN","LABORATORIO ALDO-UNION, S.L./SPAIN","GOMHS LTD","2021-08-05","2026-08-05","expiring_soon","Rwanda FDA - Registered Pharmaceutical Products July 2026","https://rwandafda.gov.rw/register/monitoring_preview_register"
"2451","Rwanda FDA-HMP-MA-0095","SEKROL SYRUP ADULT","Ambroxol Hydrochloride","30mg/5 ml","Syrup","150 Ml","36 Months","","TURKEY","DAFRA PHARMA GMBH/ SWITZERLAND","MULTIPHAR UBIPHARM-RWANDA LTD","2021-08-05","2026-08-05","expiring_soon","Rwanda FDA - Registered Pharmaceutical Products July 2026","https://rwandafda.gov.rw/register/monitoring_preview_register"
"2452","Rwanda FDA-HMP-MA-0096","SEKROL SYRUP PAEDIATRIC","Ambroxol Hydrochloride","15 mg/5 ml","Syrup","100 Ml","36 Months","","TURKEY","DAFRA PHARMA GMBH, SWITZERLAND","MULTIPHAR UBIPHARM-RWANDA LTD","2021-08-05","2026-08-05","expiring_soon","Rwanda FDA - Registered Pharmaceutical Products July 2026","https://rwandafda.gov.rw/register/monitoring_preview_register"
"2453","Rwanda FDA-HMP-MA-0097","STERILISED WATER FOR INJECTIONS B.P","Water For Injection","10ml","Solution For Injection","50 Ampoules","48 Months","AMANTA HEALTHCARE LIMITED","INDIA","AMANTA HEALTHCARE LIMITED, INDIA","SUN ENTERPRISES LTD","2021-08-05","2026-08-05","expiring_soon","Rwanda FDA - Registered Pharmaceutical Products July 2026","https://rwandafda.gov.rw/register/monitoring_preview_register"
"2454","Rwanda FDA-HMP-MA-0098","SULPHATRIM-960 MG","Sulphamethoxazole, Trimethoprim,","800mg, 160 mg","Tablets","10 X 10 Tablets","36 Months","LINCOLN PHARMACEUTICALS LIMITED","INDIA","LINCOLN PHARMACEUTICALS LIMITED, INDIA","ABACUS PHARMA (A) LTD","2021-08-05","2026-08-05","expiring_soon","Rwanda FDA - Registered Pharmaceutical Products July 2026","https://rwandafda.gov.rw/register/monitoring_preview_register"
"2455","Rwanda FDA-HMP-MA-0099","U-TRYP","Ulinastatin J.P I. U (Lyophilized)","100,000 i.u","Powder For Injection","5ml","24 Months","BHARAT SERUMS & VACCINES LTD.","INDIA","BHARAT SERUMS & VACCINES LTD, INDIA","WESSEX PHARMACEUTICALS (RWANDA) LTD","2021-08-05","2026-08-05","expiring_soon","Rwanda FDA - Registered Pharmaceutical Products July 2026","https://rwandafda.gov.rw/register/monitoring_preview_register"
"2456","Rwanda FDA-HMP-MA-0100","ZIMAGRA ODS-50","Sildenafil Citrate","50 mg","Oral Disintegrating Strips.","10 Sachets Pack In Carton.","24 Months","ZIM LABORATORIES LIMITED.","INDIA","ZIM LABORATORIES LIMITED/INDIA","SUN ENTERPRISES LTD","2021-08-05","2026-08-05","expiring_soon","Rwanda FDA - Registered Pharmaceutical Products July 2026","https://rwandafda.gov.rw/register/monitoring_preview_register"
"2457","Rwanda FDA-HMP-MA-0077","ZITO SUSPENSION","Azithromycin Dihydrate","200mg","Powder For Oral Suspension","15 Ml","36 Months","ZIM LABORATORIES LIMITED","INDIA","ZIM LABORATORIES LIMITED/INDIA","SUN ENTERPRISES LTD","2021-08-05","2026-08-05","expiring_soon","Rwanda FDA - Registered Pharmaceutical Products July 2026","https://rwandafda.gov.rw/register/monitoring_preview_register"
"2458","Rwanda FDA-HMP-MA-0076","ZITO-500","Azithromycin","500 mg","Film Coated Tablets","1x3 Tablets","36 Months","ZIM LABORATORIES LIMITED","INDIA","ZIM LABORATORIES LIMITED/INDIA","SUN ENTERPRISES LTD","2021-08-05","2026-08-05","expiring_soon","Rwanda FDA - Registered Pharmaceutical Products July 2026","https://rwandafda.gov.rw/register/monitoring_preview_register"
"2459","Rwanda FDA-HMP-MA-0070","ABACAVIR (AS SULFATE) AND LAMIVUDINE","Abacavir, Lamivudine","120 mg, 60 mg","Tablet","30 Tablets, 60 Tablets","36 Months","CIPLA LTD","INDIA","CIPLA LTD","PHILLIPS PHARMACEUTICALS (RWANDA) LTD","2021-06-01","2026-06-01","grace_period","Rwanda FDA - Registered Pharmaceutical Products July 2026","https://rwandafda.gov.rw/register/monitoring_preview_register"
"2460","Rwanda FDA-HMP-MA-0071","AKURIT","Rifampin, Isoniazid","150 mg, 75 mg","Tablets","Pack 24 X 28 Tablets","36 Months","LUPIN LIMITED","INDIA","LUPIN LIMITED, INDIA","AIVEEN (R) LTD","2021-06-01","2026-06-01","grace_period","Rwanda FDA - Registered Pharmaceutical Products July 2026","https://rwandafda.gov.rw/register/monitoring_preview_register"
"2461","Rwanda FDA-HMP-MA-0072","AKURIT-3","Rifampin, Isoniazid, Ethambutol Hydrochloride","150 mg, 75 mg, 275 mg","Tablets","24x14 Tablets","36 Months","LUPIN LIMITED","INDIA","LUPIN LIMITED, INDIA","AIVEEN (R) LTD","2021-06-01","2026-06-01","grace_period","Rwanda FDA - Registered Pharmaceutical Products July 2026","https://rwandafda.gov.rw/register/monitoring_preview_register"
"2462","Rwanda FDA-HMP-MA-0073","AKURIT-4","Rifampin, Isoniazid, Pyrazinamide And Ethambutol Hydrochloride","150mg, 75mg, 400 mg, 275 mg","Tablets","Pack 15 X 6 Tablets And 14x28 Tablets","36 Months","LUPIN LIMITED","INDIA","LUPIN LIMITED, INDIA","AIVEEN (R) LTD","2021-06-01","2026-06-01","grace_period","Rwanda FDA - Registered Pharmaceutical Products July 2026","https://rwandafda.gov.rw/register/monitoring_preview_register"
"2463","Rwanda FDA-HMP-MA-0074","CIPROQUIN 500","Ciprofloxacin Hydrochloride","500mg","Tablets","10 X 10 Tablets","36 Months","KOPRAN LIMITED","INDIA","KOPRAN LIMITED","PHILLIPS PHARMACEUTICALS (RWANDA) LTD","2021-06-01","2026-06-01","grace_period","Rwanda FDA - Registered Pharmaceutical Products July 2026","https://rwandafda.gov.rw/register/monitoring_preview_register"
"2464","Rwanda FDA-HMP-MA-0056","COVERSYL","Perindopril Arginine","5mg","Tablets","30 Tablets","36 Months","SERVIER EGYPT INDUSTRIES (SEI), LES LABORATOIRES SERVIER INDUSTRIE, FRANCE","EGYPT, FRANCE","LES LABORATOIRES SERVIER (LLS), FRANCE","KIPHARMA LTD","2021-06-01","2026-06-01","grace_period","Rwanda FDA - Registered Pharmaceutical Products July 2026","https://rwandafda.gov.rw/register/monitoring_preview_register"
"2465","Rwanda FDA-HMP-MA-0057","COVERSYL","Perindopril Arginine","10mg","Tablets","30 Tablets","36 Months","SERVIER EGYPT INDUSTRIES (SEI), LES LABORATOIRES SERVIER INDUSTRIE, FRANCE","EGYPT, FRANCE","LES LABORATOIRES SERVIER (LLS), FRANCE","KIPHARMA LTD","2021-06-01","2026-06-01","grace_period","Rwanda FDA - Registered Pharmaceutical Products July 2026","https://rwandafda.gov.rw/register/monitoring_preview_register"
"2466","Rwanda FDA-HMP-MA-0058","DAFLON","Esperidin (90 % Diosmin 10 % Of Flavonoids)","500 mg","Tablets","30 Film-Coated Tablets","36 Months","SERVIER EGYPT INDUSTRIES (SEI), LES LABORATOIRES SERVIER INDUSTRIE, FRANCE","EGYPT, FRANCE","LES LABORATOIRES SERVIER (LLS), FRANCE","KIPHARMA LTD","2021-06-01","2026-06-01","grace_period","Rwanda FDA - Registered Pharmaceutical Products July 2026","https://rwandafda.gov.rw/register/monitoring_preview_register"
"2467","Rwanda FDA-HMP-MA-0063","DERISE-25","DARBEPOETIN ALFA","25MCG/0.42ML","SOLUTION FOR INJECTION","1ML","36 Months","HETERO BIOPHARMA LIMITED","INDIA","HETERO BIOPHARMA LIMITED","BION PHARMA GROUP","2021-06-01","2026-06-01","grace_period","Rwanda FDA - Registered Pharmaceutical Products July 2026","https://rwandafda.gov.rw/register/monitoring_preview_register"
"2468","Rwanda FDA-HMP-MA-0064","DERISE-40","DARBEPOETIN ALFA","40MCG/0.4ML","SOLUTION FOR INJECTION","1ML","36 Months","HETERO BIOPHARMA LIMITED","INDIA","HETERO BIOPHARMA LIMITED","BION PHARMA GROUP","2021-06-01","2026-06-01","grace_period","Rwanda FDA - Registered Pharmaceutical Products July 2026","https://rwandafda.gov.rw/register/monitoring_preview_register"
"2469","Rwanda FDA-HMP-MA-0065","DERMOFIX","Sertaconazole Nitrate","2%/ 20mg/g","Cream","Tube","36 Months","FERRER INTERNACIONAL, S.A","SPAIN","FERRER INTERNACIONAL, S.A","GOMHS LTD","2021-06-01","2026-06-01","grace_period","Rwanda FDA - Registered Pharmaceutical Products July 2026","https://rwandafda.gov.rw/register/monitoring_preview_register"
"2470","Rwanda FDA-HMP-MA-0059","EFAVIRENZ, LAMIVUDINE & TENOFOVIR DISOPROXIL FUMARATE","Efavirenz, Lamivudine & Tenofovir Disoproxil Fumarate","600mg, 300mg, 300mg","Tablets","30 Tablets","24 Months","CIPLA QUALITY CHEMICAL INDUSTRIES LIMITED","UGANDA","CIPLA QUALITY CHEMICAL INDUSTRIES LIMITED","SURGIPHARM (RWANDA) LTD","2021-06-01","2026-06-01","grace_period","Rwanda FDA - Registered Pharmaceutical Products July 2026","https://rwandafda.gov.rw/register/monitoring_preview_register"
"2471","Rwanda FDA-HMP-MA-0066","EMITINO","Ondansetron","2mg/5ml","Oral Solution","30 Ml","24 Months","CACHET PHARMACEUTICALS PVT. LTD","INDIA","CACHET PHARMACEUTICALS PVT. LTD","STAR BIOTECH LIMITED","2021-06-01","2026-06-01","grace_period","Rwanda FDA - Registered Pharmaceutical Products July 2026","https://rwandafda.gov.rw/register/monitoring_preview_register"
"2472","Rwanda FDA-HMP-MA-0067","EMITINO TABLETS","Ondansetron","4mg","Tablets","10 Tablets","24 Months","CACHET PHARMACEUTICALS PVT. LTD","INDIA","CACHET PHARMACEUTICALS PVT. LTD, INDIA","STAR BIOTECH LIMITED","2021-06-01","2026-06-01","grace_period","Rwanda FDA - Registered Pharmaceutical Products July 2026","https://rwandafda.gov.rw/register/monitoring_preview_register"
"2473","Rwanda FDA-HMP-MA-0075","EMTRICITABINE/TENOFOVIR DISOPROXIL FUMARATE 200MG/300MG TABLETS","Emtricitabine, Tenofovir Disoproxil Fumarate","200mg, 300mg","Film Coated Tablets","30 Tablets","24 Months","LUPIN LIMITED","INDIA","LUPIN LIMITED, INDIA","AIVEEN (R) LTD","2021-06-01","2026-06-01","grace_period","Rwanda FDA - Registered Pharmaceutical Products July 2026","https://rwandafda.gov.rw/register/monitoring_preview_register"
"2474","Rwanda FDA-HMP-MA-0068","LOREZE","Loratadine","10mg","Capsules","10 Capsules","24 Months","MEGA LIFESCIENCES PUBLIC CO. LTD","THAILAND","MEGA LIFESCIENCES PUBLIC CO. LTD","ABACUS PHARMA (A) LTD","2021-06-01","2026-06-01","grace_period","Rwanda FDA - Registered Pharmaceutical Products July 2026","https://rwandafda.gov.rw/register/monitoring_preview_register"
"2475","Rwanda FDA-HMP-MA-0061","LOSACAR-H 100/25","Losartan Potassium, Hydrochlorothiazide","100mg, 25mg","Tablets","","24 Months","CADILA HEALTHCARE LTD","INDIA","CADILA HEALTHCARE LTD,","ABACUS PHARMA (A) LTD","2021-06-01","2026-06-01","grace_period","Rwanda FDA - Registered Pharmaceutical Products July 2026","https://rwandafda.gov.rw/register/monitoring_preview_register"
"2476","Rwanda FDA-HMP-MA-0060","LOSACAR-H 50/12.5","Losartan Potassium, Hydrochlorothiazide","50mg, 12.5mg","Tablets","","24 Months","CADILA HEALTHCARE LTD","INDIA","CADILA HEALTHCARE LTD,","ABACUS PHARMA (A) LTD","2021-06-01","2026-06-01","grace_period","Rwanda FDA - Registered Pharmaceutical Products July 2026","https://rwandafda.gov.rw/register/monitoring_preview_register"
"2477","Rwanda FDA-HMP-MA-0062","","ENOXAPARIN SODIUM","40MG(4000 ANTI-XA)","SOLUTION FOR INJECTION","0.4 ML","24 Months","POOYESH DAROU BIO PHARMACEUTICAL CO.","IRAN","HELVETIC BIOPHARMA SA","MNR EAST AFRICA LIMITED","2021-06-01","2026-06-01","grace_period","Rwanda FDA - Registered Pharmaceutical Products July 2026","https://rwandafda.gov.rw/register/monitoring_preview_register"
"2478","Rwanda FDA-HMP-MA-0069","TERBINOL","Terbinafin Hydrochloride","250 mg","Tablet","14tablets/Box","24 Months","","TURKEY","DAFRA PHARMA GMBH, SWITZERLAND","MULTIPHAR UBIPHARM-RWANDA LTD","2021-06-01","2026-06-01","grace_period","Rwanda FDA - Registered Pharmaceutical Products July 2026","https://rwandafda.gov.rw/register/monitoring_preview_register"
"2479","Rwanda FDA-HMP-MA-0055","SANTOCYN","OXYTOCIN","10 IU/ML","SOLUTION FOR INJECTION","10 X 1ML AMPOULE","18 Months","PT SANBE FARMA STERILE PREPARATION PLANT","INDONESIA","PT. SANBE FARMA","AFRI HEALTH CARE LTD","2021-04-27","2026-04-27","grace_period","Rwanda FDA - Registered Pharmaceutical Products July 2026","https://rwandafda.gov.rw/register/monitoring_preview_register"
"2480","RWANDA FDA-HMP-MA-1895","DYNACORT SUSPENSION","Deflazacort","—","Suspension","60ml","36","M/S SKYBIOTECH LIFESCIENCES PVT. LTD","India","STAR BIOTECH RWANDA","—","","2029-08-16","valid","Rwanda FDA - Registered Pharmaceutical Products July 2026","https://rwandafda.gov.rw/register/monitoring_preview_register"
